0 0 0 0 L U
0 1 0 0 L U
0 2 0 0 L U
0 3 0 0 L R
0 4 0 0 L R
0 5 0 0 L R
0 6 0 0 R R
0 7 0 0 R R
0 8 0 0 R R
0 9 0 0 R R
0 10 0 0 R R
0 11 0 0 R R
0 12 0 0 R U
0 13 0 0 R R
0 14 0 0 R D
0 15 0 1 R D
0 16 0 1 R U
0 17 0 1 R U
0 18 0 1 R U
0 19 0 1 R U
0 20 0 1 R U
0 21 0 1 L U
0 22 0 1 R L
0 23 0 1 L L
0 24 0 1 L L
0 25 0 1 R L
0 26 0 1 L L
0 27 0 1 R L
0 28 0 1 R L
0 29 0 1 L L
0 30 0 1 L L
0 31 0 1 L D
0 32 0 1 R D
0 33 0 1 R D
0 34 0 1 R D
0 35 0 1 L D
0 36 0 1 R D
0 37 0 1 L L
0 38 0 1 L D
0 39 0 1 L R
0 40 0 1 R R
0 41 0 1 R R
0 42 0 1 R R
0 43 0 1 L R
0 44 0 1 R R
0 45 0 1 L R
0 46 0 1 R R
0 47 0 2 D R
0 48 0 2 L U
0 49 0 2 L U
0 50 0 2 L U
0 51 0 2 L U
0 52 0 2 L U
0 53 0 2 L U
0 54 0 2 L U
0 55 0 2 L L
0 56 0 2 L L
0 57 0 2 L L
0 58 0 2 L L
0 59 0 2 L L
0 60 0 2 L L
0 61 0 2 L L
0 62 0 2 L L
0 63 0 2 D L
0 64 0 2 R L
0 65 0 2 R D
0 66 0 2 R D
0 67 0 2 R D
0 68 0 2 R D
0 69 0 2 D D
0 70 0 2 R D
0 71 0 2 R D
0 72 0 2 R R
0 73 0 2 L D
0 74 0 2 D D
0 75 0 2 R L
0 76 0 2 R U
0 77 0 2 R U
0 78 0 2 R R
0 79 0 2 D U
0 80 0 2 D U
0 81 0 2 D L
0 82 0 2 R D
0 83 0 2 R D
0 84 0 2 R R
0 85 0 2 R D
0 86 0 2 D D
0 87 0 2 L L
0 88 0 2 L U
0 89 0 2 L U
0 90 0 2 L R
0 91 0 2 L U
0 92 0 2 L U
0 93 0 2 L L
0 94 0 2 L D
0 95 0 2 L D
0 96 0 2 L R
0 97 0 2 L D
0 98 0 2 U D
0 99 0 2 R L
0 100 0 2 R U
0 101 0 2 R U
0 102 0 2 R R
0 103 0 2 R U
0 104 0 2 U U
0 105 0 2 R L
0 106 0 2 R D
0 107 0 2 R D
0 108 0 2 R R
0 109 0 2 D D
0 110 0 2 R D
0 111 0 2 R L
0 112 0 2 D U
0 113 0 2 L U
0 114 0 2 L R
0 115 0 2 L U
0 116 0 2 L U
0 117 0 2 L L
0 118 0 2 L D
0 119 0 2 L D
0 120 0 2 L R
0 121 0 2 L D
0 122 0 2 L D
0 123 0 2 L L
0 124 0 2 L U
0 125 0 2 L U
0 126 0 2 L R
0 127 0 2 L U
1 0 0 0 D U
1 1 0 0 D R
1 2 0 0 D R
1 3 0 0 L R
1 4 0 0 L R
1 5 0 0 D R
1 6 0 0 R R
1 7 0 0 R R
1 8 1 0 R R
1 9 1 0 L R
1 10 1 0 R U
1 11 1 0 L R
1 12 1 0 R D
1 13 1 0 L D
1 14 1 0 R D
1 15 1 0 L D
1 16 1 0 R D
1 17 1 0 L D
1 18 1 0 R D
1 19 1 0 L D
1 20 1 1 R D
1 21 1 1 D U
1 22 1 1 R U
1 23 1 1 R U
1 24 1 1 R U
1 25 1 1 R U
1 26 1 1 R U
1 27 1 1 L U
1 28 1 1 L U
1 29 1 1 R U
1 30 1 1 D U
1 31 1 1 R U
1 32 1 1 R R
1 33 1 1 R D
1 34 1 1 R D
1 35 1 1 R D
1 36 1 1 R D
1 37 1 1 L D
1 38 1 1 L D
1 39 1 1 U D
1 40 1 1 R D
1 41 1 1 R D
1 42 1 1 R D
1 43 1 1 R D
1 44 1 1 R D
1 45 1 1 R D
1 46 1 1 R D
1 47 1 1 R D
1 48 1 1 R D
1 49 1 1 R D
1 50 1 1 R D
1 51 1 1 R D
1 52 1 1 R D
1 53 1 1 R D
1 54 1 1 R D
1 55 1 1 R D
1 56 1 1 R D
1 57 1 1 R D
1 58 1 1 R D
1 59 1 1 R D
1 60 1 1 R D
1 61 1 1 R D
1 62 1 1 R D
1 63 1 1 R D
1 64 1 1 R D
1 65 1 1 R D
1 66 1 1 R D
1 67 1 1 R D
1 68 1 1 R D
1 69 1 1 R D
1 70 1 1 R D
1 71 1 1 R D
1 72 1 1 R D
1 73 1 1 R D
1 74 1 1 R D
1 75 1 1 R D
1 76 1 1 R D
1 77 1 1 R D
1 78 1 1 R D
1 79 1 1 R D
1 80 1 1 R D
1 81 1 1 R D
1 82 1 1 R D
1 83 1 1 R D
1 84 1 1 R D
1 85 1 1 R D
1 86 1 1 R D
1 87 1 1 R D
1 88 1 1 R D
1 89 1 1 R D
1 90 1 1 R D
1 91 1 1 R D
1 92 1 1 R D
1 93 1 1 R D
1 94 1 1 R D
1 95 1 1 R D
1 96 1 1 R D
1 97 1 1 R D
1 98 1 1 R D
1 99 1 1 R D
1 100 1 1 R D
1 101 1 1 R D
1 102 1 1 R D
1 103 1 1 R D
1 104 1 1 R D
1 105 1 1 R D
1 106 1 1 R D
1 107 1 1 R D
1 108 1 1 R D
1 109 1 1 R D
1 110 1 1 R D
1 111 1 1 R D
1 112 1 1 R D
1 113 1 1 R D
1 114 1 1 R D
1 115 1 1 R D
1 116 1 1 R D
1 117 1 1 R D
1 118 1 1 R D
1 119 1 1 R D
1 120 1 1 R D
1 121 1 1 R D
1 122 1 1 R D
1 123 1 1 R D
1 124 1 1 R D
1 125 1 1 R D
1 126 1 1 R D
1 127 1 1 R D
1 128 1 1 R D
1 129 1 1 R D
1 130 1 1 R D
1 131 1 1 R D
1 132 1 1 R D
1 133 1 1 R D
1 134 1 1 R D
1 135 1 1 R D
1 136 1 1 R D
1 137 1 1 R D
1 138 1 1 R D
1 139 1 1 R D
1 140 1 1 R D
1 141 1 1 R D
1 142 1 1 R D
1 143 1 1 R D
1 144 1 1 R D
1 145 1 1 R D
1 146 1 1 R D
1 147 1 1 R D
1 148 1 1 R D
1 149 1 1 R D
1 150 1 1 R D
1 151 1 1 R D
1 152 1 1 R D
1 153 1 1 R D
1 154 1 1 R D
1 155 1 1 R D
1 156 1 1 R D
1 157 1 1 R D
1 158 1 1 R D
1 159 1 1 R D
1 160 1 1 R D
1 161 1 1 R D
1 162 1 1 R D
1 163 1 1 R D
1 164 1 1 R D
1 165 1 1 R D
1 166 1 1 R D
1 167 1 1 R D
1 168 1 1 R D
1 169 1 1 R D
1 170 1 1 R D
1 171 1 1 R D
1 172 1 1 R D
1 173 1 1 R D
1 174 1 1 R D
1 175 1 1 R D
1 176 1 1 R D
1 177 1 1 R D
1 178 1 1 R D
1 179 1 1 R D
1 180 1 1 R D
1 181 1 1 R D
1 182 1 1 R D
1 183 1 1 R D
1 184 1 1 R D
1 185 1 1 R D
1 186 1 1 R D
1 187 1 1 R D
1 188 1 1 R D
1 189 1 1 R D
1 190 1 1 R D
1 191 1 1 R D
1 192 1 1 R D
1 193 1 1 R D
1 194 1 1 R D
1 195 1 1 R D
1 196 1 1 R D
1 197 1 1 R D
1 198 1 1 R D
1 199 1 1 R D
2 0 0 0 U D
2 1 0 0 L D
2 2 0 0 L D
2 3 0 0 L D
2 4 0 0 L D
2 5 0 0 L D
2 6 0 0 L D
2 7 0 0 D D
2 8 0 0 L R
2 9 0 0 U R
2 10 0 0 U R
2 11 0 0 R R
2 12 0 0 R R
2 13 0 0 U R
2 14 0 0 U R
2 15 0 0 U R
2 16 0 0 U R
2 17 0 0 U R
2 18 0 0 R R
2 19 0 0 R R
2 20 0 0 R R
2 21 0 0 R R
2 22 0 0 R R
2 23 0 0 R R
2 24 0 0 R U
2 25 0 0 U D
2 26 0 0 U R
2 27 0 0 L U
2 28 0 0 L U
2 29 0 0 L U
2 30 0 0 L U
2 31 0 0 L U
2 32 0 0 L U
2 33 0 0 U U
2 34 0 0 R R
2 35 0 0 L U
2 36 0 1 U L
2 37 0 1 L U
2 38 0 1 L L
2 39 0 1 L L
2 40 0 1 L L
2 41 0 1 U L
2 42 0 1 R U
2 43 0 1 R U
2 44 0 1 R L
2 45 0 1 R U
2 46 0 1 R R
2 47 0 1 R R
2 48 0 1 L R
2 49 0 1 L U
2 50 0 1 R R
2 51 0 1 R D
2 52 0 1 L D
2 53 0 1 R D
2 54 0 2 L D
2 55 0 2 L U
2 56 0 2 L U
2 57 0 2 D U
2 58 0 2 R U
2 59 0 2 R U
2 60 0 2 R U
2 61 0 2 U U
2 62 0 2 L U
2 63 0 2 L U
2 64 0 2 L U
2 65 0 2 L U
2 66 0 2 L U
2 67 0 2 L L
2 68 0 2 L L
2 69 0 2 L L
2 70 0 2 L L
2 71 0 2 U L
2 72 0 2 R L
2 73 0 2 U D
2 74 0 2 R D
2 75 0 2 R D
2 76 0 2 R D
2 77 0 2 L D
2 78 0 2 R D
2 79 0 2 R D
2 80 0 2 R D
2 81 0 2 R D
2 82 0 2 R D
2 83 0 2 R D
2 84 0 2 L D
2 85 0 2 R L
2 86 0 2 L D
2 87 0 2 L R
2 88 0 2 L R
2 89 0 2 L R
2 90 0 2 L R
2 91 0 2 L R
2 92 0 3 L R
3 0 0 0 L D
3 1 0 0 L D
3 2 0 0 L D
3 3 0 0 D D
3 4 0 0 D D
3 5 0 0 D D
3 6 0 0 L D
3 7 0 0 L D
3 8 0 0 L D
3 9 0 0 L D
3 10 0 0 L D
3 11 0 0 D D
3 12 0 0 L D
3 13 0 0 U D
3 14 0 0 U D
3 15 0 0 U D
3 16 0 0 U D
3 17 1 0 U D
3 18 1 0 R D
3 19 1 0 R D
3 20 1 0 R D
3 21 1 0 R D
3 22 1 0 R D
3 23 1 0 R D
3 24 1 0 R D
3 25 1 0 R D
3 26 1 0 R D
3 27 1 0 R D
3 28 1 0 R D
3 29 1 0 D D
3 30 1 0 L D
3 31 1 0 L D
3 32 1 0 L D
3 33 1 0 L D
3 34 1 0 L D
3 35 1 0 L D
3 36 1 0 L D
3 37 1 0 L D
3 38 1 0 L D
3 39 1 0 L D
3 40 1 0 L D
3 41 1 0 L D
3 42 1 0 R D
3 43 1 0 R D
3 44 1 0 R D
3 45 1 0 R D
3 46 1 0 R D
3 47 1 0 R D
3 48 1 0 R D
3 49 1 0 R D
3 50 1 0 R D
3 51 1 0 R D
3 52 1 0 R D
3 53 1 0 R D
3 54 1 0 D D
3 55 1 0 L D
3 56 1 0 L D
3 57 1 0 L D
3 58 1 0 L D
3 59 1 0 L D
3 60 1 0 L D
3 61 1 0 L D
3 62 1 0 L D
3 63 1 0 L D
3 64 1 0 L D
3 65 1 0 L D
3 66 1 0 U D
3 67 1 0 R D
3 68 1 0 R D
3 69 1 0 R D
3 70 1 0 R D
3 71 1 0 R D
3 72 1 0 R D
3 73 1 0 R D
3 74 1 0 R D
3 75 1 0 R D
3 76 1 0 R D
3 77 1 0 R D
3 78 1 0 D D
3 79 1 0 L D
3 80 1 0 L D
3 81 1 0 L D
3 82 1 0 L D
3 83 1 0 L D
3 84 1 0 L D
3 85 1 0 L D
3 86 1 0 L D
3 87 1 0 L D
3 88 1 0 L D
3 89 1 0 L D
3 90 1 0 U D
3 91 1 0 R D
3 92 1 0 R D
3 93 1 0 R D
3 94 1 0 R D
3 95 1 0 R D
3 96 1 0 R D
3 97 1 0 R D
3 98 1 0 R D
3 99 1 0 R D
3 100 1 0 R D
3 101 1 0 R D
3 102 1 0 D D
3 103 1 0 L D
3 104 1 0 L D
3 105 1 0 L D
3 106 1 0 L D
3 107 1 0 L D
3 108 1 0 L D
3 109 1 0 L D
3 110 1 0 L D
3 111 1 0 L D
3 112 1 0 L D
3 113 1 0 L D
3 114 1 0 U D
3 115 1 0 R D
3 116 1 0 R D
3 117 1 0 R D
3 118 1 0 R D
3 119 1 0 R D
3 120 1 0 R D
3 121 1 0 R D
3 122 1 0 R D
3 123 1 0 R D
3 124 1 0 R D
3 125 1 0 R D
3 126 1 0 D D
3 127 1 0 L D
3 128 1 0 L D
3 129 1 0 L D
3 130 1 0 L D
3 131 1 0 L D
3 132 1 0 L D
3 133 1 0 L D
3 134 1 0 L D
3 135 1 0 L D
3 136 1 0 L D
3 137 1 0 L D
3 138 1 0 U D
3 139 1 0 R D
3 140 1 0 R D
3 141 1 0 R D
3 142 1 0 R D
3 143 1 0 R D
3 144 1 0 R D
3 145 1 0 R D
3 146 1 0 R D
3 147 1 0 R D
3 148 1 0 R D
3 149 1 0 R D
3 150 1 0 D D
3 151 1 0 L D
3 152 1 0 L D
3 153 1 0 L D
3 154 1 0 L D
3 155 1 0 L D
3 156 1 0 L D
3 157 1 0 L D
3 158 1 0 L D
3 159 1 0 L D
3 160 1 0 L D
3 161 1 0 L D
3 162 1 0 U D
3 163 1 0 R D
3 164 1 0 R D
3 165 1 0 R D
3 166 1 0 R D
3 167 1 0 R D
3 168 1 0 R D
3 169 1 0 R D
3 170 1 0 R D
3 171 1 0 R D
3 172 1 0 R D
3 173 1 0 R D
3 174 1 0 D D
3 175 1 0 L D
3 176 1 0 L D
3 177 1 0 L D
3 178 1 0 L D
3 179 1 0 L D
3 180 1 0 L D
3 181 1 0 L D
3 182 1 0 L D
3 183 1 0 L D
3 184 1 0 L D
3 185 1 0 L D
3 186 1 0 U D
3 187 1 0 R D
3 188 1 0 R D
3 189 1 0 R D
3 190 1 0 R D
3 191 1 0 R D
3 192 1 0 R D
3 193 1 0 R D
3 194 1 0 R D
3 195 1 0 R D
3 196 1 0 R D
3 197 1 0 R D
3 198 1 0 D D
3 199 1 0 L D
4 0 0 0 L U
4 1 0 0 L U
4 2 0 0 U U
4 3 0 0 R U
4 4 0 0 R U
4 5 0 0 R U
4 6 0 0 R U
4 7 0 0 R U
4 8 0 0 R U
4 9 0 0 R U
4 10 0 0 R U
4 11 0 0 D U
4 12 0 0 L U
4 13 0 0 L U
4 14 0 0 U U
4 15 0 0 U U
4 16 0 0 U U
4 17 0 0 R U
4 18 0 0 R U
4 19 0 0 D U
4 20 0 0 L U
4 21 0 0 L U
4 22 0 0 L U
4 23 0 0 L U
4 24 0 0 L U
4 25 0 0 L U
4 26 0 0 U U
4 27 0 0 R U
4 28 0 0 R U
4 29 0 0 U U
4 30 0 0 R U
4 31 0 0 R U
4 32 0 0 R U
4 33 0 0 R U
4 34 0 0 D U
4 35 0 0 L U
4 36 0 0 L U
4 37 0 0 L U
4 38 0 0 L U
4 39 0 0 L U
4 40 0 0 L U
4 41 0 0 L U
4 42 0 0 L U
4 43 0 0 L U
4 44 0 0 L U
4 45 0 0 L U
4 46 0 0 L U
4 47 0 0 D U
4 48 0 0 D U
4 49 0 0 L U
4 50 0 0 U L
4 51 0 0 U U
4 52 0 0 R U
4 53 0 0 L L
4 54 0 0 L L
4 55 0 0 R L
4 56 0 0 R U
4 57 0 0 L U
4 58 0 0 U R
4 59 0 0 U U
4 60 0 0 R U
4 61 0 0 D U
4 62 0 0 L R
4 63 0 0 R R
4 64 0 0 R R
4 65 0 0 R D
4 66 0 0 L D
4 67 0 0 L D
4 68 0 0 L D
4 69 0 0 R D
4 70 0 0 R D
4 71 0 0 R D
4 72 0 0 R L
4 73 0 0 R D
4 74 0 0 R R
4 75 0 0 R R
4 76 0 0 R R
4 77 0 0 R R
4 78 0 0 R R
4 79 0 0 L R
4 80 0 0 L R
4 81 0 0 R U
4 82 0 0 R R
4 83 0 0 L D
4 84 0 0 R D
4 85 0 0 L D
4 86 0 0 R D
4 87 0 1 L D
4 88 0 1 U U
4 89 0 1 U U
4 90 0 1 R U
4 91 0 1 D U
4 92 0 1 L U
4 93 0 1 L U
4 94 0 1 L U
4 95 0 1 D U
4 96 0 1 R U
4 97 0 1 R U
4 98 0 1 R U
4 99 0 1 U U
4 100 0 1 L R
4 101 0 1 U R
4 102 0 1 R R
4 103 0 1 U R
4 104 0 1 L D
4 105 0 1 L D
4 106 0 1 L D
4 107 0 1 L D
4 108 0 1 L D
4 109 0 1 L D
4 110 0 1 L D
4 111 0 1 L D
4 112 0 1 D D
4 113 0 1 U D
4 114 0 1 R D
4 115 0 1 R D
4 116 0 1 R D
4 117 0 1 R L
4 118 0 1 R D
4 119 0 1 R D
4 120 0 1 R R
4 121 0 1 R U
4 122 0 1 D U
4 123 0 1 L L
4 124 0 1 L U
4 125 0 1 L U
4 126 0 1 L R
4 127 0 1 L D
4 128 0 1 L D
4 129 0 1 L L
4 130 0 1 L D
4 131 0 1 L D
4 132 0 1 R R
4 133 0 1 R U
4 134 0 1 R U
4 135 0 1 R L
4 136 0 1 L U
4 137 0 1 L U
4 138 0 1 L R
4 139 0 1 L D
4 140 0 1 R D
4 141 0 1 R L
4 142 0 1 R D
4 143 0 1 R D
4 144 0 1 R R
4 145 0 1 R U
4 146 0 1 U U
4 147 0 1 R L
4 148 0 1 L U
4 149 0 1 L U
4 150 0 1 L R
4 151 0 1 D D
4 152 0 1 R D
4 153 0 1 R L
4 154 0 1 R D
4 155 0 1 R D
4 156 0 1 R R
4 157 0 1 D U
4 158 0 1 L U
4 159 0 1 L L
4 160 0 1 L U
4 161 0 1 L U
4 162 0 1 R R
4 163 0 1 R D
4 164 0 1 R D
4 165 0 1 R L
4 166 0 1 D D
4 167 0 1 L D
4 168 0 1 L R
4 169 0 1 L U
4 170 0 1 U U
4 171 0 1 R L
4 172 0 1 L U
4 173 0 1 L U
4 174 0 1 L R
4 175 0 1 L D
4 176 0 1 L D
4 177 0 1 L L
4 178 0 1 D D
4 179 0 1 R D
4 180 0 1 R R
4 181 0 1 R U
4 182 0 1 U U
4 183 0 1 R L
4 184 0 1 L U
4 185 0 1 L U
4 186 0 1 L R
4 187 0 1 U D
4 188 0 1 R D
4 189 0 1 R L
4 190 0 1 R D
4 191 0 1 R D
4 192 0 1 R R
4 193 0 1 R U
4 194 0 1 R U
4 195 0 1 D L
4 196 0 1 D U
4 197 0 1 U U
4 198 0 1 L R
4 199 0 1 L D
0 0 0 0 R D
0 1 0 0 D D
0 2 0 0 L U
0 3 0 0 L D
0 4 0 0 L D
0 5 0 0 L D
0 6 0 0 L D
0 7 0 0 L D
0 8 0 0 L R
0 9 0 0 L R
0 10 0 0 L D
0 11 0 0 L R
0 12 0 0 L R
0 13 0 0 L R
0 14 0 0 L R
0 15 0 0 L R
0 16 0 0 L R
0 17 0 0 U D
0 18 0 0 R D
0 19 0 0 R U
0 20 0 0 R U
0 21 0 0 R U
0 22 0 0 R U
0 23 0 0 R U
0 24 0 0 R U
0 25 0 0 D U
0 26 0 0 R U
0 27 0 0 U U
0 28 0 0 R U
0 29 0 0 R U
0 30 0 0 R L
0 31 0 0 R L
0 32 0 0 R L
0 33 0 0 D U
0 34 0 0 R L
0 35 0 0 U D
0 36 0 0 R D
0 37 0 0 D D
0 38 0 0 L D
0 39 0 0 L D
0 40 0 0 L D
0 41 0 0 L D
0 42 0 0 R D
0 43 0 0 R D
0 44 0 0 R D
0 45 0 1 R D
1 0 0 0 R D
1 1 0 0 U D
1 2 0 0 U D
1 3 0 0 R D
1 4 0 0 R D
1 5 0 0 D D
1 6 0 0 L D
1 7 0 0 L D
1 8 0 0 D D
1 9 0 0 D D
1 10 0 0 D D
1 11 0 0 R D
1 12 0 0 R D
1 13 0 0 U D
1 14 0 0 D L
1 15 0 0 D L
1 16 0 0 D L
1 17 0 0 D L
1 18 0 0 U L
1 19 0 0 L L
1 20 0 0 L L
1 21 0 0 L L
1 22 0 0 D D
1 23 0 0 L R
1 24 0 0 L R
1 25 0 0 D R
1 26 0 0 R R
1 27 0 0 R R
1 28 0 0 R U
1 29 0 0 D R
1 30 0 0 L R
1 31 0 0 U D
1 32 0 0 U L
1 33 0 0 D L
1 34 0 0 L U
1 35 0 0 D L
1 36 0 0 D L
1 37 0 0 R D
1 38 0 0 R R
1 39 0 0 D R
1 40 0 0 D U
1 41 0 0 U R
1 42 0 0 L R
1 43 0 0 L D
1 44 0 0 U L
1 45 0 0 R L
1 46 0 0 U U
1 47 0 0 R L
1 48 0 0 D L
1 49 0 0 L D
1 50 0 0 L R
1 51 0 0 L R
1 52 0 0 L U
1 53 0 0 L R
1 54 0 0 L R
1 55 0 0 L D
1 56 0 0 R L
1 57 0 0 R L
1 58 0 0 R U
1 59 0 0 R L
1 60 0 0 R L
1 61 0 0 R D
1 62 0 0 R R
1 63 0 0 D R
1 64 0 0 R U
1 65 0 0 L R
1 66 0 0 L R
1 67 0 0 L D
1 68 0 0 L L
1 69 0 0 L L
1 70 0 0 R U
1 71 0 0 R L
1 72 0 0 U L
1 73 0 0 L D
1 74 0 0 U R
1 75 0 0 R R
1 76 0 0 R U
1 77 0 0 U R
1 78 0 0 U R
1 79 0 0 R D
1 80 0 0 R L
1 81 0 0 L L
1 82 0 0 U U
1 83 0 0 D L
1 84 0 0 U L
1 85 0 0 U D
1 86 0 0 L R
1 87 0 0 L R
1 88 0 0 D U
1 89 0 0 D R
1 90 0 0 R R
1 91 0 0 L D
1 92 0 0 L L
1 93 0 0 R L
1 94 0 0 U U
1 95 0 0 L L
1 96 0 0 D L
1 97 0 0 U D
1 98 0 0 L R
1 99 0 0 L R
1 100 0 0 L U
1 101 0 0 R R
1 102 0 0 R R
1 103 0 0 D D
1 104 0 0 R L
1 105 0 0 D L
1 106 0 0 R U
1 107 0 0 R L
1 108 0 0 U L
1 109 0 0 L D
1 110 0 0 L R
1 111 0 0 L R
1 112 0 0 L U
1 113 0 0 L R
1 114 0 0 U R
1 115 0 0 R D
1 116 0 0 L L
1 117 0 0 D L
1 118 0 0 L U
1 119 0 0 U L
1 120 0 0 R L
1 121 0 0 R D
1 122 0 0 D R
1 123 0 0 R R
1 124 0 0 L U
1 125 0 0 R R
1 126 0 0 D R
1 127 0 0 R D
1 128 0 0 L L
1 129 0 0 L L
1 130 0 0 L U
1 131 0 0 L L
1 132 0 0 U L
1 133 0 0 U D
1 134 0 0 R R
1 135 0 0 R R
1 136 0 0 L U
1 137 0 0 R R
1 138 0 0 L R
1 139 0 0 D D
1 140 0 0 U L
1 141 0 0 R L
1 142 0 0 R U
1 143 0 0 U L
1 144 0 0 R L
1 145 0 0 U D
1 146 0 0 L R
1 147 0 0 L R
1 148 0 0 L U
1 149 0 0 U R
1 150 0 0 L R
1 151 1 0 D D
1 152 1 0 R L
1 153 1 0 D L
1 154 1 0 R U
1 155 1 0 L L
1 156 1 0 D L
1 157 1 0 D D
1 158 1 0 R R
1 159 1 0 R R
1 160 1 0 R U
1 161 1 0 R R
1 162 1 0 R R
1 163 1 0 D D
1 164 1 0 R L
1 165 1 0 R L
1 166 1 0 R U
1 167 1 0 D L
1 168 1 0 L L
1 169 1 0 L D
1 170 1 0 R R
1 171 1 0 R R
1 172 1 0 D U
1 173 1 0 D R
1 174 1 0 L R
1 175 1 0 D D
1 176 1 0 R L
1 177 1 0 D L
1 178 1 0 D U
1 179 1 0 L L
1 180 1 0 L L
1 181 1 0 D D
1 182 1 0 R R
1 183 1 0 R R
1 184 1 0 L U
1 185 1 0 L R
1 186 1 0 L U
1 187 1 0 L U
1 188 1 0 L U
1 189 1 0 R U
1 190 1 0 R D
1 191 1 0 R D
1 192 1 0 R D
1 193 1 0 L D
1 194 1 0 L L
1 195 1 0 L L
1 196 1 0 R L
1 197 1 0 R L
1 198 1 0 R D
1 199 1 0 U R
2 0 0 0 L D
2 1 0 0 U D
2 2 0 0 R D
2 3 0 0 R D
2 4 0 0 U D
2 5 0 0 U D
2 6 0 0 R D
2 7 0 0 D D
2 8 0 0 R D
2 9 0 0 R D
2 10 0 0 R L
2 11 0 0 R L
2 12 0 0 D L
2 13 0 0 U L
2 14 0 0 D L
2 15 0 0 L L
2 16 0 0 D L
2 17 0 0 L L
2 18 0 0 L L
2 19 0 0 U L
2 20 0 0 U D
2 21 0 0 L L
2 22 0 0 L D
2 23 0 0 L R
2 24 0 0 L R
2 25 0 0 L R
2 26 0 0 L R
2 27 0 0 L R
2 28 0 0 L R
2 29 0 0 D R
2 30 0 1 R R
2 31 0 1 R D
2 32 0 1 R L
2 33 0 1 D L
2 34 0 1 R L
2 35 0 1 R L
2 36 0 1 L L
2 37 0 1 L L
2 38 0 1 L L
2 39 0 1 U L
2 40 0 1 R L
2 41 0 1 D D
2 42 0 1 R R
2 43 0 1 R R
2 44 0 1 D R
2 45 0 1 R R
2 46 0 1 D R
2 47 0 1 R R
2 48 0 1 R R
2 49 0 1 R R
2 50 0 1 R R
2 51 0 1 R R
2 52 0 1 R U
2 53 0 1 R R
2 54 0 1 L R
2 55 0 1 L D
2 56 0 1 L L
2 57 0 1 D L
2 58 0 1 R U
2 59 0 1 R L
2 60 0 1 R L
2 61 0 1 R D
2 62 0 1 U R
2 63 0 1 R R
2 64 0 1 D U
2 65 0 1 D R
2 66 0 1 L R
2 67 0 1 D D
2 68 0 1 R L
2 69 0 1 D L
2 70 0 1 L U
2 71 0 1 L L
2 72 0 1 L L
2 73 0 1 D D
2 74 0 1 R R
2 75 0 1 R R
2 76 0 1 D U
2 77 0 1 L R
2 78 0 1 L R
2 79 0 1 D D
2 80 0 1 R L
2 81 0 1 R L
2 82 0 1 R U
2 83 0 1 D L
2 84 0 1 L L
2 85 0 1 L D
2 86 0 1 L R
3 0 0 0 U D
3 1 0 0 U D
3 2 0 0 L D
3 3 0 0 L D
3 4 0 0 L D
3 5 0 0 L D
3 6 0 0 L D
3 7 0 0 L R
3 8 0 0 L R
3 9 0 0 L U
3 10 0 0 D R
3 11 0 0 L R
3 12 0 0 R D
3 13 0 0 R L
3 14 0 0 L L
3 15 0 0 R U
3 16 0 0 R L
3 17 0 0 D L
3 18 0 0 R D
3 19 0 0 R R
3 20 0 0 R R
3 21 0 0 U U
3 22 0 0 R R
3 23 0 0 R R
3 24 0 0 D D
3 25 0 0 R L
3 26 0 0 U L
3 27 0 0 R U
3 28 0 0 U L
3 29 0 0 D L
3 30 0 0 L D
3 31 0 0 L R
3 32 0 0 D R
3 33 0 0 R U
3 34 0 0 U R
3 35 0 0 R R
3 36 0 0 U D
3 37 0 0 R L
3 38 0 0 L L
3 39 0 0 L U
3 40 0 0 L L
3 41 0 0 D L
3 42 0 0 L D
3 43 0 0 L R
3 44 0 0 L R
3 45 0 0 L U
3 46 0 0 D R
3 47 0 0 R R
3 48 0 0 R D
3 49 0 0 R L
3 50 0 0 R L
3 51 0 0 D U
3 52 0 0 U L
3 53 0 0 L L
3 54 0 0 U D
3 55 0 0 R R
3 56 0 0 R R
3 57 0 0 R U
3 58 0 0 D R
3 59 0 0 R R
3 60 0 0 R D
3 61 0 0 R L
3 62 0 0 U L
3 63 0 0 R U
3 64 0 0 L L
3 65 0 0 D L
3 66 0 0 L D
3 67 0 0 D R
3 68 0 0 R U
3 69 0 0 U D
3 70 0 0 R R
3 71 0 0 D U
3 72 0 0 R R
3 73 0 0 U R
3 74 0 0 U D
3 75 0 0 L L
3 76 0 0 L L
3 77 0 0 L U
3 78 0 0 D L
3 79 0 0 R L
3 80 0 0 D D
3 81 0 0 L R
3 82 0 0 U U
3 83 0 0 U D
3 84 0 0 R R
3 85 0 0 L U
3 86 0 0 R R
3 87 0 0 L R
3 88 0 0 R D
3 89 0 0 R L
3 90 0 0 L L
3 91 0 0 L U
3 92 0 0 R L
3 93 0 0 D L
3 94 0 0 R D
3 95 0 0 R R
3 96 0 0 D R
3 97 0 0 L U
3 98 0 0 L R
3 99 0 0 U U
3 100 0 0 L R
3 101 0 0 U D
3 102 0 0 R D
3 103 0 0 R L
3 104 0 0 L L
3 105 0 0 L U
3 106 0 0 R L
3 107 0 0 D L
3 108 0 0 R D
3 109 0 0 R R
3 110 0 0 D R
3 111 0 0 L U
3 112 0 0 L R
3 113 0 0 U U
3 114 0 0 L R
3 115 0 0 U D
3 116 0 0 R D
3 117 0 0 R L
3 118 0 0 L L
3 119 0 0 L U
3 120 0 0 R L
3 121 0 0 U L
3 122 0 0 R D
3 123 0 0 D R
3 124 0 0 D R
3 125 0 0 D U
3 126 0 0 R R
3 127 0 0 U R
3 128 0 0 U D
3 129 0 0 L L
3 130 0 0 L L
3 131 0 0 L U
3 132 0 0 R L
3 133 0 0 R L
3 134 0 0 R D
3 135 0 0 D R
3 136 0 0 L R
3 137 0 0 D U
3 138 0 0 U R
3 139 0 0 U R
3 140 0 0 L D
3 141 0 0 R L
3 142 0 0 L L
3 143 0 0 L U
3 144 0 0 R L
3 145 0 0 D L
3 146 0 0 L D
3 147 0 0 D R
3 148 0 0 U U
3 149 0 0 U D
3 150 0 0 R R
3 151 0 0 L U
3 152 0 0 R R
3 153 0 0 L R
3 154 0 0 R D
3 155 0 0 R L
3 156 0 0 L L
3 157 0 0 L U
3 158 0 0 R L
3 159 0 0 D L
3 160 0 0 L D
3 161 0 0 D R
3 162 0 0 U U
3 163 0 0 U D
3 164 0 0 R R
3 165 0 0 L U
3 166 0 0 R R
3 167 0 0 L R
3 168 0 0 R D
3 169 0 0 R L
3 170 0 0 L L
3 171 0 0 L U
3 172 0 0 R L
3 173 0 0 D L
3 174 0 0 L D
3 175 0 0 D R
3 176 0 0 U U
3 177 0 0 U D
3 178 0 0 R R
3 179 0 0 L U
3 180 0 0 R R
3 181 0 0 L R
3 182 0 0 R D
3 183 0 0 R L
3 184 0 0 L L
3 185 0 0 L U
3 186 0 0 R L
3 187 0 0 D L
3 188 0 0 L D
3 189 0 0 D R
3 190 0 0 U U
3 191 0 0 U D
3 192 0 0 R R
3 193 0 0 L U
3 194 0 0 R R
3 195 0 0 L R
3 196 0 0 R D
3 197 0 0 R L
3 198 0 0 L L
3 199 0 0 L U
4 0 0 0 U L
4 1 0 0 L L
4 2 0 0 U L
4 3 0 0 R L
4 4 0 0 R D
4 5 0 0 D D
4 6 0 0 U D
4 7 0 0 R D
4 8 0 0 D D
4 9 0 0 D D
4 10 0 0 L D
4 11 0 0 L D
4 12 0 0 D D
4 13 0 0 R D
4 14 0 1 R D
4 15 0 1 R U
4 16 0 1 R U
4 17 0 1 R U
4 18 0 1 U U
4 19 0 1 L U
4 20 0 1 L U
4 21 0 1 L U
4 22 0 1 L U
4 23 0 1 L U
4 24 0 1 D U
4 25 0 1 R U
4 26 0 1 R L
4 27 0 1 R L
4 28 0 1 R L
4 29 0 1 L L
4 30 0 1 L L
4 31 0 1 L D
4 32 0 1 L D
4 33 0 1 D L
4 34 0 1 R D
4 35 0 1 R R
4 36 0 1 R R
4 37 0 1 R R
4 38 0 1 D R
4 39 0 1 R R
4 40 0 1 R U
4 41 0 1 R R
4 42 0 1 U D
4 43 0 1 U D
4 44 0 1 D D
4 45 0 1 D D
4 46 0 1 D D
4 47 0 1 D D
4 48 0 1 D D
4 49 0 1 R D
4 50 0 2 L D
4 51 0 2 U U
4 52 0 2 U U
4 53 0 2 R U
4 54 0 2 D U
4 55 0 2 D U
4 56 0 2 L U
4 57 0 2 L U
4 58 0 2 R U
4 59 0 2 D U
4 60 0 2 R U
4 61 0 2 L U
4 62 0 2 L L
4 63 0 2 L L
4 64 0 2 D L
4 65 0 2 R L
4 66 0 2 D L
4 67 0 2 L L
4 68 0 2 L L
4 69 0 2 L L
4 70 0 2 L D
4 71 0 2 D D
4 72 0 2 R D
4 73 0 2 R D
4 74 0 2 R D
4 75 0 2 L D
4 76 0 2 U D
4 77 0 2 D D
4 78 0 2 R D
4 79 0 2 U D
4 80 0 2 R D
4 81 0 2 U L
4 82 0 2 D D
4 83 0 2 R R
4 84 0 2 R R
4 85 0 2 D R
4 86 0 2 L R
4 87 0 2 L R
4 88 0 2 L R
4 89 0 2 L R
4 90 0 3 L R
0 0 0 0 U R
0 1 0 0 U R
0 2 0 0 U L
0 3 0 0 U R
0 4 0 0 U R
0 5 0 0 U L
0 6 0 0 U R
0 7 0 0 U D
0 8 0 0 U L
1 0 0 0 U R
1 1 0 0 U U
1 2 0 0 U L
1 3 0 0 U R
1 4 0 0 U L
1 5 0 0 U L
1 6 0 0 U L
1 7 0 0 U L
1 8 0 0 U L
1 9 0 0 U L
1 10 0 0 R L
1 11 0 0 R U
1 12 0 0 R R
2 0 0 0 D R
2 1 0 0 D R
2 2 0 0 L R
2 3 0 0 L R
2 4 0 0 L R
2 5 0 0 L U
2 6 0 0 L R
3 0 0 0 U R
3 1 0 0 U U
3 2 0 0 U R
3 3 0 0 U L
3 4 0 0 U R
3 5 0 0 U R
3 6 0 0 U R
3 7 0 0 L R
3 8 0 0 L R
3 9 0 0 U R
3 10 0 0 L U
3 11 0 0 L L
3 12 0 0 L R
3 13 0 0 L L
4 0 0 0 U D
4 1 0 0 U L
4 2 0 0 U L
4 3 0 0 R L
4 4 0 0 R L
4 5 0 0 R L
4 6 0 0 R U
4 7 0 0 R U
4 8 0 0 R L
4 9 0 0 R L
4 10 0 0 R R
0 0 0 0 D R
0 1 0 0 D R
0 2 0 0 L R
0 3 0 0 L R
0 4 0 0 L R
0 5 0 0 L R
0 6 0 0 L R
0 7 1 0 L D
0 8 1 0 D R
0 9 1 0 L D
0 10 1 0 L L
0 11 1 0 L L
0 12 1 0 L L
0 13 1 0 L L
0 14 1 0 L L
0 15 1 0 S L
0 16 1 0 S L
0 17 1 0 S L
0 18 1 0 S L
0 19 1 0 S D
0 20 1 0 S D
0 21 1 0 S R
0 22 1 0 S R
0 23 1 0 S R
0 24 1 1 S R
0 25 1 1 S U
0 26 1 1 S L
0 27 1 1 S L
0 28 1 1 S L
0 29 1 1 S L
0 30 1 1 S L
0 31 1 1 S L
0 32 1 1 S L
0 33 1 1 S L
0 34 1 1 S L
0 35 1 1 S L
0 36 1 1 S D
0 37 1 1 S R
0 38 1 1 S R
0 39 1 1 S R
0 40 1 1 S R
0 41 1 1 S R
0 42 1 1 S R
0 43 1 1 S R
0 44 1 1 S R
0 45 1 1 S R
0 46 1 1 S U
0 47 1 1 S R
0 48 1 1 S U
0 49 1 1 S R
0 50 1 1 S D
0 51 1 1 S L
0 52 1 1 S L
0 53 1 1 S L
0 54 1 1 S L
0 55 1 1 S L
0 56 1 1 S L
0 57 1 1 S L
0 58 1 1 S L
0 59 1 1 S L
0 60 1 1 S L
0 61 1 1 S L
0 62 1 1 S D
0 63 1 1 S R
0 64 1 1 S R
0 65 1 1 S R
0 66 1 1 S R
0 67 1 1 S R
0 68 1 1 S R
0 69 1 1 S R
0 70 1 1 S R
0 71 1 1 S R
0 72 1 1 S U
0 73 1 1 S R
0 74 1 1 S U
0 75 1 1 S R
0 76 1 1 S U
0 77 1 1 S R
0 78 1 1 S L
0 79 1 1 S L
0 80 1 1 S L
0 81 1 1 S L
0 82 1 1 S L
0 83 1 1 S L
0 84 1 1 S L
0 85 1 1 S L
0 86 1 1 S L
0 87 1 1 S L
0 88 1 1 S L
0 89 1 1 S L
0 90 1 1 S D
0 91 1 1 S R
0 92 1 1 S R
0 93 1 1 S R
0 94 1 1 S R
0 95 1 1 S R
0 96 1 1 S R
0 97 1 1 S R
0 98 1 1 S R
0 99 1 1 S R
0 100 1 1 S R
0 101 1 1 S R
0 102 1 1 S U
0 103 1 1 S R
0 104 1 1 S L
0 105 1 1 S L
0 106 1 1 S L
0 107 1 1 S L
0 108 1 1 S L
0 109 1 1 S L
0 110 1 1 S L
0 111 1 1 S L
0 112 1 1 S L
0 113 1 1 S L
0 114 1 1 S L
0 115 1 1 S L
0 116 1 1 S D
0 117 1 1 S R
0 118 1 1 S R
0 119 1 1 S R
1 0 0 0 U D
1 1 0 0 U L
1 2 0 0 U L
1 3 0 0 U L
1 4 0 0 U L
1 5 0 0 U L
1 6 0 0 U R
1 7 0 0 U R
1 8 0 0 U L
1 9 0 0 U U
1 10 0 0 U R
1 11 0 0 S R
1 12 0 0 S R
1 13 0 0 S R
1 14 0 0 S D
1 15 0 0 S L
1 16 0 0 S U
1 17 0 0 S R
1 18 0 0 S D
1 19 0 0 S L
1 20 0 0 S U
1 21 0 0 S R
1 22 0 0 S D
1 23 0 0 S L
1 24 0 0 S U
1 25 0 0 S R
1 26 0 0 S D
1 27 0 0 S L
1 28 0 0 S U
1 29 0 0 S R
1 30 0 0 S D
1 31 0 0 S L
1 32 0 0 S U
1 33 0 0 S R
1 34 0 0 S D
1 35 0 0 S L
1 36 0 0 S U
1 37 0 0 S R
1 38 0 0 S D
1 39 0 0 S L
1 40 0 0 S U
1 41 0 0 S R
1 42 0 0 S D
1 43 0 0 S L
1 44 0 0 S U
1 45 0 0 S R
1 46 0 0 S D
1 47 0 0 S L
1 48 0 0 S U
1 49 0 0 S R
1 50 0 0 S D
1 51 0 0 S L
1 52 0 0 S U
1 53 0 0 S R
1 54 0 0 S D
1 55 0 0 S L
1 56 0 0 S U
1 57 0 0 S R
1 58 0 0 S D
1 59 0 0 S L
1 60 0 0 S U
1 61 0 0 S R
1 62 0 0 S D
1 63 0 0 S L
1 64 0 0 S U
1 65 0 0 S R
1 66 0 0 S D
1 67 0 0 S L
1 68 0 0 S U
1 69 0 0 S R
1 70 0 0 S D
1 71 0 0 S L
1 72 0 0 S U
1 73 0 0 S U
1 74 0 0 S R
1 75 0 0 S D
1 76 0 0 S L
1 77 0 0 S D
1 78 0 0 S R
1 79 0 0 S D
1 80 0 0 S U
1 81 0 0 S L
1 82 0 0 S U
1 83 0 0 S R
1 84 0 0 S D
1 85 0 0 S L
1 86 0 0 S U
1 87 0 0 S R
1 88 0 0 S D
1 89 0 0 S L
1 90 0 0 S U
1 91 0 0 S R
1 92 0 0 S U
1 93 0 0 S L
1 94 0 0 S L
1 95 0 0 S D
1 96 0 0 S R
1 97 0 0 S R
1 98 0 0 S D
1 99 0 0 S L
1 100 0 0 S U
1 101 0 0 S R
1 102 0 0 S D
1 103 0 0 S L
1 104 0 0 S U
1 105 0 0 S R
1 106 0 0 S D
1 107 0 0 S L
1 108 0 0 S U
1 109 0 0 S R
1 110 0 0 S D
1 111 0 0 S L
1 112 0 0 S U
1 113 0 0 S R
1 114 0 0 S D
1 115 0 0 S L
1 116 0 0 S U
1 117 0 0 S R
1 118 0 0 S D
1 119 0 0 S L
2 0 0 0 U L
2 1 0 0 U D
2 2 0 0 U R
2 3 0 0 U D
2 4 0 0 U D
2 5 0 0 U R
2 6 0 0 U D
2 7 0 0 U R
2 8 0 0 R R
2 9 0 0 R R
2 10 0 0 R R
2 11 0 0 R L
2 12 0 0 S L
2 13 0 0 S L
2 14 0 0 S L
2 15 0 0 S R
2 16 0 0 S R
2 17 0 0 S L
2 18 0 0 S L
2 19 0 0 S R
2 20 0 0 S R
2 21 0 0 S L
2 22 0 0 S L
2 23 0 0 S R
2 24 0 0 S R
2 25 0 0 S L
2 26 0 0 S L
2 27 0 0 S R
2 28 0 0 S R
2 29 0 0 S L
2 30 0 0 S L
2 31 0 0 S R
2 32 0 0 S R
2 33 0 0 S L
2 34 0 0 S L
2 35 0 0 S R
2 36 0 0 S R
2 37 0 0 S L
2 38 0 0 S L
2 39 0 0 S R
2 40 0 0 S R
2 41 0 0 S L
2 42 0 0 S L
2 43 0 0 S R
2 44 0 0 S R
2 45 0 0 S L
2 46 0 0 S L
2 47 0 0 S R
2 48 0 0 S R
2 49 0 0 S L
2 50 0 0 S L
2 51 0 0 S R
2 52 0 0 S R
2 53 0 0 S L
2 54 0 0 S L
2 55 0 0 S R
2 56 0 0 S R
2 57 0 0 S L
2 58 0 0 S L
2 59 0 0 S R
2 60 0 0 S R
2 61 0 0 S L
2 62 0 0 S L
2 63 0 0 S R
2 64 0 0 S R
2 65 0 0 S L
2 66 0 0 S L
2 67 0 0 S R
2 68 0 0 S R
2 69 0 0 S L
2 70 0 0 S L
2 71 0 0 S R
2 72 0 0 S R
2 73 0 0 S L
2 74 0 0 S L
2 75 0 0 S R
2 76 0 0 S R
2 77 0 0 S L
2 78 0 0 S L
2 79 0 0 S R
2 80 0 0 S R
2 81 0 0 S L
2 82 0 0 S L
2 83 0 0 S R
2 84 0 0 S R
2 85 0 0 S L
2 86 0 0 S L
2 87 0 0 S R
2 88 0 0 S R
2 89 0 0 S L
2 90 0 0 S L
2 91 0 0 S R
2 92 0 0 S R
2 93 0 0 S L
2 94 0 0 S L
2 95 0 0 S R
2 96 0 0 S R
2 97 0 0 S L
2 98 0 0 S L
2 99 0 0 S R
2 100 0 0 S R
2 101 0 0 S L
2 102 0 0 S L
2 103 0 0 S R
2 104 0 0 S R
2 105 0 0 S L
2 106 0 0 S L
2 107 0 0 S R
2 108 0 0 S R
2 109 0 0 S L
2 110 0 0 S L
2 111 0 0 S R
2 112 0 0 S R
2 113 0 0 S L
2 114 0 0 S L
2 115 0 0 S R
2 116 0 0 S R
2 117 0 0 S L
2 118 0 0 S L
2 119 0 0 S R
3 0 0 0 L U
3 1 0 0 L R
3 2 0 0 L R
3 3 0 0 L R
3 4 0 0 L R
3 5 0 0 L R
3 6 0 0 L R
3 7 1 0 L R
3 8 1 0 D D
3 9 1 0 D L
3 10 1 0 D L
3 11 1 0 D L
3 12 1 0 R R
3 13 1 0 R R
3 14 1 0 S R
3 15 1 0 S R
3 16 1 0 S R
3 17 1 0 S L
3 18 1 0 S R
3 19 1 0 S L
3 20 1 0 S R
3 21 1 0 S L
3 22 1 0 S R
3 23 1 0 S L
3 24 1 0 S R
3 25 1 0 S L
3 26 1 0 S R
3 27 1 0 S L
3 28 1 0 S R
3 29 1 0 S L
3 30 1 0 S R
3 31 1 0 S L
3 32 1 0 S R
3 33 1 0 S L
3 34 1 0 S R
3 35 1 0 S L
3 36 1 0 S R
3 37 1 0 S L
3 38 1 0 S R
3 39 1 0 S L
3 40 1 0 S R
3 41 1 0 S L
3 42 1 0 S R
3 43 1 0 S L
3 44 1 0 S R
3 45 1 0 S L
3 46 1 0 S R
3 47 1 0 S L
3 48 1 0 S R
3 49 1 0 S L
3 50 1 0 S R
3 51 1 0 S L
3 52 1 0 S R
3 53 1 0 S L
3 54 1 0 S R
3 55 1 0 S L
3 56 1 0 S R
3 57 1 0 S L
3 58 1 0 S R
3 59 1 0 S L
3 60 1 0 S R
3 61 1 0 S L
3 62 1 0 S R
3 63 1 0 S L
3 64 1 0 S R
3 65 1 0 S L
3 66 1 0 S R
3 67 1 0 S L
3 68 1 0 S R
3 69 1 0 S L
3 70 1 0 S R
3 71 1 0 S L
3 72 1 0 S R
3 73 1 0 S L
3 74 1 0 S R
3 75 1 0 S L
3 76 1 0 S R
3 77 1 0 S L
3 78 1 0 S R
3 79 1 0 S L
3 80 1 0 S R
3 81 1 0 S L
3 82 1 0 S R
3 83 1 0 S L
3 84 1 0 S R
3 85 1 0 S L
3 86 1 0 S R
3 87 1 0 S L
3 88 1 0 S R
3 89 1 0 S L
3 90 1 0 S R
3 91 1 0 S L
3 92 1 0 S R
3 93 1 0 S L
3 94 1 0 S R
3 95 1 0 S L
3 96 1 0 S R
3 97 1 0 S L
3 98 1 0 S R
3 99 1 0 S L
3 100 1 0 S R
3 101 1 0 S L
3 102 1 0 S R
3 103 1 0 S L
3 104 1 0 S R
3 105 1 0 S L
3 106 1 0 S R
3 107 1 0 S L
3 108 1 0 S R
3 109 1 0 S L
3 110 1 0 S R
3 111 1 0 S L
3 112 1 0 S R
3 113 1 0 S L
3 114 1 0 S R
3 115 1 0 S L
3 116 1 0 S R
3 117 1 0 S L
3 118 1 0 S R
3 119 1 0 S L
4 0 0 0 U R
4 1 0 0 U R
4 2 0 0 U R
4 3 0 0 U L
4 4 0 0 U R
4 5 0 0 R L
4 6 0 0 S R
4 7 0 0 S L
4 8 0 0 S R
4 9 0 0 S L
4 10 0 0 S R
4 11 0 0 S L
4 12 0 0 S R
4 13 0 0 S L
4 14 0 0 S R
4 15 0 0 S L
4 16 0 0 S R
4 17 0 0 S L
4 18 0 0 S R
4 19 0 0 S L
4 20 0 0 S R
4 21 0 0 S L
4 22 0 0 S R
4 23 0 0 S L
4 24 0 0 S R
4 25 0 0 S L
4 26 0 0 S R
4 27 0 0 S L
4 28 0 0 S R
4 29 0 0 S L
4 30 0 0 S R
4 31 0 0 S L
4 32 0 0 S R
4 33 0 0 S L
4 34 0 0 S R
4 35 0 0 S L
4 36 0 0 S R
4 37 0 0 S L
4 38 0 0 S R
4 39 0 0 S L
4 40 0 0 S R
4 41 0 0 S L
4 42 0 0 S R
4 43 0 0 S L
4 44 0 0 S R
4 45 0 0 S L
4 46 0 0 S R
4 47 0 0 S L
4 48 0 0 S R
4 49 0 0 S L
4 50 0 0 S R
4 51 0 0 S L
4 52 0 0 S R
4 53 0 0 S L
4 54 0 0 S R
4 55 0 0 S L
4 56 0 0 S R
4 57 0 0 S L
4 58 0 0 S R
4 59 0 0 S L
4 60 0 0 S R
4 61 0 0 S L
4 62 0 0 S R
4 63 0 0 S L
4 64 0 0 S R
4 65 0 0 S L
4 66 0 0 S R
4 67 0 0 S L
4 68 0 0 S R
4 69 0 0 S L
4 70 0 0 S R
4 71 0 0 S L
4 72 0 0 S R
4 73 0 0 S L
4 74 0 0 S R
4 75 0 0 S L
4 76 0 0 S R
4 77 0 0 S L
4 78 0 0 S R
4 79 0 0 S L
4 80 0 0 S R
4 81 0 0 S L
4 82 0 0 S R
4 83 0 0 S L
4 84 0 0 S R
4 85 0 0 S L
4 86 0 0 S R
4 87 0 0 S L
4 88 0 0 S R
4 89 0 0 S L
4 90 0 0 S R
4 91 0 0 S L
4 92 0 0 S R
4 93 0 0 S L
4 94 0 0 S R
4 95 0 0 S L
4 96 0 0 S R
4 97 0 0 S L
4 98 0 0 S R
4 99 0 0 S L
4 100 0 0 S R
4 101 0 0 S L
4 102 0 0 S R
4 103 0 0 S L
4 104 0 0 S R
4 105 0 0 S L
4 106 0 0 S R
4 107 0 0 S L
4 108 0 0 S R
4 109 0 0 S L
4 110 0 0 S R
4 111 0 0 S L
4 112 0 0 S R
4 113 0 0 S L
4 114 0 0 S R
4 115 0 0 S L
4 116 0 0 S R
4 117 0 0 S L
4 118 0 0 S R
4 119 0 0 S L
0 0 0 0 R U
0 1 0 0 R U
0 2 0 0 R U
0 3 0 0 R U
0 4 0 0 R U
0 5 0 0 U R
0 6 0 0 R R
0 7 0 0 L R
0 8 0 0 L R
0 9 0 0 U R
0 10 0 0 R S
0 11 0 0 D S
0 12 0 0 R S
0 13 0 0 L S
0 14 0 0 L S
0 15 0 0 U S
0 16 0 0 R S
0 17 0 0 D S
0 18 0 0 R S
0 19 0 0 L S
0 20 0 0 L S
0 21 0 0 U S
0 22 0 0 R S
0 23 0 0 D S
0 24 0 0 R S
0 25 0 0 L S
0 26 0 0 L S
0 27 0 0 U S
0 28 0 0 R S
0 29 0 0 D S
0 30 0 0 R S
0 31 0 0 L S
0 32 0 0 L S
0 33 0 0 U S
0 34 0 0 R S
0 35 0 0 D S
0 36 0 0 R S
0 37 0 0 L S
0 38 0 0 L S
0 39 0 0 R S
0 40 0 0 R S
0 41 0 0 L S
0 42 0 0 L S
0 43 0 0 U S
0 44 0 0 R S
0 45 0 0 D S
0 46 0 0 R S
0 47 0 0 L S
0 48 0 0 L S
0 49 0 0 U S
0 50 0 0 R S
0 51 0 0 D S
0 52 0 0 R S
0 53 0 0 L S
0 54 0 0 L S
0 55 0 0 U S
0 56 0 0 R S
0 57 0 0 D S
0 58 0 0 R S
0 59 0 0 L S
0 60 0 0 L S
0 61 0 0 D S
0 62 0 0 R S
0 63 0 0 U S
0 64 0 0 R S
0 65 0 0 L S
0 66 0 0 L S
0 67 0 0 U S
0 68 0 0 R S
0 69 0 0 D S
0 70 0 0 R S
0 71 0 0 L S
0 72 0 0 L S
0 73 0 0 U S
0 74 0 0 R S
0 75 0 0 D S
0 76 0 0 R S
0 77 0 0 L S
0 78 0 0 L S
0 79 0 0 U S
0 80 0 0 R S
0 81 0 0 D S
0 82 0 0 R S
0 83 0 0 L S
0 84 0 0 L S
0 85 0 0 U S
0 86 0 0 R S
0 87 0 0 D S
0 88 0 0 R S
0 89 0 0 L S
0 90 0 0 L S
0 91 0 0 U S
0 92 0 0 R S
0 93 0 0 D S
0 94 0 0 R S
0 95 0 0 L S
0 96 0 0 L S
0 97 0 0 U S
0 98 0 0 R S
0 99 0 0 D S
0 100 0 0 R S
0 101 0 0 L S
0 102 0 0 L S
0 103 0 0 U S
0 104 0 0 R S
0 105 0 0 D S
0 106 0 0 R S
0 107 0 0 L S
0 108 0 0 L S
0 109 0 0 U S
0 110 0 0 R S
0 111 0 0 D S
0 112 0 0 R S
0 113 0 0 L S
0 114 0 0 L S
0 115 0 0 U S
0 116 0 0 R S
0 117 0 0 D S
0 118 0 0 R S
0 119 0 0 L S
1 0 0 0 D D
1 1 0 0 R D
1 2 0 0 R D
1 3 0 0 R L
1 4 0 0 L S
1 5 0 0 L S
1 6 0 0 D S
1 7 0 0 L S
1 8 0 0 R S
1 9 0 0 L S
1 10 0 0 R S
1 11 0 0 L S
1 12 0 0 R S
1 13 0 0 U S
1 14 0 0 R S
1 15 0 0 L S
1 16 0 0 R S
1 17 0 0 L S
1 18 0 0 D S
1 19 0 0 U S
1 20 0 0 R S
1 21 0 0 L S
1 22 0 0 D S
1 23 0 0 L S
1 24 0 0 R S
1 25 0 0 U S
1 26 0 0 R S
1 27 0 0 L S
1 28 0 0 D S
1 29 0 0 U S
1 30 0 0 R S
1 31 0 0 L S
1 32 0 0 D S
1 33 0 0 L S
1 34 0 0 R S
1 35 0 0 U S
1 36 0 0 R S
1 37 0 0 L S
1 38 0 0 D S
1 39 0 0 L S
1 40 0 0 R S
1 41 0 0 U S
1 42 0 0 R S
1 43 0 0 L S
1 44 0 0 R S
1 45 0 0 L S
1 46 0 0 R S
1 47 0 0 L S
1 48 0 0 D S
1 49 0 0 L S
1 50 0 0 D S
1 51 0 0 D S
1 52 0 0 D S
1 53 0 0 R S
1 54 0 0 D S
1 55 0 0 U S
1 56 0 0 U S
1 57 0 0 U S
1 58 0 0 D S
1 59 0 0 R S
1 60 0 0 R S
1 61 0 0 L S
1 62 0 0 U S
1 63 0 0 R S
1 64 0 0 R S
1 65 0 0 R S
1 66 0 0 R S
1 67 0 0 R S
1 68 0 0 R S
1 69 0 0 D S
1 70 0 0 R S
1 71 0 0 R S
1 72 0 0 R S
1 73 0 0 R S
1 74 0 0 D S
1 75 0 0 R S
1 76 0 0 R S
1 77 0 0 R S
1 78 0 0 D S
1 79 0 0 L S
1 80 0 0 D S
1 81 0 0 L S
1 82 0 0 L S
1 83 0 0 R S
1 84 0 0 U S
1 85 0 0 L S
1 86 0 0 L S
1 87 0 0 L S
1 88 0 0 L S
1 89 0 0 L S
1 90 0 0 R S
1 91 0 0 R S
1 92 0 0 L S
1 93 0 0 L S
1 94 0 0 L S
1 95 0 0 D S
1 96 0 0 L S
1 97 0 0 L S
1 98 0 0 L S
1 99 0 0 L S
1 100 0 0 L S
1 101 0 0 D S
1 102 0 0 L S
1 103 0 0 R S
1 104 0 0 D S
1 105 0 0 U S
1 106 0 0 L S
1 107 0 0 R S
1 108 0 0 D S
1 109 0 0 U S
1 110 0 0 L S
1 111 0 0 R S
1 112 0 0 D S
1 113 0 0 U S
1 114 0 0 L S
1 115 0 0 R S
1 116 0 0 D S
1 117 0 0 U S
1 118 0 0 L S
1 119 0 0 R S
2 0 0 0 R U
2 1 0 0 R U
2 2 0 0 R U
2 3 0 0 R U
2 4 0 0 R U
2 5 0 0 R U
2 6 0 0 R U
2 7 0 0 R U
2 8 0 0 R U
2 9 0 0 R U
2 10 0 0 R S
2 11 0 0 R S
2 12 0 0 R S
2 13 0 0 R S
2 14 0 0 U S
2 15 0 0 L S
2 16 0 0 L S
2 17 0 0 D S
2 18 0 0 R S
2 19 0 0 U S
2 20 0 0 R S
2 21 0 0 U S
2 22 0 0 R S
2 23 0 0 U S
2 24 0 0 L S
2 25 0 0 L S
2 26 0 0 L S
2 27 0 0 L S
2 28 0 0 L S
2 29 0 0 L S
2 30 0 0 L S
2 31 0 0 L S
2 32 0 0 L S
2 33 0 0 U S
2 34 0 0 R S
2 35 0 0 R S
2 36 0 0 R S
2 37 0 0 R S
2 38 0 0 R S
2 39 0 0 R S
2 40 0 0 R S
2 41 0 0 R S
2 42 0 0 R S
2 43 0 0 D S
2 44 0 0 L S
2 45 0 0 L S
2 46 0 0 L S
2 47 0 0 L S
2 48 0 0 L S
2 49 0 0 L S
2 50 0 0 L S
2 51 0 0 L S
2 52 0 0 L S
2 53 0 0 U S
2 54 0 0 R S
2 55 0 0 R S
2 56 0 0 R S
2 57 0 0 R S
2 58 0 0 R S
2 59 0 0 R S
2 60 0 0 R S
2 61 0 0 R S
2 62 0 0 R S
2 63 0 0 D S
2 64 0 0 L S
2 65 0 0 L S
2 66 0 0 L S
2 67 0 0 L S
2 68 0 0 L S
2 69 0 0 L S
2 70 0 0 L S
2 71 0 0 L S
2 72 0 0 L S
2 73 0 0 U S
2 74 0 0 R S
2 75 0 0 R S
2 76 0 0 R S
2 77 0 0 R S
2 78 0 0 R S
2 79 0 0 R S
2 80 0 0 R S
2 81 0 0 R S
2 82 0 0 R S
2 83 0 0 D S
2 84 0 0 L S
2 85 0 0 L S
2 86 0 0 L S
2 87 0 0 L S
2 88 0 0 L S
2 89 0 0 L S
2 90 0 0 L S
2 91 0 0 L S
2 92 0 0 L S
2 93 0 0 U S
2 94 0 0 R S
2 95 0 0 R S
2 96 0 0 R S
2 97 0 0 R S
2 98 0 0 R S
2 99 0 0 R S
2 100 0 0 R S
2 101 0 0 R S
2 102 0 0 R S
2 103 0 0 D S
2 104 0 0 L S
2 105 0 0 L S
2 106 0 0 L S
2 107 0 0 L S
2 108 0 0 L S
2 109 0 0 L S
2 110 0 0 L S
2 111 0 0 L S
2 112 0 0 L S
2 113 0 0 U S
2 114 0 0 R S
2 115 0 0 R S
2 116 0 0 R S
2 117 0 0 R S
2 118 0 0 R S
2 119 0 0 R S
3 0 0 0 R U
3 1 0 0 R U
3 2 0 0 R U
3 3 0 0 R U
3 4 0 0 D U
3 5 0 0 R U
3 6 0 0 R U
3 7 0 0 R U
3 8 0 0 R U
3 9 0 0 R U
3 10 0 0 R U
3 11 0 0 R U
3 12 0 0 R U
3 13 0 0 D U
3 14 0 0 L U
3 15 0 0 L U
3 16 0 0 L U
3 17 0 0 L U
3 18 0 0 L U
3 19 0 0 L U
3 20 0 0 L U
3 21 0 0 L U
3 22 0 0 L U
3 23 0 0 L U
3 24 0 0 L U
3 25 0 0 L U
3 26 0 0 L U
3 27 0 0 D U
3 28 0 0 R U
3 29 0 0 R U
3 30 0 0 R U
3 31 0 0 D U
3 32 0 0 R U
3 33 0 0 R U
3 34 0 0 R U
3 35 0 0 R U
3 36 0 0 R U
3 37 0 0 R U
3 38 0 0 D U
3 39 0 0 D U
3 40 0 0 D U
3 41 0 0 D U
3 42 0 0 R U
3 43 0 0 R U
3 44 0 0 L U
3 45 0 0 L U
3 46 0 0 R U
3 47 0 0 R U
3 48 0 0 L U
3 49 0 0 L U
3 50 0 0 R U
3 51 0 0 R U
3 52 0 0 L U
3 53 0 0 L U
3 54 0 0 R U
3 55 0 0 R U
3 56 0 0 L U
3 57 0 0 L U
3 58 0 0 R U
3 59 0 0 R U
3 60 0 0 L U
3 61 0 0 L U
3 62 0 0 R U
3 63 0 0 R U
3 64 0 0 L U
3 65 0 0 L U
3 66 0 0 R U
3 67 0 0 R U
3 68 0 0 L U
3 69 0 0 L U
3 70 0 0 R U
3 71 0 0 R U
3 72 0 0 L U
3 73 0 0 L U
3 74 0 0 R U
3 75 0 0 R U
3 76 0 0 L U
3 77 0 0 L U
3 78 0 0 R U
3 79 0 0 R U
3 80 0 0 L U
3 81 0 0 L U
3 82 0 0 R U
3 83 0 0 R U
3 84 0 0 L U
3 85 0 0 L U
3 86 0 0 R U
3 87 0 0 R U
3 88 0 0 L U
3 89 0 0 L U
3 90 0 0 R U
3 91 0 0 R U
3 92 0 0 L U
3 93 0 0 L U
3 94 0 0 R U
3 95 0 0 R U
3 96 0 0 L U
3 97 0 0 L U
3 98 0 0 R U
3 99 0 0 R U
3 100 0 0 L U
3 101 0 0 L U
3 102 0 0 R U
3 103 0 0 R U
3 104 0 0 L U
3 105 0 0 L U
3 106 0 0 R U
3 107 0 0 R U
3 108 0 0 L U
3 109 0 0 L U
3 110 0 0 R U
3 111 0 0 R U
3 112 0 0 L U
3 113 0 0 L U
3 114 0 0 R U
3 115 0 0 R U
3 116 0 0 L U
3 117 0 0 L U
3 118 0 0 R U
3 119 0 0 R U
4 0 0 0 R U
4 1 0 0 D U
4 2 0 0 R U
4 3 0 0 R U
4 4 0 0 R U
4 5 0 0 R U
4 6 0 0 R U
4 7 0 0 R U
4 8 0 0 R U
4 9 0 0 R U
4 10 0 0 D U
4 11 0 0 R U
4 12 0 0 D U
4 13 0 0 R L
4 14 0 0 R L
4 15 0 0 R L
4 16 0 0 D L
4 17 0 0 L S
4 18 0 0 L S
4 19 0 0 L S
4 20 0 0 L S
4 21 0 0 L S
4 22 0 0 L S
4 23 0 0 L S
4 24 0 0 L S
4 25 0 0 L S
4 26 0 0 L S
4 27 0 0 L S
4 28 0 0 L S
4 29 0 0 L S
4 30 0 0 L S
4 31 0 0 L S
4 32 0 0 D S
4 33 0 0 R S
4 34 0 0 R S
4 35 0 0 R S
4 36 0 0 R S
4 37 0 0 R S
4 38 0 0 R S
4 39 0 0 R S
4 40 0 0 R S
4 41 0 0 R S
4 42 0 0 R S
4 43 0 0 R S
4 44 0 0 R S
4 45 0 0 R S
4 46 0 0 R S
4 47 0 0 R S
4 48 0 0 D S
4 49 0 0 L S
4 50 0 0 L S
4 51 0 0 L S
4 52 0 0 L S
4 53 0 0 L S
4 54 0 0 D S
4 55 0 0 L S
4 56 0 0 D S
4 57 0 0 D S
4 58 0 0 D S
4 59 0 0 R S
4 60 0 0 D S
4 61 0 0 L S
4 62 0 0 L S
4 63 0 0 L S
4 64 0 0 D S
4 65 0 0 L S
4 66 0 0 U S
4 67 0 0 U S
4 68 0 0 U S
4 69 0 0 U S
4 70 0 0 R S
4 71 0 0 R S
4 72 0 0 R S
4 73 0 0 U S
4 74 0 0 R S
4 75 0 0 L S
4 76 0 0 L S
4 77 0 0 L S
4 78 0 0 L S
4 79 1 0 L S
4 80 1 0 D S
4 81 1 0 R S
4 82 1 0 R S
4 83 1 0 R S
4 84 1 0 R S
4 85 1 0 R S
4 86 1 0 R S
4 87 1 0 R S
4 88 1 0 R S
4 89 1 0 U S
4 90 1 0 R S
4 91 1 0 U S
4 92 1 0 L S
4 93 1 0 L S
4 94 1 0 L S
4 95 1 0 L S
4 96 1 0 L S
4 97 1 0 L S
4 98 1 0 L S
4 99 1 0 L S
4 100 1 0 L S
4 101 1 0 L S
4 102 1 0 L S
4 103 1 0 L S
4 104 1 0 L S
4 105 1 0 L S
4 106 1 0 D S
4 107 1 0 R S
4 108 1 0 R S
4 109 1 0 R S
4 110 1 0 D S
4 111 1 0 R S
4 112 1 0 R S
4 113 1 0 R S
4 114 1 0 R S
4 115 1 0 R S
4 116 1 0 R S
4 117 1 0 R S
4 118 1 0 R S
4 119 1 0 R S
0 0 0 0 U D
0 1 0 0 L D
0 2 0 0 L L
0 3 0 0 L L
0 4 0 0 D L
0 5 0 0 U L
0 6 0 0 U L
0 7 0 0 U L
0 8 0 0 R L
0 9 0 0 U L
0 10 0 0 R L
0 11 0 0 L L
0 12 0 0 L L
0 13 0 0 D L
0 14 0 0 R L
0 15 0 0 R S
0 16 0 0 R S
0 17 0 0 L S
0 18 0 0 L S
0 19 0 0 L S
0 20 0 0 L S
0 21 0 0 L S
0 22 0 0 L S
0 23 0 0 L S
0 24 0 0 L S
0 25 0 0 R S
0 26 0 0 R S
0 27 0 0 R S
0 28 0 0 L S
0 29 0 0 L S
0 30 0 0 L S
0 31 0 0 R S
0 32 0 0 R S
0 33 0 0 R S
0 34 0 0 L S
0 35 0 0 L S
0 36 0 0 L S
0 37 0 0 R S
0 38 0 0 R S
0 39 0 0 R S
0 40 0 0 L S
0 41 0 0 L S
0 42 0 0 L S
0 43 0 0 R S
0 44 0 0 R S
0 45 0 0 R S
0 46 0 0 L S
0 47 0 0 L S
0 48 0 0 L S
0 49 0 0 R S
0 50 0 0 R S
0 51 0 0 R S
0 52 0 0 L S
0 53 0 0 L S
0 54 0 0 L S
0 55 0 0 R S
0 56 0 0 R S
0 57 0 0 R S
0 58 0 0 L S
0 59 0 0 L S
0 60 0 0 L S
0 61 0 0 R S
0 62 0 0 R S
0 63 0 0 R S
0 64 0 0 L S
0 65 0 0 L S
0 66 0 0 L S
0 67 0 0 R S
0 68 0 0 R S
0 69 0 0 R S
0 70 0 0 L S
0 71 0 0 L S
0 72 0 0 L S
0 73 0 0 R S
0 74 0 0 R S
0 75 0 0 R S
0 76 0 0 L S
0 77 0 0 L S
0 78 0 0 L S
0 79 0 0 R S
0 80 0 0 R S
0 81 0 0 R S
0 82 0 0 L S
0 83 0 0 L S
0 84 0 0 L S
0 85 0 0 R S
0 86 0 0 R S
0 87 0 0 R S
0 88 0 0 L S
0 89 0 0 L S
0 90 0 0 L S
0 91 0 0 R S
0 92 0 0 R S
0 93 0 0 R S
0 94 0 0 L S
0 95 0 0 L S
0 96 0 0 L S
0 97 0 0 R S
0 98 0 0 R S
0 99 0 0 R S
0 100 0 0 L S
0 101 0 0 L S
0 102 0 0 L S
0 103 0 0 R S
0 104 0 0 R S
0 105 0 0 R S
0 106 0 0 L S
0 107 0 0 L S
0 108 0 0 L S
0 109 0 0 R S
0 110 0 0 R S
0 111 0 0 R S
0 112 0 0 L S
0 113 0 0 L S
0 114 0 0 L S
0 115 0 0 R S
0 116 0 0 R S
0 117 0 0 R S
0 118 0 0 L S
0 119 0 0 L S
1 0 0 0 D U
1 1 0 0 R U
1 2 0 0 R U
1 3 0 0 R U
1 4 0 0 R U
1 5 0 0 R U
1 6 0 0 R U
1 7 0 0 R U
1 8 0 0 R U
1 9 0 0 U U
1 10 0 0 L U
1 11 0 0 L U
1 12 0 0 L R
1 13 0 0 L R
1 14 0 0 L R
1 15 0 0 L R
1 16 0 0 D R
1 17 0 0 D R
1 18 0 0 D R
1 19 0 0 L R
1 20 0 0 U R
1 21 0 0 U S
1 22 0 0 U S
1 23 0 0 U S
1 24 0 0 R S
1 25 0 0 L S
1 26 0 0 L S
1 27 0 0 U S
1 28 0 0 R S
1 29 0 0 D S
1 30 0 0 R S
1 31 0 0 R S
1 32 0 0 R S
1 33 0 0 R S
1 34 0 0 R S
1 35 0 0 L S
1 36 0 0 L S
1 37 0 0 L S
1 38 0 0 L S
1 39 0 0 L S
1 40 0 0 L S
1 41 0 0 L S
1 42 0 0 L S
1 43 0 0 R S
1 44 0 0 R S
1 45 0 0 R S
1 46 0 0 R S
1 47 0 0 R S
1 48 0 0 R S
1 49 0 0 R S
1 50 0 0 D S
1 51 0 0 U S
1 52 0 0 R S
1 53 0 0 L S
1 54 0 0 L S
1 55 0 0 L S
1 56 0 0 L S
1 57 0 0 L S
1 58 0 0 L S
1 59 0 0 L S
1 60 0 0 L S
1 61 0 0 R S
1 62 0 0 R S
1 63 0 0 R S
1 64 0 0 R S
1 65 0 0 R S
1 66 0 0 R S
1 67 0 0 R S
1 68 0 0 D S
1 69 0 0 L S
1 70 0 0 L S
1 71 0 0 L S
1 72 0 0 L S
1 73 0 0 L S
1 74 0 0 L S
1 75 0 0 U S
1 76 0 0 R S
1 77 0 0 R S
1 78 0 0 R S
1 79 0 0 R S
1 80 0 0 R S
1 81 0 0 R S
1 82 0 0 L S
1 83 0 0 L S
1 84 0 0 L S
1 85 0 0 L S
1 86 0 0 L S
1 87 0 0 L S
1 88 0 0 L S
1 89 0 0 R S
1 90 0 0 R S
1 91 0 0 R S
1 92 0 0 R S
1 93 0 0 R S
1 94 0 0 R S
1 95 0 0 R S
1 96 0 0 R S
1 97 0 0 R S
1 98 0 0 L S
1 99 0 0 L S
1 100 0 0 L S
1 101 0 0 L S
1 102 0 0 L S
1 103 0 0 L S
1 104 0 0 L S
1 105 0 0 L S
1 106 0 0 L S
1 107 0 0 R S
1 108 0 0 R S
1 109 0 0 R S
1 110 0 0 R S
1 111 0 0 R S
1 112 0 0 R S
1 113 0 0 R S
1 114 0 0 R S
1 115 0 0 L S
1 116 0 0 L S
1 117 0 0 L S
1 118 0 0 L S
1 119 0 0 L S
2 0 0 0 R D
2 1 0 0 R D
2 2 0 0 R L
2 3 0 0 R S
2 4 0 0 R S
2 5 0 0 R S
2 6 0 0 R S
2 7 0 0 D S
2 8 0 0 R S
2 9 0 0 R S
2 10 0 0 R S
2 11 0 0 R S
2 12 0 0 L S
2 13 0 0 L S
2 14 0 0 U S
2 15 0 0 R S
2 16 0 0 L S
2 17 0 0 L S
2 18 0 0 R S
2 19 0 0 D S
2 20 0 0 R S
2 21 0 0 D S
2 22 0 0 R S
2 23 0 0 D S
2 24 0 0 U S
2 25 0 0 L S
2 26 0 0 R S
2 27 0 0 U S
2 28 0 0 L S
2 29 0 0 L S
2 30 0 0 U S
2 31 0 0 D S
2 32 0 0 R S
2 33 0 0 R S
2 34 0 0 L S
2 35 0 0 U S
2 36 0 0 D S
2 37 0 0 R S
2 38 0 0 L S
2 39 0 0 D S
2 40 0 0 U S
2 41 0 0 L S
2 42 0 0 U S
2 43 0 0 D S
2 44 0 0 R S
2 45 0 0 R S
2 46 0 0 L S
2 47 0 0 L S
2 48 0 0 U S
2 49 0 0 L S
2 50 0 0 U S
2 51 0 0 U S
2 52 0 0 L S
2 53 0 0 L S
2 54 0 0 L S
2 55 0 0 D S
2 56 0 0 L S
2 57 0 0 D S
2 58 0 0 R S
2 59 0 0 D S
2 60 0 0 R S
2 61 0 0 R S
2 62 0 0 R S
2 63 0 0 R S
2 64 0 0 R S
2 65 0 0 D S
2 66 0 0 R S
2 67 0 0 R S
2 68 0 0 L S
2 69 0 0 D S
2 70 0 0 U S
2 71 0 0 L S
2 72 0 0 R S
2 73 0 0 R S
2 74 0 0 D S
2 75 0 0 U S
2 76 0 0 D S
2 77 0 0 L S
2 78 0 0 U S
2 79 0 0 L S
2 80 0 0 U S
2 81 0 0 R S
2 82 0 0 L S
2 83 0 0 L S
2 84 0 0 D S
2 85 0 0 R S
2 86 0 0 R S
2 87 0 0 D S
2 88 0 0 U S
2 89 0 0 R S
2 90 0 0 D S
2 91 0 0 U S
2 92 0 0 L S
2 93 0 0 D S
2 94 0 0 L S
2 95 0 0 L S
2 96 0 0 L S
2 97 0 0 L S
2 98 0 0 L S
2 99 0 0 L S
2 100 0 0 L S
2 101 0 0 L S
2 102 0 0 L S
2 103 0 0 L S
2 104 0 0 L S
2 105 0 0 D S
2 106 0 0 R S
2 107 0 0 R S
2 108 0 0 R S
2 109 0 0 R S
2 110 0 0 R S
2 111 0 0 R S
2 112 0 0 R S
2 113 0 0 R S
2 114 0 0 R S
2 115 0 0 R S
2 116 0 0 R S
2 117 0 0 U S
2 118 0 0 R S
2 119 0 0 L S
3 0 0 0 L U
3 1 0 0 L U
3 2 0 0 L U
3 3 0 0 L U
3 4 0 0 L R
3 5 0 0 L R
3 6 0 0 L R
3 7 0 0 U R
3 8 0 0 U R
3 9 0 0 D R
3 10 0 0 L R
3 11 0 0 L S
3 12 0 0 R S
3 13 0 0 D S
3 14 0 0 L S
3 15 0 0 D S
3 16 0 0 L S
3 17 0 0 U S
3 18 0 0 R S
3 19 0 0 L S
3 20 0 0 L S
3 21 0 0 R S
3 22 0 0 U S
3 23 0 0 R S
3 24 0 0 L S
3 25 0 0 L S
3 26 0 0 L S
3 27 0 0 R S
3 28 0 0 R S
3 29 0 0 U S
3 30 0 0 R S
3 31 0 0 L S
3 32 0 0 L S
3 33 0 0 L S
3 34 0 0 L S
3 35 0 0 R S
3 36 0 0 R S
3 37 0 0 R S
3 38 0 0 R S
3 39 0 0 U S
3 40 0 0 L S
3 41 0 0 D S
3 42 0 0 L S
3 43 0 0 U S
3 44 0 0 L S
3 45 0 0 U S
3 46 0 0 R S
3 47 0 0 D S
3 48 0 0 R S
3 49 0 0 R S
3 50 0 0 D S
3 51 0 0 L S
3 52 0 0 R S
3 53 0 0 L S
3 54 0 0 L S
3 55 0 0 L S
3 56 0 0 L S
3 57 0 0 U S
3 58 0 0 R S
3 59 0 0 R S
3 60 0 0 R S
3 61 0 0 R S
3 62 0 0 U S
3 63 0 0 D S
3 64 0 0 L S
3 65 0 0 L S
3 66 0 0 L S
3 67 0 0 L S
3 68 0 0 L S
3 69 0 0 R S
3 70 0 0 R S
3 71 0 0 R S
3 72 0 0 R S
3 73 0 0 R S
3 74 0 0 R S
3 75 0 0 D S
3 76 0 0 L S
3 77 0 0 D S
3 78 0 0 U S
3 79 0 0 L S
3 80 0 0 L S
3 81 0 0 L S
3 82 0 0 L S
3 83 0 0 U S
3 84 0 0 R S
3 85 0 0 R S
3 86 0 0 R S
3 87 0 0 R S
3 88 0 0 D S
3 89 0 0 R S
3 90 0 0 U S
3 91 0 0 L S
3 92 0 0 L S
3 93 0 0 L S
3 94 0 0 L S
3 95 0 0 L S
3 96 0 0 L S
3 97 0 0 R S
3 98 0 0 R S
3 99 0 0 R S
3 100 0 0 R S
3 101 0 0 R S
3 102 0 0 R S
3 103 0 0 R S
3 104 0 0 D S
3 105 0 0 L S
3 106 0 0 L S
3 107 0 0 L S
3 108 0 0 L S
3 109 0 0 L S
3 110 0 0 L S
3 111 0 0 U S
3 112 0 0 R S
3 113 0 0 R S
3 114 0 0 R S
3 115 0 0 R S
3 116 0 0 D S
3 117 0 0 R S
3 118 0 0 L S
3 119 0 0 L S
4 0 0 0 L R
4 1 0 0 L R
4 2 0 0 L R
4 3 0 0 U R
4 4 0 0 R R
4 5 0 0 U D
4 6 0 0 R D
4 7 0 0 L D
4 8 0 0 L L
4 9 0 0 L L
4 10 0 0 U L
4 11 0 0 U L
4 12 0 0 R L
4 13 0 0 L L
4 14 0 0 U S
4 15 0 0 L U
4 16 0 0 R R
4 17 0 0 R R
4 18 0 0 L R
4 19 0 0 L R
4 20 0 0 L R
4 21 0 0 R R
4 22 0 0 R R
4 23 0 0 D S
4 24 0 0 R S
4 25 0 0 U S
4 26 0 0 D S
4 27 0 0 U S
4 28 0 0 R S
4 29 0 0 L S
4 30 0 0 U S
4 31 0 0 D U
4 32 0 0 D S
4 33 0 0 R S
4 34 0 0 U S
4 35 0 0 R S
4 36 0 0 U S
4 37 0 0 R S
4 38 0 0 L S
4 39 0 0 L S
4 40 0 0 D S
4 41 0 0 D S
4 42 0 0 L S
4 43 0 0 L S
4 44 0 0 L S
4 45 0 0 L S
4 46 1 0 L S
4 47 1 0 D S
4 48 1 0 R S
4 49 1 0 R S
4 50 1 0 R S
4 51 1 0 R S
4 52 1 0 R S
4 53 1 0 R S
4 54 1 0 R S
4 55 1 0 R S
4 56 1 0 D S
4 57 1 0 L S
4 58 1 0 L S
4 59 1 0 L S
4 60 1 0 L S
4 61 1 0 L S
4 62 1 0 L S
4 63 1 0 L S
4 64 1 0 L S
4 65 1 0 L S
4 66 1 0 L S
4 67 1 0 L S
4 68 1 0 L S
4 69 1 0 L S
4 70 1 0 L S
4 71 1 0 L S
4 72 1 0 U S
4 73 1 0 R S
4 74 1 0 R S
4 75 1 0 R S
4 76 1 0 R S
4 77 1 0 R S
4 78 1 0 R S
4 79 1 0 R S
4 80 1 0 R S
4 81 1 0 R S
4 82 1 0 R S
4 83 1 0 R S
4 84 1 0 R S
4 85 1 0 R S
4 86 1 0 R S
4 87 1 0 R S
4 88 1 0 D S
4 89 1 0 L S
4 90 1 0 L S
4 91 1 0 L S
4 92 1 0 L S
4 93 1 0 L S
4 94 1 0 L S
4 95 1 0 L S
4 96 1 0 L S
4 97 1 0 L S
4 98 1 0 L S
4 99 1 0 L S
4 100 1 0 L S
4 101 1 0 L S
4 102 1 0 L S
4 103 1 0 L S
4 104 1 0 U S
4 105 1 0 R S
4 106 1 0 R S
4 107 1 0 R S
4 108 1 0 R S
4 109 1 0 R S
4 110 1 0 R S
4 111 1 0 R S
4 112 1 0 R S
4 113 1 0 R S
4 114 1 0 R S
4 115 1 0 R S
4 116 1 0 R S
4 117 1 0 R S
4 118 1 0 R S
4 119 1 0 R S
0 0 0 0 R R
0 1 0 0 R R
0 2 0 0 R R
0 3 0 0 R R
0 4 0 0 R R
0 5 0 0 D R
0 6 0 0 D D
0 7 0 0 L R
0 8 0 0 D R
0 9 0 0 L R
0 10 0 0 D R
0 11 0 0 R R
0 12 0 0 R S
0 13 0 0 D S
0 14 0 0 L S
0 15 0 0 L S
0 16 0 0 L S
0 17 0 0 L S
0 18 0 0 R S
0 19 0 0 L S
0 20 0 0 D S
0 21 0 0 L S
0 22 0 0 L S
0 23 0 0 U S
0 24 0 0 U S
0 25 0 0 D S
0 26 0 0 D S
0 27 0 0 R S
0 28 0 0 U S
0 29 0 0 L S
0 30 0 0 R S
0 31 0 0 U S
0 32 0 0 U S
0 33 0 0 U S
0 34 0 0 U S
0 35 0 0 R S
0 36 0 0 R S
0 37 0 0 R S
0 38 0 0 U S
0 39 0 0 R S
0 40 0 0 L S
0 41 0 0 L S
0 42 0 0 L S
0 43 0 0 L S
0 44 1 0 L S
0 45 1 0 D S
0 46 1 0 R S
0 47 1 0 R S
0 48 1 0 R S
0 49 1 0 R S
0 50 1 0 R S
0 51 1 0 R S
0 52 1 0 D S
0 53 1 0 L S
0 54 1 0 D S
0 55 1 0 R S
0 56 1 0 R S
0 57 1 0 R S
0 58 1 0 D S
0 59 1 0 L S
0 60 1 0 L S
0 61 1 0 L S
0 62 1 0 U S
0 63 1 0 R S
0 64 1 0 R S
0 65 1 0 R S
0 66 1 0 D S
0 67 1 0 L S
0 68 1 0 L S
0 69 1 0 L S
0 70 1 0 U S
0 71 1 0 R S
0 72 1 0 R S
0 73 1 0 R S
0 74 1 0 D S
0 75 1 0 L S
0 76 1 0 L S
0 77 1 0 L S
0 78 1 0 U S
0 79 1 0 R S
0 80 1 0 R S
0 81 1 0 R S
0 82 1 0 D S
0 83 1 0 L S
0 84 1 0 L S
0 85 1 0 L S
0 86 1 0 U S
0 87 1 0 R S
0 88 1 0 R S
0 89 1 0 R S
0 90 1 0 D S
0 91 1 0 L S
0 92 1 0 L S
0 93 1 0 L S
0 94 1 0 U S
0 95 1 0 R S
0 96 1 0 R S
0 97 1 0 R S
0 98 1 0 D S
0 99 1 0 L S
0 100 1 0 L S
0 101 1 0 L S
0 102 1 0 U S
0 103 1 0 R S
0 104 1 0 R S
0 105 1 0 R S
0 106 1 0 D S
0 107 1 0 L S
0 108 1 0 L S
0 109 1 0 L S
0 110 1 0 U S
0 111 1 0 R S
0 112 1 0 R S
0 113 1 0 R S
0 114 1 0 D S
0 115 1 0 L S
0 116 1 0 L S
0 117 1 0 L S
0 118 1 0 U S
0 119 1 0 R S
0 120 1 0 R S
0 121 1 0 R S
0 122 1 0 D S
0 123 1 0 L S
0 124 1 0 L S
0 125 1 0 L S
0 126 1 0 U S
0 127 1 0 R S
0 128 1 0 R S
0 129 1 0 R S
0 130 1 0 D S
0 131 1 0 L S
0 132 1 0 L S
0 133 1 0 L S
0 134 1 0 U S
0 135 1 0 R S
0 136 1 0 R S
0 137 1 0 R S
0 138 1 0 D S
0 139 1 0 L S
0 140 1 0 L S
0 141 1 0 L S
0 142 1 0 U S
0 143 1 0 R S
0 144 1 0 R S
0 145 1 0 R S
0 146 1 0 D S
0 147 1 0 L S
0 148 1 0 L S
0 149 1 0 L S
0 150 1 0 U S
0 151 1 0 R S
0 152 1 0 R S
0 153 1 0 R S
0 154 1 0 D S
0 155 1 0 L S
0 156 1 0 L S
0 157 1 0 L S
0 158 1 0 U S
0 159 1 0 R S
0 160 1 0 R S
0 161 1 0 R S
0 162 1 0 D S
0 163 1 0 L S
0 164 1 0 L S
0 165 1 0 L S
0 166 1 0 U S
0 167 1 0 R S
0 168 1 0 R S
0 169 1 0 R S
0 170 1 0 D S
0 171 1 0 L S
0 172 1 0 L S
0 173 1 0 L S
0 174 1 0 U S
0 175 1 0 R S
0 176 1 0 R S
0 177 1 0 R S
0 178 1 0 D S
0 179 1 0 L S
0 180 1 0 L S
0 181 1 0 L S
0 182 1 0 U S
0 183 1 0 R S
0 184 1 0 R S
0 185 1 0 R S
0 186 1 0 D S
0 187 1 0 L S
0 188 1 0 L S
0 189 1 0 L S
0 190 1 0 U S
0 191 1 0 R S
0 192 1 0 R S
0 193 1 0 R S
0 194 1 0 D S
0 195 1 0 L S
0 196 1 0 L S
0 197 1 0 L S
0 198 1 0 U S
0 199 1 0 R S
0 200 1 0 R S
0 201 1 0 R S
0 202 1 0 D S
0 203 1 0 L S
0 204 1 0 L S
0 205 1 0 L S
0 206 1 0 U S
0 207 1 0 R S
0 208 1 0 R S
0 209 1 0 R S
0 210 1 0 D S
0 211 1 0 L S
0 212 1 0 L S
0 213 1 0 L S
0 214 1 0 U S
0 215 1 0 R S
0 216 1 0 R S
0 217 1 0 R S
0 218 1 0 D S
0 219 1 0 L S
0 220 1 0 L S
0 221 1 0 L S
0 222 1 0 U S
0 223 1 0 R S
0 224 1 0 R S
0 225 1 0 R S
0 226 1 0 D S
0 227 1 0 L S
0 228 1 0 L S
0 229 1 0 L S
0 230 1 0 U S
0 231 1 0 R S
0 232 1 0 R S
0 233 1 0 R S
0 234 1 0 D S
0 235 1 0 L S
0 236 1 0 L S
0 237 1 0 L S
0 238 1 0 U S
0 239 1 0 R S
0 240 1 0 R S
0 241 1 0 R S
0 242 1 0 D S
0 243 1 0 L S
0 244 1 0 L S
0 245 1 0 L S
0 246 1 0 U S
0 247 1 0 R S
0 248 1 0 R S
0 249 1 0 R S
1 0 0 0 D D
1 1 0 0 L D
1 2 0 0 L D
1 3 0 0 L D
1 4 0 0 L D
1 5 0 0 D D
1 6 0 0 R D
1 7 0 0 R D
1 8 0 0 R D
1 9 0 0 R D
1 10 0 0 R D
1 11 0 0 D D
1 12 0 0 R S
1 13 0 0 D S
1 14 0 0 L S
1 15 0 0 L S
1 16 0 0 L S
1 17 0 0 L S
1 18 0 0 L S
1 19 0 0 L S
1 20 0 0 L S
1 21 0 0 L S
1 22 0 0 D S
1 23 0 0 R S
1 24 0 0 R S
1 25 0 0 R S
1 26 0 0 R S
1 27 0 0 R S
1 28 0 0 R S
1 29 0 0 R S
1 30 0 0 R S
1 31 0 0 D S
1 32 0 0 L S
1 33 0 0 L S
1 34 0 0 L S
1 35 0 0 L S
1 36 0 0 L S
1 37 0 0 L S
1 38 0 0 L S
1 39 0 0 L S
1 40 0 0 L S
1 41 0 0 L S
1 42 0 0 L S
1 43 0 0 L S
1 44 0 0 D S
1 45 0 0 R S
1 46 0 0 R S
1 47 0 0 R S
1 48 0 0 R S
1 49 0 0 R S
1 50 0 0 R S
1 51 0 0 R S
1 52 0 0 R S
1 53 0 0 R S
1 54 0 0 R S
1 55 0 0 R S
1 56 0 0 R S
1 57 0 0 D S
1 58 0 0 L S
1 59 0 0 L S
1 60 0 0 L S
1 61 0 0 L S
1 62 0 0 L S
1 63 0 0 L S
1 64 0 0 L S
1 65 0 0 L S
1 66 0 0 L S
1 67 0 0 L S
1 68 0 0 D S
1 69 0 0 R S
1 70 0 0 R S
1 71 0 0 R S
1 72 0 0 R S
1 73 0 0 R S
1 74 0 0 R S
1 75 0 0 R S
1 76 0 0 R S
1 77 0 0 R S
1 78 0 0 R S
1 79 0 0 D S
1 80 0 0 L S
1 81 0 0 L S
1 82 0 0 L S
1 83 0 0 L S
1 84 0 0 L S
1 85 0 0 L S
1 86 0 0 L S
1 87 0 0 L S
1 88 0 0 L S
1 89 0 0 L S
1 90 0 0 L S
1 91 0 0 L S
1 92 0 0 L S
1 93 0 0 L S
1 94 0 0 L S
1 95 0 0 D S
1 96 0 0 R S
1 97 0 0 R S
1 98 0 0 R S
1 99 0 0 R S
1 100 0 0 R S
1 101 0 0 R S
1 102 0 0 R S
1 103 0 0 R S
1 104 0 0 R S
1 105 0 0 R S
1 106 0 0 R S
1 107 0 0 R S
1 108 0 0 R S
1 109 0 0 R S
1 110 0 0 D S
1 111 0 0 L S
1 112 0 0 L S
1 113 0 0 D S
1 114 0 0 R S
1 115 0 0 R S
1 116 0 0 R S
1 117 0 0 D S
1 118 0 0 L S
1 119 0 0 R S
1 120 0 0 U S
1 121 0 0 L S
1 122 0 0 D S
1 123 0 0 R S
1 124 0 0 U S
1 125 0 0 L S
1 126 0 0 D S
1 127 0 0 R S
1 128 0 0 U S
1 129 0 0 L S
1 130 0 0 D S
1 131 0 0 R S
1 132 0 0 U S
1 133 0 0 L S
1 134 0 0 D S
1 135 0 0 R S
1 136 0 0 U S
1 137 0 0 L S
1 138 0 0 D S
1 139 0 0 R S
1 140 0 0 U S
1 141 0 0 L S
1 142 0 0 D S
1 143 0 0 R S
1 144 0 0 U S
1 145 0 0 L S
1 146 0 0 D S
1 147 0 0 R S
1 148 0 0 U S
1 149 0 0 L S
1 150 0 0 D S
1 151 0 0 R S
1 152 0 0 U S
1 153 0 0 L S
1 154 0 0 D S
1 155 0 0 R S
1 156 0 0 U S
1 157 0 0 L S
1 158 0 0 D S
1 159 0 0 R S
1 160 0 0 U S
1 161 0 0 L S
1 162 0 0 D S
1 163 0 0 R S
1 164 0 0 U S
1 165 0 0 L S
1 166 0 0 D S
1 167 0 0 R S
1 168 0 0 U S
1 169 0 0 L S
1 170 0 0 D S
1 171 0 0 R S
1 172 0 0 U S
1 173 0 0 L S
1 174 0 0 D S
1 175 0 0 R S
1 176 0 0 U S
1 177 0 0 L S
1 178 0 0 D S
1 179 0 0 R S
1 180 0 0 U S
1 181 0 0 L S
1 182 0 0 D S
1 183 0 0 R S
1 184 0 0 U S
1 185 0 0 L S
1 186 0 0 D S
1 187 0 0 R S
1 188 0 0 U S
1 189 0 0 L S
1 190 0 0 D S
1 191 0 0 R S
1 192 0 0 U S
1 193 0 0 L S
1 194 0 0 D S
1 195 0 0 R S
1 196 0 0 U S
1 197 0 0 L S
1 198 0 0 D S
1 199 0 0 R S
1 200 0 0 U S
1 201 0 0 L S
1 202 0 0 D S
1 203 0 0 R S
1 204 0 0 U S
1 205 0 0 L S
1 206 0 0 D S
1 207 0 0 R S
1 208 0 0 U S
1 209 0 0 L S
1 210 0 0 D S
1 211 0 0 R S
1 212 0 0 U S
1 213 0 0 L S
1 214 0 0 D S
1 215 0 0 R S
1 216 0 0 U S
1 217 0 0 L S
1 218 0 0 D S
1 219 0 0 R S
1 220 0 0 U S
1 221 0 0 L S
1 222 0 0 D S
1 223 0 0 R S
1 224 0 0 U S
1 225 0 0 L S
1 226 0 0 D S
1 227 0 0 R S
1 228 0 0 U S
1 229 0 0 L S
1 230 0 0 D S
1 231 0 0 R S
1 232 0 0 U S
1 233 0 0 L S
1 234 0 0 D S
1 235 0 0 R S
1 236 0 0 U S
1 237 0 0 L S
1 238 0 0 D S
1 239 0 0 R S
1 240 0 0 U S
1 241 0 0 L S
1 242 0 0 D S
1 243 0 0 R S
1 244 0 0 U S
1 245 0 0 L S
1 246 0 0 D S
1 247 0 0 R S
1 248 0 0 U S
1 249 0 0 L S
2 0 0 0 L D
2 1 0 0 L D
2 2 0 0 D D
2 3 0 0 R D
2 4 0 0 L D
2 5 0 0 L D
2 6 0 0 L L
2 7 0 0 L L
2 8 1 0 L L
2 9 1 0 D L
2 10 1 0 R L
2 11 1 0 R L
2 12 1 0 R L
2 13 1 0 R L
2 14 1 0 R L
2 15 1 0 R L
2 16 1 0 R L
2 17 1 0 R L
2 18 1 0 U S
2 19 1 0 U S
2 20 1 0 L S
2 21 1 0 L S
2 22 1 0 L S
2 23 1 0 L S
2 24 1 0 L S
2 25 1 0 L S
2 26 1 0 L S
2 27 1 0 L S
2 28 1 0 U S
2 29 1 0 R S
2 30 1 0 L S
2 31 1 0 L S
2 32 1 0 L S
2 33 1 0 L S
2 34 1 0 R S
2 35 1 0 R S
2 36 1 0 R S
2 37 1 0 R S
2 38 1 0 L S
2 39 1 0 L S
2 40 1 0 L S
2 41 1 0 L S
2 42 1 0 R S
2 43 1 0 R S
2 44 1 0 R S
2 45 1 0 R S
2 46 1 0 L S
2 47 1 0 L S
2 48 1 0 L S
2 49 1 0 L S
2 50 1 0 R S
2 51 1 0 R S
2 52 1 0 R S
2 53 1 0 R S
2 54 1 0 L S
2 55 1 0 L S
2 56 1 0 L S
2 57 1 0 L S
2 58 1 0 R S
2 59 1 0 R S
2 60 1 0 R S
2 61 1 0 R S
2 62 1 0 L S
2 63 1 0 L S
2 64 1 0 L S
2 65 1 0 L S
2 66 1 0 R S
2 67 1 0 R S
2 68 1 0 R S
2 69 1 0 R S
2 70 1 0 L S
2 71 1 0 L S
2 72 1 0 L S
2 73 1 0 L S
2 74 1 0 R S
2 75 1 0 R S
2 76 1 0 R S
2 77 1 0 R S
2 78 1 0 L S
2 79 1 0 L S
2 80 1 0 L S
2 81 1 0 L S
2 82 1 0 R S
2 83 1 0 R S
2 84 1 0 R S
2 85 1 0 R S
2 86 1 0 L S
2 87 1 0 L S
2 88 1 0 L S
2 89 1 0 L S
2 90 1 0 R S
2 91 1 0 R S
2 92 1 0 R S
2 93 1 0 R S
2 94 1 0 L S
2 95 1 0 L S
2 96 1 0 L S
2 97 1 0 L S
2 98 1 0 R S
2 99 1 0 R S
2 100 1 0 R S
2 101 1 0 R S
2 102 1 0 L S
2 103 1 0 L S
2 104 1 0 L S
2 105 1 0 L S
2 106 1 0 R S
2 107 1 0 R S
2 108 1 0 R S
2 109 1 0 R S
2 110 1 0 L S
2 111 1 0 L S
2 112 1 0 L S
2 113 1 0 L S
2 114 1 0 R S
2 115 1 0 R S
2 116 1 0 R S
2 117 1 0 R S
2 118 1 0 L S
2 119 1 0 L S
2 120 1 0 L S
2 121 1 0 L S
2 122 1 0 R S
2 123 1 0 R S
2 124 1 0 R S
2 125 1 0 R S
2 126 1 0 L S
2 127 1 0 L S
2 128 1 0 L S
2 129 1 0 L S
2 130 1 0 R S
2 131 1 0 R S
2 132 1 0 R S
2 133 1 0 R S
2 134 1 0 L S
2 135 1 0 L S
2 136 1 0 L S
2 137 1 0 L S
2 138 1 0 R S
2 139 1 0 R S
2 140 1 0 R S
2 141 1 0 R S
2 142 1 0 L S
2 143 1 0 L S
2 144 1 0 L S
2 145 1 0 L S
2 146 1 0 R S
2 147 1 0 R S
2 148 1 0 R S
2 149 1 0 R S
2 150 1 0 L S
2 151 1 0 L S
2 152 1 0 L S
2 153 1 0 L S
2 154 1 0 R S
2 155 1 0 R S
2 156 1 0 R S
2 157 1 0 R S
2 158 1 0 L S
2 159 1 0 L S
2 160 1 0 L S
2 161 1 0 L S
2 162 1 0 R S
2 163 1 0 R S
2 164 1 0 R S
2 165 1 0 R S
2 166 1 0 L S
2 167 1 0 L S
2 168 1 0 L S
2 169 1 0 L S
2 170 1 0 R S
2 171 1 0 R S
2 172 1 0 R S
2 173 1 0 R S
2 174 1 0 L S
2 175 1 0 L S
2 176 1 0 L S
2 177 1 0 L S
2 178 1 0 R S
2 179 1 0 R S
2 180 1 0 R S
2 181 1 0 R S
2 182 1 0 L S
2 183 1 0 L S
2 184 1 0 L S
2 185 1 0 L S
2 186 1 0 R S
2 187 1 0 R S
2 188 1 0 R S
2 189 1 0 R S
2 190 1 0 L S
2 191 1 0 L S
2 192 1 0 L S
2 193 1 0 L S
2 194 1 0 R S
2 195 1 0 R S
2 196 1 0 R S
2 197 1 0 R S
2 198 1 0 L S
2 199 1 0 L S
2 200 1 0 L S
2 201 1 0 L S
2 202 1 0 R S
2 203 1 0 R S
2 204 1 0 R S
2 205 1 0 R S
2 206 1 0 L S
2 207 1 0 L S
2 208 1 0 L S
2 209 1 0 L S
2 210 1 0 R S
2 211 1 0 R S
2 212 1 0 R S
2 213 1 0 R S
2 214 1 0 L S
2 215 1 0 L S
2 216 1 0 L S
2 217 1 0 L S
2 218 1 0 R S
2 219 1 0 R S
2 220 1 0 R S
2 221 1 0 R S
2 222 1 0 L S
2 223 1 0 L S
2 224 1 0 L S
2 225 1 0 L S
2 226 1 0 R S
2 227 1 0 R S
2 228 1 0 R S
2 229 1 0 R S
2 230 1 0 L S
2 231 1 0 L S
2 232 1 0 L S
2 233 1 0 L S
2 234 1 0 R S
2 235 1 0 R S
2 236 1 0 R S
2 237 1 0 R S
2 238 1 0 L S
2 239 1 0 L S
2 240 1 0 L S
2 241 1 0 L S
2 242 1 0 R S
2 243 1 0 R S
2 244 1 0 R S
2 245 1 0 R S
2 246 1 0 L S
2 247 1 0 L S
2 248 1 0 L S
2 249 1 0 L S
3 0 0 0 D D
3 1 0 0 R R
3 2 0 0 R R
3 3 0 0 R R
3 4 0 0 R R
3 5 0 0 R R
3 6 0 0 R R
3 7 0 0 R R
3 8 0 0 D R
3 9 0 0 R R
3 10 0 0 R S
3 11 0 0 R S
3 12 0 0 R S
3 13 0 0 R S
3 14 0 0 R S
3 15 0 0 R S
3 16 0 0 R S
3 17 0 0 D S
3 18 0 0 D S
3 19 0 0 L S
3 20 0 0 D S
3 21 0 0 L S
3 22 0 0 L S
3 23 0 0 D S
3 24 0 0 R S
3 25 0 0 R S
3 26 0 0 D S
3 27 0 0 L S
3 28 0 0 D S
3 29 0 0 L S
3 30 0 0 D S
3 31 0 0 U S
3 32 0 0 U S
3 33 0 0 D U
3 34 0 0 R R
3 35 0 0 D S
3 36 0 0 R S
3 37 0 0 L S
3 38 0 0 L S
3 39 0 0 U S
3 40 0 0 U S
3 41 0 0 R S
3 42 0 0 L S
3 43 0 0 U S
3 44 0 0 R U
3 45 0 0 D S
3 46 0 0 L S
3 47 0 0 L S
3 48 0 0 L S
3 49 0 0 L S
3 50 0 0 L S
3 51 0 0 L S
3 52 0 0 D S
3 53 0 0 R S
3 54 0 0 L S
3 55 0 0 U S
3 56 0 0 D S
3 57 0 0 U S
3 58 0 0 L S
3 59 0 0 L S
3 60 0 0 U S
3 61 0 0 R S
3 62 0 0 L S
3 63 0 0 D S
3 64 0 0 R S
3 65 0 0 R S
3 66 0 0 U S
3 67 0 0 L S
3 68 0 0 L S
3 69 0 0 D S
3 70 0 0 U S
3 71 0 0 R S
3 72 0 0 L S
3 73 0 0 L S
3 74 0 0 L S
3 75 0 0 L S
3 76 0 0 L S
3 77 0 0 L S
3 78 0 0 R S
3 79 0 0 R S
3 80 0 0 R S
3 81 0 0 U S
3 82 0 0 R S
3 83 0 0 U S
3 84 0 0 D S
3 85 0 0 R S
3 86 0 0 D S
3 87 0 0 R S
3 88 0 0 U S
3 89 0 0 L S
3 90 0 0 L S
3 91 0 0 L S
3 92 0 0 R S
3 93 0 0 R S
3 94 0 0 U S
3 95 0 0 L S
3 96 0 0 L S
3 97 0 0 D S
3 98 0 0 D S
3 99 0 0 R S
3 100 0 0 R S
3 101 0 0 R S
3 102 0 0 U S
3 103 0 0 R S
3 104 0 0 L S
3 105 0 0 L S
3 106 0 0 L S
3 107 0 0 L S
3 108 0 0 R S
3 109 0 0 R S
3 110 0 0 D S
3 111 0 0 R S
3 112 0 0 L S
3 113 0 0 D S
3 114 0 0 U S
3 115 0 0 R S
3 116 0 0 L S
3 117 0 0 D S
3 118 0 0 U S
3 119 0 0 R S
3 120 0 0 L S
3 121 0 0 L S
3 122 0 0 L S
3 123 0 0 L S
3 124 0 0 L S
3 125 0 0 L S
3 126 0 0 R S
3 127 0 0 R S
3 128 0 0 R S
3 129 0 0 U S
3 130 0 0 R S
3 131 0 0 R S
3 132 0 0 D S
3 133 0 0 R S
3 134 0 0 L S
3 135 0 0 L S
3 136 0 0 L S
3 137 0 0 U S
3 138 0 0 R S
3 139 0 0 R S
3 140 0 0 D S
3 141 0 0 R S
3 142 0 0 L S
3 143 0 0 L S
3 144 0 0 L S
3 145 0 0 L S
3 146 0 0 L S
3 147 0 0 L S
3 148 0 0 R S
3 149 0 0 R S
3 150 0 0 R S
3 151 0 0 U S
3 152 0 0 R S
3 153 0 0 R S
3 154 0 0 R S
3 155 0 0 L S
3 156 0 0 L S
3 157 0 0 L S
3 158 0 0 R S
3 159 0 0 R S
3 160 0 0 D S
3 161 0 0 R S
3 162 0 0 L S
3 163 0 0 L S
3 164 0 0 L S
3 165 0 0 L S
3 166 0 0 L S
3 167 0 0 L S
3 168 0 0 R S
3 169 0 0 R S
3 170 0 0 R S
3 171 0 0 U S
3 172 0 0 R S
3 173 0 0 R S
3 174 0 0 D S
3 175 0 0 R S
3 176 0 0 U S
3 177 0 0 R S
3 178 0 0 L S
3 179 0 0 L S
3 180 0 0 L S
3 181 0 0 L S
3 182 0 0 R S
3 183 0 0 R S
3 184 0 0 R S
3 185 0 0 L S
3 186 0 0 L S
3 187 0 0 L S
3 188 0 0 D S
3 189 0 0 R S
3 190 0 0 R S
3 191 0 0 R S
3 192 0 0 L S
3 193 0 0 D S
3 194 0 0 U S
3 195 0 0 R S
3 196 0 0 U S
3 197 0 0 R S
3 198 0 0 D S
3 199 0 0 L S
3 200 0 0 L S
3 201 0 0 D S
3 202 0 0 U S
3 203 0 0 R S
3 204 0 0 U S
3 205 0 0 R S
3 206 0 0 L S
3 207 0 0 L S
3 208 0 0 L S
3 209 0 0 L S
3 210 0 0 D S
3 211 0 0 L S
3 212 0 0 L S
3 213 0 0 L S
3 214 0 0 R S
3 215 0 0 R S
3 216 0 0 R S
3 217 0 0 R S
3 218 0 0 R S
3 219 0 0 R S
3 220 0 0 U S
3 221 0 0 L S
3 222 0 0 L S
3 223 0 0 L S
3 224 0 0 D S
3 225 0 0 L S
3 226 0 0 L S
3 227 0 0 L S
3 228 0 0 R S
3 229 0 0 R S
3 230 0 0 R S
3 231 0 0 R S
3 232 0 0 R S
3 233 0 0 R S
3 234 0 0 L S
3 235 0 0 D S
3 236 0 0 U S
3 237 0 0 R S
3 238 0 0 L S
3 239 0 0 L S
3 240 1 0 D S
3 241 1 0 R S
3 242 1 0 R S
3 243 1 0 R S
3 244 1 0 R S
3 245 1 0 R S
3 246 1 0 D S
3 247 1 0 R S
3 248 1 0 D S
3 249 1 0 D S
4 0 0 0 R U
4 1 0 0 R U
4 2 0 0 D U
4 3 0 0 L U
4 4 0 0 L U
4 5 0 0 L U
4 6 0 0 L U
4 7 0 0 L U
4 8 0 0 L R
4 9 0 0 L R
4 10 0 0 L R
4 11 0 0 L R
4 12 0 0 U R
4 13 0 0 R R
4 14 0 0 R R
4 15 0 0 R S
4 16 0 0 R S
4 17 0 0 R S
4 18 0 0 R S
4 19 0 0 R S
4 20 0 0 R S
4 21 0 0 R S
4 22 0 0 D S
4 23 0 0 L S
4 24 0 0 L S
4 25 0 0 L S
4 26 0 0 L S
4 27 0 0 L S
4 28 0 0 L S
4 29 0 0 L S
4 30 0 0 L S
4 31 0 0 L S
4 32 0 0 U S
4 33 0 0 R S
4 34 0 0 R S
4 35 0 0 R S
4 36 0 0 R S
4 37 0 0 R S
4 38 0 0 R S
4 39 0 0 R S
4 40 0 0 R S
4 41 0 0 R S
4 42 0 0 D S
4 43 0 0 L S
4 44 0 0 L S
4 45 0 0 L S
4 46 0 0 L S
4 47 0 0 L S
4 48 0 0 L S
4 49 0 0 L S
4 50 0 0 L S
4 51 0 0 L S
4 52 0 0 U S
4 53 0 0 R S
4 54 0 0 R S
4 55 0 0 R S
4 56 0 0 R S
4 57 0 0 R S
4 58 0 0 R S
4 59 0 0 R S
4 60 0 0 R S
4 61 0 0 R S
4 62 0 0 D S
4 63 0 0 L S
4 64 0 0 L S
4 65 0 0 L S
4 66 0 0 L S
4 67 0 0 L S
4 68 0 0 L S
4 69 0 0 L S
4 70 0 0 L S
4 71 0 0 L S
4 72 0 0 U S
4 73 0 0 R S
4 74 0 0 R S
4 75 0 0 R S
4 76 0 0 R S
4 77 0 0 R S
4 78 0 0 R S
4 79 0 0 R S
4 80 0 0 R S
4 81 0 0 R S
4 82 0 0 D S
4 83 0 0 L S
4 84 0 0 L S
4 85 0 0 L S
4 86 0 0 L S
4 87 0 0 L S
4 88 0 0 L S
4 89 0 0 L S
4 90 0 0 L S
4 91 0 0 L S
4 92 0 0 U S
4 93 0 0 R S
4 94 0 0 R S
4 95 0 0 R S
4 96 0 0 R S
4 97 0 0 R S
4 98 0 0 R S
4 99 0 0 R S
4 100 0 0 R S
4 101 0 0 R S
4 102 0 0 D S
4 103 0 0 L S
4 104 0 0 L S
4 105 0 0 L S
4 106 0 0 L S
4 107 0 0 L S
4 108 0 0 L S
4 109 0 0 L S
4 110 0 0 L S
4 111 0 0 L S
4 112 0 0 U S
4 113 0 0 R S
4 114 0 0 R S
4 115 0 0 R S
4 116 0 0 R S
4 117 0 0 R S
4 118 0 0 R S
4 119 0 0 R S
4 120 0 0 R S
4 121 0 0 R S
4 122 0 0 D S
4 123 0 0 L S
4 124 0 0 L S
4 125 0 0 L S
4 126 0 0 L S
4 127 0 0 L S
4 128 0 0 L S
4 129 0 0 L S
4 130 0 0 L S
4 131 0 0 L S
4 132 0 0 U S
4 133 0 0 R S
4 134 0 0 R S
4 135 0 0 R S
4 136 0 0 R S
4 137 0 0 R S
4 138 0 0 R S
4 139 0 0 R S
4 140 0 0 R S
4 141 0 0 R S
4 142 0 0 D S
4 143 0 0 L S
4 144 0 0 L S
4 145 0 0 L S
4 146 0 0 L S
4 147 0 0 L S
4 148 0 0 L S
4 149 0 0 L S
4 150 0 0 L S
4 151 0 0 L S
4 152 0 0 U S
4 153 0 0 R S
4 154 0 0 R S
4 155 0 0 R S
4 156 0 0 R S
4 157 0 0 R S
4 158 0 0 R S
4 159 0 0 R S
4 160 0 0 R S
4 161 0 0 R S
4 162 0 0 D S
4 163 0 0 L S
4 164 0 0 L S
4 165 0 0 L S
4 166 0 0 L S
4 167 0 0 L S
4 168 0 0 L S
4 169 0 0 L S
4 170 0 0 L S
4 171 0 0 L S
4 172 0 0 U S
4 173 0 0 R S
4 174 0 0 R S
4 175 0 0 R S
4 176 0 0 R S
4 177 0 0 R S
4 178 0 0 R S
4 179 0 0 R S
4 180 0 0 R S
4 181 0 0 R S
4 182 0 0 D S
4 183 0 0 L S
4 184 0 0 L S
4 185 0 0 L S
4 186 0 0 L S
4 187 0 0 L S
4 188 0 0 L S
4 189 0 0 L S
4 190 0 0 L S
4 191 0 0 L S
4 192 0 0 U S
4 193 0 0 R S
4 194 0 0 R S
4 195 0 0 R S
4 196 0 0 R S
4 197 0 0 R S
4 198 0 0 R S
4 199 0 0 R S
4 200 0 0 R S
4 201 0 0 R S
4 202 0 0 D S
4 203 0 0 L S
4 204 0 0 L S
4 205 0 0 L S
4 206 0 0 L S
4 207 0 0 L S
4 208 0 0 L S
4 209 0 0 L S
4 210 0 0 L S
4 211 0 0 L S
4 212 0 0 U S
4 213 0 0 R S
4 214 0 0 R S
4 215 0 0 R S
4 216 0 0 R S
4 217 0 0 R S
4 218 0 0 R S
4 219 0 0 R S
4 220 0 0 R S
4 221 0 0 R S
4 222 0 0 D S
4 223 0 0 L S
4 224 0 0 L S
4 225 0 0 L S
4 226 0 0 L S
4 227 0 0 L S
4 228 0 0 L S
4 229 0 0 L S
4 230 0 0 L S
4 231 0 0 L S
4 232 0 0 U S
4 233 0 0 R S
4 234 0 0 R S
4 235 0 0 R S
4 236 0 0 R S
4 237 0 0 R S
4 238 0 0 R S
4 239 0 0 R S
4 240 0 0 R S
4 241 0 0 R S
4 242 0 0 D S
4 243 0 0 L S
4 244 0 0 L S
4 245 0 0 L S
4 246 0 0 L S
4 247 0 0 L S
4 248 0 0 L S
4 249 0 0 L S
0 0 0 0 L D
0 1 0 0 D D
0 2 0 0 D D
0 3 0 0 D D
0 4 0 0 U D
0 5 0 0 D D
0 6 0 0 L S
0 7 0 0 L S
0 8 0 0 L S
0 9 0 0 L S
0 10 0 0 L S
0 11 0 0 D S
0 12 0 0 R S
0 13 0 0 L S
0 14 0 0 R S
0 15 0 0 R S
0 16 0 0 D S
0 17 0 0 R S
0 18 0 0 R S
0 19 0 0 R S
0 20 0 0 D S
0 21 0 0 R S
0 22 0 0 L S
0 23 0 0 L S
0 24 0 0 U S
0 25 0 0 R S
0 26 0 0 L S
0 27 0 0 L S
0 28 0 0 U S
0 29 0 0 R S
0 30 0 0 D S
0 31 0 0 R S
0 32 0 0 L S
0 33 0 0 L S
0 34 0 0 L S
0 35 0 0 L S
0 36 0 0 R S
0 37 0 0 R S
0 38 0 0 D S
0 39 0 0 R S
0 40 0 0 U S
0 41 0 0 R S
0 42 0 0 L S
0 43 0 0 L S
0 44 0 0 U S
0 45 0 0 R S
0 46 0 0 D S
0 47 0 0 R S
0 48 0 0 L S
0 49 0 0 L S
0 50 0 0 L S
0 51 0 0 L S
0 52 0 0 R S
0 53 0 0 R S
0 54 0 0 R S
0 55 0 0 R S
0 56 0 0 L S
0 57 0 0 L S
0 58 0 0 L S
0 59 0 0 L S
0 60 0 0 R S
0 61 0 0 R S
0 62 0 0 D S
0 63 0 0 R S
0 64 0 0 U S
0 65 0 0 R S
0 66 0 0 L S
0 67 0 0 L S
0 68 0 0 L S
0 69 0 0 L S
0 70 0 0 R S
0 71 0 0 R S
0 72 0 0 R S
0 73 0 0 R S
0 74 0 0 L S
0 75 0 0 L S
0 76 0 0 L S
0 77 0 0 L S
0 78 0 0 D S
0 79 0 0 D D
0 80 0 0 D D
0 81 0 0 L S
0 82 0 0 L L
0 83 0 0 L L
0 84 0 0 L D
0 85 0 0 L L
0 86 0 0 L L
0 87 0 0 L L
0 88 0 0 L L
0 89 0 0 L L
0 90 0 0 D L
0 91 0 0 U S
0 92 0 0 D S
0 93 0 0 U S
0 94 0 0 D S
0 95 0 0 U S
0 96 0 0 D S
0 97 0 0 U S
0 98 0 0 D S
0 99 0 0 U S
0 100 0 0 D S
0 101 0 0 U S
0 102 0 0 D S
0 103 0 0 U S
0 104 0 0 D S
0 105 0 0 U S
0 106 0 0 D S
0 107 0 0 U S
0 108 0 0 D S
0 109 0 0 U S
0 110 0 0 D S
0 111 0 0 U S
0 112 0 0 D S
0 113 0 0 U S
0 114 0 0 D S
0 115 0 0 U S
0 116 0 0 D S
0 117 0 0 U S
0 118 0 0 D S
0 119 0 0 U S
1 0 0 0 L U
1 1 0 0 L U
1 2 0 0 L U
1 3 0 0 L U
1 4 0 0 L U
1 5 0 0 U U
1 6 0 0 L U
1 7 0 0 U U
1 8 0 0 R U
1 9 0 0 R U
1 10 0 0 R U
1 11 0 0 R U
1 12 0 0 U R
1 13 0 0 R R
1 14 0 0 L R
1 15 0 0 L R
1 16 0 0 L R
1 17 0 0 L R
1 18 1 0 L U
1 19 1 0 D R
1 20 1 0 R S
1 21 1 0 D S
1 22 1 0 D S
1 23 1 0 L S
1 24 1 0 L S
1 25 1 0 U S
1 26 1 0 D S
1 27 1 0 L S
1 28 1 0 D S
1 29 1 0 R S
1 30 1 0 L S
1 31 1 0 D S
1 32 1 0 U S
1 33 1 0 R S
1 34 1 0 D S
1 35 1 0 U S
1 36 1 0 L S
1 37 1 0 D S
1 38 1 0 U S
1 39 1 0 R S
1 40 1 0 R S
1 41 1 0 L S
1 42 1 0 U S
1 43 1 0 D S
1 44 1 0 U S
1 45 1 0 D S
1 46 1 0 L S
1 47 1 0 D S
1 48 1 0 L S
1 49 1 0 R S
1 50 1 0 L S
1 51 1 0 D S
1 52 1 0 L S
1 53 1 0 U S
1 54 1 0 U S
1 55 1 0 R S
1 56 1 0 U S
1 57 1 0 U S
1 58 1 0 R S
1 59 1 0 L S
1 60 1 0 L S
1 61 1 0 U S
1 62 1 0 D S
1 63 1 0 R S
1 64 1 0 R S
1 65 1 0 L S
1 66 1 0 L S
1 67 1 0 U S
1 68 1 0 R S
1 69 1 0 D S
1 70 1 0 R S
1 71 1 0 U S
1 72 1 0 L S
1 73 1 0 U S
1 74 2 0 R S
1 75 2 0 D S
1 76 2 0 R S
1 77 2 0 R S
1 78 2 0 R S
1 79 2 0 R S
1 80 2 0 R S
1 81 2 0 R S
1 82 2 0 R S
1 83 2 0 R S
1 84 2 0 R S
1 85 2 0 R S
1 86 2 0 R S
1 87 2 0 R S
1 88 2 0 D S
1 89 2 0 L S
1 90 2 0 L S
1 91 2 0 L S
1 92 2 0 L S
1 93 2 0 L S
1 94 2 0 L S
1 95 2 0 L S
1 96 2 0 L S
1 97 2 0 L S
1 98 2 0 L S
1 99 2 0 L S
1 100 2 0 U S
1 101 2 0 R S
1 102 2 0 R S
1 103 2 0 R S
1 104 2 0 R S
1 105 2 0 R S
1 106 2 0 R S
1 107 2 0 R S
1 108 2 0 R S
1 109 2 0 R S
1 110 2 0 R S
1 111 2 0 R S
1 112 2 0 D S
1 113 2 0 L S
1 114 2 0 L S
1 115 2 0 L S
1 116 2 0 L S
1 117 2 0 L S
1 118 2 0 L S
1 119 2 0 L S
2 0 0 0 R L
2 1 0 0 R L
2 2 0 0 R L
2 3 0 0 R U
2 4 0 0 U L
2 5 0 0 R L
2 6 0 0 U L
2 7 0 0 R L
2 8 0 0 R L
2 9 0 0 L S
2 10 0 0 L S
2 11 0 0 U S
2 12 0 0 L S
2 13 0 0 L S
2 14 0 0 D S
2 15 0 0 R S
2 16 0 0 U S
2 17 0 0 L S
2 18 0 0 U S
2 19 0 0 R S
2 20 0 0 R S
2 21 0 0 L S
2 22 0 0 L S
2 23 0 0 D S
2 24 0 0 R S
2 25 0 0 L S
2 26 0 0 D S
2 27 0 0 L S
2 28 0 0 U S
2 29 0 0 R U
2 30 0 0 R R
2 31 0 0 R R
2 32 0 0 R R
2 33 0 0 L R
2 34 0 0 U R
2 35 0 0 L R
2 36 0 0 L R
2 37 0 0 D S
2 38 0 0 U R
2 39 0 0 U R
2 40 0 0 U R
2 41 0 0 R R
2 42 0 0 U S
2 43 0 0 R S
2 44 0 0 L S
2 45 0 0 U S
2 46 0 0 R S
2 47 0 0 D S
2 48 0 0 L S
2 49 0 0 D S
2 50 0 0 U S
2 51 0 0 D S
2 52 0 0 U S
2 53 0 0 R S
2 54 0 0 R S
2 55 0 0 D S
2 56 0 0 R S
2 57 0 0 D S
2 58 0 0 L S
2 59 0 0 U S
2 60 0 0 R S
2 61 0 0 D S
2 62 0 0 L S
2 63 0 0 L S
2 64 0 0 L S
2 65 0 0 D S
2 66 0 0 L S
2 67 0 0 L S
2 68 0 0 L S
2 69 0 0 D S
2 70 0 0 R S
2 71 0 0 R S
2 72 0 0 R S
2 73 0 0 R S
2 74 0 0 R S
2 75 0 0 D S
2 76 0 0 L S
2 77 0 0 L S
2 78 0 0 L S
2 79 0 0 L S
2 80 0 0 L S
2 81 0 0 D S
2 82 0 0 R S
2 83 0 0 R S
2 84 0 0 R S
2 85 0 0 R S
2 86 0 0 D S
2 87 0 0 L S
2 88 0 0 L S
2 89 0 0 L S
2 90 0 0 L S
2 91 0 0 L S
2 92 0 0 L S
2 93 0 0 L S
2 94 0 0 L S
2 95 0 0 U S
2 96 0 0 R S
2 97 0 0 R S
2 98 0 0 R S
2 99 0 0 R S
2 100 0 0 R S
2 101 0 0 R S
2 102 0 0 R S
3 0 0 0 L U
4 0 0 0 L U
4 1 0 0 L U
4 2 0 0 L U
4 3 0 0 L U
4 4 0 0 D U
4 5 0 0 R U
4 6 0 0 R U
4 7 0 0 R U
4 8 0 0 R U
4 9 0 0 R U
4 10 0 0 R U
4 11 0 0 R L
4 12 0 0 R L
4 13 0 0 R L
4 14 0 0 R L
4 15 0 0 R L
4 16 0 0 R L
4 17 0 0 R S
4 18 0 0 R S
4 19 0 0 R S
4 20 0 0 D S
4 21 0 0 L S
4 22 0 0 L S
4 23 0 0 D S
4 24 0 0 U S
4 25 0 0 L S
4 26 0 0 U S
4 27 0 0 U S
4 28 0 0 L S
4 29 0 0 D S
4 30 0 1 D S
4 31 0 1 R S
4 32 0 1 L S
4 33 0 1 L S
4 34 0 1 L S
4 35 0 1 L S
4 36 0 1 L S
4 37 0 1 L S
4 38 0 1 L S
4 39 0 1 L S
4 40 0 1 L S
4 41 0 1 L S
4 42 0 1 L S
4 43 0 1 L S
4 44 0 1 L S
4 45 0 1 L S
4 46 0 1 D S
4 47 0 1 R S
4 48 0 1 R S
4 49 0 1 R S
4 50 0 1 R S
4 51 0 1 R S
4 52 0 1 R S
4 53 0 1 R S
4 54 0 1 R S
4 55 0 1 R S
4 56 0 1 U S
4 57 0 1 U S
4 58 0 1 R S
4 59 0 1 U S
4 60 0 1 L S
4 61 0 1 L S
4 62 0 1 L S
4 63 0 1 L S
4 64 0 1 L S
4 65 0 1 L S
4 66 0 1 L S
4 67 0 1 L S
4 68 0 1 L S
4 69 0 1 L S
4 70 0 1 L S
4 71 0 1 L S
4 72 0 1 D S
4 73 0 1 R S
4 74 0 1 R S
4 75 0 1 R S
4 76 0 1 R S
4 77 0 1 R S
4 78 0 1 R S
4 79 0 1 R S
4 80 0 1 R S
4 81 0 1 R S
4 82 0 1 R S
4 83 0 1 R S
4 84 0 1 U S
4 85 0 1 L S
4 86 0 1 L S
4 87 0 1 L S
4 88 0 1 L S
4 89 0 1 L S
4 90 0 1 L S
4 91 0 1 L S
4 92 0 1 L S
4 93 0 1 L S
4 94 0 1 L S
4 95 0 1 L S
4 96 0 1 L S
4 97 0 1 L S
4 98 0 1 D S
4 99 0 1 R S
4 100 0 1 R S
4 101 0 1 R S
4 102 0 1 R S
4 103 0 1 R S
4 104 0 1 R S
4 105 0 1 R S
4 106 0 1 R S
4 107 0 1 R S
4 108 0 1 R S
4 109 0 1 R S
4 110 0 1 U S
4 111 0 1 L S
4 112 0 1 L S
4 113 0 1 L S
4 114 0 1 L S
4 115 0 1 L S
4 116 0 1 L S
4 117 0 1 L S
4 118 0 1 L S
4 119 0 1 L S
0 0 0 0 R U
0 1 0 0 R U
0 2 0 0 R U
0 3 0 0 R U
0 4 0 0 R U
0 5 0 0 R U
0 6 0 0 U U
0 7 0 0 U U
0 8 0 0 U U
0 9 0 0 R U
0 10 0 0 R U
0 11 0 0 R U
0 12 0 0 U U
0 13 0 0 R L
0 14 0 0 D L
0 15 0 0 L S
0 16 0 0 L S
0 17 0 0 U S
0 18 0 0 R S
0 19 0 0 U S
0 20 0 0 D S
0 21 0 0 L S
0 22 0 0 L S
0 23 0 0 L S
0 24 1 0 L S
0 25 1 0 D S
0 26 1 0 R S
0 27 1 0 R S
0 28 1 0 R S
0 29 1 0 R S
0 30 1 0 R S
0 31 1 0 R S
0 32 1 0 D S
0 33 1 0 R S
0 34 1 0 R S
0 35 1 0 R S
0 36 1 0 D S
0 37 1 0 R S
0 38 1 0 D S
0 39 1 0 L S
0 40 1 0 U S
0 41 1 0 L S
0 42 1 0 L S
0 43 1 0 L S
0 44 1 0 R S
0 45 1 0 L S
0 46 1 0 U S
0 47 1 0 L S
0 48 1 0 L S
0 49 1 0 L S
0 50 1 0 L S
0 51 1 0 L S
0 52 1 0 L S
0 53 1 0 L S
0 54 1 0 L S
0 55 1 0 L S
0 56 1 0 D S
0 57 1 0 R S
0 58 1 0 R S
0 59 1 0 R S
0 60 1 0 R S
0 61 1 0 R S
0 62 1 0 R S
0 63 1 0 R S
0 64 1 0 R S
0 65 1 0 R S
0 66 1 0 R S
0 67 1 0 L S
0 68 1 0 L S
0 69 1 0 L S
0 70 1 0 L S
0 71 1 0 L S
0 72 1 0 L S
0 73 1 0 L S
0 74 1 0 L S
0 75 1 0 L S
0 76 1 0 D S
0 77 1 0 R S
0 78 1 0 R S
0 79 1 0 R S
0 80 1 0 R S
0 81 1 0 R S
0 82 1 0 R S
0 83 1 0 R S
0 84 1 0 D S
0 85 1 0 L S
0 86 1 0 L S
0 87 1 0 L S
0 88 1 0 L S
0 89 1 0 L S
0 90 1 0 L S
0 91 1 0 L S
0 92 1 0 R S
0 93 1 0 R S
0 94 1 0 R S
0 95 1 0 L S
0 96 1 0 L S
0 97 1 0 U S
0 98 1 0 R S
0 99 1 0 R S
0 100 1 0 R S
0 101 1 0 R S
0 102 1 0 D S
0 103 1 0 R S
0 104 1 0 R S
0 105 1 0 R S
0 106 1 0 L S
0 107 1 0 L S
0 108 1 0 L S
0 109 1 0 L S
0 110 1 0 L S
0 111 1 0 L S
0 112 1 0 U S
0 113 1 0 R S
0 114 1 0 R S
0 115 1 0 R S
0 116 1 0 R S
0 117 1 0 D S
0 118 1 0 R S
0 119 1 0 R S
1 0 0 0 D U
1 1 0 0 R L
1 2 0 0 L L
1 3 0 0 L L
1 4 0 0 L L
1 5 0 0 L L
1 6 0 0 R L
1 7 0 0 D L
1 8 0 0 R L
1 9 0 0 R S
1 10 0 0 D S
1 11 0 0 R S
1 12 0 0 D S
1 13 0 0 L S
1 14 0 0 D S
1 15 0 0 R S
1 16 0 0 D S
1 17 0 0 R S
1 18 0 0 R S
1 19 0 0 D S
1 20 0 0 L S
1 21 0 0 L S
1 22 0 0 L S
1 23 0 0 L S
1 24 0 0 L S
1 25 0 0 L S
1 26 0 0 L S
1 27 0 0 L S
1 28 0 0 L S
1 29 0 0 L S
1 30 0 0 D S
1 31 0 0 R S
1 32 0 0 R S
1 33 0 0 R S
1 34 0 0 R S
1 35 0 0 R S
1 36 0 0 R S
1 37 0 0 R S
1 38 0 0 R S
1 39 0 0 R S
1 40 0 0 R S
1 41 0 0 D S
1 42 0 0 R S
1 43 0 0 R S
1 44 0 0 D S
1 45 0 0 R S
1 46 0 0 R S
1 47 0 0 D S
1 48 0 0 L S
1 49 0 0 L S
1 50 0 0 D S
1 51 0 0 R S
1 52 0 0 U S
1 53 0 0 L S
1 54 0 0 L S
1 55 0 0 L S
1 56 0 0 D S
1 57 0 0 R S
1 58 0 0 R S
1 59 0 0 R S
1 60 0 0 R S
1 61 0 0 R S
1 62 0 0 L S
1 63 0 0 L S
1 64 0 0 L S
1 65 0 0 L S
1 66 0 0 L S
1 67 0 0 L S
1 68 0 0 R S
1 69 0 0 R S
1 70 0 0 R S
1 71 0 0 R S
1 72 0 0 D S
1 73 0 0 R S
1 74 0 0 U S
1 75 0 0 R S
1 76 0 0 L S
1 77 0 0 L S
1 78 0 0 L S
1 79 0 0 L S
1 80 0 0 L S
1 81 0 0 L S
1 82 0 0 R S
1 83 0 0 R S
1 84 0 0 R S
1 85 0 0 R S
1 86 0 0 R S
1 87 0 0 R S
1 88 0 0 L S
1 89 0 0 L S
1 90 0 0 L S
1 91 0 0 L S
1 92 0 0 L S
1 93 0 0 L S
1 94 0 0 R S
1 95 0 0 R S
1 96 0 0 R S
1 97 0 0 R S
1 98 0 0 R S
1 99 0 0 R S
1 100 0 0 L S
1 101 0 0 L S
1 102 0 0 L S
1 103 0 0 L S
1 104 0 0 L S
1 105 0 0 L S
1 106 0 0 R S
1 107 0 0 R S
1 108 0 0 R S
1 109 0 0 R S
1 110 0 0 U S
1 111 0 0 R S
1 112 0 0 D S
1 113 0 0 R S
1 114 0 0 L S
1 115 0 0 L S
1 116 0 0 L S
1 117 0 0 L S
1 118 0 0 L S
1 119 0 0 L S
2 0 0 0 L D
2 1 0 0 L R
2 2 0 0 D D
2 3 0 0 R D
2 4 0 0 L R
2 5 0 0 R R
2 6 0 0 L R
2 7 0 0 L R
2 8 0 0 D R
2 9 0 0 R S
2 10 0 0 R S
2 11 0 0 U S
2 12 0 0 D S
2 13 0 0 R S
2 14 0 0 D S
2 15 0 0 R S
2 16 0 0 L S
2 17 0 0 R S
2 18 0 0 L S
2 19 0 0 L S
2 20 0 0 L S
2 21 0 0 L S
2 22 0 0 L S
2 23 0 0 D S
2 24 0 0 R S
2 25 0 0 R S
2 26 0 0 L S
2 27 0 0 L S
2 28 0 0 L S
2 29 0 0 L S
2 30 0 0 L S
2 31 0 0 L S
2 32 0 0 R S
2 33 0 0 R S
2 34 0 0 R S
2 35 0 0 R S
2 36 0 0 R S
2 37 0 0 R S
2 38 0 0 L S
2 39 0 0 L S
2 40 0 0 L S
2 41 0 0 L S
2 42 0 0 L S
2 43 0 0 L S
2 44 0 0 R S
2 45 0 0 R S
2 46 0 0 R S
2 47 0 0 R S
2 48 0 0 R S
2 49 0 0 R S
2 50 0 0 L S
2 51 0 0 L S
2 52 0 0 L S
2 53 0 0 L S
2 54 0 0 L S
2 55 0 0 L S
2 56 0 0 R S
2 57 0 0 R S
2 58 0 0 R S
2 59 0 0 R S
2 60 0 0 R S
2 61 0 0 R S
2 62 0 0 L S
2 63 0 0 L S
2 64 0 0 L S
2 65 0 0 L S
2 66 0 0 L S
2 67 0 0 L S
2 68 0 0 R S
2 69 0 0 R S
2 70 0 0 R S
2 71 0 0 R S
2 72 0 0 R S
2 73 0 0 R S
2 74 0 0 L S
2 75 0 0 L S
2 76 0 0 L S
2 77 0 0 L S
2 78 0 0 L S
2 79 0 0 L S
2 80 0 0 R S
2 81 0 0 R S
2 82 0 0 R S
2 83 0 0 R S
2 84 0 0 R S
2 85 0 0 R S
2 86 0 0 L S
2 87 0 0 L S
2 88 0 0 L S
2 89 0 0 L S
2 90 0 0 L S
2 91 0 0 L S
2 92 0 0 R S
2 93 0 0 R S
2 94 0 0 R S
2 95 0 0 R S
2 96 0 0 R S
2 97 0 0 R S
2 98 0 0 L S
2 99 0 0 L S
2 100 0 0 L S
2 101 0 0 L S
2 102 0 0 L S
2 103 0 0 L S
2 104 0 0 R S
2 105 0 0 R S
2 106 0 0 R S
2 107 0 0 R S
2 108 0 0 R S
2 109 0 0 R S
2 110 0 0 L S
2 111 0 0 L S
2 112 0 0 L S
2 113 0 0 L S
2 114 0 0 L S
2 115 0 0 L S
2 116 0 0 R S
2 117 0 0 R S
2 118 0 0 R S
2 119 0 0 R S
3 0 0 0 D U
3 1 0 0 L U
3 2 0 0 L U
3 3 0 0 D U
3 4 0 0 R U
3 5 0 0 D U
3 6 0 0 D U
3 7 0 0 L R
3 8 0 0 D R
3 9 0 0 R R
3 10 0 0 D R
3 11 0 0 R R
3 12 0 0 L R
3 13 0 0 L R
3 14 0 0 L R
3 15 0 0 L R
3 16 0 0 D R
3 17 0 0 R R
3 18 0 0 R S
3 19 0 0 R S
3 20 0 0 R S
3 21 0 0 D S
3 22 0 0 R S
3 23 0 0 D S
3 24 0 0 L S
3 25 0 0 L S
3 26 0 0 L S
3 27 0 0 D S
3 28 0 0 R S
3 29 0 0 R S
3 30 0 0 D S
3 31 0 0 U S
3 32 0 0 U S
3 33 0 0 R S
3 34 0 0 U S
3 35 0 0 L S
3 36 0 0 L S
3 37 0 0 L S
3 38 0 0 L S
3 39 0 0 L S
3 40 0 0 L S
3 41 0 0 L S
3 42 0 0 L S
3 43 0 0 L S
3 44 0 0 L S
3 45 0 0 L S
3 46 0 0 L S
3 47 0 0 L S
3 48 0 0 D S
3 49 0 0 R S
3 50 0 0 R S
3 51 0 0 R S
3 52 0 0 R S
3 53 0 0 R S
3 54 0 0 R S
3 55 0 0 R S
3 56 0 0 U S
3 57 0 0 R S
3 58 0 0 R S
3 59 0 0 R S
3 60 0 0 R S
3 61 0 0 R S
3 62 0 0 R S
3 63 0 0 D S
3 64 0 0 L S
3 65 0 0 L S
3 66 0 0 L S
3 67 0 0 D S
3 68 0 0 R S
3 69 0 0 R S
3 70 0 0 D S
3 71 0 0 U S
3 72 0 0 L S
3 73 0 0 L S
3 74 0 0 L S
3 75 0 0 L S
3 76 0 0 L S
3 77 0 0 L S
3 78 0 0 L S
3 79 0 0 L S
3 80 0 0 U S
3 81 0 0 R S
3 82 0 0 U S
3 83 0 0 R S
3 84 0 0 U S
3 85 0 0 R S
3 86 0 0 R S
3 87 0 0 R S
3 88 0 0 R S
3 89 0 0 R S
3 90 0 0 R S
3 91 0 0 D S
3 92 0 0 R S
3 93 0 0 D S
3 94 0 0 L S
3 95 0 0 L S
3 96 0 0 L S
3 97 0 0 D S
3 98 0 0 R S
3 99 0 0 R S
3 100 0 0 D S
3 101 0 0 U S
3 102 0 0 L S
3 103 0 0 L S
3 104 0 0 L S
3 105 0 0 L S
3 106 0 0 L S
3 107 0 0 R S
3 108 0 0 U S
3 109 0 0 L S
3 110 0 0 D S
3 111 0 0 L S
3 112 0 0 L S
3 113 0 0 L S
3 114 0 0 L S
3 115 0 0 L S
3 116 0 0 U S
3 117 0 0 U S
3 118 0 0 R S
3 119 0 0 R S
4 0 0 0 D R
4 1 0 0 D R
4 2 0 0 D R
4 3 0 0 L R
4 4 0 0 U R
4 5 0 0 L R
4 6 0 0 U R
4 7 0 0 L S
4 8 0 0 R S
4 9 0 0 U S
4 10 0 0 U S
4 11 0 0 U S
4 12 0 0 L S
4 13 0 0 D S
4 14 0 0 U S
4 15 0 0 R S
4 16 0 0 L S
4 17 0 0 D S
4 18 0 0 U S
4 19 0 0 R S
4 20 0 0 U S
4 21 0 0 U S
4 22 0 0 L S
4 23 0 0 R S
4 24 0 0 R S
4 25 0 0 L S
4 26 0 0 L S
4 27 0 0 R S
4 28 0 0 R S
4 29 0 0 L S
4 30 0 0 L S
4 31 0 0 R S
4 32 0 0 R S
4 33 0 0 L S
4 34 0 0 L S
4 35 0 0 R S
4 36 0 0 R S
4 37 0 0 L S
4 38 0 0 L S
4 39 0 0 R S
4 40 0 0 R S
4 41 0 0 L S
4 42 0 0 L S
4 43 0 0 R S
4 44 0 0 R S
4 45 0 0 L S
4 46 0 0 L S
4 47 0 0 R S
4 48 0 0 R S
4 49 0 0 L S
4 50 0 0 L S
4 51 0 0 R S
4 52 0 0 R S
4 53 0 0 L S
4 54 0 0 L S
4 55 0 0 R S
4 56 0 0 R S
4 57 0 0 L S
4 58 0 0 L S
4 59 0 0 R S
4 60 0 0 R S
4 61 0 0 L S
4 62 0 0 L S
4 63 0 0 R S
4 64 0 0 R S
4 65 0 0 L S
4 66 0 0 L S
4 67 0 0 R S
4 68 0 0 R S
4 69 0 0 L S
4 70 0 0 L S
4 71 0 0 R S
4 72 0 0 R S
4 73 0 0 L S
4 74 0 0 L S
4 75 0 0 D S
4 76 0 0 U S
4 77 0 0 R S
4 78 0 0 U S
4 79 0 0 L S
4 80 0 0 D S
4 81 0 0 R S
4 82 0 0 U S
4 83 0 0 U S
4 84 0 0 R S
4 85 0 0 R S
4 86 0 0 R S
4 87 0 0 R S
4 88 0 0 R S
4 89 0 0 R S
4 90 0 0 R S
4 91 0 0 R S
4 92 0 0 R S
4 93 0 0 R S
4 94 0 0 R S
4 95 0 0 R S
4 96 0 0 D S
4 97 0 0 R S
4 98 0 0 R S
4 99 0 0 D S
4 100 0 0 L S
4 101 0 0 L S
4 102 0 0 L S
4 103 0 0 L S
4 104 0 0 L S
4 105 0 0 L S
4 106 0 0 L S
4 107 0 0 L S
4 108 0 0 L S
4 109 0 0 L S
4 110 0 0 L S
4 111 0 0 L S
4 112 0 0 L S
4 113 0 0 L S
4 114 0 0 L S
4 115 0 0 U S
4 116 0 0 R S
4 117 0 0 R S
4 118 0 0 R S
4 119 0 0 R S
0 0 0 0 R U
0 1 0 0 R U
0 2 0 0 R U
0 3 0 0 R U
0 4 0 0 R U
0 5 0 0 R U
0 6 0 0 R R
0 7 0 0 U R
0 8 0 0 L R
0 9 0 0 L R
0 10 0 0 R R
0 11 0 0 R R
0 12 0 0 D R
0 13 0 0 L S
0 14 0 0 U S
0 15 0 0 R S
0 16 0 0 R S
0 17 0 0 L S
0 18 0 0 L S
0 19 0 0 R S
0 20 0 0 R S
0 21 0 0 U S
0 22 0 0 L S
0 23 0 0 D S
0 24 0 0 U S
0 25 0 0 U S
0 26 0 0 R S
0 27 0 0 R S
0 28 0 0 D S
0 29 0 0 R S
0 30 0 0 D S
0 31 0 0 L S
0 32 0 0 L S
0 33 0 0 U S
0 34 0 0 R S
0 35 0 0 R S
0 36 0 0 D S
0 37 0 0 L S
0 38 0 0 L S
0 39 0 0 L S
0 40 0 0 L S
0 41 0 0 L S
0 42 0 0 L S
0 43 0 0 L S
0 44 0 0 L S
0 45 0 0 L S
0 46 0 0 L S
0 47 0 0 L S
0 48 0 0 L S
0 49 0 0 L S
0 50 0 0 U S
0 51 0 0 R S
0 52 0 0 D S
0 53 0 0 L S
0 54 0 0 U S
0 55 0 0 R S
0 56 0 0 U S
0 57 0 0 R S
0 58 0 0 R S
0 59 0 0 L S
0 60 0 0 D S
0 61 0 0 R S
0 62 0 0 R S
0 63 0 0 R S
0 64 0 0 D S
0 65 0 0 U S
0 66 0 0 U S
0 67 0 0 D S
0 68 0 0 R S
0 69 0 0 R S
0 70 0 0 D S
0 71 0 0 R S
0 72 0 0 R S
0 73 0 0 R S
0 74 0 0 R S
0 75 0 0 R S
0 76 0 0 D S
0 77 0 0 U S
0 78 0 0 U S
0 79 0 0 R S
0 80 0 0 L S
0 81 0 0 L S
0 82 0 0 D S
0 83 0 0 R S
0 84 0 0 U S
0 85 0 0 R S
0 86 0 0 L S
0 87 0 0 D S
0 88 0 0 U S
0 89 0 0 L S
0 90 0 0 L S
0 91 0 0 D S
0 92 0 0 L S
0 93 0 0 L S
0 94 0 0 L S
0 95 0 0 L S
0 96 0 0 R S
0 97 0 0 U S
0 98 0 0 U S
0 99 0 0 L S
0 100 0 0 D S
0 101 0 0 L S
0 102 0 0 L S
0 103 0 0 L S
0 104 0 0 L S
0 105 0 0 R S
0 106 0 0 D S
0 107 0 0 U S
0 108 0 0 D S
0 109 0 0 U S
0 110 0 0 U S
0 111 0 0 L S
0 112 0 0 L S
0 113 0 0 L S
0 114 0 0 D S
0 115 0 0 D S
0 116 0 0 D S
0 117 0 0 R S
0 118 0 0 U S
0 119 0 0 L S
1 0 0 0 U U
1 1 0 0 U U
1 2 0 0 U U
1 3 0 0 R U
1 4 0 0 R U
1 5 0 0 R U
1 6 0 0 R U
1 7 0 0 U U
1 8 0 0 U R
1 9 0 0 U R
1 10 0 0 R R
1 11 0 0 U R
1 12 0 0 L R
1 13 0 0 D R
1 14 0 0 U R
1 15 0 0 U R
1 16 0 0 L R
1 17 0 0 R R
1 18 0 0 L S
1 19 0 0 L S
1 20 0 0 D S
1 21 0 0 R S
1 22 0 0 L S
1 23 0 0 U S
1 24 0 0 R S
1 25 0 0 R S
1 26 0 0 U S
1 27 0 0 R S
1 28 0 0 L S
1 29 0 0 L S
1 30 0 0 L S
1 31 0 0 L S
1 32 0 0 L S
1 33 0 0 L S
1 34 0 0 L S
1 35 0 0 L S
1 36 0 0 R S
1 37 0 0 R S
1 38 0 0 R S
1 39 0 0 R S
1 40 0 0 R S
1 41 0 0 R S
1 42 0 0 R S
1 43 0 0 R S
1 44 0 0 L S
1 45 0 0 L S
1 46 0 0 L S
1 47 0 0 L S
1 48 0 0 L S
1 49 0 0 L S
1 50 0 0 L S
1 51 0 0 L S
1 52 0 0 R S
1 53 0 0 R S
1 54 0 0 R S
1 55 0 0 R S
1 56 0 0 R S
1 57 0 0 R S
1 58 0 0 R S
1 59 0 0 R S
1 60 0 0 L S
1 61 0 0 L S
1 62 0 0 L S
1 63 0 0 L S
1 64 0 0 L S
1 65 0 0 L S
1 66 0 0 L S
1 67 0 0 L S
1 68 0 0 R S
1 69 0 0 R S
1 70 0 0 R S
1 71 0 0 R S
1 72 0 0 R S
1 73 0 0 R S
1 74 0 0 R S
1 75 0 0 R S
1 76 0 0 L S
1 77 0 0 L S
1 78 0 0 L S
1 79 0 0 L S
1 80 0 0 L S
1 81 0 0 L S
1 82 0 0 L S
1 83 0 0 L S
1 84 0 0 R S
1 85 0 0 R S
1 86 0 0 R S
1 87 0 0 R S
1 88 0 0 R S
1 89 0 0 R S
1 90 0 0 R S
1 91 0 0 R S
1 92 0 0 L S
1 93 0 0 L S
1 94 0 0 L S
1 95 0 0 L S
1 96 0 0 L S
1 97 0 0 L S
1 98 0 0 L S
1 99 0 0 L S
1 100 0 0 R S
1 101 0 0 R S
1 102 0 0 R S
1 103 0 0 R S
1 104 0 0 R S
1 105 0 0 R S
1 106 0 0 R S
1 107 0 0 R S
1 108 0 0 L S
1 109 0 0 L S
1 110 0 0 L S
1 111 0 0 L S
1 112 0 0 L S
1 113 0 0 L S
1 114 0 0 L S
1 115 0 0 L S
1 116 0 0 R S
1 117 0 0 R S
1 118 0 0 R S
1 119 0 0 R S
2 0 0 0 R U
2 1 0 0 R R
2 2 0 0 D R
2 3 0 0 L R
2 4 0 0 L R
2 5 0 0 L R
2 6 0 0 L R
2 7 0 0 L R
2 8 0 0 L R
2 9 0 0 U R
2 10 0 0 L S
2 11 0 0 U S
2 12 0 0 U S
2 13 0 0 U S
2 14 0 0 L S
2 15 0 0 U S
2 16 0 0 R S
2 17 0 0 U S
2 18 0 0 R S
2 19 0 0 L S
2 20 0 0 R S
2 21 0 0 D S
2 22 0 0 U S
2 23 0 0 L S
2 24 0 0 D S
2 25 0 0 U S
2 26 0 0 R S
2 27 0 0 D S
2 28 0 0 L S
2 29 0 0 U S
2 30 0 0 R S
2 31 0 0 U S
2 32 0 0 L S
2 33 0 0 U S
2 34 0 0 D S
2 35 0 0 U S
2 36 0 0 D S
2 37 0 0 R S
2 38 0 0 D S
2 39 0 0 R S
2 40 0 0 L S
2 41 0 0 L S
2 42 0 0 L S
2 43 0 0 L S
2 44 1 0 L S
2 45 1 0 D S
2 46 1 0 R S
2 47 1 0 R S
2 48 1 0 R S
2 49 1 0 R S
2 50 1 0 R S
2 51 1 0 R S
2 52 1 0 R S
2 53 1 0 U S
2 54 1 0 D S
2 55 1 0 U S
2 56 1 0 L S
2 57 1 0 L S
2 58 1 0 L S
2 59 1 0 R S
2 60 1 0 L S
2 61 1 0 L S
2 62 1 0 L S
2 63 1 0 L S
2 64 2 0 L S
2 65 2 0 D S
2 66 2 0 R S
2 67 2 0 R S
2 68 2 0 R S
2 69 2 0 R S
2 70 2 0 R S
2 71 2 0 R S
2 72 2 0 R S
2 73 2 0 R S
2 74 2 0 R S
2 75 2 0 R S
2 76 2 0 D S
2 77 2 0 L S
2 78 2 0 L S
2 79 2 0 L S
2 80 2 0 L S
2 81 2 0 L S
2 82 2 0 L S
2 83 2 0 L S
2 84 2 0 L S
2 85 2 0 L S
2 86 2 0 U S
2 87 2 0 R S
2 88 2 0 R S
2 89 2 0 R S
2 90 2 0 R S
2 91 2 0 R S
2 92 2 0 R S
2 93 2 0 R S
2 94 2 0 R S
2 95 2 0 R S
2 96 2 0 D S
2 97 2 0 L S
2 98 2 0 L S
2 99 2 0 L S
2 100 2 0 L S
2 101 2 0 L S
2 102 2 0 L S
2 103 2 0 L S
2 104 2 0 L S
2 105 2 0 L S
2 106 2 0 U S
2 107 2 0 R S
2 108 2 0 R S
2 109 2 0 R S
2 110 2 0 R S
2 111 2 0 R S
2 112 2 0 R S
2 113 2 0 R S
2 114 2 0 R S
2 115 2 0 R S
2 116 2 0 D S
2 117 2 0 L S
2 118 2 0 L S
2 119 2 0 L S
3 0 0 0 L U
3 1 0 0 L U
3 2 0 0 L U
3 3 0 0 L R
3 4 0 0 L U
3 5 0 0 L U
3 6 0 0 U R
3 7 0 0 R R
3 8 0 0 R R
3 9 0 0 D R
3 10 0 0 L R
3 11 0 0 U S
3 12 0 0 R S
3 13 0 0 D S
3 14 0 0 R S
3 15 0 0 R S
3 16 0 0 U S
3 17 0 0 U S
3 18 0 0 U S
3 19 0 0 L S
3 20 0 0 L S
3 21 0 0 L S
3 22 0 0 L S
3 23 0 0 D S
3 24 0 0 R S
3 25 0 0 R S
3 26 0 0 R S
3 27 0 0 U S
3 28 0 0 L S
3 29 0 0 L S
3 30 0 0 U S
3 31 0 0 R S
3 32 0 0 D S
3 33 0 0 R S
3 34 0 0 U S
3 35 0 0 R S
3 36 0 0 D S
3 37 0 0 D S
3 38 0 0 L S
3 39 0 0 U S
3 40 0 0 R S
3 41 0 0 U S
3 42 0 0 R S
3 43 0 0 R S
3 44 0 0 D S
3 45 0 0 L S
3 46 0 0 L S
3 47 0 0 U S
3 48 0 0 R S
3 49 0 0 R S
3 50 0 0 R S
3 51 0 0 U S
3 52 0 0 L S
3 53 0 0 L S
3 54 0 0 L S
3 55 0 0 D S
3 56 0 0 R S
3 57 0 0 R S
3 58 0 0 R S
3 59 0 0 U S
3 60 0 0 L S
3 61 0 0 L S
3 62 0 0 L S
3 63 0 0 D S
3 64 0 0 R S
3 65 0 0 U S
3 66 0 0 R S
3 67 0 0 R S
3 68 0 0 D S
3 69 0 0 L S
3 70 0 0 D S
3 71 0 0 L S
3 72 0 0 L S
3 73 0 0 L S
3 74 0 0 L S
3 75 0 0 U S
3 76 0 0 R S
3 77 0 0 U S
3 78 0 0 R S
3 79 0 0 R S
3 80 0 0 D S
3 81 0 0 L S
3 82 0 0 L S
3 83 0 0 R S
3 84 0 0 R S
3 85 0 0 L S
3 86 0 0 L S
3 87 0 0 U S
3 88 0 0 R S
3 89 0 0 D S
3 90 0 0 R S
3 91 0 0 U S
3 92 0 0 R S
3 93 0 0 U S
3 94 0 0 L S
3 95 0 0 U S
3 96 0 0 L S
3 97 0 0 U S
3 98 0 0 L S
3 99 0 0 L S
3 100 0 0 L S
3 101 0 0 L S
3 102 0 0 L S
3 103 0 0 L S
3 104 0 0 L S
3 105 0 0 L S
3 106 0 0 D S
3 107 0 0 R S
3 108 0 0 R S
3 109 0 0 R S
3 110 0 0 D S
3 111 0 0 R S
3 112 0 0 R S
3 113 0 0 R S
3 114 0 0 R S
3 115 0 0 R S
3 116 0 0 R S
3 117 0 0 D S
3 118 0 0 R S
3 119 0 0 L S
4 0 0 0 L U
4 1 0 0 L U
4 2 0 0 L U
4 3 0 0 L U
4 4 0 0 L U
4 5 0 0 L U
4 6 0 0 L U
4 7 0 0 L R
4 8 0 0 L R
4 9 0 0 D U
4 10 0 0 L R
4 11 0 0 U R
4 12 0 0 U R
4 13 0 0 U R
4 14 0 0 L R
4 15 0 0 D S
4 16 0 0 R S
4 17 0 0 U S
4 18 0 0 D S
4 19 0 0 U S
4 20 0 0 U S
4 21 0 0 R S
4 22 0 0 D S
4 23 0 0 L S
4 24 0 0 D S
4 25 0 0 L S
4 26 0 0 L S
4 27 0 0 U S
4 28 0 0 U S
4 29 0 0 U S
4 30 0 0 R S
4 31 0 0 D S
4 32 0 0 R S
4 33 0 0 R S
4 34 0 0 D S
4 35 0 0 L S
4 36 0 0 U S
4 37 0 0 R S
4 38 0 0 U S
4 39 0 0 R S
4 40 0 0 D S
4 41 0 0 L S
4 42 0 0 D S
4 43 0 0 L S
4 44 0 0 U S
4 45 0 0 R S
4 46 0 0 D S
4 47 0 0 L S
4 48 0 0 U S
4 49 0 0 R S
4 50 0 0 D S
4 51 0 0 L S
4 52 0 0 U S
4 53 0 0 R S
4 54 0 0 D S
4 55 0 0 L S
4 56 0 0 U S
4 57 0 0 R S
4 58 0 0 D S
4 59 0 0 L S
4 60 0 0 U S
4 61 0 0 R S
4 62 0 0 D S
4 63 0 0 L S
4 64 0 0 U S
4 65 0 0 R S
4 66 0 0 D S
4 67 0 0 L S
4 68 0 0 U S
4 69 0 0 R S
4 70 0 0 D S
4 71 0 0 L S
4 72 0 0 U S
4 73 0 0 R S
4 74 0 0 D S
4 75 0 0 L S
4 76 0 0 U S
4 77 0 0 R S
4 78 0 0 D S
4 79 0 0 L S
4 80 0 0 U S
4 81 0 0 R S
4 82 0 0 D S
4 83 0 0 L S
4 84 0 0 U S
4 85 0 0 R S
4 86 0 0 D S
4 87 0 0 L S
4 88 0 0 U S
4 89 0 0 R S
4 90 0 0 D S
4 91 0 0 L S
4 92 0 0 U S
4 93 0 0 R S
4 94 0 0 D S
4 95 0 0 L S
4 96 0 0 U S
4 97 0 0 R S
4 98 0 0 D S
4 99 0 0 L S
4 100 0 0 U S
4 101 0 0 R S
4 102 0 0 D S
4 103 0 0 L S
4 104 0 0 U S
4 105 0 0 R S
4 106 0 0 D S
4 107 0 0 L S
4 108 0 0 U S
4 109 0 0 R S
4 110 0 0 D S
4 111 0 0 L S
4 112 0 0 U S
4 113 0 0 R S
4 114 0 0 D S
4 115 0 0 L S
4 116 0 0 U S
4 117 0 0 R S
4 118 0 0 D S
4 119 0 0 L S
0 0 0 0 R D
0 1 0 0 R D
0 2 0 0 R R
0 3 0 0 R R
0 4 0 0 D R
0 5 0 0 R R
0 6 0 0 D U
0 7 0 0 L D
0 8 0 0 U D
0 9 0 0 L D
0 10 0 0 U L
0 11 0 0 U D
0 12 0 0 U D
0 13 0 0 R R
0 14 0 0 D U
0 15 0 0 R U
0 16 0 0 U L
0 17 0 0 L U
0 18 0 0 L U
0 19 0 0 U R
0 20 0 0 L D
0 21 0 0 U D
0 22 0 0 R L
0 23 0 0 R D
0 24 0 0 U D
0 25 0 0 L R
0 26 0 0 L U
0 27 0 0 L U
0 28 0 0 L L
0 29 0 0 L U
0 30 0 0 L U
0 31 0 0 L R
0 32 0 0 L D
0 33 0 0 D D
0 34 0 0 U L
0 35 0 0 L D
0 36 0 0 D D
0 37 0 0 R R
0 38 0 0 U U
0 39 0 0 L U
0 40 0 0 D L
0 41 0 0 U U
0 42 0 0 R U
0 43 0 0 U R
0 44 0 0 L D
0 45 0 0 L D
0 46 0 0 L L
0 47 0 0 R D
0 48 0 0 D D
0 49 0 0 R R
0 50 0 0 L U
0 51 1 0 D U
0 52 1 0 R L
0 53 1 0 R U
0 54 1 0 R U
0 55 1 0 R R
0 56 1 0 R D
0 57 1 0 R D
0 58 1 0 R L
0 59 1 0 R D
0 60 1 0 R D
0 61 1 0 R R
0 62 1 0 L U
0 63 1 0 D U
0 64 1 0 R L
0 65 1 0 R U
0 66 1 0 D U
0 67 1 0 D R
0 68 1 0 D R
0 69 1 0 D R
0 70 1 0 D R
0 71 1 0 D R
0 72 1 0 D R
0 73 1 0 D R
0 74 1 0 D R
0 75 1 0 D R
0 76 1 0 D R
0 77 1 0 D R
0 78 1 0 D R
0 79 1 0 D R
0 80 1 0 D R
0 81 1 0 D R
0 82 1 0 D R
0 83 1 0 D R
0 84 1 0 D R
0 85 1 0 D R
0 86 1 0 D R
0 87 1 0 D R
0 88 1 0 D R
0 89 1 0 D R
0 90 1 0 D R
0 91 1 0 D R
0 92 1 0 D R
0 93 1 0 D R
0 94 1 0 L R
0 95 1 0 R D
0 96 1 0 D D
0 97 1 0 L L
0 98 1 0 L D
0 99 1 0 L D
0 100 1 0 D R
0 101 1 0 U U
0 102 1 0 R U
0 103 1 0 R L
0 104 1 0 R U
0 105 1 0 U U
0 106 1 0 D R
0 107 1 0 D R
0 108 1 0 D R
0 109 1 0 D R
0 110 1 0 D R
0 111 1 0 D R
0 112 1 0 D R
0 113 1 0 D R
0 114 1 0 D R
0 115 1 0 D R
0 116 1 0 D R
0 117 1 0 D R
0 118 1 0 D R
0 119 1 0 D R
1 0 0 0 R D
1 1 0 0 L D
1 2 0 0 L R
1 3 0 0 U D
1 4 0 0 U D
1 5 0 0 L D
1 6 0 0 L D
1 7 0 0 L D
1 8 0 0 L D
1 9 0 0 D D
1 10 0 0 D D
1 11 0 0 R D
1 12 0 0 U D
1 13 0 0 R D
1 14 0 0 R D
1 15 0 0 L D
1 16 0 0 D D
1 17 0 0 R D
1 18 0 0 U D
1 19 0 0 L D
1 20 0 0 L D
1 21 0 0 D D
1 22 0 0 L D
1 23 0 0 U D
1 24 0 0 L D
1 25 0 0 L D
1 26 0 0 L D
1 27 0 0 D D
1 28 0 0 R D
1 29 0 0 R D
1 30 0 0 L D
1 31 0 0 L D
1 32 0 0 L D
1 33 0 0 D D
1 34 0 0 L D
1 35 0 0 L D
1 36 0 0 L D
1 37 0 0 R D
1 38 0 0 R D
1 39 0 0 U D
1 40 0 0 U D
1 41 0 0 R D
1 42 0 0 L D
1 43 0 0 D D
1 44 0 0 U D
1 45 1 0 U D
1 46 1 0 R U
1 47 1 0 D U
1 48 1 0 R U
1 49 1 0 R U
1 50 1 0 R L
1 51 1 0 L D
1 52 1 0 L D
1 53 1 0 L D
1 54 1 0 L D
1 55 1 0 R D
1 56 1 0 R D
1 57 1 0 D D
1 58 1 0 L D
1 59 1 0 D L
1 60 1 0 R D
1 61 1 0 D R
1 62 1 0 L R
1 63 1 0 U R
1 64 1 0 U R
1 65 1 0 U R
1 66 1 0 U R
1 67 1 0 U R
1 68 1 0 U R
1 69 1 0 U R
1 70 1 0 U R
1 71 1 0 U R
1 72 1 0 U R
1 73 1 0 U R
1 74 1 0 U R
1 75 1 0 U R
1 76 1 0 U R
1 77 1 0 U R
1 78 1 0 U R
1 79 1 0 U R
1 80 1 0 U R
1 81 1 0 U R
1 82 1 0 U R
1 83 1 0 U R
1 84 1 0 U R
1 85 1 0 U R
1 86 1 0 U R
1 87 1 0 U R
1 88 1 0 U R
1 89 1 0 U R
1 90 1 0 U R
1 91 1 0 U R
1 92 1 0 U R
1 93 1 0 U R
1 94 1 0 U R
1 95 1 0 U R
1 96 1 0 U R
1 97 1 0 U R
1 98 1 0 U R
1 99 1 0 U R
1 100 1 0 U R
1 101 1 0 U R
1 102 1 0 R R
1 103 1 0 R R
1 104 1 0 U R
1 105 1 0 R R
1 106 1 0 R R
1 107 1 0 U R
1 108 1 0 U R
1 109 1 0 U R
1 110 1 0 U R
1 111 1 0 U R
1 112 1 0 U R
1 113 1 0 U R
1 114 1 0 U R
1 115 1 0 U R
1 116 1 0 U R
1 117 1 0 U R
1 118 1 0 U R
1 119 1 0 U R
2 0 0 0 R U
2 1 0 0 U U
2 2 0 0 R U
2 3 0 0 R U
2 4 0 0 D U
2 5 0 0 D U
2 6 0 0 L U
2 7 0 0 L U
2 8 0 0 D U
2 9 0 0 R L
2 10 0 0 L L
2 11 0 0 D L
2 12 0 0 R L
2 13 0 0 R L
2 14 0 0 R L
2 15 0 0 U L
2 16 0 0 U L
2 17 0 0 U D
2 18 0 0 L D
2 19 0 0 L D
2 20 0 0 L D
2 21 0 0 U D
2 22 0 0 D D
2 23 0 0 U D
2 24 0 0 L D
2 25 0 0 R D
2 26 0 0 D D
2 27 0 0 L D
2 28 0 0 U D
2 29 0 0 R L
2 30 0 0 D D
2 31 0 0 R R
2 32 0 0 R R
2 33 0 0 R R
2 34 0 0 R R
2 35 0 0 R R
2 36 0 0 D R
2 37 0 0 R R
2 38 0 0 D R
2 39 0 0 R R
2 40 0 1 D R
2 41 0 1 L S
2 42 0 1 L S
2 43 0 1 L S
2 44 0 1 L S
2 45 0 1 L S
2 46 0 1 L S
2 47 0 1 L S
2 48 0 1 L S
2 49 0 1 L S
2 50 0 1 L S
2 51 0 1 L S
2 52 0 1 L S
2 53 0 1 L S
2 54 0 1 L S
2 55 0 1 L S
2 56 0 1 D S
2 57 0 1 R S
2 58 0 1 R S
2 59 0 1 R S
2 60 0 1 R S
2 61 0 1 R S
2 62 0 1 R S
2 63 0 1 R S
2 64 0 1 R S
2 65 0 1 R S
2 66 0 1 R S
2 67 0 1 R S
2 68 0 1 R S
2 69 0 1 R S
2 70 0 1 R S
2 71 0 1 R S
2 72 0 1 D S
2 73 0 1 L S
2 74 0 1 L S
2 75 0 1 L S
2 76 0 1 L S
2 77 0 1 L S
2 78 0 1 L S
2 79 0 1 L S
2 80 0 1 L S
2 81 0 1 L S
2 82 0 1 L S
2 83 0 1 D S
2 84 0 1 R S
2 85 0 1 R S
2 86 0 1 R S
2 87 0 1 R S
2 88 0 1 R S
2 89 0 1 R S
2 90 0 1 R S
2 91 0 1 R S
2 92 0 1 R S
2 93 0 1 R S
2 94 0 1 D S
2 95 0 1 L S
2 96 0 1 L S
2 97 0 1 L S
2 98 0 1 L S
2 99 0 1 L S
2 100 0 1 L S
2 101 0 1 L S
2 102 0 1 L S
2 103 0 1 L S
2 104 0 1 L S
2 105 0 1 L S
2 106 0 1 L S
2 107 0 1 L S
2 108 0 1 L S
2 109 0 1 L S
2 110 0 1 D S
2 111 0 1 R S
2 112 0 1 R S
2 113 0 1 R S
2 114 0 1 R S
2 115 0 1 R S
2 116 0 1 R S
2 117 0 1 R S
2 118 0 1 R S
2 119 0 1 R S
3 0 0 0 R D
3 1 0 0 R D
3 2 0 0 R D
3 3 0 0 L R
3 4 0 0 D D
3 5 0 0 U D
3 6 0 0 U D
3 7 0 0 L D
3 8 0 0 L D
3 9 0 0 U L
3 10 0 0 L D
3 11 0 0 L R
3 12 0 0 D R
3 13 0 0 D R
3 14 0 0 R R
3 15 0 0 D R
3 16 0 0 R R
3 17 0 0 R R
3 18 0 1 L R
3 19 0 1 L U
3 20 0 1 L U
3 21 0 1 L U
3 22 0 1 L U
3 23 0 1 L U
3 24 0 1 L U
3 25 0 1 U U
3 26 0 1 R U
3 27 0 1 R U
3 28 0 1 R U
3 29 0 1 R L
3 30 0 1 R L
3 31 0 1 R L
3 32 0 1 R L
3 33 0 1 D L
3 34 0 1 R L
3 35 0 1 U D
3 36 0 1 R D
3 37 0 1 R D
3 38 0 1 D D
3 39 0 1 L L
3 40 0 1 U D
3 41 0 1 L R
3 42 0 1 L R
3 43 0 1 L R
3 44 0 1 L R
3 45 0 1 L R
3 46 0 1 U R
3 47 0 1 U R
3 48 0 1 U R
3 49 0 1 U R
3 50 0 1 U R
3 51 0 1 U R
3 52 0 1 U R
3 53 0 1 U R
3 54 0 1 R R
3 55 0 1 U R
3 56 0 1 U R
3 57 0 1 U R
3 58 0 1 U R
3 59 0 1 U R
3 60 0 1 U R
3 61 0 1 U R
3 62 0 1 U R
3 63 0 1 U R
3 64 0 1 U R
3 65 0 1 U R
3 66 0 1 U R
3 67 0 1 U R
3 68 0 1 U R
3 69 0 1 U R
3 70 0 1 U R
3 71 0 1 U R
3 72 0 1 U R
3 73 0 1 U R
3 74 0 1 U R
3 75 0 1 U R
3 76 0 1 U R
3 77 0 1 U R
3 78 0 1 U R
3 79 0 1 U R
3 80 0 1 U R
3 81 0 1 U R
3 82 0 1 U R
3 83 0 1 U R
3 84 0 1 U R
3 85 0 1 U R
3 86 0 1 U R
3 87 0 1 U R
3 88 0 1 U R
3 89 0 1 U R
3 90 0 1 U R
3 91 0 1 U R
3 92 0 1 U R
3 93 0 1 U R
3 94 0 1 U R
3 95 0 1 U R
3 96 0 1 U R
3 97 0 1 U R
3 98 0 1 U R
3 99 0 1 U R
3 100 0 1 U R
3 101 0 1 U R
3 102 0 1 U R
3 103 0 1 U R
3 104 0 1 R R
3 105 0 1 D R
3 106 0 1 R U
3 107 0 1 R R
3 108 0 1 R D
3 109 0 1 D D
3 110 0 1 L D
3 111 0 1 L D
3 112 0 1 L D
3 113 0 1 L D
3 114 0 1 U D
3 115 0 1 L D
3 116 0 1 L R
3 117 0 1 R D
3 118 0 2 D L
3 119 0 2 R U
4 0 0 0 R D
4 1 0 0 R D
4 2 0 0 R D
4 3 0 0 R D
4 4 0 0 R D
4 5 0 0 R D
4 6 0 0 R D
4 7 0 0 R D
4 8 0 0 R D
4 9 0 0 R D
4 10 0 0 R D
4 11 0 0 R D
4 12 0 0 R D
4 13 0 0 D D
4 14 0 0 L D
4 15 0 0 D D
4 16 0 0 L D
4 17 0 0 D D
4 18 0 0 R D
4 19 0 0 R D
4 20 0 0 D D
4 21 0 0 L D
4 22 0 0 L D
4 23 0 0 L D
4 24 0 0 L D
4 25 0 0 D D
4 26 0 0 R D
4 27 0 0 R D
4 28 0 0 R D
4 29 0 0 R D
4 30 0 0 D D
4 31 0 0 L D
4 32 0 0 L D
4 33 0 0 D D
4 34 0 0 R D
4 35 0 0 U D
4 36 0 0 L D
4 37 0 0 D D
4 38 0 0 R D
4 39 0 0 U D
4 40 0 0 L D
4 41 0 0 D D
4 42 0 0 R D
4 43 0 0 U D
4 44 0 0 L D
4 45 0 0 D D
4 46 0 0 R D
4 47 0 0 U D
4 48 0 0 L D
4 49 0 0 D D
4 50 0 0 U D
4 51 0 0 R D
4 52 0 0 U D
4 53 0 0 R D
4 54 0 0 L D
4 55 0 0 L D
4 56 0 0 L D
4 57 0 0 L D
4 58 0 0 L D
4 59 0 0 L D
4 60 0 0 R D
4 61 0 0 R D
4 62 0 0 R D
4 63 0 0 R D
4 64 0 0 R D
4 65 0 0 R D
4 66 0 0 L D
4 67 0 0 L D
4 68 0 0 L D
4 69 0 0 L D
4 70 0 0 L D
4 71 0 0 L D
4 72 0 0 R D
4 73 0 0 R D
4 74 0 0 R D
4 75 0 0 R D
4 76 0 0 R D
4 77 0 0 R D
4 78 0 0 L D
4 79 0 0 L D
4 80 0 0 L D
4 81 0 0 L D
4 82 0 0 L D
4 83 0 0 L D
4 84 0 0 R D
4 85 0 0 R D
4 86 0 0 R D
4 87 0 0 R D
4 88 0 0 R D
4 89 0 0 R D
4 90 0 0 L D
4 91 0 0 L D
4 92 0 0 L D
4 93 0 0 L D
4 94 0 0 L D
4 95 0 0 L D
4 96 0 0 R D
4 97 0 0 R D
4 98 0 0 R D
4 99 0 0 R D
4 100 0 0 R D
4 101 0 0 R D
4 102 0 0 L D
4 103 0 0 L D
4 104 0 0 L D
4 105 0 0 L D
4 106 0 0 L D
4 107 0 0 L D
4 108 0 0 R D
4 109 0 0 R D
4 110 0 0 R D
4 111 0 0 R D
4 112 0 0 R D
4 113 0 0 R D
4 114 0 0 L D
4 115 0 0 L D
4 116 0 0 L D
4 117 0 0 L D
4 118 0 0 L D
4 119 0 0 L D
0 0 0 0 L D
0 1 0 0 U R
0 2 0 0 U R
0 3 0 0 U U
0 4 0 0 R U
0 5 0 0 L R
0 6 0 0 L R
0 7 0 0 L R
0 8 0 0 U R
0 9 0 0 R R
0 10 0 0 D R
0 11 0 0 R R
0 12 0 0 U R
0 13 0 0 R R
0 14 0 0 U R
0 15 0 0 R R
0 16 0 0 L R
0 17 0 0 L R
0 18 0 0 L U
0 19 0 0 U R
0 20 0 0 L D
0 21 0 0 L D
0 22 0 0 D D
0 23 0 0 L U
0 24 0 0 U R
0 25 0 0 U D
0 26 0 0 U R
0 27 0 0 R R
0 28 0 0 D R
0 29 0 0 U R
0 30 0 0 U R
0 31 0 0 L D
0 32 1 0 L D
0 33 1 0 D D
0 34 1 0 D D
0 35 1 0 R L
0 36 1 0 R D
0 37 1 1 R R
0 38 1 1 R D
0 39 1 1 R R
0 40 1 1 R R
0 41 1 1 R R
0 42 1 1 R R
0 43 1 1 D D
0 44 1 1 L L
0 45 1 1 L L
0 46 1 1 L L
0 47 1 1 L U
0 48 1 1 L L
0 49 1 1 L L
0 50 1 1 L D
0 51 1 1 L R
0 52 1 1 L R
0 53 1 1 L U
0 54 1 1 L R
0 55 1 1 L R
0 56 1 1 L D
0 57 1 1 L L
0 58 1 1 L L
0 59 1 1 D U
0 60 1 1 R L
0 61 1 1 R L
0 62 1 1 R D
0 63 1 1 D R
0 64 1 1 R R
0 65 1 1 R U
0 66 1 1 R R
0 67 1 1 R R
0 68 1 1 R D
0 69 1 1 R L
0 70 1 1 R L
0 71 1 1 R U
0 72 1 1 R L
0 73 1 1 R L
0 74 1 1 R D
0 75 1 1 R R
0 76 1 1 D R
0 77 1 1 L U
0 78 1 1 L R
0 79 1 1 L R
0 80 1 1 L D
0 81 1 1 L L
0 82 1 1 L L
0 83 1 1 L U
0 84 1 1 L L
0 85 1 1 L L
0 86 1 1 L D
0 87 1 1 L R
0 88 1 1 L R
0 89 1 1 L U
0 90 1 1 L R
0 91 1 1 L R
0 92 1 1 D D
0 93 1 1 R L
0 94 1 1 R L
0 95 1 1 R U
0 96 1 1 R L
0 97 1 1 R L
0 98 1 1 R D
0 99 1 1 R R
0 100 1 1 R R
0 101 1 1 R U
0 102 1 1 R R
0 103 1 1 R R
0 104 1 1 R D
0 105 1 1 R L
0 106 1 1 R L
0 107 1 1 R U
0 108 1 1 D L
0 109 1 1 L L
0 110 1 1 L D
0 111 1 1 D R
0 112 1 1 R R
0 113 1 1 R U
0 114 1 1 D R
1 0 0 0 L D
2 0 0 0 L D
2 1 0 0 L D
2 2 0 0 L D
2 3 0 0 L D
2 4 0 0 D D
2 5 0 0 D D
2 6 0 0 R D
2 7 0 0 L D
2 8 0 0 L D
2 9 0 0 L D
2 10 0 0 L D
2 11 0 0 U D
2 12 0 0 U L
2 13 0 0 R L
2 14 0 0 D L
2 15 0 0 R U
2 16 0 0 R U
2 17 0 0 U U
2 18 0 0 R U
2 19 0 0 U U
2 20 0 0 L R
2 21 0 0 L U
2 22 0 0 L U
2 23 0 0 D L
2 24 0 0 R D
2 25 0 0 R L
2 26 0 0 U D
2 27 0 0 R R
2 28 0 0 R R
2 29 0 0 R R
2 30 0 0 R R
2 31 0 0 R R
2 32 0 1 R R
2 33 0 1 R D
2 34 0 1 R L
2 35 0 1 R L
2 36 0 1 R L
2 37 0 1 R L
2 38 0 1 R L
2 39 0 1 R L
2 40 0 1 R L
2 41 0 1 D D
2 42 0 1 L R
2 43 0 1 L R
2 44 0 1 L R
2 45 0 1 L R
2 46 0 1 L R
2 47 0 1 D R
2 48 0 1 R R
2 49 0 1 D R
2 50 0 1 R U
2 51 0 1 D R
2 52 0 1 R R
2 53 0 1 U D
2 54 0 1 R L
2 55 0 1 U L
2 56 0 1 L U
2 57 0 1 L L
2 58 0 1 L L
2 59 0 1 L D
2 60 0 1 L R
2 61 0 1 D R
2 62 0 1 D U
2 63 0 1 R U
2 64 0 1 R U
2 65 0 1 R R
2 66 0 1 R R
2 67 0 1 R D
2 68 0 1 D L
2 69 0 1 L L
2 70 0 1 L U
2 71 0 1 L L
2 72 0 1 L L
2 73 0 1 L U
2 74 0 1 L U
2 75 0 1 L U
2 76 0 1 L U
2 77 0 1 L U
2 78 0 1 L U
2 79 0 1 L U
2 80 0 1 L U
2 81 0 1 L U
2 82 0 1 L U
2 83 0 1 L U
2 84 0 1 U L
2 85 0 1 R L
2 86 0 1 R L
2 87 0 1 R L
2 88 0 1 D D
2 89 0 1 R D
2 90 0 1 L D
2 91 0 1 U D
2 92 0 1 R D
2 93 0 1 R D
2 94 0 1 R D
2 95 0 1 L D
2 96 0 1 R D
2 97 0 1 R L
2 98 0 1 U D
2 99 0 1 U R
2 100 0 1 U R
2 101 0 1 L R
2 102 0 1 L R
2 103 0 1 D R
2 104 0 2 R R
2 105 0 2 R S
2 106 0 2 R S
2 107 0 2 R S
2 108 0 2 R S
2 109 0 2 R S
2 110 0 2 R S
2 111 0 2 R S
2 112 0 2 R S
2 113 0 2 R S
2 114 0 2 R S
2 115 0 2 D S
2 116 0 2 L S
2 117 0 2 L S
2 118 0 2 L S
2 119 0 2 L S
3 0 0 0 L U
3 1 0 0 D R
3 2 0 0 R U
3 3 0 0 D U
3 4 0 0 D U
3 5 0 0 U U
3 6 0 0 U R
3 7 0 0 L R
3 8 0 0 L R
3 9 0 0 D R
3 10 0 0 R R
3 11 0 0 R R
3 12 0 0 R R
3 13 0 0 R R
3 14 0 0 U U
3 15 0 0 U R
3 16 0 0 U D
3 17 0 0 R D
3 18 0 0 L D
3 19 0 0 L D
3 20 0 1 L D
3 21 0 1 L U
3 22 0 1 L U
3 23 0 1 R L
3 24 0 1 D L
3 25 0 1 R L
3 26 0 1 R L
3 27 0 1 R L
3 28 0 1 R L
3 29 0 1 R L
3 30 0 1 R L
3 31 0 1 R L
3 32 0 1 R L
3 33 0 1 R L
3 34 0 1 R D
3 35 0 1 U D
3 36 0 1 R D
3 37 0 1 R R
3 38 0 1 R D
3 39 0 1 D D
3 40 0 1 D L
3 41 0 1 L U
3 42 0 1 L U
3 43 0 1 L R
3 44 0 1 L U
3 45 0 1 L U
3 46 0 1 U L
3 47 0 1 R D
3 48 0 1 R D
3 49 0 1 R R
3 50 0 1 R D
3 51 0 1 U D
3 52 0 1 L L
3 53 0 1 L U
3 54 0 1 L U
3 55 0 1 L R
3 56 0 1 L U
3 57 0 1 L U
3 58 0 1 L L
3 59 0 1 L D
3 60 0 1 L D
3 61 0 1 L R
3 62 0 1 L D
3 63 0 1 L D
3 64 0 1 L L
3 65 0 1 L U
3 66 0 1 L U
3 67 0 1 L R
3 68 0 1 L U
3 69 0 1 U U
3 70 0 1 R L
3 71 0 1 R D
3 72 0 1 R D
3 73 0 1 R R
3 74 0 1 R D
3 75 0 1 R D
3 76 0 1 R L
3 77 0 1 R U
3 78 0 1 R U
3 79 0 1 R R
3 80 0 1 R U
3 81 0 1 R U
3 82 0 1 R L
3 83 0 1 R D
3 84 0 1 R D
3 85 0 1 R R
3 86 0 1 R D
3 87 0 1 D D
3 88 0 1 D L
3 89 0 1 L U
3 90 0 1 L U
3 91 0 1 L R
3 92 0 1 L U
3 93 0 1 L U
3 94 0 1 U L
3 95 0 1 R D
3 96 0 1 R D
3 97 0 1 R R
3 98 0 1 R D
3 99 0 1 R D
3 100 0 1 D L
3 101 0 1 R U
3 102 0 1 U U
3 103 0 1 L R
3 104 0 1 L U
3 105 0 1 L U
3 106 0 1 L L
3 107 0 1 L D
3 108 0 1 L D
3 109 0 1 L R
3 110 0 1 L D
3 111 0 1 L D
3 112 0 1 L L
3 113 0 1 L U
3 114 0 1 L U
3 115 0 1 L R
3 116 0 1 L U
3 117 0 1 L R
3 118 0 1 L U
3 119 0 1 L U
4 0 0 0 D D
4 1 0 0 R D
4 2 0 0 R D
4 3 0 0 R D
4 4 0 0 R D
4 5 0 0 R D
4 6 0 0 R D
4 7 0 0 R D
4 8 0 0 U R
4 9 0 0 L R
4 10 0 0 L D
4 11 0 0 L R
4 12 0 0 L L
4 13 0 0 L L
4 14 0 0 L L
4 15 0 0 L L
4 16 0 0 L R
4 17 0 0 U U
4 18 0 0 R U
4 19 0 0 R U
4 20 0 0 R U
4 21 0 0 R U
4 22 0 0 R U
4 23 0 0 R U
4 24 0 0 R U
4 25 0 0 R U
4 26 0 0 R U
4 27 0 0 R U
4 28 0 0 R U
4 29 0 0 R U
4 30 0 0 R U
4 31 0 0 R U
4 32 0 0 R U
4 33 0 0 R U
4 34 0 0 R U
4 35 0 0 R U
4 36 0 0 R U
4 37 0 0 R U
4 38 0 0 R U
4 39 0 0 R U
4 40 0 0 R U
4 41 0 0 R U
4 42 0 0 R U
4 43 0 0 R U
4 44 0 0 R U
4 45 0 0 R U
4 46 0 0 R U
4 47 0 0 R U
4 48 0 0 R U
4 49 0 0 R U
4 50 0 0 R U
4 51 0 0 R U
4 52 0 0 R U
4 53 0 0 R U
4 54 0 0 R U
4 55 0 0 R U
4 56 0 0 R U
4 57 0 0 R U
4 58 0 0 R U
4 59 0 0 R U
4 60 0 0 R U
4 61 0 0 R U
4 62 0 0 R U
4 63 0 0 R U
4 64 0 0 R U
4 65 0 0 R U
4 66 0 0 R U
4 67 0 0 R U
4 68 0 0 R U
4 69 0 0 R U
4 70 0 0 R U
4 71 0 0 R U
4 72 0 0 R U
4 73 0 0 R U
4 74 0 0 R U
4 75 0 0 R U
4 76 0 0 R U
4 77 0 0 R U
4 78 0 0 R U
4 79 0 0 R U
4 80 0 0 R U
4 81 0 0 R U
4 82 0 0 R U
4 83 0 0 R U
4 84 0 0 R U
4 85 0 0 R U
4 86 0 0 R U
4 87 0 0 R U
4 88 0 0 R U
4 89 0 0 R U
4 90 0 0 R U
4 91 0 0 R U
4 92 0 0 R U
4 93 0 0 R U
4 94 0 0 R U
4 95 0 0 R U
4 96 0 0 R U
4 97 0 0 R U
4 98 0 0 R U
4 99 0 0 R U
4 100 0 0 R U
4 101 0 0 R U
4 102 0 0 R U
4 103 0 0 R U
4 104 0 0 R U
4 105 0 0 R U
4 106 0 0 R U
4 107 0 0 R U
4 108 0 0 R U
4 109 0 0 R U
4 110 0 0 R U
4 111 0 0 R U
4 112 0 0 R U
4 113 0 0 R U
4 114 0 0 R U
4 115 0 0 R U
4 116 0 0 R U
4 117 0 0 R U
4 118 0 0 R U
4 119 0 0 R U
0 0 0 0 R D
0 1 0 0 R D
0 2 0 0 R D
0 3 0 0 R D
0 4 0 0 R R
0 5 0 0 R R
0 6 0 0 R R
0 7 0 0 R R
0 8 0 0 D R
0 9 0 0 R R
0 10 0 0 R R
0 11 0 0 U R
0 12 0 0 R R
0 13 0 0 R R
0 14 0 0 U D
0 15 0 1 L D
0 16 0 1 L U
0 17 0 1 D U
0 18 0 1 L U
0 19 0 1 D U
0 20 0 1 R U
0 21 0 1 R U
0 22 0 1 U U
0 23 0 1 L U
0 24 0 1 D U
0 25 0 1 L U
0 26 0 1 D L
0 27 0 1 R U
0 28 0 1 R U
0 29 0 1 R R
0 30 0 1 D D
0 31 0 1 L D
0 32 0 1 L D
0 33 0 1 D D
0 34 0 1 D D
0 35 0 1 D D
0 36 0 1 D D
0 37 0 1 D D
0 38 0 1 R D
0 39 0 1 U D
0 40 0 1 L D
0 41 0 2 L D
0 42 0 2 L U
0 43 0 2 L U
0 44 0 2 D U
0 45 0 2 L U
0 46 0 2 L U
0 47 0 2 L U
0 48 0 2 L U
0 49 0 2 L U
0 50 0 2 D U
0 51 0 2 R U
0 52 0 2 R U
0 53 0 2 R L
0 54 0 2 R L
0 55 0 2 R L
0 56 0 2 R L
0 57 0 2 R L
0 58 0 2 U L
0 59 0 2 R L
0 60 0 2 U L
0 61 0 2 L L
0 62 0 2 L L
0 63 0 2 L L
0 64 0 2 L D
0 65 0 2 L D
0 66 0 2 L D
0 67 0 2 L D
0 68 0 2 L D
0 69 0 2 L D
0 70 0 2 L D
0 71 0 2 L D
0 72 0 2 L D
0 73 0 2 L D
0 74 0 2 D D
0 75 0 2 R D
0 76 0 2 R R
0 77 0 2 R D
0 78 0 2 D D
0 79 0 2 R L
0 80 0 2 R U
0 81 0 2 R U
0 82 0 2 R R
0 83 0 2 R U
0 84 0 2 R U
0 85 0 2 R L
0 86 0 2 R D
0 87 0 2 R D
0 88 0 2 R R
0 89 0 2 U D
0 90 0 2 R D
0 91 0 2 D L
0 92 0 2 R U
0 93 0 2 D U
0 94 0 2 L R
0 95 0 2 L U
0 96 0 2 L U
0 97 0 2 L L
0 98 0 2 L D
0 99 0 2 L D
0 100 0 2 L R
0 101 0 2 L D
0 102 0 2 L D
0 103 0 2 L L
0 104 0 2 L U
0 105 0 2 L U
0 106 0 2 L R
0 107 0 2 L U
0 108 0 2 L R
0 109 0 2 D S
0 110 0 2 R S
0 111 0 2 D D
0 112 0 2 D D
0 113 0 2 L D
0 114 0 2 D S
0 115 0 2 R U
0 116 0 2 R L
0 117 0 2 R L
0 118 0 2 R U
0 119 0 2 R R
1 0 0 0 D D
1 1 0 0 R D
1 2 0 0 U D
1 3 0 0 R D
1 4 0 0 R D
1 5 0 0 R D
1 6 0 0 D D
1 7 0 0 L R
1 8 0 0 L R
1 9 0 0 L R
1 10 0 0 L R
1 11 0 0 U D
1 12 0 0 U L
1 13 0 0 U D
1 14 0 0 R R
1 15 0 0 D R
1 16 0 0 L R
1 17 0 0 D R
1 18 0 1 R R
1 19 0 1 R U
1 20 0 1 R U
1 21 0 1 R U
1 22 0 1 D R
1 23 0 1 L R
1 24 0 1 L R
1 25 0 1 L R
1 26 0 1 L R
1 27 0 1 U D
1 28 0 1 L D
1 29 0 1 L D
1 30 0 1 L L
1 31 0 1 L D
1 32 0 1 D D
1 33 0 1 R R
1 34 0 1 U U
1 35 0 1 R U
1 36 0 1 U L
1 37 0 1 R U
1 38 0 1 L U
1 39 0 1 L R
1 40 0 1 L D
1 41 0 1 L D
1 42 1 1 D L
1 43 1 1 R D
1 44 1 1 R D
1 45 1 1 R R
1 46 1 1 R U
1 47 1 1 R U
1 48 1 1 R L
1 49 1 1 R U
1 50 1 1 R U
1 51 1 1 R R
1 52 1 1 D D
1 53 1 1 L D
1 54 1 1 L L
1 55 1 1 L D
1 56 1 1 L D
1 57 1 1 L R
1 58 1 1 L U
1 59 1 1 L U
1 60 1 1 L L
1 61 1 1 D U
1 62 1 1 R U
1 63 1 1 R R
1 64 1 1 R D
1 65 1 1 R D
1 66 1 1 R L
1 67 1 1 R D
1 68 1 1 R D
1 69 1 1 R R
1 70 1 1 D U
1 71 1 1 L U
1 72 1 1 L L
1 73 1 1 L U
1 74 1 1 L U
1 75 1 1 L R
1 76 1 1 L D
1 77 1 1 L D
1 78 1 1 L L
1 79 1 1 L D
1 80 1 1 L D
1 81 1 1 L R
1 82 1 1 L U
1 83 1 1 D U
1 84 1 1 R L
1 85 1 1 R U
1 86 1 1 R U
1 87 1 1 R R
1 88 1 1 R D
1 89 1 1 R D
1 90 1 1 R L
1 91 1 1 R D
1 92 1 1 R D
1 93 1 1 R R
1 94 1 1 R U
1 95 1 1 R U
1 96 1 1 D L
1 97 1 1 L U
1 98 1 1 L U
1 99 1 1 L R
1 100 1 1 L D
1 101 1 1 L D
1 102 1 1 L L
1 103 1 1 L D
1 104 1 1 L D
1 105 1 1 L R
1 106 1 1 L U
1 107 1 1 D U
1 108 1 1 R L
1 109 1 1 R U
1 110 1 1 R U
1 111 1 1 R R
1 112 1 1 R D
1 113 1 1 R D
1 114 1 1 R L
1 115 1 1 R D
1 116 1 1 R D
1 117 1 1 R R
1 118 1 1 D U
1 119 1 1 L U
2 0 0 0 L D
2 1 0 0 L D
2 2 0 0 D D
2 3 0 0 L D
2 4 0 0 L D
2 5 0 0 L D
2 6 0 0 D D
2 7 0 0 R R
2 8 0 0 R R
2 9 0 0 R R
2 10 0 0 D R
2 11 0 0 R R
2 12 0 0 R D
2 13 0 0 R R
2 14 0 0 R D
2 15 0 1 D L
2 16 0 1 L U
2 17 0 1 L U
2 18 0 1 L L
2 19 0 1 D L
2 20 0 1 L L
2 21 0 1 U L
2 22 0 1 U U
2 23 0 1 R U
2 24 1 1 U L
2 25 1 1 L L
2 26 1 1 L L
2 27 1 1 D L
2 28 1 1 L L
2 29 1 1 U L
2 30 1 1 R U
2 31 1 1 R L
2 32 1 1 R L
2 33 1 1 R L
2 34 1 1 R L
2 35 1 1 R D
2 36 1 1 R D
2 37 1 1 R D
2 38 1 1 R D
2 39 1 1 R L
2 40 1 1 R D
2 41 1 1 R R
2 42 1 1 R R
2 43 1 1 R R
2 44 1 1 D R
2 45 1 1 L R
2 46 1 1 L R
2 47 1 1 L R
2 48 1 1 L R
2 49 1 1 L R
2 50 1 2 L R
2 51 1 2 L S
2 52 1 2 L S
2 53 1 2 L S
2 54 1 2 L S
2 55 1 2 L S
2 56 1 2 L S
2 57 1 2 L S
2 58 1 2 L S
2 59 1 2 L S
2 60 1 2 D S
2 61 1 2 R S
2 62 1 2 R S
2 63 1 2 R S
2 64 1 2 R S
2 65 1 2 R S
2 66 1 2 R S
2 67 1 2 R S
2 68 1 2 R S
2 69 1 2 R S
2 70 1 2 R S
2 71 1 2 R S
2 72 1 2 R S
2 73 1 2 R S
2 74 1 2 R S
2 75 1 2 R S
2 76 1 2 D S
2 77 1 2 L S
2 78 1 2 L S
2 79 1 2 L S
2 80 1 2 D S
2 81 1 2 R S
2 82 1 2 R S
2 83 1 2 R S
2 84 1 2 D S
2 85 1 2 L S
2 86 1 2 L S
2 87 1 2 L S
2 88 1 2 L S
2 89 1 2 L S
2 90 1 2 L S
2 91 1 2 L S
2 92 1 2 L S
2 93 1 2 L S
2 94 1 2 L S
2 95 1 2 L S
2 96 1 2 L S
2 97 1 2 L S
2 98 1 2 L S
2 99 1 2 L S
2 100 1 2 U S
2 101 1 2 R S
2 102 1 2 R S
2 103 1 2 R S
2 104 1 2 R S
2 105 1 2 R S
2 106 1 2 R S
2 107 1 2 R S
2 108 1 2 R S
2 109 1 2 R S
2 110 1 2 R S
2 111 1 2 R S
2 112 1 2 R S
2 113 1 2 R S
2 114 1 2 R S
2 115 1 2 R S
2 116 1 2 D S
2 117 1 2 L S
2 118 1 2 L S
2 119 1 2 L S
3 0 0 0 L U
3 1 0 0 L L
3 2 0 0 L L
3 3 0 0 L L
3 4 0 0 L L
3 5 0 0 L L
3 6 0 0 L L
3 7 0 0 L L
3 8 0 0 L L
3 9 0 0 D L
3 10 0 0 R L
3 11 0 0 R L
3 12 0 0 R L
3 13 0 0 R U
3 14 0 0 R R
3 15 0 0 D R
3 16 0 0 L R
3 17 0 0 L R
3 18 0 0 L R
3 19 0 0 L R
3 20 0 0 L R
3 21 0 0 L R
3 22 0 0 L R
3 23 0 0 L R
3 24 0 0 L R
3 25 0 0 L R
3 26 0 0 L R
3 27 0 0 L R
3 28 0 0 L R
3 29 0 0 L R
3 30 0 0 L R
3 31 0 0 L R
3 32 0 0 L R
3 33 0 0 L R
3 34 0 0 L R
3 35 0 0 L R
3 36 0 0 L R
3 37 0 0 L R
3 38 0 0 L R
3 39 0 0 L R
3 40 0 0 L R
3 41 0 0 L R
3 42 0 0 L R
3 43 0 0 L R
3 44 0 0 L R
3 45 0 0 L R
3 46 0 0 L R
3 47 0 0 L R
3 48 0 0 L R
3 49 0 0 L R
3 50 0 0 L R
3 51 0 0 L R
3 52 0 0 L R
3 53 0 0 L R
3 54 0 0 L R
3 55 0 0 L R
3 56 0 0 L R
3 57 0 0 L R
3 58 0 0 L R
3 59 0 0 L R
3 60 0 0 L R
3 61 0 0 L R
3 62 0 0 L R
3 63 0 0 L R
3 64 0 0 L R
3 65 0 0 L R
3 66 0 0 L R
3 67 0 0 L R
3 68 0 0 L R
3 69 0 0 L R
3 70 0 0 L R
3 71 0 0 L R
3 72 0 0 L R
3 73 0 0 L R
3 74 0 0 L R
3 75 0 0 L R
3 76 0 0 L R
3 77 0 0 L R
3 78 0 0 L R
3 79 0 0 L R
3 80 0 0 L R
3 81 0 0 L R
3 82 0 0 L R
3 83 0 0 L R
3 84 0 0 L R
3 85 0 0 L R
3 86 0 0 L R
3 87 0 0 L R
3 88 0 0 L R
3 89 0 0 L R
3 90 0 0 L R
3 91 0 0 L R
3 92 0 0 L R
3 93 0 0 L R
3 94 0 0 L R
3 95 0 0 L R
3 96 0 0 L R
3 97 0 0 L R
3 98 0 0 L R
3 99 0 0 L R
3 100 0 0 L R
3 101 0 0 L R
3 102 0 0 L R
3 103 0 0 L R
3 104 0 0 L R
3 105 0 0 L R
3 106 0 0 L R
3 107 0 0 L R
3 108 0 0 L R
3 109 0 0 L R
3 110 0 0 L R
3 111 0 0 L R
3 112 0 0 L R
3 113 0 0 L R
3 114 0 0 L R
3 115 0 0 L R
3 116 0 0 L R
3 117 0 0 L R
3 118 0 0 L R
3 119 0 0 L R
4 0 0 0 U D
4 1 0 0 R D
4 2 0 0 R D
4 3 0 0 R D
4 4 0 0 R D
4 5 0 0 R D
4 6 0 0 R D
4 7 0 0 R D
4 8 0 0 R D
4 9 0 0 R D
4 10 0 0 R D
4 11 0 0 R D
4 12 0 0 R D
4 13 0 0 R D
4 14 0 0 R D
4 15 0 0 R D
4 16 0 0 R D
4 17 0 0 R D
4 18 0 0 R D
4 19 0 0 R D
4 20 0 0 R D
4 21 0 0 R D
4 22 0 0 R D
4 23 0 0 R D
4 24 0 0 R D
4 25 0 0 R D
4 26 0 0 R D
4 27 0 0 R D
4 28 0 0 R D
4 29 0 0 R D
4 30 0 0 R D
4 31 0 0 R D
4 32 0 0 R D
4 33 0 0 R D
4 34 0 0 R D
4 35 0 0 R D
4 36 0 0 R D
4 37 0 0 R D
4 38 0 0 R D
4 39 0 0 R D
4 40 0 0 R D
4 41 0 0 R D
4 42 0 0 R D
4 43 0 0 R D
4 44 0 0 R D
4 45 0 0 R D
4 46 0 0 R D
4 47 0 0 R D
4 48 0 0 R D
4 49 0 0 R D
4 50 0 0 R D
4 51 0 0 R D
4 52 0 0 R D
4 53 0 0 R D
4 54 0 0 R D
4 55 0 0 R D
4 56 0 0 R D
4 57 0 0 R D
4 58 0 0 R D
4 59 0 0 R D
4 60 0 0 R D
4 61 0 0 R D
4 62 0 0 R D
4 63 0 0 R D
4 64 0 0 R D
4 65 0 0 R D
4 66 0 0 R D
4 67 0 0 R D
4 68 0 0 R D
4 69 0 0 R D
4 70 0 0 R D
4 71 0 0 R D
4 72 0 0 R D
4 73 0 0 R D
4 74 0 0 R D
4 75 0 0 R D
4 76 0 0 R D
4 77 0 0 R D
4 78 0 0 R D
4 79 0 0 R D
4 80 0 0 R D
4 81 0 0 R D
4 82 0 0 R D
4 83 0 0 R D
4 84 0 0 R D
4 85 0 0 R D
4 86 0 0 R D
4 87 0 0 R D
4 88 0 0 R D
4 89 0 0 R D
4 90 0 0 R D
4 91 0 0 R D
4 92 0 0 R D
4 93 0 0 R D
4 94 0 0 R D
4 95 0 0 R D
4 96 0 0 R D
4 97 0 0 R D
4 98 0 0 R D
4 99 0 0 R D
4 100 0 0 R D
4 101 0 0 R D
4 102 0 0 R D
4 103 0 0 R D
4 104 0 0 R D
4 105 0 0 R D
4 106 0 0 R D
4 107 0 0 R D
4 108 0 0 R D
4 109 0 0 R D
4 110 0 0 R D
4 111 0 0 R D
4 112 0 0 R D
4 113 0 0 R D
4 114 0 0 R D
4 115 0 0 R D
4 116 0 0 R D
4 117 0 0 R D
4 118 0 0 R D
4 119 0 0 R D
0 0 0 0 U U
0 1 0 0 U U
0 2 0 0 U U
0 3 0 0 U U
0 4 0 0 U U
0 5 0 0 U R
0 6 0 0 U R
0 7 0 0 U R
0 8 0 0 U U
0 9 0 0 U R
0 10 0 0 U D
0 11 0 0 R D
0 12 0 0 R D
0 13 0 0 R D
0 14 0 0 R D
0 15 0 0 R D
0 16 0 0 R D
0 17 0 1 D D
0 18 0 1 R U
0 19 0 1 D U
0 20 0 1 L U
0 21 0 1 L U
0 22 1 1 L U
0 23 1 1 U U
0 24 1 1 U U
0 25 1 1 U U
0 26 1 1 U U
0 27 1 1 U U
0 28 1 1 L U
0 29 1 1 L L
0 30 1 1 L L
0 31 1 1 L L
0 32 1 1 L L
0 33 1 1 L L
0 34 1 1 L S
0 35 1 1 D S
0 36 1 1 D S
0 37 1 1 D S
0 38 1 1 D S
0 39 1 1 D S
0 40 1 1 D S
0 41 1 1 D S
0 42 1 1 D S
0 43 1 1 D S
0 44 1 1 R S
0 45 1 1 D D
0 46 1 1 D D
0 47 1 1 L D
0 48 1 1 U S
0 49 1 1 U S
0 50 1 1 R S
0 51 1 1 U D
0 52 1 1 U D
0 53 1 1 L D
0 54 1 1 D S
0 55 1 1 D S
0 56 1 1 R S
0 57 1 1 D D
0 58 1 1 D D
0 59 1 1 L D
0 60 1 1 U S
0 61 1 1 U S
0 62 1 1 R S
0 63 1 1 U D
0 64 1 1 U D
0 65 1 1 L D
0 66 1 1 D S
0 67 1 1 D S
0 68 1 1 R S
0 69 1 1 D D
0 70 1 1 D D
0 71 1 1 L D
0 72 1 1 U S
0 73 1 1 U S
0 74 1 1 R S
0 75 1 1 U D
0 76 1 1 U D
0 77 1 1 L D
0 78 1 1 D S
0 79 1 1 D S
0 80 1 1 R S
0 81 1 1 D D
0 82 1 1 D D
0 83 1 1 L D
0 84 1 1 U S
0 85 1 1 U S
0 86 1 1 R S
0 87 1 1 U D
0 88 1 1 U D
0 89 1 1 L D
0 90 1 1 D S
0 91 1 1 D S
0 92 1 1 R S
0 93 1 1 D D
0 94 1 1 D D
0 95 1 1 L D
0 96 1 1 U S
0 97 1 1 U S
0 98 1 1 R S
0 99 1 1 U D
0 100 1 1 U D
0 101 1 1 L D
0 102 1 1 D S
0 103 1 1 D S
0 104 1 1 R S
0 105 1 1 D D
0 106 1 1 D D
0 107 1 1 L D
0 108 1 1 U S
0 109 1 1 U S
0 110 1 1 R S
0 111 1 1 U D
0 112 1 1 U D
0 113 1 1 L D
0 114 1 1 D S
0 115 1 1 D S
0 116 1 1 R S
0 117 1 1 D D
0 118 1 1 D D
0 119 1 1 L D
0 120 1 1 U S
0 121 1 1 U S
0 122 1 1 R S
0 123 1 1 U D
0 124 1 1 U D
0 125 1 1 L D
0 126 1 1 D S
0 127 1 1 D S
0 128 1 1 R S
0 129 1 1 D D
0 130 1 1 D D
0 131 1 1 L D
0 132 1 1 U S
0 133 1 1 U S
0 134 1 1 R S
0 135 1 1 U D
0 136 1 1 U D
0 137 1 1 L D
0 138 1 1 D S
0 139 1 1 D S
0 140 1 1 R S
0 141 1 1 D D
0 142 1 1 D D
0 143 1 1 L D
0 144 1 1 U S
0 145 1 1 U S
0 146 1 1 R S
0 147 1 1 U D
0 148 1 1 U D
0 149 1 1 L D
0 150 1 1 D S
0 151 1 1 D S
0 152 1 1 R S
0 153 1 1 D D
0 154 1 1 D D
0 155 1 1 L D
0 156 1 1 U S
0 157 1 1 U S
0 158 1 1 R S
0 159 1 1 U D
0 160 1 1 U D
0 161 1 1 L D
0 162 1 1 D S
0 163 1 1 D S
0 164 1 1 R S
0 165 1 1 D D
0 166 1 1 D D
0 167 1 1 L D
0 168 1 1 U S
0 169 1 1 U S
0 170 1 1 R S
0 171 1 1 U D
0 172 1 1 U D
0 173 1 1 L D
0 174 1 1 D S
0 175 1 1 D S
0 176 1 1 R S
0 177 1 1 D D
0 178 1 1 D D
0 179 1 1 L D
0 180 1 1 U S
0 181 1 1 U S
0 182 1 1 R S
0 183 1 1 U D
0 184 1 1 U D
0 185 1 1 L D
0 186 1 1 D S
0 187 1 1 D S
0 188 1 1 R S
0 189 1 1 D D
0 190 1 1 D D
0 191 1 1 L D
0 192 1 1 U S
0 193 1 1 U S
0 194 1 1 R S
0 195 1 1 U D
0 196 1 1 U D
0 197 1 1 L D
0 198 1 1 D S
0 199 1 1 D S
1 0 0 0 D D
1 1 0 0 D D
1 2 0 0 D D
1 3 0 0 D D
1 4 0 0 D D
1 5 0 0 D D
1 6 0 0 D D
1 7 0 0 L L
1 8 0 0 L L
1 9 0 0 L L
1 10 0 0 D L
1 11 0 0 L L
1 12 0 0 U L
1 13 1 0 U D
1 14 1 0 D R
1 15 1 0 D R
1 16 1 0 D U
1 17 1 0 D R
1 18 1 0 D R
1 19 1 0 D D
1 20 1 0 D L
1 21 1 0 D L
1 22 1 0 D U
1 23 1 0 L L
1 24 1 0 L L
1 25 1 0 L D
1 26 1 0 L R
1 27 1 0 L R
1 28 1 0 L U
1 29 1 0 U R
1 30 1 0 U R
1 31 1 0 U D
1 32 1 0 U L
1 33 1 0 U L
1 34 1 0 U U
1 35 1 0 R L
1 36 1 0 U L
1 37 1 0 U D
1 38 1 0 L R
1 39 1 0 D R
1 40 1 0 D U
1 41 1 0 R R
1 42 1 0 D R
1 43 1 0 D D
1 44 1 0 L L
1 45 1 0 U L
1 46 1 0 U U
1 47 1 0 R L
1 48 1 0 U L
1 49 1 0 U D
1 50 1 0 L R
1 51 1 0 D R
1 52 1 0 D U
1 53 1 0 R R
1 54 1 0 D R
1 55 1 0 D D
1 56 1 0 L L
1 57 1 0 U L
1 58 1 0 U U
1 59 1 0 R L
1 60 1 0 U L
1 61 1 0 U D
1 62 1 0 L R
1 63 1 0 D R
1 64 1 0 D U
1 65 1 0 R R
1 66 1 0 D R
1 67 1 0 D D
1 68 1 0 L L
1 69 1 0 U L
1 70 1 0 U U
1 71 1 0 R L
1 72 1 0 U L
1 73 1 0 U D
1 74 1 0 L R
1 75 1 0 D R
1 76 1 0 D U
1 77 1 0 R R
1 78 1 0 D R
1 79 1 0 D D
1 80 1 0 L L
1 81 1 0 U L
1 82 1 0 U U
1 83 1 0 R L
1 84 1 0 U L
1 85 1 0 U D
1 86 1 0 L R
1 87 1 0 D R
1 88 1 0 D U
1 89 1 0 R R
1 90 1 0 D R
1 91 1 0 D D
1 92 1 0 L L
1 93 1 0 U L
1 94 1 0 U U
1 95 1 0 R L
1 96 1 0 U L
1 97 1 0 U D
1 98 1 0 L R
1 99 1 0 D R
1 100 1 0 D U
1 101 1 0 R R
1 102 1 0 D R
1 103 1 0 D D
1 104 1 0 L L
1 105 1 0 U L
1 106 1 0 U U
1 107 1 0 R L
1 108 1 0 U L
1 109 1 0 U D
1 110 1 0 L R
1 111 1 0 D R
1 112 1 0 D U
1 113 1 0 R R
1 114 1 0 D R
1 115 1 0 D D
1 116 1 0 L L
1 117 1 0 U L
1 118 1 0 U U
1 119 1 0 R L
1 120 1 0 U L
1 121 1 0 U D
1 122 1 0 L R
1 123 1 0 D R
1 124 1 0 D U
1 125 1 0 R R
1 126 1 0 D R
1 127 1 0 D D
1 128 1 0 L L
1 129 1 0 U L
1 130 1 0 U U
1 131 1 0 R L
1 132 1 0 U L
1 133 1 0 U D
1 134 1 0 L R
1 135 1 0 D R
1 136 1 0 D U
1 137 1 0 R R
1 138 1 0 D R
1 139 1 0 D D
1 140 1 0 L L
1 141 1 0 U L
1 142 1 0 U U
1 143 1 0 R L
1 144 1 0 U L
1 145 1 0 U D
1 146 1 0 L R
1 147 1 0 D R
1 148 1 0 D U
1 149 1 0 R R
1 150 1 0 D R
1 151 1 0 D D
1 152 1 0 L L
1 153 1 0 U L
1 154 1 0 U U
1 155 1 0 R L
1 156 1 0 U L
1 157 1 0 U D
1 158 1 0 L R
1 159 1 0 D R
1 160 1 0 D U
1 161 1 0 R R
1 162 1 0 D R
1 163 1 0 D D
1 164 1 0 L L
1 165 1 0 U L
1 166 1 0 U U
1 167 1 0 R L
1 168 1 0 U L
1 169 1 0 U D
1 170 1 0 L R
1 171 1 0 D R
1 172 1 0 D U
1 173 1 0 R R
1 174 1 0 D R
1 175 1 0 D D
1 176 1 0 L L
1 177 1 0 U L
1 178 1 0 U U
1 179 1 0 R L
1 180 1 0 U L
1 181 1 0 U D
1 182 1 0 L R
1 183 1 0 D R
1 184 1 0 D U
1 185 1 0 R R
1 186 1 0 D R
1 187 1 0 D D
1 188 1 0 L L
1 189 1 0 U L
1 190 1 0 U U
1 191 1 0 R L
1 192 1 0 U L
1 193 1 0 U D
1 194 1 0 L R
1 195 1 0 D R
1 196 1 0 D U
1 197 1 0 R R
1 198 1 0 D R
1 199 1 0 D D
2 0 0 0 D R
2 1 0 0 D R
2 2 0 0 D R
2 3 0 0 D R
2 4 0 0 D U
2 5 0 0 D R
2 6 0 0 D R
2 7 0 0 R D
2 8 0 0 R L
2 9 0 0 R L
2 10 0 0 U U
2 11 0 0 R L
2 12 0 0 U L
2 13 0 0 L D
2 14 0 0 L R
2 15 0 0 L R
2 16 1 0 L U
2 17 1 0 D R
2 18 1 0 D R
2 19 1 0 R D
2 20 1 0 R L
2 21 1 0 R L
2 22 1 0 R U
2 23 1 0 R L
2 24 1 0 R L
2 25 1 0 R D
2 26 1 0 R R
2 27 1 0 R R
2 28 1 0 U U
2 29 1 0 R R
2 30 1 0 U R
2 31 1 0 L D
2 32 1 0 L L
2 33 1 0 L L
2 34 1 0 L U
2 35 1 0 L L
2 36 1 0 L L
2 37 1 0 L D
2 38 1 0 L R
2 39 1 0 L R
2 40 2 0 L U
2 41 2 0 D R
2 42 2 0 D R
2 43 2 0 D D
2 44 2 0 D L
2 45 2 0 D L
2 46 2 0 D U
2 47 2 0 U L
2 48 2 0 U L
2 49 2 0 R D
2 50 2 0 D R
2 51 2 0 D R
2 52 2 0 U U
2 53 2 0 U R
2 54 2 0 R R
2 55 2 0 R D
2 56 2 0 D L
2 57 2 0 R L
2 58 2 0 D U
2 59 2 0 U S
2 60 2 0 U U
2 61 2 0 R L
2 62 2 0 R L
2 63 2 0 D D
2 64 2 0 L R
2 65 2 0 D R
2 66 2 0 U U
2 67 2 0 U R
2 68 2 0 R R
2 69 2 0 R D
2 70 2 0 D L
2 71 2 0 R L
2 72 2 0 L R
2 73 2 0 R U
2 74 2 0 D U
2 75 2 0 L S
2 76 2 0 L S
2 77 2 0 L S
2 78 2 0 L S
2 79 2 0 L S
2 80 2 0 L S
2 81 2 0 L S
2 82 2 0 U S
2 83 2 0 L L
2 84 2 0 L L
2 85 2 0 D L
2 86 2 0 R S
2 87 2 0 R S
2 88 2 0 U S
2 89 2 0 R L
2 90 2 0 R L
2 91 2 0 D L
2 92 2 0 L S
2 93 2 0 L S
2 94 2 0 U S
2 95 2 0 L L
2 96 2 0 L L
2 97 2 0 D L
2 98 2 0 R S
2 99 2 0 R S
2 100 2 0 U S
2 101 2 0 R L
2 102 2 0 R L
2 103 2 0 D L
2 104 2 0 L S
2 105 2 0 L S
2 106 2 0 U S
2 107 2 0 L L
2 108 2 0 L L
2 109 2 0 D L
2 110 2 0 R S
2 111 2 0 R S
2 112 2 0 U S
2 113 2 0 R L
2 114 2 0 R L
2 115 2 0 D L
2 116 2 0 L S
2 117 2 0 L S
2 118 2 0 U S
2 119 2 0 L L
2 120 2 0 L L
2 121 2 0 D L
2 122 2 0 R S
2 123 2 0 R S
2 124 2 0 U S
2 125 2 0 R L
2 126 2 0 R L
2 127 2 0 D L
2 128 2 0 L S
2 129 2 0 L S
2 130 2 0 U S
2 131 2 0 L L
2 132 2 0 L L
2 133 2 0 D L
2 134 2 0 R S
2 135 2 0 R S
2 136 2 0 U S
2 137 2 0 R L
2 138 2 0 R L
2 139 2 0 D L
2 140 2 0 L S
2 141 2 0 L S
2 142 2 0 U S
2 143 2 0 L L
2 144 2 0 L L
2 145 2 0 D L
2 146 2 0 R S
2 147 2 0 R S
2 148 2 0 U S
2 149 2 0 R L
2 150 2 0 R L
2 151 2 0 D L
2 152 2 0 L S
2 153 2 0 L S
2 154 2 0 U S
2 155 2 0 L L
2 156 2 0 L L
2 157 2 0 D L
2 158 2 0 R S
2 159 2 0 R S
2 160 2 0 U S
2 161 2 0 R L
2 162 2 0 R L
2 163 2 0 D L
2 164 2 0 L S
2 165 2 0 L S
2 166 2 0 U S
2 167 2 0 L L
2 168 2 0 L L
2 169 2 0 D L
2 170 2 0 R S
2 171 2 0 R S
2 172 2 0 U S
2 173 2 0 R L
2 174 2 0 R L
2 175 2 0 D L
2 176 2 0 L S
2 177 2 0 L S
2 178 2 0 U S
2 179 2 0 L L
2 180 2 0 L L
2 181 2 0 D L
2 182 2 0 R S
2 183 2 0 R S
2 184 2 0 U S
2 185 2 0 R L
2 186 2 0 R L
2 187 2 0 D L
2 188 2 0 L S
2 189 2 0 L S
2 190 2 0 U S
2 191 2 0 L L
2 192 2 0 L L
2 193 2 0 D L
2 194 2 0 R S
2 195 2 0 R S
2 196 2 0 U S
2 197 2 0 R L
2 198 2 0 R L
2 199 2 0 D L
3 0 0 0 L R
3 1 1 0 L R
3 2 1 0 D R
3 3 1 0 D D
3 4 1 0 D D
3 5 1 0 D D
3 6 1 0 R D
3 7 1 0 U D
3 8 1 0 U D
3 9 1 0 U D
3 10 1 0 R R
3 11 1 0 U R
3 12 1 0 L R
3 13 2 0 L D
3 14 2 0 D R
3 15 2 0 D R
3 16 2 0 R R
3 17 2 0 R D
3 18 2 0 D D
3 19 2 0 D D
3 20 2 0 D L
3 21 2 0 R D
3 22 2 1 R R
3 23 2 1 S S
3 24 2 1 S S
3 25 2 1 S S
3 26 2 1 S S
3 27 2 1 S S
3 28 2 1 S S
3 29 2 1 S S
3 30 2 1 S S
3 31 2 1 S S
3 32 2 1 S S
3 33 2 1 S S
3 34 2 1 S S
3 35 2 1 S S
3 36 2 1 S S
3 37 2 1 S S
3 38 2 1 S S
3 39 2 1 S S
3 40 2 1 S S
3 41 2 1 S S
3 42 2 1 S S
3 43 2 1 S S
3 44 2 1 S S
3 45 2 1 S S
3 46 2 1 S S
3 47 2 1 S S
3 48 2 1 S S
3 49 2 1 S S
3 50 2 1 S S
3 51 2 1 S S
3 52 2 1 S S
3 53 2 1 S S
3 54 2 1 S S
3 55 2 1 S S
3 56 2 1 S S
3 57 2 1 S S
3 58 2 1 S S
3 59 2 1 S S
3 60 2 1 S S
3 61 2 1 S S
3 62 2 1 S S
3 63 2 1 S S
3 64 2 1 S S
3 65 2 1 S S
3 66 2 1 S S
3 67 2 1 S S
3 68 2 1 S S
3 69 2 1 S S
3 70 2 1 S S
3 71 2 1 S S
3 72 2 1 S S
3 73 2 1 S S
3 74 2 1 S S
3 75 2 1 S S
3 76 2 1 S S
3 77 2 1 S S
3 78 2 1 S S
3 79 2 1 S S
3 80 2 1 S S
3 81 2 1 S S
3 82 2 1 S S
3 83 2 1 S S
3 84 2 1 S S
3 85 2 1 S S
3 86 2 1 S S
3 87 2 1 S S
3 88 2 1 S S
3 89 2 1 S S
3 90 2 1 S S
3 91 2 1 S S
3 92 2 1 S S
3 93 2 1 S S
3 94 2 1 S S
3 95 2 1 S S
3 96 2 1 S S
3 97 2 1 S S
3 98 2 1 S S
3 99 2 1 S S
3 100 2 1 S S
3 101 2 1 S S
3 102 2 1 S S
3 103 2 1 S S
3 104 2 1 S S
3 105 2 1 S S
3 106 2 1 S S
3 107 2 1 S S
3 108 2 1 S S
3 109 2 1 S S
3 110 2 1 S S
3 111 2 1 S S
3 112 2 1 S S
3 113 2 1 S S
3 114 2 1 S S
3 115 2 1 S S
3 116 2 1 S S
3 117 2 1 S S
3 118 2 1 S S
3 119 2 1 S S
3 120 2 1 S S
3 121 2 1 S S
3 122 2 1 S S
3 123 2 1 S S
3 124 2 1 S S
3 125 2 1 S S
3 126 2 1 S S
3 127 2 1 S S
3 128 2 1 S S
3 129 2 1 S S
3 130 2 1 S S
3 131 2 1 S S
3 132 2 1 S S
3 133 2 1 S S
3 134 2 1 S S
3 135 2 1 S S
3 136 2 1 S S
3 137 2 1 S S
3 138 2 1 S S
3 139 2 1 S S
3 140 2 1 S S
3 141 2 1 S S
3 142 2 1 S S
3 143 2 1 S S
3 144 2 1 S S
3 145 2 1 S S
3 146 2 1 S S
3 147 2 1 S S
3 148 2 1 S S
3 149 2 1 S S
3 150 2 1 S S
3 151 2 1 S S
3 152 2 1 S S
3 153 2 1 S S
3 154 2 1 S S
3 155 2 1 S S
3 156 2 1 S S
3 157 2 1 S S
3 158 2 1 S S
3 159 2 1 S S
3 160 2 1 S S
3 161 2 1 S S
3 162 2 1 S S
3 163 2 1 S S
3 164 2 1 S S
3 165 2 1 S S
3 166 2 1 S S
3 167 2 1 S S
3 168 2 1 S S
3 169 2 1 S S
3 170 2 1 S S
3 171 2 1 S S
3 172 2 1 S S
3 173 2 1 S S
3 174 2 1 S S
3 175 2 1 S S
3 176 2 1 S S
3 177 2 1 S S
3 178 2 1 S S
3 179 2 1 S S
3 180 2 1 S S
3 181 2 1 S S
3 182 2 1 S S
3 183 2 1 S S
3 184 2 1 S S
3 185 2 1 S S
3 186 2 1 S S
3 187 2 1 S S
3 188 2 1 S S
3 189 2 1 S S
3 190 2 1 S S
3 191 2 1 S S
3 192 2 1 S S
3 193 2 1 S S
3 194 2 1 S S
3 195 2 1 S S
3 196 2 1 S S
3 197 2 1 S S
3 198 2 1 S S
3 199 2 1 S S
4 0 0 0 D U
4 1 0 0 D U
4 2 0 0 D U
4 3 0 0 U U
4 4 0 0 D R
4 5 0 0 R R
4 6 0 0 R R
4 7 0 0 R R
4 8 0 0 R R
4 9 0 0 R R
4 10 0 0 R U
4 11 0 0 R R
4 12 0 0 R D
4 13 0 0 R D
4 14 0 0 R D
4 15 0 0 R D
4 16 0 0 R D
4 17 0 0 R D
4 18 0 0 R D
4 19 0 0 R D
4 20 0 0 R D
4 21 0 0 R D
4 22 0 0 R D
4 23 0 0 R D
4 24 0 0 R D
4 25 0 0 R D
4 26 0 0 R D
4 27 0 0 R D
4 28 0 0 R D
4 29 0 0 R D
4 30 0 0 R D
4 31 0 0 R D
4 32 0 0 R D
4 33 0 0 R D
4 34 0 0 R D
4 35 0 0 R D
4 36 0 0 R D
4 37 0 0 R D
4 38 0 0 R D
4 39 0 0 R D
4 40 0 0 R D
4 41 0 0 R D
4 42 0 0 R D
4 43 0 0 R D
4 44 0 0 R D
4 45 0 0 R D
4 46 0 0 R D
4 47 0 0 R D
4 48 0 0 R D
4 49 0 0 R D
4 50 0 0 R D
4 51 0 0 R D
4 52 0 0 R D
4 53 0 0 R D
4 54 0 0 R D
4 55 0 0 R D
4 56 0 0 R D
4 57 0 0 R D
4 58 0 0 R D
4 59 0 0 R D
4 60 0 0 R D
4 61 0 0 R D
4 62 0 0 R D
4 63 0 0 R D
4 64 0 0 R D
4 65 0 0 R D
4 66 0 0 R D
4 67 0 0 R D
4 68 0 0 R D
4 69 0 0 R D
4 70 0 0 R D
4 71 0 0 R D
4 72 0 0 R D
4 73 0 0 R D
4 74 0 0 R D
4 75 0 0 R D
4 76 0 0 R D
4 77 0 0 R D
4 78 0 0 R D
4 79 0 0 R D
4 80 0 0 R D
4 81 0 0 R D
4 82 0 0 R D
4 83 0 0 R D
4 84 0 0 R D
4 85 0 0 R D
4 86 0 0 R D
4 87 0 0 R D
4 88 0 0 R D
4 89 0 0 R D
4 90 0 0 R D
4 91 0 0 R D
4 92 0 0 R D
4 93 0 0 R D
4 94 0 0 R D
4 95 0 0 R D
4 96 0 0 R D
4 97 0 0 R D
4 98 0 0 R D
4 99 0 0 R D
4 100 0 0 R D
4 101 0 0 R D
4 102 0 0 R D
4 103 0 0 R D
4 104 0 0 R D
4 105 0 0 R D
4 106 0 0 R D
4 107 0 0 R D
4 108 0 0 R D
4 109 0 0 R D
4 110 0 0 R D
4 111 0 0 R D
4 112 0 0 R D
4 113 0 0 R D
4 114 0 0 R D
4 115 0 0 R D
4 116 0 0 R D
4 117 0 0 R D
4 118 0 0 R D
4 119 0 0 R D
4 120 0 0 R D
4 121 0 0 R D
4 122 0 0 R D
4 123 0 0 R D
4 124 0 0 R D
4 125 0 0 R D
4 126 0 0 R D
4 127 0 0 R D
4 128 0 0 R D
4 129 0 0 R D
4 130 0 0 R D
4 131 0 0 R D
4 132 0 0 R D
4 133 0 0 R D
4 134 0 0 R D
4 135 0 0 R D
4 136 0 0 R D
4 137 0 0 R D
4 138 0 0 R D
4 139 0 0 R D
4 140 0 0 R D
4 141 0 0 R D
4 142 0 0 R D
4 143 0 0 R D
4 144 0 0 R D
4 145 0 0 R D
4 146 0 0 R D
4 147 0 0 R D
4 148 0 0 R D
4 149 0 0 R D
4 150 0 0 R D
4 151 0 0 R D
4 152 0 0 R D
4 153 0 0 R D
4 154 0 0 R D
4 155 0 0 R D
4 156 0 0 R D
4 157 0 0 R D
4 158 0 0 R D
4 159 0 0 R D
4 160 0 0 R D
4 161 0 0 R D
4 162 0 0 R D
4 163 0 0 R D
4 164 0 0 R D
4 165 0 0 R D
4 166 0 0 R D
4 167 0 0 R D
4 168 0 0 R D
4 169 0 0 R D
4 170 0 0 R D
4 171 0 0 R D
4 172 0 0 R D
4 173 0 0 R D
4 174 0 0 R D
4 175 0 0 R D
4 176 0 0 R D
4 177 0 0 R D
4 178 0 0 R D
4 179 0 0 R D
4 180 0 0 R D
4 181 0 0 R D
4 182 0 0 R D
4 183 0 0 R D
4 184 0 0 R D
4 185 0 0 R D
4 186 0 0 R D
4 187 0 0 R D
4 188 0 0 R D
4 189 0 0 R D
4 190 0 0 R D
4 191 0 0 R D
4 192 0 0 R D
4 193 0 0 R D
4 194 0 0 R D
4 195 0 0 R D
4 196 0 0 R D
4 197 0 0 R D
4 198 0 0 R D
4 199 0 0 R D
0 0 0 0 U U
0 1 0 0 U L
0 2 0 0 U L
0 3 0 0 U L
0 4 0 0 U D
0 5 0 0 U R
0 6 0 0 U R
0 7 0 0 U U
0 8 0 0 U R
0 9 0 0 U R
0 10 0 0 U D
0 11 0 0 U L
0 12 0 0 U L
0 13 0 0 L U
0 14 0 0 D L
0 15 1 0 D L
0 16 1 0 D D
0 17 1 0 D R
0 18 1 0 D R
0 19 1 0 D U
0 20 1 0 D R
0 21 1 0 D R
0 22 1 0 D D
0 23 1 0 D L
0 24 1 0 D L
0 25 1 0 D U
0 26 1 0 D L
0 27 1 0 D L
0 28 1 0 D D
0 29 1 0 D R
0 30 1 0 D R
0 31 1 0 D U
0 32 1 0 D R
0 33 1 0 D R
0 34 1 0 D D
0 35 1 0 D L
0 36 1 0 D L
0 37 1 0 D U
0 38 1 0 D L
0 39 1 0 D L
0 40 1 0 D D
0 41 1 0 D R
0 42 1 0 D R
0 43 1 0 D U
0 44 1 0 D R
0 45 1 0 D R
0 46 1 0 D D
0 47 1 0 D L
0 48 1 0 D L
0 49 1 0 D U
0 50 1 0 D L
0 51 1 0 D L
0 52 1 0 D D
0 53 1 0 D R
0 54 1 0 D R
0 55 1 0 D U
0 56 1 0 D R
0 57 1 0 D R
0 58 1 0 D D
0 59 1 0 D L
0 60 1 0 D L
0 61 1 0 D U
0 62 1 0 D L
0 63 1 0 D L
0 64 1 0 D D
0 65 1 0 D R
0 66 1 0 D R
0 67 1 0 D U
0 68 1 0 D R
0 69 1 0 D R
0 70 1 0 D D
0 71 1 0 D L
0 72 1 0 D L
0 73 1 0 D U
0 74 1 0 D L
0 75 1 0 D L
0 76 1 0 D D
0 77 1 0 D R
0 78 1 0 D R
0 79 1 0 D U
0 80 1 0 D R
0 81 1 0 D R
0 82 1 0 D D
0 83 1 0 D L
0 84 1 0 D L
0 85 1 0 D U
0 86 1 0 D L
0 87 1 0 D L
0 88 1 0 D D
0 89 1 0 D R
0 90 1 0 D R
0 91 1 0 D U
0 92 1 0 D R
0 93 1 0 D R
0 94 1 0 D D
0 95 1 0 D L
0 96 1 0 D L
0 97 1 0 D U
0 98 1 0 D L
0 99 1 0 D L
0 100 1 0 D D
0 101 1 0 D R
0 102 1 0 D R
0 103 1 0 D U
0 104 1 0 D R
0 105 1 0 D R
0 106 1 0 D D
0 107 1 0 D L
0 108 1 0 D L
0 109 1 0 D U
0 110 1 0 D L
0 111 1 0 D L
0 112 1 0 D D
0 113 1 0 D R
0 114 1 0 D R
0 115 1 0 D U
0 116 1 0 D R
0 117 1 0 D R
0 118 1 0 D D
0 119 1 0 D L
0 120 1 0 D L
0 121 1 0 D U
0 122 1 0 D L
0 123 1 0 D L
0 124 1 0 D D
0 125 1 0 D R
0 126 1 0 D R
0 127 1 0 D U
0 128 1 0 D R
0 129 1 0 D R
0 130 1 0 D D
0 131 1 0 D L
0 132 1 0 D L
0 133 1 0 D U
0 134 1 0 D L
0 135 1 0 D L
0 136 1 0 D D
0 137 1 0 D R
0 138 1 0 D R
0 139 1 0 D U
0 140 1 0 D R
0 141 1 0 D R
0 142 1 0 D D
0 143 1 0 D L
0 144 1 0 D L
0 145 1 0 D U
0 146 1 0 D L
0 147 1 0 D L
0 148 1 0 D D
0 149 1 0 D R
0 150 1 0 D R
0 151 1 0 D U
0 152 1 0 D R
0 153 1 0 D R
0 154 1 0 D D
0 155 1 0 D L
0 156 1 0 D L
0 157 1 0 D U
0 158 1 0 D L
0 159 1 0 D L
0 160 1 0 D D
0 161 1 0 D R
0 162 1 0 D R
0 163 1 0 D U
0 164 1 0 D R
0 165 1 0 D R
0 166 1 0 D D
0 167 1 0 D L
0 168 1 0 D L
0 169 1 0 D U
0 170 1 0 D L
0 171 1 0 D L
0 172 1 0 D D
0 173 1 0 D R
0 174 1 0 D R
0 175 1 0 D U
0 176 1 0 D R
0 177 1 0 D R
0 178 1 0 D D
0 179 1 0 D L
0 180 1 0 D L
0 181 1 0 D U
0 182 1 0 D L
0 183 1 0 D L
0 184 1 0 D D
0 185 1 0 D R
0 186 1 0 D R
0 187 1 0 D U
0 188 1 0 D R
0 189 1 0 D R
0 190 1 0 D D
0 191 1 0 D L
0 192 1 0 D L
0 193 1 0 D U
0 194 1 0 D L
0 195 1 0 D L
0 196 1 0 D D
0 197 1 0 D R
0 198 1 0 D R
0 199 1 0 D U
1 0 0 0 D U
1 1 0 0 L L
1 2 0 0 L U
1 3 0 0 U U
1 4 0 0 U U
1 5 0 0 U D
1 6 0 0 U R
1 7 0 0 U R
1 8 0 0 U D
1 9 0 0 U D
1 10 0 0 L L
1 11 0 0 L D
1 12 0 0 L R
1 13 0 0 L R
1 14 0 1 L R
1 15 0 1 L D
1 16 0 1 L D
1 17 0 1 L L
1 18 0 1 L L
1 19 0 1 L L
1 20 0 1 L L
1 21 0 1 L U
1 22 0 1 L L
1 23 0 1 L U
1 24 0 1 L R
1 25 0 1 L R
1 26 0 1 L R
1 27 0 1 L R
1 28 0 2 L R
1 29 0 2 L U
1 30 0 2 L U
1 31 0 2 L U
1 32 0 2 L U
1 33 0 2 L U
1 34 0 2 L U
1 35 0 2 L U
1 36 0 2 L L
1 37 0 2 L L
1 38 0 2 L L
1 39 0 2 L L
1 40 0 2 L U
1 41 0 2 L U
1 42 0 2 L U
1 43 0 2 L U
1 44 0 2 L U
1 45 0 2 L U
1 46 0 2 L U
1 47 0 2 L U
1 48 0 2 L U
1 49 0 2 L U
1 50 0 2 L U
1 51 0 2 L U
1 52 0 2 L U
1 53 0 2 L U
1 54 0 2 L U
1 55 0 2 L U
1 56 0 2 L U
1 57 0 2 L U
1 58 0 2 L U
1 59 0 2 L U
1 60 0 2 L U
1 61 0 2 L U
1 62 0 2 L U
1 63 0 2 L U
1 64 0 2 L U
1 65 0 2 L U
1 66 0 2 L U
1 67 0 2 L U
1 68 0 2 L U
1 69 0 2 L U
1 70 0 2 L U
1 71 0 2 L U
1 72 0 2 L U
1 73 0 2 L U
1 74 0 2 L U
1 75 0 2 L U
1 76 0 2 L U
1 77 0 2 L U
1 78 0 2 L U
1 79 0 2 L U
1 80 0 2 L U
1 81 0 2 L U
1 82 0 2 L U
1 83 0 2 L U
1 84 0 2 L U
1 85 0 2 L U
1 86 0 2 L U
1 87 0 2 L U
1 88 0 2 L U
1 89 0 2 L U
1 90 0 2 L U
1 91 0 2 L U
1 92 0 2 L U
1 93 0 2 L U
1 94 0 2 L U
1 95 0 2 L U
1 96 0 2 L U
1 97 0 2 L U
1 98 0 2 L U
1 99 0 2 L U
1 100 0 2 L U
1 101 0 2 L U
1 102 0 2 L U
1 103 0 2 L U
1 104 0 2 L U
1 105 0 2 L U
1 106 0 2 L U
1 107 0 2 L U
1 108 0 2 L U
1 109 0 2 L U
1 110 0 2 L U
1 111 0 2 L U
1 112 0 2 L U
1 113 0 2 L U
1 114 0 2 L U
1 115 0 2 L U
1 116 0 2 L U
1 117 0 2 L U
1 118 0 2 L U
1 119 0 2 L U
1 120 0 2 L U
1 121 0 2 L U
1 122 0 2 L U
1 123 0 2 L U
1 124 0 2 L U
1 125 0 2 L U
1 126 0 2 L U
1 127 0 2 L U
1 128 0 2 L U
1 129 0 2 L U
1 130 0 2 L U
1 131 0 2 L U
1 132 0 2 L U
1 133 0 2 L U
1 134 0 2 L U
1 135 0 2 L U
1 136 0 2 L U
1 137 0 2 L U
1 138 0 2 L U
1 139 0 2 L U
1 140 0 2 L U
1 141 0 2 L U
1 142 0 2 L U
1 143 0 2 L U
1 144 0 2 L U
1 145 0 2 L U
1 146 0 2 L U
1 147 0 2 L U
1 148 0 2 L U
1 149 0 2 L U
1 150 0 2 L U
1 151 0 2 L U
1 152 0 2 L U
1 153 0 2 L U
1 154 0 2 L U
1 155 0 2 L U
1 156 0 2 L U
1 157 0 2 L U
1 158 0 2 L U
1 159 0 2 L U
1 160 0 2 L U
1 161 0 2 L U
1 162 0 2 L U
1 163 0 2 L U
1 164 0 2 L U
1 165 0 2 L U
1 166 0 2 L U
1 167 0 2 L U
1 168 0 2 L U
1 169 0 2 L U
1 170 0 2 L U
1 171 0 2 L U
1 172 0 2 L U
1 173 0 2 L U
1 174 0 2 L U
1 175 0 2 L U
1 176 0 2 L U
1 177 0 2 L U
1 178 0 2 L U
1 179 0 2 L U
1 180 0 2 L U
1 181 0 2 L U
1 182 0 2 L U
1 183 0 2 L U
1 184 0 2 L U
1 185 0 2 L U
1 186 0 2 L U
1 187 0 2 L U
1 188 0 2 L U
1 189 0 2 L U
1 190 0 2 L U
1 191 0 2 L U
1 192 0 2 L U
1 193 0 2 L U
1 194 0 2 L U
1 195 0 2 L U
1 196 0 2 L U
1 197 0 2 L U
1 198 0 2 L U
1 199 0 2 L U
2 0 0 0 U D
2 1 0 0 R D
2 2 0 0 R L
2 3 0 0 R L
2 4 0 0 U D
2 5 0 0 D D
2 6 0 0 D U
2 7 0 0 D D
2 8 0 0 U L
2 9 0 0 D R
2 10 0 0 U L
2 11 0 0 D R
2 12 0 0 U L
2 13 0 0 D R
2 14 0 0 U L
2 15 0 0 D R
2 16 0 0 U L
2 17 0 0 D R
2 18 0 0 U L
2 19 0 0 D R
2 20 0 0 U L
2 21 0 0 D R
2 22 0 0 U L
2 23 0 0 D R
2 24 0 0 U L
2 25 0 0 D R
2 26 0 0 U L
2 27 0 0 D R
2 28 0 0 U L
2 29 0 0 D R
2 30 0 0 U L
2 31 0 0 D R
2 32 0 0 U L
2 33 0 0 D R
2 34 0 0 U L
2 35 0 0 D R
2 36 0 0 U L
2 37 0 0 D R
2 38 0 0 U L
2 39 0 0 D R
2 40 0 0 U L
2 41 0 0 D R
2 42 0 0 U L
2 43 0 0 D R
2 44 0 0 U L
2 45 0 0 D R
2 46 0 0 U L
2 47 0 0 D R
2 48 0 0 U L
2 49 0 0 D R
2 50 0 0 U L
2 51 0 0 D R
2 52 0 0 U L
2 53 0 0 D R
2 54 0 0 U L
2 55 0 0 D R
2 56 0 0 U L
2 57 0 0 D R
2 58 0 0 U L
2 59 0 0 D R
2 60 0 0 U L
2 61 0 0 D R
2 62 0 0 U L
2 63 0 0 D R
2 64 0 0 U L
2 65 0 0 D R
2 66 0 0 U L
2 67 0 0 D R
2 68 0 0 U L
2 69 0 0 D R
2 70 0 0 U L
2 71 0 0 D R
2 72 0 0 U L
2 73 0 0 D R
2 74 0 0 U L
2 75 0 0 D R
2 76 0 0 U L
2 77 0 0 D R
2 78 0 0 U L
2 79 0 0 D R
2 80 0 0 U L
2 81 0 0 D R
2 82 0 0 U L
2 83 0 0 D R
2 84 0 0 U L
2 85 0 0 D R
2 86 0 0 U L
2 87 0 0 D R
2 88 0 0 U L
2 89 0 0 D R
2 90 0 0 U L
2 91 0 0 D R
2 92 0 0 U L
2 93 0 0 D R
2 94 0 0 U L
2 95 0 0 D R
2 96 0 0 U L
2 97 0 0 D R
2 98 0 0 U L
2 99 0 0 D R
2 100 0 0 U L
2 101 0 0 D R
2 102 0 0 U L
2 103 0 0 D R
2 104 0 0 U L
2 105 0 0 D R
2 106 0 0 U L
2 107 0 0 D R
2 108 0 0 U L
2 109 0 0 D R
2 110 0 0 U L
2 111 0 0 D R
2 112 0 0 U L
2 113 0 0 D R
2 114 0 0 U L
2 115 0 0 D R
2 116 0 0 U L
2 117 0 0 D R
2 118 0 0 U L
2 119 0 0 D R
2 120 0 0 U L
2 121 0 0 D R
2 122 0 0 U L
2 123 0 0 D R
2 124 0 0 U L
2 125 0 0 D R
2 126 0 0 U L
2 127 0 0 D R
2 128 0 0 U L
2 129 0 0 D R
2 130 0 0 U L
2 131 0 0 D R
2 132 0 0 U L
2 133 0 0 D R
2 134 0 0 U L
2 135 0 0 D R
2 136 0 0 U L
2 137 0 0 D R
2 138 0 0 U L
2 139 0 0 D R
2 140 0 0 U L
2 141 0 0 D R
2 142 0 0 U L
2 143 0 0 D R
2 144 0 0 U L
2 145 0 0 D R
2 146 0 0 U L
2 147 0 0 D R
2 148 0 0 U L
2 149 0 0 D R
2 150 0 0 U L
2 151 0 0 D R
2 152 0 0 U L
2 153 0 0 D R
2 154 0 0 U L
2 155 0 0 D R
2 156 0 0 U L
2 157 0 0 D R
2 158 0 0 U L
2 159 0 0 D R
2 160 0 0 U L
2 161 0 0 D R
2 162 0 0 U L
2 163 0 0 D R
2 164 0 0 U L
2 165 0 0 D R
2 166 0 0 U L
2 167 0 0 D R
2 168 0 0 U L
2 169 0 0 D R
2 170 0 0 U L
2 171 0 0 D R
2 172 0 0 U L
2 173 0 0 D R
2 174 0 0 U L
2 175 0 0 D R
2 176 0 0 U L
2 177 0 0 D R
2 178 0 0 U L
2 179 0 0 D R
2 180 0 0 U L
2 181 0 0 D R
2 182 0 0 U L
2 183 0 0 D R
2 184 0 0 U L
2 185 0 0 D R
2 186 0 0 U L
2 187 0 0 D R
2 188 0 0 U L
2 189 0 0 D R
2 190 0 0 U L
2 191 0 0 D R
2 192 0 0 U L
2 193 0 0 D R
2 194 0 0 U L
2 195 0 0 D R
2 196 0 0 U L
2 197 0 0 D R
2 198 0 0 U L
2 199 0 0 D R
3 0 0 0 U D
3 1 0 0 U D
3 2 0 0 U D
3 3 0 0 U R
3 4 0 0 U U
3 5 0 0 R U
3 6 0 0 U R
3 7 0 0 L U
3 8 0 0 L R
3 9 0 0 L R
3 10 0 0 D R
3 11 0 0 L R
3 12 0 0 U D
3 13 0 0 R R
3 14 0 0 R R
3 15 0 0 R R
3 16 0 0 R R
3 17 0 0 R R
3 18 0 0 R U
3 19 0 0 U R
3 20 0 0 L D
3 21 0 0 L D
3 22 0 0 L D
3 23 0 0 L D
3 24 0 0 L D
3 25 0 0 L D
3 26 0 0 L D
3 27 0 0 L D
3 28 0 0 L D
3 29 0 0 L D
3 30 0 0 L D
3 31 0 0 L D
3 32 0 0 L D
3 33 0 0 L D
3 34 0 0 L D
3 35 0 0 L D
3 36 0 0 L D
3 37 0 0 L D
3 38 0 0 L D
3 39 0 0 L D
3 40 0 0 L D
3 41 0 0 L D
3 42 0 0 L D
3 43 0 0 L D
3 44 0 0 L D
3 45 0 0 L D
3 46 0 0 L D
3 47 0 0 L D
3 48 0 0 L D
3 49 0 0 L D
3 50 0 0 L D
3 51 0 0 L D
3 52 0 0 L D
3 53 0 0 L D
3 54 0 0 L D
3 55 0 0 L D
3 56 0 0 L D
3 57 0 0 L D
3 58 0 0 L D
3 59 0 0 L D
3 60 0 0 L D
3 61 0 0 L D
3 62 0 0 L D
3 63 0 0 L D
3 64 0 0 L D
3 65 0 0 L D
3 66 0 0 L D
3 67 0 0 L D
3 68 0 0 L D
3 69 0 0 L D
3 70 0 0 L D
3 71 0 0 L D
3 72 0 0 L D
3 73 0 0 L D
3 74 0 0 L D
3 75 0 0 L D
3 76 0 0 L D
3 77 0 0 L D
3 78 0 0 L D
3 79 0 0 L D
3 80 0 0 L D
3 81 0 0 L D
3 82 0 0 L D
3 83 0 0 L D
3 84 0 0 L D
3 85 0 0 L D
3 86 0 0 L D
3 87 0 0 L D
3 88 0 0 L D
3 89 0 0 L D
3 90 0 0 L D
3 91 0 0 L D
3 92 0 0 L D
3 93 0 0 L D
3 94 0 0 L D
3 95 0 0 L D
3 96 0 0 L D
3 97 0 0 L D
3 98 0 0 L D
3 99 0 0 L D
3 100 0 0 L D
3 101 0 0 L D
3 102 0 0 L D
3 103 0 0 L D
3 104 0 0 L D
3 105 0 0 L D
3 106 0 0 L D
3 107 0 0 L D
3 108 0 0 L D
3 109 0 0 L D
3 110 0 0 L D
3 111 0 0 L D
3 112 0 0 L D
3 113 0 0 L D
3 114 0 0 L D
3 115 0 0 L D
3 116 0 0 L D
3 117 0 0 L D
3 118 0 0 L D
3 119 0 0 L D
3 120 0 0 L D
3 121 0 0 L D
3 122 0 0 L D
3 123 0 0 L D
3 124 0 0 L D
3 125 0 0 L D
3 126 0 0 L D
3 127 0 0 L D
3 128 0 0 L D
3 129 0 0 L D
3 130 0 0 L D
3 131 0 0 L D
3 132 0 0 L D
3 133 0 0 L D
3 134 0 0 L D
3 135 0 0 L D
3 136 0 0 L D
3 137 0 0 L D
3 138 0 0 L D
3 139 0 0 L D
3 140 0 0 L D
3 141 0 0 L D
3 142 0 0 L D
3 143 0 0 L D
3 144 0 0 L D
3 145 0 0 L D
3 146 0 0 L D
3 147 0 0 L D
3 148 0 0 L D
3 149 0 0 L D
3 150 0 0 L D
3 151 0 0 L D
3 152 0 0 L D
3 153 0 0 L D
3 154 0 0 L D
3 155 0 0 L D
3 156 0 0 L D
3 157 0 0 L D
3 158 0 0 L D
3 159 0 0 L D
3 160 0 0 L D
3 161 0 0 L D
3 162 0 0 L D
3 163 0 0 L D
3 164 0 0 L D
3 165 0 0 L D
3 166 0 0 L D
3 167 0 0 L D
3 168 0 0 L D
3 169 0 0 L D
3 170 0 0 L D
3 171 0 0 L D
3 172 0 0 L D
3 173 0 0 L D
3 174 0 0 L D
3 175 0 0 L D
3 176 0 0 L D
3 177 0 0 L D
3 178 0 0 L D
3 179 0 0 L D
3 180 0 0 L D
3 181 0 0 L D
3 182 0 0 L D
3 183 0 0 L D
3 184 0 0 L D
3 185 0 0 L D
3 186 0 0 L D
3 187 0 0 L D
3 188 0 0 L D
3 189 0 0 L D
3 190 0 0 L D
3 191 0 0 L D
3 192 0 0 L D
3 193 0 0 L D
3 194 0 0 L D
3 195 0 0 L D
3 196 0 0 L D
3 197 0 0 L D
3 198 0 0 L D
3 199 0 0 L D
4 0 0 0 D U
4 1 0 0 L R
4 2 0 0 L U
4 3 0 0 L R
4 4 0 0 L R
4 5 0 0 L U
4 6 0 0 L R
4 7 0 0 L R
4 8 0 0 L U
4 9 0 0 L R
4 10 0 0 D R
4 11 0 0 L R
4 12 0 0 L R
4 13 0 0 L R
4 14 0 0 L R
4 15 0 0 L D
4 16 0 0 L D
4 17 0 0 L D
4 18 0 0 L D
4 19 0 0 L R
4 20 0 0 L D
4 21 0 0 L L
4 22 0 0 L L
4 23 0 1 L L
4 24 0 1 L U
4 25 0 1 L U
4 26 0 1 L L
4 27 0 1 L L
4 28 0 1 L L
4 29 0 1 L L
4 30 0 1 L L
4 31 0 1 L L
4 32 0 1 L L
4 33 0 1 R L
4 34 0 1 D U
4 35 0 1 D U
4 36 0 1 L R
4 37 0 1 R R
4 38 0 1 R R
4 39 0 1 R R
4 40 0 1 R R
4 41 0 1 R R
4 42 0 1 L U
4 43 0 1 U R
4 44 0 1 U D
4 45 0 1 U D
4 46 0 2 U D
4 47 0 2 U U
4 48 0 2 U U
4 49 0 2 L U
4 50 0 2 L U
4 51 0 2 L U
4 52 0 2 L U
4 53 0 2 L U
4 54 0 2 L U
4 55 0 2 L U
4 56 0 2 L L
4 57 0 2 L L
4 58 0 2 L L
4 59 0 2 L L
4 60 0 2 L L
4 61 0 2 L L
4 62 0 2 L L
4 63 0 2 L L
4 64 0 2 L L
4 65 0 2 L L
4 66 0 2 L D
4 67 0 2 D D
4 68 0 2 D D
4 69 0 2 D D
4 70 0 2 D D
4 71 0 2 D D
4 72 0 2 D D
4 73 0 2 D D
4 74 0 2 D D
4 75 0 2 D L
4 76 0 2 L D
4 77 0 2 L R
4 78 0 2 L R
4 79 0 2 L R
4 80 0 2 R R
4 81 0 2 R R
4 82 0 2 R R
4 83 0 2 R R
4 84 0 2 R R
4 85 0 2 R R
4 86 0 3 R R
4 87 0 3 S S
4 88 0 3 S S
4 89 0 3 S S
4 90 0 3 S S
4 91 0 3 S S
4 92 0 3 S S
4 93 0 3 S S
4 94 0 3 S S
4 95 0 3 S S
4 96 0 3 S S
4 97 0 3 S S
4 98 0 3 S S
4 99 0 3 S S
4 100 0 3 S S
4 101 0 3 S S
4 102 0 3 S S
4 103 0 3 S S
4 104 0 3 S S
4 105 0 3 S S
4 106 0 3 S S
4 107 0 3 S S
4 108 0 3 S S
4 109 0 3 S S
4 110 0 3 S S
4 111 0 3 S S
4 112 0 3 S S
4 113 0 3 S S
4 114 0 3 S S
4 115 0 3 S S
4 116 0 3 S S
4 117 0 3 S S
4 118 0 3 S S
4 119 0 3 S S
4 120 0 3 S S
4 121 0 3 S S
4 122 0 3 S S
4 123 0 3 S S
4 124 0 3 S S
4 125 0 3 S S
4 126 0 3 S S
4 127 0 3 S S
4 128 0 3 S S
4 129 0 3 S S
4 130 0 3 S S
4 131 0 3 S S
4 132 0 3 S S
4 133 0 3 S S
4 134 0 3 S S
4 135 0 3 S S
4 136 0 3 S S
4 137 0 3 S S
4 138 0 3 S S
4 139 0 3 S S
4 140 0 3 S S
4 141 0 3 S S
4 142 0 3 S S
4 143 0 3 S S
4 144 0 3 S S
4 145 0 3 S S
4 146 0 3 S S
4 147 0 3 S S
4 148 0 3 S S
4 149 0 3 S S
4 150 0 3 S S
4 151 0 3 S S
4 152 0 3 S S
4 153 0 3 S S
4 154 0 3 S S
4 155 0 3 S S
4 156 0 3 S S
4 157 0 3 S S
4 158 0 3 S S
4 159 0 3 S S
4 160 0 3 S S
4 161 0 3 S S
4 162 0 3 S S
4 163 0 3 S S
4 164 0 3 S S
4 165 0 3 S S
4 166 0 3 S S
4 167 0 3 S S
4 168 0 3 S S
4 169 0 3 S S
4 170 0 3 S S
4 171 0 3 S S
4 172 0 3 S S
4 173 0 3 S S
4 174 0 3 S S
4 175 0 3 S S
4 176 0 3 S S
4 177 0 3 S S
4 178 0 3 S S
4 179 0 3 S S
4 180 0 3 S S
4 181 0 3 S S
4 182 0 3 S S
4 183 0 3 S S
4 184 0 3 S S
4 185 0 3 S S
4 186 0 3 S S
4 187 0 3 S S
4 188 0 3 S S
4 189 0 3 S S
4 190 0 3 S S
4 191 0 3 S S
4 192 0 3 S S
4 193 0 3 S S
4 194 0 3 S S
4 195 0 3 S S
4 196 0 3 S S
4 197 0 3 S S
4 198 0 3 S S
4 199 0 3 S S
0 0 0 0 D U
0 1 0 0 D U
0 2 0 0 L U
0 3 0 0 L U
0 4 0 0 L U
0 5 0 0 U U
0 6 0 0 L U
0 7 0 0 D U
0 8 0 0 D R
0 9 0 0 L R
0 10 0 0 D R
0 11 0 0 R R
0 12 0 0 R R
0 13 0 0 D R
0 14 0 0 R R
0 15 0 0 U R
0 16 0 0 U R
0 17 0 0 L R
0 18 0 0 L S
0 19 0 0 L S
0 20 0 0 L S
0 21 0 0 L S
0 22 0 0 L S
0 23 0 0 L S
0 24 0 0 L S
0 25 0 0 L S
0 26 0 0 L S
0 27 0 0 L S
0 28 0 0 L S
0 29 0 0 L S
0 30 0 0 L S
0 31 0 0 L S
0 32 0 0 L S
0 33 0 0 L S
0 34 0 0 L S
0 35 0 0 L S
0 36 0 0 L S
0 37 0 0 L S
0 38 0 0 L S
0 39 0 0 L S
0 40 0 0 L S
0 41 0 0 L S
0 42 0 0 L S
0 43 0 0 L S
0 44 0 0 L S
0 45 0 0 L S
0 46 0 0 L S
0 47 0 0 L S
0 48 0 0 L S
0 49 0 0 L S
0 50 0 0 L S
0 51 0 0 L S
0 52 0 0 L S
0 53 0 0 L S
0 54 0 0 L S
0 55 0 0 L S
0 56 0 0 L S
0 57 0 0 L S
0 58 0 0 L S
0 59 0 0 L S
0 60 0 0 L S
0 61 0 0 L S
0 62 0 0 L S
0 63 0 0 L S
0 64 0 0 L S
0 65 0 0 L S
0 66 0 0 L S
0 67 0 0 L S
0 68 0 0 L S
0 69 0 0 L S
0 70 0 0 L S
0 71 0 0 L S
0 72 0 0 L S
0 73 0 0 L S
0 74 0 0 L S
0 75 0 0 L S
0 76 0 0 L S
0 77 0 0 L S
0 78 0 0 L S
0 79 0 0 L S
0 80 0 0 L S
0 81 0 0 L S
0 82 0 0 L S
0 83 0 0 L S
0 84 0 0 L S
0 85 0 0 L S
0 86 0 0 L S
0 87 0 0 L S
0 88 0 0 L S
0 89 0 0 L S
0 90 0 0 L S
0 91 0 0 L S
0 92 0 0 L S
0 93 0 0 L S
0 94 0 0 L S
0 95 0 0 L S
0 96 0 0 L S
0 97 0 0 L S
0 98 0 0 L S
0 99 0 0 L S
0 100 0 0 L S
0 101 0 0 L S
0 102 0 0 L S
0 103 0 0 L S
0 104 0 0 L S
0 105 0 0 L S
0 106 0 0 L S
0 107 0 0 L S
0 108 0 0 L S
0 109 0 0 L S
0 110 0 0 L S
0 111 0 0 L S
0 112 0 0 L S
0 113 0 0 L S
0 114 0 0 L S
0 115 0 0 L S
0 116 0 0 L S
0 117 0 0 L S
0 118 0 0 L S
0 119 0 0 L S
0 120 0 0 L S
0 121 0 0 L S
0 122 0 0 L S
0 123 0 0 L S
0 124 0 0 L S
0 125 0 0 L S
0 126 0 0 L S
0 127 0 0 L S
0 128 0 0 L S
0 129 0 0 L S
0 130 0 0 L S
0 131 0 0 L S
0 132 0 0 L S
0 133 0 0 L S
0 134 0 0 L S
0 135 0 0 L S
0 136 0 0 L S
0 137 0 0 L S
0 138 0 0 L S
0 139 0 0 L S
0 140 0 0 L S
0 141 0 0 L S
0 142 0 0 L S
0 143 0 0 L S
0 144 0 0 L S
0 145 0 0 L S
0 146 0 0 L S
0 147 0 0 L S
0 148 0 0 L S
0 149 0 0 L S
0 150 0 0 L S
0 151 0 0 L S
0 152 0 0 L S
0 153 0 0 L S
0 154 0 0 L S
0 155 0 0 L S
0 156 0 0 L S
0 157 0 0 L S
0 158 0 0 L S
0 159 0 0 L S
0 160 0 0 L S
0 161 0 0 L S
0 162 0 0 L S
0 163 0 0 L S
0 164 0 0 L S
0 165 0 0 L S
0 166 0 0 L S
0 167 0 0 L S
0 168 0 0 L S
0 169 0 0 L S
0 170 0 0 L S
0 171 0 0 L S
0 172 0 0 L S
0 173 0 0 L S
0 174 0 0 L S
0 175 0 0 L S
0 176 0 0 L S
0 177 0 0 L S
0 178 0 0 L S
0 179 0 0 L S
0 180 0 0 L S
0 181 0 0 L S
0 182 0 0 L S
0 183 0 0 L S
0 184 0 0 L S
0 185 0 0 L S
0 186 0 0 L S
0 187 0 0 L S
0 188 0 0 L S
0 189 0 0 L S
0 190 0 0 L S
0 191 0 0 L S
0 192 0 0 L S
0 193 0 0 L S
0 194 0 0 L S
0 195 0 0 L S
0 196 0 0 L S
0 197 0 0 L S
0 198 0 0 L S
0 199 0 0 L S
1 0 0 0 D U
1 1 0 0 D U
1 2 0 0 D U
1 3 0 0 R U
1 4 0 0 D U
1 5 0 0 L U
1 6 0 0 L L
1 7 0 0 L S
1 8 0 0 L S
1 9 0 0 L S
1 10 0 0 L S
1 11 0 0 D S
1 12 0 0 L S
1 13 0 0 U S
1 14 0 0 L S
1 15 0 0 L S
1 16 0 0 L S
1 17 0 0 L S
1 18 0 0 L S
1 19 0 0 L S
1 20 0 0 L S
1 21 0 0 L S
1 22 0 0 L S
1 23 0 0 L S
1 24 0 0 L S
1 25 0 0 L S
1 26 0 0 L S
1 27 0 0 L S
1 28 0 0 L S
1 29 0 0 L S
1 30 0 0 L S
1 31 0 0 L S
1 32 0 0 L S
1 33 0 0 L S
1 34 0 0 L S
1 35 0 0 L S
1 36 0 0 L S
1 37 0 0 L S
1 38 0 0 L S
1 39 0 0 L S
1 40 0 0 L S
1 41 0 0 L S
1 42 0 0 L S
1 43 0 0 L S
1 44 0 0 L S
1 45 0 0 L S
1 46 0 0 L S
1 47 0 0 L S
1 48 0 0 L S
1 49 0 0 L S
1 50 0 0 L S
1 51 0 0 L S
1 52 0 0 L S
1 53 0 0 L S
1 54 0 0 L S
1 55 0 0 L S
1 56 0 0 L S
1 57 0 0 L S
1 58 0 0 L S
1 59 0 0 L S
1 60 0 0 L S
1 61 0 0 L S
1 62 0 0 L S
1 63 0 0 L S
1 64 0 0 L S
1 65 0 0 L S
1 66 0 0 L S
1 67 0 0 L S
1 68 0 0 L S
1 69 0 0 L S
1 70 0 0 L S
1 71 0 0 L S
1 72 0 0 L S
1 73 0 0 L S
1 74 0 0 L S
1 75 0 0 L S
1 76 0 0 L S
1 77 0 0 L S
1 78 0 0 L S
1 79 0 0 L S
1 80 0 0 L S
1 81 0 0 L S
1 82 0 0 L S
1 83 0 0 L S
1 84 0 0 L S
1 85 0 0 L S
1 86 0 0 L S
1 87 0 0 L S
1 88 0 0 L S
1 89 0 0 L S
1 90 0 0 L S
1 91 0 0 L S
1 92 0 0 L S
1 93 0 0 L S
1 94 0 0 L S
1 95 0 0 L S
1 96 0 0 L S
1 97 0 0 L S
1 98 0 0 L S
1 99 0 0 L S
1 100 0 0 L S
1 101 0 0 L S
1 102 0 0 L S
1 103 0 0 L S
1 104 0 0 L S
1 105 0 0 L S
1 106 0 0 L S
1 107 0 0 L S
1 108 0 0 L S
1 109 0 0 L S
1 110 0 0 L S
1 111 0 0 L S
1 112 0 0 L S
1 113 0 0 L S
1 114 0 0 L S
1 115 0 0 L S
1 116 0 0 L S
1 117 0 0 L S
1 118 0 0 L S
1 119 0 0 L S
1 120 0 0 L S
1 121 0 0 L S
1 122 0 0 L S
1 123 0 0 L S
1 124 0 0 L S
1 125 0 0 L S
1 126 0 0 L S
1 127 0 0 L S
1 128 0 0 L S
1 129 0 0 L S
1 130 0 0 L S
1 131 0 0 L S
1 132 0 0 L S
1 133 0 0 L S
1 134 0 0 L S
1 135 0 0 L S
1 136 0 0 L S
1 137 0 0 L S
1 138 0 0 L S
1 139 0 0 L S
1 140 0 0 L S
1 141 0 0 L S
1 142 0 0 L S
1 143 0 0 L S
1 144 0 0 L S
1 145 0 0 L S
1 146 0 0 L S
1 147 0 0 L S
1 148 0 0 L S
1 149 0 0 L S
1 150 0 0 L S
1 151 0 0 L S
1 152 0 0 L S
1 153 0 0 L S
1 154 0 0 L S
1 155 0 0 L S
1 156 0 0 L S
1 157 0 0 L S
1 158 0 0 L S
1 159 0 0 L S
1 160 0 0 L S
1 161 0 0 L S
1 162 0 0 L S
1 163 0 0 L S
1 164 0 0 L S
1 165 0 0 L S
1 166 0 0 L S
1 167 0 0 L S
1 168 0 0 L S
1 169 0 0 L S
1 170 0 0 L S
1 171 0 0 L S
1 172 0 0 L S
1 173 0 0 L S
1 174 0 0 L S
1 175 0 0 L S
1 176 0 0 L S
1 177 0 0 L S
1 178 0 0 L S
1 179 0 0 L S
1 180 0 0 L S
1 181 0 0 L S
1 182 0 0 L S
1 183 0 0 L S
1 184 0 0 L S
1 185 0 0 L S
1 186 0 0 L S
1 187 0 0 L S
1 188 0 0 L S
1 189 0 0 L S
1 190 0 0 L S
1 191 0 0 L S
1 192 0 0 L S
1 193 0 0 L S
1 194 0 0 L S
1 195 0 0 L S
1 196 0 0 L S
1 197 0 0 L S
1 198 0 0 L S
1 199 0 0 L S
2 0 0 0 D U
2 1 0 0 D S
2 2 0 0 D S
2 3 0 0 L S
2 4 0 0 L S
2 5 0 0 L S
2 6 0 0 D S
2 7 0 0 D S
2 8 0 0 D S
2 9 0 0 L S
2 10 0 0 L S
2 11 0 0 L S
2 12 0 0 L S
2 13 0 0 L S
2 14 0 0 L S
2 15 0 0 L S
2 16 0 0 L S
2 17 0 0 L S
2 18 0 0 L S
2 19 0 0 L S
2 20 0 0 L S
2 21 0 0 L S
2 22 0 0 L S
2 23 0 0 L S
2 24 0 0 L S
2 25 0 0 L S
2 26 0 0 L S
2 27 0 0 L S
2 28 0 0 L S
2 29 0 0 L S
2 30 0 0 L S
2 31 0 0 L S
2 32 0 0 L S
2 33 0 0 L S
2 34 0 0 L S
2 35 0 0 L S
2 36 0 0 L S
2 37 0 0 L S
2 38 0 0 L S
2 39 0 0 L S
2 40 0 0 L S
2 41 0 0 L S
2 42 0 0 L S
2 43 0 0 L S
2 44 0 0 L S
2 45 0 0 L S
2 46 0 0 L S
2 47 0 0 L S
2 48 0 0 L S
2 49 0 0 L S
2 50 0 0 L S
2 51 0 0 L S
2 52 0 0 L S
2 53 0 0 L S
2 54 0 0 L S
2 55 0 0 L S
2 56 0 0 L S
2 57 0 0 L S
2 58 0 0 L S
2 59 0 0 L S
2 60 0 0 L S
2 61 0 0 L S
2 62 0 0 L S
2 63 0 0 L S
2 64 0 0 L S
2 65 0 0 L S
2 66 0 0 L S
2 67 0 0 L S
2 68 0 0 L S
2 69 0 0 L S
2 70 0 0 L S
2 71 0 0 L S
2 72 0 0 L S
2 73 0 0 L S
2 74 0 0 L S
2 75 0 0 L S
2 76 0 0 L S
2 77 0 0 L S
2 78 0 0 L S
2 79 0 0 L S
2 80 0 0 L S
2 81 0 0 L S
2 82 0 0 L S
2 83 0 0 L S
2 84 0 0 L S
2 85 0 0 L S
2 86 0 0 L S
2 87 0 0 L S
2 88 0 0 L S
2 89 0 0 L S
2 90 0 0 L S
2 91 0 0 L S
2 92 0 0 L S
2 93 0 0 L S
2 94 0 0 L S
2 95 0 0 L S
2 96 0 0 L S
2 97 0 0 L S
2 98 0 0 L S
2 99 0 0 L S
2 100 0 0 L S
2 101 0 0 L S
2 102 0 0 L S
2 103 0 0 L S
2 104 0 0 L S
2 105 0 0 L S
2 106 0 0 L S
2 107 0 0 L S
2 108 0 0 L S
2 109 0 0 L S
2 110 0 0 L S
2 111 0 0 L S
2 112 0 0 L S
2 113 0 0 L S
2 114 0 0 L S
2 115 0 0 L S
2 116 0 0 L S
2 117 0 0 L S
2 118 0 0 L S
2 119 0 0 L S
2 120 0 0 L S
2 121 0 0 L S
2 122 0 0 L S
2 123 0 0 L S
2 124 0 0 L S
2 125 0 0 L S
2 126 0 0 L S
2 127 0 0 L S
2 128 0 0 L S
2 129 0 0 L S
2 130 0 0 L S
2 131 0 0 L S
2 132 0 0 L S
2 133 0 0 L S
2 134 0 0 L S
2 135 0 0 L S
2 136 0 0 L S
2 137 0 0 L S
2 138 0 0 L S
2 139 0 0 L S
2 140 0 0 L S
2 141 0 0 L S
2 142 0 0 L S
2 143 0 0 L S
2 144 0 0 L S
2 145 0 0 L S
2 146 0 0 L S
2 147 0 0 L S
2 148 0 0 L S
2 149 0 0 L S
2 150 0 0 L S
2 151 0 0 L S
2 152 0 0 L S
2 153 0 0 L S
2 154 0 0 L S
2 155 0 0 L S
2 156 0 0 L S
2 157 0 0 L S
2 158 0 0 L S
2 159 0 0 L S
2 160 0 0 L S
2 161 0 0 L S
2 162 0 0 L S
2 163 0 0 L S
2 164 0 0 L S
2 165 0 0 L S
2 166 0 0 L S
2 167 0 0 L S
2 168 0 0 L S
2 169 0 0 L S
2 170 0 0 L S
2 171 0 0 L S
2 172 0 0 L S
2 173 0 0 L S
2 174 0 0 L S
2 175 0 0 L S
2 176 0 0 L S
2 177 0 0 L S
2 178 0 0 L S
2 179 0 0 L S
2 180 0 0 L S
2 181 0 0 L S
2 182 0 0 L S
2 183 0 0 L S
2 184 0 0 L S
2 185 0 0 L S
2 186 0 0 L S
2 187 0 0 L S
2 188 0 0 L S
2 189 0 0 L S
2 190 0 0 L S
2 191 0 0 L S
2 192 0 0 L S
2 193 0 0 L S
2 194 0 0 L S
2 195 0 0 L S
2 196 0 0 L S
2 197 0 0 L S
2 198 0 0 L S
2 199 0 0 L S
3 0 0 0 U U
3 1 0 0 U U
3 2 0 0 U U
3 3 0 0 U U
3 4 0 0 U U
3 5 0 0 U U
3 6 0 0 U U
3 7 0 0 U U
3 8 0 0 U U
3 9 0 0 L S
3 10 0 0 L S
3 11 0 0 L S
3 12 0 0 L S
3 13 0 0 U S
3 14 0 0 L S
3 15 0 0 U S
3 16 0 0 R S
3 17 0 0 R S
3 18 0 0 U S
3 19 0 0 R S
3 20 0 0 D S
3 21 0 0 D S
3 22 0 0 L S
3 23 0 0 L S
3 24 0 0 L S
3 25 0 0 L S
3 26 0 0 L S
3 27 0 0 L S
3 28 0 0 L S
3 29 0 0 L S
3 30 0 0 L S
3 31 0 0 L S
3 32 0 0 L S
3 33 0 0 L S
3 34 0 0 L S
3 35 0 0 L S
3 36 0 0 L S
3 37 0 0 L S
3 38 0 0 L S
3 39 0 0 L S
3 40 0 0 L S
3 41 0 0 L S
3 42 0 0 L S
3 43 0 0 L S
3 44 0 0 L S
3 45 0 0 L S
3 46 0 0 L S
3 47 0 0 L S
3 48 0 0 L S
3 49 0 0 L S
3 50 0 0 L S
3 51 0 0 L S
3 52 0 0 L S
3 53 0 0 L S
3 54 0 0 L S
3 55 0 0 L S
3 56 0 0 L S
3 57 0 0 L S
3 58 0 0 L S
3 59 0 0 L S
3 60 0 0 L S
3 61 0 0 L S
3 62 0 0 L S
3 63 0 0 L S
3 64 0 0 L S
3 65 0 0 L S
3 66 0 0 L S
3 67 0 0 L S
3 68 0 0 L S
3 69 0 0 L S
3 70 0 0 L S
3 71 0 0 L S
3 72 0 0 L S
3 73 0 0 L S
3 74 0 0 L S
3 75 0 0 L S
3 76 0 0 L S
3 77 0 0 L S
3 78 0 0 L S
3 79 0 0 L S
3 80 0 0 L S
3 81 0 0 L S
3 82 0 0 L S
3 83 0 0 L S
3 84 0 0 L S
3 85 0 0 L S
3 86 0 0 L S
3 87 0 0 L S
3 88 0 0 L S
3 89 0 0 L S
3 90 0 0 L S
3 91 0 0 L S
3 92 0 0 L S
3 93 0 0 L S
3 94 0 0 L S
3 95 0 0 L S
3 96 0 0 L S
3 97 0 0 L S
3 98 0 0 L S
3 99 0 0 L S
3 100 0 0 L S
3 101 0 0 L S
3 102 0 0 L S
3 103 0 0 L S
3 104 0 0 L S
3 105 0 0 L S
3 106 0 0 L S
3 107 0 0 L S
3 108 0 0 L S
3 109 0 0 L S
3 110 0 0 L S
3 111 0 0 L S
3 112 0 0 L S
3 113 0 0 L S
3 114 0 0 L S
3 115 0 0 L S
3 116 0 0 L S
3 117 0 0 L S
3 118 0 0 L S
3 119 0 0 L S
3 120 0 0 L S
3 121 0 0 L S
3 122 0 0 L S
3 123 0 0 L S
3 124 0 0 L S
3 125 0 0 L S
3 126 0 0 L S
3 127 0 0 L S
3 128 0 0 L S
3 129 0 0 L S
3 130 0 0 L S
3 131 0 0 L S
3 132 0 0 L S
3 133 0 0 L S
3 134 0 0 L S
3 135 0 0 L S
3 136 0 0 L S
3 137 0 0 L S
3 138 0 0 L S
3 139 0 0 L S
3 140 0 0 L S
3 141 0 0 L S
3 142 0 0 L S
3 143 0 0 L S
3 144 0 0 L S
3 145 0 0 L S
3 146 0 0 L S
3 147 0 0 L S
3 148 0 0 L S
3 149 0 0 L S
3 150 0 0 L S
3 151 0 0 L S
3 152 0 0 L S
3 153 0 0 L S
3 154 0 0 L S
3 155 0 0 L S
3 156 0 0 L S
3 157 0 0 L S
3 158 0 0 L S
3 159 0 0 L S
3 160 0 0 L S
3 161 0 0 L S
3 162 0 0 L S
3 163 0 0 L S
3 164 0 0 L S
3 165 0 0 L S
3 166 0 0 L S
3 167 0 0 L S
3 168 0 0 L S
3 169 0 0 L S
3 170 0 0 L S
3 171 0 0 L S
3 172 0 0 L S
3 173 0 0 L S
3 174 0 0 L S
3 175 0 0 L S
3 176 0 0 L S
3 177 0 0 L S
3 178 0 0 L S
3 179 0 0 L S
3 180 0 0 L S
3 181 0 0 L S
3 182 0 0 L S
3 183 0 0 L S
3 184 0 0 L S
3 185 0 0 L S
3 186 0 0 L S
3 187 0 0 L S
3 188 0 0 L S
3 189 0 0 L S
3 190 0 0 L S
3 191 0 0 L S
3 192 0 0 L S
3 193 0 0 L S
3 194 0 0 L S
3 195 0 0 L S
3 196 0 0 L S
3 197 0 0 L S
3 198 0 0 L S
3 199 0 0 L S
4 0 0 0 U U
4 1 0 0 U U
4 2 0 0 U U
4 3 0 0 U U
4 4 0 0 L U
4 5 0 0 L U
4 6 0 0 L U
4 7 0 0 L U
4 8 0 0 L L
4 9 0 0 L L
4 10 0 0 L L
4 11 0 0 L L
4 12 0 0 D L
4 13 0 0 L L
4 14 0 0 D L
4 15 1 0 R L
4 16 1 0 U L
4 17 1 0 U L
4 18 1 0 U L
4 19 1 0 U L
4 20 1 0 U L
4 21 1 0 R S
4 22 1 0 R S
4 23 1 0 R S
4 24 1 0 U S
4 25 1 0 R S
4 26 1 0 D S
4 27 1 0 D S
4 28 1 0 L S
4 29 1 0 L S
4 30 1 0 L S
4 31 1 0 L S
4 32 1 0 L S
4 33 1 0 L S
4 34 1 0 L S
4 35 1 0 L S
4 36 1 0 L S
4 37 1 0 L S
4 38 1 0 L S
4 39 1 0 L S
4 40 1 0 L S
4 41 1 0 L S
4 42 1 0 L S
4 43 1 0 L S
4 44 1 0 L S
4 45 1 0 L S
4 46 1 0 L S
4 47 1 0 L S
4 48 1 0 L S
4 49 1 0 L S
4 50 1 0 L S
4 51 1 0 L S
4 52 1 0 L S
4 53 1 0 L S
4 54 1 0 L S
4 55 1 0 L S
4 56 1 0 L S
4 57 1 0 L S
4 58 1 0 L S
4 59 1 0 L S
4 60 1 0 L S
4 61 1 0 L S
4 62 1 0 L S
4 63 1 0 L S
4 64 1 0 L S
4 65 1 0 L S
4 66 1 0 L S
4 67 1 0 L S
4 68 1 0 L S
4 69 1 0 L S
4 70 1 0 L S
4 71 1 0 L S
4 72 1 0 L S
4 73 1 0 L S
4 74 1 0 L S
4 75 1 0 L S
4 76 1 0 L S
4 77 1 0 L S
4 78 1 0 L S
4 79 1 0 L S
4 80 1 0 L S
4 81 1 0 L S
4 82 1 0 L S
4 83 1 0 L S
4 84 1 0 L S
4 85 1 0 L S
4 86 1 0 L S
4 87 1 0 L S
4 88 1 0 L S
4 89 1 0 L S
4 90 1 0 L S
4 91 1 0 L S
4 92 1 0 L S
4 93 1 0 L S
4 94 1 0 L S
4 95 1 0 L S
4 96 1 0 L S
4 97 1 0 L S
4 98 1 0 L S
4 99 1 0 L S
4 100 1 0 L S
4 101 1 0 L S
4 102 1 0 L S
4 103 1 0 L S
4 104 1 0 L S
4 105 1 0 L S
4 106 1 0 L S
4 107 1 0 L S
4 108 1 0 L S
4 109 1 0 L S
4 110 1 0 L S
4 111 1 0 L S
4 112 1 0 L S
4 113 1 0 L S
4 114 1 0 L S
4 115 1 0 L S
4 116 1 0 L S
4 117 1 0 L S
4 118 1 0 L S
4 119 1 0 L S
4 120 1 0 L S
4 121 1 0 L S
4 122 1 0 L S
4 123 1 0 L S
4 124 1 0 L S
4 125 1 0 L S
4 126 1 0 L S
4 127 1 0 L S
4 128 1 0 L S
4 129 1 0 L S
4 130 1 0 L S
4 131 1 0 L S
4 132 1 0 L S
4 133 1 0 L S
4 134 1 0 L S
4 135 1 0 L S
4 136 1 0 L S
4 137 1 0 L S
4 138 1 0 L S
4 139 1 0 L S
4 140 1 0 L S
4 141 1 0 L S
4 142 1 0 L S
4 143 1 0 L S
4 144 1 0 L S
4 145 1 0 L S
4 146 1 0 L S
4 147 1 0 L S
4 148 1 0 L S
4 149 1 0 L S
4 150 1 0 L S
4 151 1 0 L S
4 152 1 0 L S
4 153 1 0 L S
4 154 1 0 L S
4 155 1 0 L S
4 156 1 0 L S
4 157 1 0 L S
4 158 1 0 L S
4 159 1 0 L S
4 160 1 0 L S
4 161 1 0 L S
4 162 1 0 L S
4 163 1 0 L S
4 164 1 0 L S
4 165 1 0 L S
4 166 1 0 L S
4 167 1 0 L S
4 168 1 0 L S
4 169 1 0 L S
4 170 1 0 L S
4 171 1 0 L S
4 172 1 0 L S
4 173 1 0 L S
4 174 1 0 L S
4 175 1 0 L S
4 176 1 0 L S
4 177 1 0 L S
4 178 1 0 L S
4 179 1 0 L S
4 180 1 0 L S
4 181 1 0 L S
4 182 1 0 L S
4 183 1 0 L S
4 184 1 0 L S
4 185 1 0 L S
4 186 1 0 L S
4 187 1 0 L S
4 188 1 0 L S
4 189 1 0 L S
4 190 1 0 L S
4 191 1 0 L S
4 192 1 0 L S
4 193 1 0 L S
4 194 1 0 L S
4 195 1 0 L S
4 196 1 0 L S
4 197 1 0 L S
4 198 1 0 L S
4 199 1 0 L S
0 0 0 0 U D
0 1 0 0 U D
0 2 0 0 L D
0 3 0 0 L D
0 4 0 0 L D
0 5 0 0 L D
0 6 0 0 L D
0 7 0 0 L D
0 8 0 0 L R
0 9 0 0 L R
0 10 0 0 D R
0 11 0 0 D R
0 12 0 0 D R
0 13 0 0 L R
0 14 0 0 D R
0 15 0 0 R R
0 16 0 0 R R
0 17 0 1 D D
0 18 0 1 R D
0 19 0 1 U D
0 20 0 1 L D
0 21 0 1 U D
0 22 0 1 R D
0 23 0 1 R D
0 24 0 1 U D
0 25 0 1 R D
0 26 0 1 D D
0 27 0 1 D D
0 28 0 1 L D
0 29 0 1 L D
0 30 0 1 L D
0 31 0 1 L D
0 32 0 1 L D
0 33 0 1 L D
0 34 0 1 L D
0 35 0 1 L D
0 36 0 1 L D
0 37 0 1 L D
0 38 0 1 L D
0 39 0 1 L D
0 40 0 1 L D
0 41 0 1 L D
0 42 0 1 L D
0 43 0 1 L D
0 44 0 1 L D
0 45 0 1 L D
0 46 0 1 L D
0 47 0 1 L D
0 48 0 1 L D
0 49 0 1 L D
0 50 0 1 L D
0 51 0 1 L D
0 52 0 1 L D
0 53 0 1 L D
0 54 0 1 L D
0 55 0 1 L D
0 56 0 1 L D
0 57 0 1 L D
0 58 0 1 L D
0 59 0 1 L D
0 60 0 1 L D
0 61 0 1 L D
0 62 0 1 L D
0 63 0 1 L D
0 64 0 1 L D
0 65 0 1 L D
0 66 0 1 L D
0 67 0 1 L D
0 68 0 1 L D
0 69 0 1 L D
0 70 0 1 L D
0 71 0 1 L D
0 72 0 1 L D
0 73 0 1 L D
0 74 0 1 L D
0 75 0 1 L D
0 76 0 1 L D
0 77 0 1 L D
0 78 0 1 L D
0 79 0 1 L D
0 80 0 1 L D
0 81 0 1 L D
0 82 0 1 L D
0 83 0 1 L D
0 84 0 1 L D
0 85 0 1 L D
0 86 0 1 L D
0 87 0 1 L D
0 88 0 1 L D
0 89 0 1 L D
0 90 0 1 L D
0 91 0 1 L D
0 92 0 1 L D
0 93 0 1 L D
0 94 0 1 L D
0 95 0 1 L D
0 96 0 1 L D
0 97 0 1 L D
0 98 0 1 L D
0 99 0 1 L D
0 100 0 1 L D
0 101 0 1 L D
0 102 0 1 L D
0 103 0 1 L D
0 104 0 1 L D
0 105 0 1 L D
0 106 0 1 L D
0 107 0 1 L D
0 108 0 1 L D
0 109 0 1 L D
0 110 0 1 L D
0 111 0 1 L D
0 112 0 1 L D
0 113 0 1 L D
0 114 0 1 L D
0 115 0 1 L D
0 116 0 1 L D
0 117 0 1 L D
0 118 0 1 L D
0 119 0 1 L D
0 120 0 1 L D
0 121 0 1 L D
0 122 0 1 L D
0 123 0 1 L D
0 124 0 1 L D
0 125 0 1 L D
0 126 0 1 L D
0 127 0 1 L D
0 128 0 1 L D
0 129 0 1 L D
0 130 0 1 L D
0 131 0 1 L D
0 132 0 1 L D
0 133 0 1 L D
0 134 0 1 L D
0 135 0 1 L D
0 136 0 1 L D
0 137 0 1 L D
0 138 0 1 L D
0 139 0 1 L D
0 140 0 1 L D
0 141 0 1 L D
0 142 0 1 L D
0 143 0 1 L D
0 144 0 1 L D
0 145 0 1 L D
0 146 0 1 L D
0 147 0 1 L D
0 148 0 1 L D
0 149 0 1 L D
0 150 0 1 L D
0 151 0 1 L D
0 152 0 1 L D
0 153 0 1 L D
0 154 0 1 L D
0 155 0 1 L D
0 156 0 1 L D
0 157 0 1 L D
0 158 0 1 L D
0 159 0 1 L D
0 160 0 1 L D
0 161 0 1 L D
0 162 0 1 L D
0 163 0 1 L D
0 164 0 1 L D
0 165 0 1 L D
0 166 0 1 L D
0 167 0 1 L D
0 168 0 1 L D
0 169 0 1 L D
0 170 0 1 L D
0 171 0 1 L D
0 172 0 1 L D
0 173 0 1 L D
0 174 0 1 L D
0 175 0 1 L D
0 176 0 1 L D
0 177 0 1 L D
0 178 0 1 L D
0 179 0 1 L D
0 180 0 1 L D
0 181 0 1 L D
0 182 0 1 L D
0 183 0 1 L D
0 184 0 1 L D
0 185 0 1 L D
0 186 0 1 L D
0 187 0 1 L D
0 188 0 1 L D
0 189 0 1 L D
0 190 0 1 L D
0 191 0 1 L D
0 192 0 1 L D
0 193 0 1 L D
0 194 0 1 L D
0 195 0 1 L D
0 196 0 1 L D
0 197 0 1 L D
0 198 0 1 L D
0 199 0 1 L D
1 0 0 0 D D
1 1 0 0 D D
1 2 0 0 D D
1 3 0 0 D D
1 4 0 0 D D
1 5 0 0 D D
1 6 0 0 D D
1 7 0 0 D D
1 8 0 0 U R
1 9 0 0 D D
1 10 0 0 R D
1 11 0 0 R D
1 12 0 0 R L
1 13 0 0 R D
1 14 0 0 R R
1 15 0 0 R R
1 16 0 1 R R
1 17 0 1 R U
1 18 0 1 R U
1 19 0 1 R U
1 20 0 1 R U
1 21 0 1 R U
1 22 0 1 R U
1 23 0 1 R L
1 24 0 1 R D
1 25 0 1 D D
1 26 0 1 D D
1 27 0 1 D D
1 28 0 1 D D
1 29 0 1 D L
1 30 0 1 R D
1 31 0 1 R R
1 32 0 2 R R
1 33 0 2 U U
1 34 0 2 U U
1 35 0 2 U U
1 36 0 2 U U
1 37 0 2 U U
1 38 0 2 U U
1 39 0 2 U U
1 40 0 2 U U
1 41 0 2 U U
1 42 0 2 U U
1 43 0 2 U U
1 44 0 2 U U
1 45 0 2 U U
1 46 0 2 U R
1 47 0 2 U R
1 48 0 2 U D
1 49 0 2 U D
1 50 0 2 U D
1 51 0 2 U D
1 52 0 2 R D
1 53 0 2 D D
1 54 0 2 D D
1 55 0 2 D D
1 56 0 2 D D
1 57 0 2 D D
1 58 0 2 D D
1 59 0 2 D D
1 60 0 2 R R
1 61 0 2 D D
1 62 0 3 R L
1 63 0 3 S S
1 64 0 3 S S
1 65 0 3 S S
1 66 0 3 S S
1 67 0 3 S S
1 68 0 3 S S
1 69 0 3 S S
1 70 0 3 S S
1 71 0 3 S S
1 72 0 3 S S
1 73 0 3 S S
1 74 0 3 S S
1 75 0 3 S S
1 76 0 3 S S
1 77 0 3 S S
1 78 0 3 S S
1 79 0 3 S S
1 80 0 3 S S
1 81 0 3 S S
1 82 0 3 S S
1 83 0 3 S S
1 84 0 3 S S
1 85 0 3 S S
1 86 0 3 S S
1 87 0 3 S S
1 88 0 3 S S
1 89 0 3 S S
1 90 0 3 S S
1 91 0 3 S S
1 92 0 3 S S
1 93 0 3 S S
1 94 0 3 S S
1 95 0 3 S S
1 96 0 3 S S
1 97 0 3 S S
1 98 0 3 S S
1 99 0 3 S S
1 100 0 3 S S
1 101 0 3 S S
1 102 0 3 S S
1 103 0 3 S S
1 104 0 3 S S
1 105 0 3 S S
1 106 0 3 S S
1 107 0 3 S S
1 108 0 3 S S
1 109 0 3 S S
1 110 0 3 S S
1 111 0 3 S S
1 112 0 3 S S
1 113 0 3 S S
1 114 0 3 S S
1 115 0 3 S S
1 116 0 3 S S
1 117 0 3 S S
1 118 0 3 S S
1 119 0 3 S S
1 120 0 3 S S
1 121 0 3 S S
1 122 0 3 S S
1 123 0 3 S S
1 124 0 3 S S
1 125 0 3 S S
1 126 0 3 S S
1 127 0 3 S S
1 128 0 3 S S
1 129 0 3 S S
1 130 0 3 S S
1 131 0 3 S S
1 132 0 3 S S
1 133 0 3 S S
1 134 0 3 S S
1 135 0 3 S S
1 136 0 3 S S
1 137 0 3 S S
1 138 0 3 S S
1 139 0 3 S S
1 140 0 3 S S
1 141 0 3 S S
1 142 0 3 S S
1 143 0 3 S S
1 144 0 3 S S
1 145 0 3 S S
1 146 0 3 S S
1 147 0 3 S S
1 148 0 3 S S
1 149 0 3 S S
1 150 0 3 S S
1 151 0 3 S S
1 152 0 3 S S
1 153 0 3 S S
1 154 0 3 S S
1 155 0 3 S S
1 156 0 3 S S
1 157 0 3 S S
1 158 0 3 S S
1 159 0 3 S S
1 160 0 3 S S
1 161 0 3 S S
1 162 0 3 S S
1 163 0 3 S S
1 164 0 3 S S
1 165 0 3 S S
1 166 0 3 S S
1 167 0 3 S S
1 168 0 3 S S
1 169 0 3 S S
1 170 0 3 S S
1 171 0 3 S S
1 172 0 3 S S
1 173 0 3 S S
1 174 0 3 S S
1 175 0 3 S S
1 176 0 3 S S
1 177 0 3 S S
1 178 0 3 S S
1 179 0 3 S S
1 180 0 3 S S
1 181 0 3 S S
1 182 0 3 S S
1 183 0 3 S S
1 184 0 3 S S
1 185 0 3 S S
1 186 0 3 S S
1 187 0 3 S S
1 188 0 3 S S
1 189 0 3 S S
1 190 0 3 S S
1 191 0 3 S S
1 192 0 3 S S
1 193 0 3 S S
1 194 0 3 S S
1 195 0 3 S S
1 196 0 3 S S
1 197 0 3 S S
1 198 0 3 S S
1 199 0 3 S S
2 0 0 0 U D
2 1 0 0 U D
2 2 0 0 L D
2 3 0 0 L D
2 4 0 0 L D
2 5 0 0 L D
2 6 0 0 L D
2 7 0 0 L D
2 8 0 0 L D
2 9 0 0 L D
2 10 0 0 L R
2 11 0 0 U D
2 12 0 0 U D
2 13 0 0 U L
2 14 0 0 L D
2 15 0 0 L R
2 16 0 0 L R
2 17 0 0 L R
2 18 0 0 L R
2 19 0 0 L R
2 20 0 0 L R
2 21 0 0 L R
2 22 0 1 L R
2 23 0 1 L U
2 24 0 1 L U
2 25 0 1 L U
2 26 0 1 L L
2 27 0 1 L L
2 28 0 1 L L
2 29 0 1 L L
2 30 0 1 L L
2 31 0 1 L L
2 32 0 1 L U
2 33 0 1 L U
2 34 0 1 L U
2 35 0 1 L U
2 36 0 1 L U
2 37 0 1 L U
2 38 0 1 L U
2 39 0 1 L U
2 40 0 1 L U
2 41 0 1 L U
2 42 0 1 L U
2 43 0 1 L U
2 44 0 1 L U
2 45 0 1 L U
2 46 0 1 L U
2 47 0 1 L U
2 48 0 1 L U
2 49 0 1 L U
2 50 0 1 L U
2 51 0 1 L U
2 52 0 1 L U
2 53 0 1 L U
2 54 0 1 L U
2 55 0 1 L U
2 56 0 1 L U
2 57 0 1 L U
2 58 0 1 L U
2 59 0 1 L U
2 60 0 1 L U
2 61 0 1 L U
2 62 0 1 L U
2 63 0 1 L U
2 64 0 1 L U
2 65 0 1 L U
2 66 0 1 L U
2 67 0 1 L U
2 68 0 1 L U
2 69 0 1 L U
2 70 0 1 L U
2 71 0 1 L U
2 72 0 1 L U
2 73 0 1 L U
2 74 0 1 L U
2 75 0 1 L U
2 76 0 1 L U
2 77 0 1 L U
2 78 0 1 L U
2 79 0 1 L U
2 80 0 1 L U
2 81 0 1 L U
2 82 0 1 L U
2 83 0 1 L U
2 84 0 1 L U
2 85 0 1 L U
2 86 0 1 L U
2 87 0 1 L U
2 88 0 1 L U
2 89 0 1 L U
2 90 0 1 L U
2 91 0 1 L U
2 92 0 1 L U
2 93 0 1 L U
2 94 0 1 L U
2 95 0 1 L U
2 96 0 1 L U
2 97 0 1 L U
2 98 0 1 L U
2 99 0 1 L U
2 100 0 1 L U
2 101 0 1 L U
2 102 0 1 L U
2 103 0 1 L U
2 104 0 1 L U
2 105 0 1 L U
2 106 0 1 L U
2 107 0 1 L U
2 108 0 1 L U
2 109 0 1 L U
2 110 0 1 L U
2 111 0 1 L U
2 112 0 1 L U
2 113 0 1 L U
2 114 0 1 L U
2 115 0 1 L U
2 116 0 1 L U
2 117 0 1 L U
2 118 0 1 L U
2 119 0 1 L U
2 120 0 1 L U
2 121 0 1 L U
2 122 0 1 L U
2 123 0 1 L U
2 124 0 1 L U
2 125 0 1 L U
2 126 0 1 L U
2 127 0 1 L U
2 128 0 1 L U
2 129 0 1 L U
2 130 0 1 L U
2 131 0 1 L U
2 132 0 1 L U
2 133 0 1 L U
2 134 0 1 L U
2 135 0 1 L U
2 136 0 1 L U
2 137 0 1 L U
2 138 0 1 L U
2 139 0 1 L U
2 140 0 1 L U
2 141 0 1 L U
2 142 0 1 L U
2 143 0 1 L U
2 144 0 1 L U
2 145 0 1 L U
2 146 0 1 L U
2 147 0 1 L U
2 148 0 1 L U
2 149 0 1 L U
2 150 0 1 L U
2 151 0 1 L U
2 152 0 1 L U
2 153 0 1 L U
2 154 0 1 L U
2 155 0 1 L U
2 156 0 1 L U
2 157 0 1 L U
2 158 0 1 L U
2 159 0 1 L U
2 160 0 1 L U
2 161 0 1 L U
2 162 0 1 L U
2 163 0 1 L U
2 164 0 1 L U
2 165 0 1 L U
2 166 0 1 L U
2 167 0 1 L U
2 168 0 1 L U
2 169 0 1 L U
2 170 0 1 L U
2 171 0 1 L U
2 172 0 1 L U
2 173 0 1 L U
2 174 0 1 L U
2 175 0 1 L U
2 176 0 1 L U
2 177 0 1 L U
2 178 0 1 L U
2 179 0 1 L U
2 180 0 1 L U
2 181 0 1 L U
2 182 0 1 L U
2 183 0 1 L U
2 184 0 1 L U
2 185 0 1 L U
2 186 0 1 L U
2 187 0 1 L U
2 188 0 1 L U
2 189 0 1 L U
2 190 0 1 L U
2 191 0 1 L U
2 192 0 1 L U
2 193 0 1 L U
2 194 0 1 L U
2 195 0 1 L U
2 196 0 1 L U
2 197 0 1 L U
2 198 0 1 L U
2 199 0 1 L U
3 0 0 0 D D
3 1 0 0 D L
3 2 0 0 D D
3 3 0 0 L L
3 4 0 0 L L
3 5 0 0 L L
3 6 0 0 L L
3 7 0 0 L L
3 8 1 0 U L
3 9 1 0 U U
3 10 1 0 U U
3 11 1 0 U L
3 12 1 0 U L
3 13 1 0 U L
3 14 1 0 U L
3 15 1 0 U L
3 16 1 0 U L
3 17 1 0 U D
3 18 1 0 L D
3 19 1 0 U D
3 20 1 0 U D
3 21 1 0 U D
3 22 1 0 U L
3 23 1 0 U D
3 24 1 0 R R
3 25 1 0 D R
3 26 1 0 R R
3 27 1 0 U R
3 28 1 0 L R
3 29 1 0 U R
3 30 1 0 R R
3 31 1 0 R R
3 32 1 1 U R
3 33 1 1 R U
3 34 1 1 D U
3 35 1 1 R U
3 36 1 1 D U
3 37 2 1 L U
3 38 2 1 S S
3 39 2 1 S S
3 40 2 1 S S
3 41 2 1 S S
3 42 2 1 S S
3 43 2 1 S S
3 44 2 1 S S
3 45 2 1 S S
3 46 2 1 S S
3 47 2 1 S S
3 48 2 1 S S
3 49 2 1 S S
3 50 2 1 S S
3 51 2 1 S S
3 52 2 1 S S
3 53 2 1 S S
3 54 2 1 S S
3 55 2 1 S S
3 56 2 1 S S
3 57 2 1 S S
3 58 2 1 S S
3 59 2 1 S S
3 60 2 1 S S
3 61 2 1 S S
3 62 2 1 S S
3 63 2 1 S S
3 64 2 1 S S
3 65 2 1 S S
3 66 2 1 S S
3 67 2 1 S S
3 68 2 1 S S
3 69 2 1 S S
3 70 2 1 S S
3 71 2 1 S S
3 72 2 1 S S
3 73 2 1 S S
3 74 2 1 S S
3 75 2 1 S S
3 76 2 1 S S
3 77 2 1 S S
3 78 2 1 S S
3 79 2 1 S S
3 80 2 1 S S
3 81 2 1 S S
3 82 2 1 S S
3 83 2 1 S S
3 84 2 1 S S
3 85 2 1 S S
3 86 2 1 S S
3 87 2 1 S S
3 88 2 1 S S
3 89 2 1 S S
3 90 2 1 S S
3 91 2 1 S S
3 92 2 1 S S
3 93 2 1 S S
3 94 2 1 S S
3 95 2 1 S S
3 96 2 1 S S
3 97 2 1 S S
3 98 2 1 S S
3 99 2 1 S S
3 100 2 1 S S
3 101 2 1 S S
3 102 2 1 S S
3 103 2 1 S S
3 104 2 1 S S
3 105 2 1 S S
3 106 2 1 S S
3 107 2 1 S S
3 108 2 1 S S
3 109 2 1 S S
3 110 2 1 S S
3 111 2 1 S S
3 112 2 1 S S
3 113 2 1 S S
3 114 2 1 S S
3 115 2 1 S S
3 116 2 1 S S
3 117 2 1 S S
3 118 2 1 S S
3 119 2 1 S S
3 120 2 1 S S
3 121 2 1 S S
3 122 2 1 S S
3 123 2 1 S S
3 124 2 1 S S
3 125 2 1 S S
3 126 2 1 S S
3 127 2 1 S S
3 128 2 1 S S
3 129 2 1 S S
3 130 2 1 S S
3 131 2 1 S S
3 132 2 1 S S
3 133 2 1 S S
3 134 2 1 S S
3 135 2 1 S S
3 136 2 1 S S
3 137 2 1 S S
3 138 2 1 S S
3 139 2 1 S S
3 140 2 1 S S
3 141 2 1 S S
3 142 2 1 S S
3 143 2 1 S S
3 144 2 1 S S
3 145 2 1 S S
3 146 2 1 S S
3 147 2 1 S S
3 148 2 1 S S
3 149 2 1 S S
3 150 2 1 S S
3 151 2 1 S S
3 152 2 1 S S
3 153 2 1 S S
3 154 2 1 S S
3 155 2 1 S S
3 156 2 1 S S
3 157 2 1 S S
3 158 2 1 S S
3 159 2 1 S S
3 160 2 1 S S
3 161 2 1 S S
3 162 2 1 S S
3 163 2 1 S S
3 164 2 1 S S
3 165 2 1 S S
3 166 2 1 S S
3 167 2 1 S S
3 168 2 1 S S
3 169 2 1 S S
3 170 2 1 S S
3 171 2 1 S S
3 172 2 1 S S
3 173 2 1 S S
3 174 2 1 S S
3 175 2 1 S S
3 176 2 1 S S
3 177 2 1 S S
3 178 2 1 S S
3 179 2 1 S S
3 180 2 1 S S
3 181 2 1 S S
3 182 2 1 S S
3 183 2 1 S S
3 184 2 1 S S
3 185 2 1 S S
3 186 2 1 S S
3 187 2 1 S S
3 188 2 1 S S
3 189 2 1 S S
3 190 2 1 S S
3 191 2 1 S S
3 192 2 1 S S
3 193 2 1 S S
3 194 2 1 S S
3 195 2 1 S S
3 196 2 1 S S
3 197 2 1 S S
3 198 2 1 S S
3 199 2 1 S S
4 0 0 0 D R
4 1 0 0 L R
4 2 0 0 L R
4 3 0 0 L R
4 4 0 0 L R
4 5 0 0 L R
4 6 0 0 D R
4 7 0 0 L U
4 8 0 0 D R
4 9 0 0 R D
4 10 1 0 R D
4 11 1 1 D D
4 12 1 1 D U
4 13 1 1 D U
4 14 1 1 L U
4 15 1 1 L U
4 16 1 1 L D
4 17 1 1 D U
4 18 2 1 R L
4 19 2 1 S S
4 20 2 1 S S
4 21 2 1 S S
4 22 2 1 S S
4 23 2 1 S S
4 24 2 1 S S
4 25 2 1 S S
4 26 2 1 S S
4 27 2 1 S S
4 28 2 1 S S
4 29 2 1 S S
4 30 2 1 S S
4 31 2 1 S S
4 32 2 1 S S
4 33 2 1 S S
4 34 2 1 S S
4 35 2 1 S S
4 36 2 1 S S
4 37 2 1 S S
4 38 2 1 S S
4 39 2 1 S S
4 40 2 1 S S
4 41 2 1 S S
4 42 2 1 S S
4 43 2 1 S S
4 44 2 1 S S
4 45 2 1 S S
4 46 2 1 S S
4 47 2 1 S S
4 48 2 1 S S
4 49 2 1 S S
4 50 2 1 S S
4 51 2 1 S S
4 52 2 1 S S
4 53 2 1 S S
4 54 2 1 S S
4 55 2 1 S S
4 56 2 1 S S
4 57 2 1 S S
4 58 2 1 S S
4 59 2 1 S S
4 60 2 1 S S
4 61 2 1 S S
4 62 2 1 S S
4 63 2 1 S S
4 64 2 1 S S
4 65 2 1 S S
4 66 2 1 S S
4 67 2 1 S S
4 68 2 1 S S
4 69 2 1 S S
4 70 2 1 S S
4 71 2 1 S S
4 72 2 1 S S
4 73 2 1 S S
4 74 2 1 S S
4 75 2 1 S S
4 76 2 1 S S
4 77 2 1 S S
4 78 2 1 S S
4 79 2 1 S S
4 80 2 1 S S
4 81 2 1 S S
4 82 2 1 S S
4 83 2 1 S S
4 84 2 1 S S
4 85 2 1 S S
4 86 2 1 S S
4 87 2 1 S S
4 88 2 1 S S
4 89 2 1 S S
4 90 2 1 S S
4 91 2 1 S S
4 92 2 1 S S
4 93 2 1 S S
4 94 2 1 S S
4 95 2 1 S S
4 96 2 1 S S
4 97 2 1 S S
4 98 2 1 S S
4 99 2 1 S S
4 100 2 1 S S
4 101 2 1 S S
4 102 2 1 S S
4 103 2 1 S S
4 104 2 1 S S
4 105 2 1 S S
4 106 2 1 S S
4 107 2 1 S S
4 108 2 1 S S
4 109 2 1 S S
4 110 2 1 S S
4 111 2 1 S S
4 112 2 1 S S
4 113 2 1 S S
4 114 2 1 S S
4 115 2 1 S S
4 116 2 1 S S
4 117 2 1 S S
4 118 2 1 S S
4 119 2 1 S S
4 120 2 1 S S
4 121 2 1 S S
4 122 2 1 S S
4 123 2 1 S S
4 124 2 1 S S
4 125 2 1 S S
4 126 2 1 S S
4 127 2 1 S S
4 128 2 1 S S
4 129 2 1 S S
4 130 2 1 S S
4 131 2 1 S S
4 132 2 1 S S
4 133 2 1 S S
4 134 2 1 S S
4 135 2 1 S S
4 136 2 1 S S
4 137 2 1 S S
4 138 2 1 S S
4 139 2 1 S S
4 140 2 1 S S
4 141 2 1 S S
4 142 2 1 S S
4 143 2 1 S S
4 144 2 1 S S
4 145 2 1 S S
4 146 2 1 S S
4 147 2 1 S S
4 148 2 1 S S
4 149 2 1 S S
4 150 2 1 S S
4 151 2 1 S S
4 152 2 1 S S
4 153 2 1 S S
4 154 2 1 S S
4 155 2 1 S S
4 156 2 1 S S
4 157 2 1 S S
4 158 2 1 S S
4 159 2 1 S S
4 160 2 1 S S
4 161 2 1 S S
4 162 2 1 S S
4 163 2 1 S S
4 164 2 1 S S
4 165 2 1 S S
4 166 2 1 S S
4 167 2 1 S S
4 168 2 1 S S
4 169 2 1 S S
4 170 2 1 S S
4 171 2 1 S S
4 172 2 1 S S
4 173 2 1 S S
4 174 2 1 S S
4 175 2 1 S S
4 176 2 1 S S
4 177 2 1 S S
4 178 2 1 S S
4 179 2 1 S S
4 180 2 1 S S
4 181 2 1 S S
4 182 2 1 S S
4 183 2 1 S S
4 184 2 1 S S
4 185 2 1 S S
4 186 2 1 S S
4 187 2 1 S S
4 188 2 1 S S
4 189 2 1 S S
4 190 2 1 S S
4 191 2 1 S S
4 192 2 1 S S
4 193 2 1 S S
4 194 2 1 S S
4 195 2 1 S S
4 196 2 1 S S
4 197 2 1 S S
4 198 2 1 S S
4 199 2 1 S S
5 0 0 0 D D
5 1 0 0 D D
5 2 0 0 D D
5 3 0 0 D D
5 4 0 0 D D
5 5 0 0 D D
5 6 0 0 D D
5 7 0 0 D L
5 8 0 0 D D
5 9 0 0 L L
5 10 0 0 L L
5 11 0 0 L L
5 12 0 0 L L
5 13 0 0 L L
5 14 0 0 L L
5 15 0 0 U L
5 16 0 0 U U
5 17 0 0 U U
5 18 0 0 U U
5 19 0 0 U L
5 20 0 0 L U
5 21 0 0 U U
5 22 0 0 R L
5 23 0 0 R D
5 24 0 0 R D
5 25 0 0 R D
5 26 0 0 R D
5 27 0 0 R D
5 28 0 0 R D
5 29 0 0 R D
5 30 0 0 R D
5 31 0 0 R D
5 32 0 0 R D
5 33 0 0 R D
5 34 0 0 R D
5 35 0 0 R D
5 36 0 0 R D
5 37 0 0 R D
5 38 0 0 R D
5 39 0 0 R D
5 40 0 0 R D
5 41 0 0 R D
5 42 0 0 R D
5 43 0 0 R D
5 44 0 0 R D
5 45 0 0 R D
5 46 0 0 R D
5 47 0 0 R D
5 48 0 0 R D
5 49 0 0 R D
5 50 0 0 R D
5 51 0 0 R D
5 52 0 0 R D
5 53 0 0 R D
5 54 0 0 R D
5 55 0 0 R D
5 56 0 0 R D
5 57 0 0 R D
5 58 0 0 R D
5 59 0 0 R D
5 60 0 0 R D
5 61 0 0 R D
5 62 0 0 R D
5 63 0 0 R D
5 64 0 0 R D
5 65 0 0 R D
5 66 0 0 R D
5 67 0 0 R D
5 68 0 0 R D
5 69 0 0 R D
5 70 0 0 R D
5 71 0 0 R D
5 72 0 0 R D
5 73 0 0 R D
5 74 0 0 R D
5 75 0 0 R D
5 76 0 0 R D
5 77 0 0 R D
5 78 0 0 R D
5 79 0 0 R D
5 80 0 0 R D
5 81 0 0 R D
5 82 0 0 R D
5 83 0 0 R D
5 84 0 0 R D
5 85 0 0 R D
5 86 0 0 R D
5 87 0 0 R D
5 88 0 0 R D
5 89 0 0 R D
5 90 0 0 R D
5 91 0 0 R D
5 92 0 0 R D
5 93 0 0 R D
5 94 0 0 R D
5 95 0 0 R D
5 96 0 0 R D
5 97 0 0 R D
5 98 0 0 R D
5 99 0 0 R D
5 100 0 0 R D
5 101 0 0 R D
5 102 0 0 R D
5 103 0 0 R D
5 104 0 0 R D
5 105 0 0 R D
5 106 0 0 R D
5 107 0 0 R D
5 108 0 0 R D
5 109 0 0 R D
5 110 0 0 R D
5 111 0 0 R D
5 112 0 0 R D
5 113 0 0 R D
5 114 0 0 R D
5 115 0 0 R D
5 116 0 0 R D
5 117 0 0 R D
5 118 0 0 R D
5 119 0 0 R D
5 120 0 0 R D
5 121 0 0 R D
5 122 0 0 R D
5 123 0 0 R D
5 124 0 0 R D
5 125 0 0 R D
5 126 0 0 R D
5 127 0 0 R D
5 128 0 0 R D
5 129 0 0 R D
5 130 0 0 R D
5 131 0 0 R D
5 132 0 0 R D
5 133 0 0 R D
5 134 0 0 R D
5 135 0 0 R D
5 136 0 0 R D
5 137 0 0 R D
5 138 0 0 R D
5 139 0 0 R D
5 140 0 0 R D
5 141 0 0 R D
5 142 0 0 R D
5 143 0 0 R D
5 144 0 0 R D
5 145 0 0 R D
5 146 0 0 R D
5 147 0 0 R D
5 148 0 0 R D
5 149 0 0 R D
5 150 0 0 R D
5 151 0 0 R D
5 152 0 0 R D
5 153 0 0 R D
5 154 0 0 R D
5 155 0 0 R D
5 156 0 0 R D
5 157 0 0 R D
5 158 0 0 R D
5 159 0 0 R D
5 160 0 0 R D
5 161 0 0 R D
5 162 0 0 R D
5 163 0 0 R D
5 164 0 0 R D
5 165 0 0 R D
5 166 0 0 R D
5 167 0 0 R D
5 168 0 0 R D
5 169 0 0 R D
5 170 0 0 R D
5 171 0 0 R D
5 172 0 0 R D
5 173 0 0 R D
5 174 0 0 R D
5 175 0 0 R D
5 176 0 0 R D
5 177 0 0 R D
5 178 0 0 R D
5 179 0 0 R D
5 180 0 0 R D
5 181 0 0 R D
5 182 0 0 R D
5 183 0 0 R D
5 184 0 0 R D
5 185 0 0 R D
5 186 0 0 R D
5 187 0 0 R D
5 188 0 0 R D
5 189 0 0 R D
5 190 0 0 R D
5 191 0 0 R D
5 192 0 0 R D
5 193 0 0 R D
5 194 0 0 R D
5 195 0 0 R D
5 196 0 0 R D
5 197 0 0 R D
5 198 0 0 R D
5 199 0 0 R D
6 0 0 0 R D
6 1 0 0 R L
6 2 0 0 R L
6 3 0 0 R L
6 4 0 0 D L
6 5 1 0 L D
6 6 1 1 L D
6 7 1 1 L U
6 8 1 1 L U
6 9 1 1 L U
6 10 1 1 L U
6 11 1 1 L U
6 12 1 1 L U
6 13 1 1 L L
6 14 1 1 L L
6 15 1 1 L L
6 16 1 1 L L
6 17 1 1 L L
6 18 1 1 L U
6 19 1 1 L U
6 20 1 1 L U
6 21 1 1 L U
6 22 1 1 L U
6 23 1 1 L U
6 24 1 1 L U
6 25 1 1 L U
6 26 1 1 L U
6 27 1 1 L U
6 28 1 1 L U
6 29 1 1 L U
6 30 1 1 L U
6 31 1 1 L U
6 32 1 1 L U
6 33 1 1 L U
6 34 1 1 L U
6 35 1 1 L U
6 36 1 1 L U
6 37 1 1 L U
6 38 1 1 L U
6 39 1 1 L U
6 40 1 1 L U
6 41 1 1 L U
6 42 1 1 L U
6 43 1 1 L U
6 44 1 1 L U
6 45 1 1 L U
6 46 1 1 L U
6 47 1 1 L U
6 48 1 1 L U
6 49 1 1 L U
6 50 1 1 L U
6 51 1 1 L U
6 52 1 1 L U
6 53 1 1 L U
6 54 1 1 L U
6 55 1 1 L U
6 56 1 1 L U
6 57 1 1 L U
6 58 1 1 L U
6 59 1 1 L U
6 60 1 1 L U
6 61 1 1 L U
6 62 1 1 L U
6 63 1 1 L U
6 64 1 1 L U
6 65 1 1 L U
6 66 1 1 L U
6 67 1 1 L U
6 68 1 1 L U
6 69 1 1 L U
6 70 1 1 L U
6 71 1 1 L U
6 72 1 1 L U
6 73 1 1 L U
6 74 1 1 L U
6 75 1 1 L U
6 76 1 1 L U
6 77 1 1 L U
6 78 1 1 L U
6 79 1 1 L U
6 80 1 1 L U
6 81 1 1 L U
6 82 1 1 L U
6 83 1 1 L U
6 84 1 1 L U
6 85 1 1 L U
6 86 1 1 L U
6 87 1 1 L U
6 88 1 1 L U
6 89 1 1 L U
6 90 1 1 L U
6 91 1 1 L U
6 92 1 1 L U
6 93 1 1 L U
6 94 1 1 L U
6 95 1 1 L U
6 96 1 1 L U
6 97 1 1 L U
6 98 1 1 L U
6 99 1 1 L U
6 100 1 1 L U
6 101 1 1 L U
6 102 1 1 L U
6 103 1 1 L U
6 104 1 1 L U
6 105 1 1 L U
6 106 1 1 L U
6 107 1 1 L U
6 108 1 1 L U
6 109 1 1 L U
6 110 1 1 L U
6 111 1 1 L U
6 112 1 1 L U
6 113 1 1 L U
6 114 1 1 L U
6 115 1 1 L U
6 116 1 1 L U
6 117 1 1 L U
6 118 1 1 L U
6 119 1 1 L U
6 120 1 1 L U
6 121 1 1 L U
6 122 1 1 L U
6 123 1 1 L U
6 124 1 1 L U
6 125 1 1 L U
6 126 1 1 L U
6 127 1 1 L U
6 128 1 1 L U
6 129 1 1 L U
6 130 1 1 L U
6 131 1 1 L U
6 132 1 1 L U
6 133 1 1 L U
6 134 1 1 L U
6 135 1 1 L U
6 136 1 1 L U
6 137 1 1 L U
6 138 1 1 L U
6 139 1 1 L U
6 140 1 1 L U
6 141 1 1 L U
6 142 1 1 L U
6 143 1 1 L U
6 144 1 1 L U
6 145 1 1 L U
6 146 1 1 L U
6 147 1 1 L U
6 148 1 1 L U
6 149 1 1 L U
6 150 1 1 L U
6 151 1 1 L U
6 152 1 1 L U
6 153 1 1 L U
6 154 1 1 L U
6 155 1 1 L U
6 156 1 1 L U
6 157 1 1 L U
6 158 1 1 L U
6 159 1 1 L U
6 160 1 1 L U
6 161 1 1 L U
6 162 1 1 L U
6 163 1 1 L U
6 164 1 1 L U
6 165 1 1 L U
6 166 1 1 L U
6 167 1 1 L U
6 168 1 1 L U
6 169 1 1 L U
6 170 1 1 L U
6 171 1 1 L U
6 172 1 1 L U
6 173 1 1 L U
6 174 1 1 L U
6 175 1 1 L U
6 176 1 1 L U
6 177 1 1 L U
6 178 1 1 L U
6 179 1 1 L U
6 180 1 1 L U
6 181 1 1 L U
6 182 1 1 L U
6 183 1 1 L U
6 184 1 1 L U
6 185 1 1 L U
6 186 1 1 L U
6 187 1 1 L U
6 188 1 1 L U
6 189 1 1 L U
6 190 1 1 L U
6 191 1 1 L U
6 192 1 1 L U
6 193 1 1 L U
6 194 1 1 L U
6 195 1 1 L U
6 196 1 1 L U
6 197 1 1 L U
6 198 1 1 L U
6 199 1 1 L U
7 0 0 0 U U
7 1 0 0 U U
7 2 0 0 U U
7 3 0 0 U U
7 4 0 0 U R
7 5 0 0 U U
7 6 0 0 U R
7 7 0 0 U R
7 8 0 0 R R
7 9 0 0 U D
7 10 0 0 L D
7 11 0 0 L D
7 12 0 0 L D
7 13 0 0 U D
7 14 0 0 L D
7 15 0 0 D D
7 16 1 0 D D
7 17 1 0 L D
7 18 1 0 L R
7 19 1 0 L D
7 20 1 0 L L
7 21 1 1 L L
7 22 1 1 L U
7 23 1 1 D U
7 24 1 1 R U
7 25 1 1 R U
7 26 1 1 R U
7 27 1 1 R U
7 28 2 1 R U
7 29 2 1 S S
7 30 2 1 S S
7 31 2 1 S S
7 32 2 1 S S
7 33 2 1 S S
7 34 2 1 S S
7 35 2 1 S S
7 36 2 1 S S
7 37 2 1 S S
7 38 2 1 S S
7 39 2 1 S S
7 40 2 1 S S
7 41 2 1 S S
7 42 2 1 S S
7 43 2 1 S S
7 44 2 1 S S
7 45 2 1 S S
7 46 2 1 S S
7 47 2 1 S S
7 48 2 1 S S
7 49 2 1 S S
7 50 2 1 S S
7 51 2 1 S S
7 52 2 1 S S
7 53 2 1 S S
7 54 2 1 S S
7 55 2 1 S S
7 56 2 1 S S
7 57 2 1 S S
7 58 2 1 S S
7 59 2 1 S S
7 60 2 1 S S
7 61 2 1 S S
7 62 2 1 S S
7 63 2 1 S S
7 64 2 1 S S
7 65 2 1 S S
7 66 2 1 S S
7 67 2 1 S S
7 68 2 1 S S
7 69 2 1 S S
7 70 2 1 S S
7 71 2 1 S S
7 72 2 1 S S
7 73 2 1 S S
7 74 2 1 S S
7 75 2 1 S S
7 76 2 1 S S
7 77 2 1 S S
7 78 2 1 S S
7 79 2 1 S S
7 80 2 1 S S
7 81 2 1 S S
7 82 2 1 S S
7 83 2 1 S S
7 84 2 1 S S
7 85 2 1 S S
7 86 2 1 S S
7 87 2 1 S S
7 88 2 1 S S
7 89 2 1 S S
7 90 2 1 S S
7 91 2 1 S S
7 92 2 1 S S
7 93 2 1 S S
7 94 2 1 S S
7 95 2 1 S S
7 96 2 1 S S
7 97 2 1 S S
7 98 2 1 S S
7 99 2 1 S S
7 100 2 1 S S
7 101 2 1 S S
7 102 2 1 S S
7 103 2 1 S S
7 104 2 1 S S
7 105 2 1 S S
7 106 2 1 S S
7 107 2 1 S S
7 108 2 1 S S
7 109 2 1 S S
7 110 2 1 S S
7 111 2 1 S S
7 112 2 1 S S
7 113 2 1 S S
7 114 2 1 S S
7 115 2 1 S S
7 116 2 1 S S
7 117 2 1 S S
7 118 2 1 S S
7 119 2 1 S S
7 120 2 1 S S
7 121 2 1 S S
7 122 2 1 S S
7 123 2 1 S S
7 124 2 1 S S
7 125 2 1 S S
7 126 2 1 S S
7 127 2 1 S S
7 128 2 1 S S
7 129 2 1 S S
7 130 2 1 S S
7 131 2 1 S S
7 132 2 1 S S
7 133 2 1 S S
7 134 2 1 S S
7 135 2 1 S S
7 136 2 1 S S
7 137 2 1 S S
7 138 2 1 S S
7 139 2 1 S S
7 140 2 1 S S
7 141 2 1 S S
7 142 2 1 S S
7 143 2 1 S S
7 144 2 1 S S
7 145 2 1 S S
7 146 2 1 S S
7 147 2 1 S S
7 148 2 1 S S
7 149 2 1 S S
7 150 2 1 S S
7 151 2 1 S S
7 152 2 1 S S
7 153 2 1 S S
7 154 2 1 S S
7 155 2 1 S S
7 156 2 1 S S
7 157 2 1 S S
7 158 2 1 S S
7 159 2 1 S S
7 160 2 1 S S
7 161 2 1 S S
7 162 2 1 S S
7 163 2 1 S S
7 164 2 1 S S
7 165 2 1 S S
7 166 2 1 S S
7 167 2 1 S S
7 168 2 1 S S
7 169 2 1 S S
7 170 2 1 S S
7 171 2 1 S S
7 172 2 1 S S
7 173 2 1 S S
7 174 2 1 S S
7 175 2 1 S S
7 176 2 1 S S
7 177 2 1 S S
7 178 2 1 S S
7 179 2 1 S S
7 180 2 1 S S
7 181 2 1 S S
7 182 2 1 S S
7 183 2 1 S S
7 184 2 1 S S
7 185 2 1 S S
7 186 2 1 S S
7 187 2 1 S S
7 188 2 1 S S
7 189 2 1 S S
7 190 2 1 S S
7 191 2 1 S S
7 192 2 1 S S
7 193 2 1 S S
7 194 2 1 S S
7 195 2 1 S S
7 196 2 1 S S
7 197 2 1 S S
7 198 2 1 S S
7 199 2 1 S S
8 0 0 0 D U
8 1 0 0 D U
8 2 0 0 D U
8 3 0 0 R U
8 4 0 0 R R
8 5 0 0 R R
8 6 0 0 D R
8 7 0 0 R R
8 8 0 0 D R
8 9 0 0 L R
8 10 0 0 L R
8 11 0 0 L R
8 12 1 0 L R
8 13 1 0 D R
8 14 1 0 D D
8 15 1 0 D D
8 16 1 0 D D
8 17 1 0 D D
8 18 1 0 D R
8 19 1 0 D D
8 20 1 1 D L
8 21 1 1 L U
8 22 1 1 L U
8 23 1 1 L L
8 24 1 1 L L
8 25 1 1 U L
8 26 1 1 U U
8 27 1 1 U U
8 28 1 1 L L
8 29 1 1 U U
8 30 2 1 R L
8 31 2 1 S S
8 32 2 1 S S
8 33 2 1 S S
8 34 2 1 S S
8 35 2 1 S S
8 36 2 1 S S
8 37 2 1 S S
8 38 2 1 S S
8 39 2 1 S S
8 40 2 1 S S
8 41 2 1 S S
8 42 2 1 S S
8 43 2 1 S S
8 44 2 1 S S
8 45 2 1 S S
8 46 2 1 S S
8 47 2 1 S S
8 48 2 1 S S
8 49 2 1 S S
8 50 2 1 S S
8 51 2 1 S S
8 52 2 1 S S
8 53 2 1 S S
8 54 2 1 S S
8 55 2 1 S S
8 56 2 1 S S
8 57 2 1 S S
8 58 2 1 S S
8 59 2 1 S S
8 60 2 1 S S
8 61 2 1 S S
8 62 2 1 S S
8 63 2 1 S S
8 64 2 1 S S
8 65 2 1 S S
8 66 2 1 S S
8 67 2 1 S S
8 68 2 1 S S
8 69 2 1 S S
8 70 2 1 S S
8 71 2 1 S S
8 72 2 1 S S
8 73 2 1 S S
8 74 2 1 S S
8 75 2 1 S S
8 76 2 1 S S
8 77 2 1 S S
8 78 2 1 S S
8 79 2 1 S S
8 80 2 1 S S
8 81 2 1 S S
8 82 2 1 S S
8 83 2 1 S S
8 84 2 1 S S
8 85 2 1 S S
8 86 2 1 S S
8 87 2 1 S S
8 88 2 1 S S
8 89 2 1 S S
8 90 2 1 S S
8 91 2 1 S S
8 92 2 1 S S
8 93 2 1 S S
8 94 2 1 S S
8 95 2 1 S S
8 96 2 1 S S
8 97 2 1 S S
8 98 2 1 S S
8 99 2 1 S S
8 100 2 1 S S
8 101 2 1 S S
8 102 2 1 S S
8 103 2 1 S S
8 104 2 1 S S
8 105 2 1 S S
8 106 2 1 S S
8 107 2 1 S S
8 108 2 1 S S
8 109 2 1 S S
8 110 2 1 S S
8 111 2 1 S S
8 112 2 1 S S
8 113 2 1 S S
8 114 2 1 S S
8 115 2 1 S S
8 116 2 1 S S
8 117 2 1 S S
8 118 2 1 S S
8 119 2 1 S S
8 120 2 1 S S
8 121 2 1 S S
8 122 2 1 S S
8 123 2 1 S S
8 124 2 1 S S
8 125 2 1 S S
8 126 2 1 S S
8 127 2 1 S S
8 128 2 1 S S
8 129 2 1 S S
8 130 2 1 S S
8 131 2 1 S S
8 132 2 1 S S
8 133 2 1 S S
8 134 2 1 S S
8 135 2 1 S S
8 136 2 1 S S
8 137 2 1 S S
8 138 2 1 S S
8 139 2 1 S S
8 140 2 1 S S
8 141 2 1 S S
8 142 2 1 S S
8 143 2 1 S S
8 144 2 1 S S
8 145 2 1 S S
8 146 2 1 S S
8 147 2 1 S S
8 148 2 1 S S
8 149 2 1 S S
8 150 2 1 S S
8 151 2 1 S S
8 152 2 1 S S
8 153 2 1 S S
8 154 2 1 S S
8 155 2 1 S S
8 156 2 1 S S
8 157 2 1 S S
8 158 2 1 S S
8 159 2 1 S S
8 160 2 1 S S
8 161 2 1 S S
8 162 2 1 S S
8 163 2 1 S S
8 164 2 1 S S
8 165 2 1 S S
8 166 2 1 S S
8 167 2 1 S S
8 168 2 1 S S
8 169 2 1 S S
8 170 2 1 S S
8 171 2 1 S S
8 172 2 1 S S
8 173 2 1 S S
8 174 2 1 S S
8 175 2 1 S S
8 176 2 1 S S
8 177 2 1 S S
8 178 2 1 S S
8 179 2 1 S S
8 180 2 1 S S
8 181 2 1 S S
8 182 2 1 S S
8 183 2 1 S S
8 184 2 1 S S
8 185 2 1 S S
8 186 2 1 S S
8 187 2 1 S S
8 188 2 1 S S
8 189 2 1 S S
8 190 2 1 S S
8 191 2 1 S S
8 192 2 1 S S
8 193 2 1 S S
8 194 2 1 S S
8 195 2 1 S S
8 196 2 1 S S
8 197 2 1 S S
8 198 2 1 S S
8 199 2 1 S S
9 0 0 0 U D
9 1 0 0 L D
9 2 0 0 L D
9 3 0 0 U D
9 4 0 0 U D
9 5 0 0 U D
9 6 0 0 L R
9 7 0 0 U R
9 8 0 0 R R
9 9 1 0 R R
9 10 1 0 D R
9 11 1 0 R D
9 12 1 0 D D
9 13 1 0 D D
9 14 1 0 U D
9 15 1 0 U L
9 16 1 0 U D
9 17 1 0 U R
9 18 1 0 U R
9 19 1 1 U R
9 20 1 1 U U
9 21 1 1 U U
9 22 1 1 U U
9 23 1 1 U U
9 24 1 1 U U
9 25 1 1 U U
9 26 1 1 U U
9 27 1 1 U U
9 28 1 1 U U
9 29 1 1 U U
9 30 1 1 U U
9 31 1 1 U U
9 32 1 1 U U
9 33 1 1 U L
9 34 1 1 U L
9 35 1 1 U L
9 36 1 1 U L
9 37 1 1 U L
9 38 1 1 U L
9 39 1 1 U D
9 40 1 1 U D
9 41 1 1 U D
9 42 1 1 U D
9 43 1 1 U D
9 44 1 1 U D
9 45 1 1 U D
9 46 1 1 U L
9 47 1 1 U D
9 48 1 1 U R
9 49 1 1 U R
9 50 1 1 U R
9 51 1 1 U R
9 52 1 1 U R
9 53 1 1 U R
9 54 1 1 U R
9 55 1 1 U U
9 56 1 1 U R
9 57 1 1 U D
9 58 1 1 R D
9 59 1 1 D D
9 60 1 1 D D
9 61 1 2 D D
9 62 1 2 S S
9 63 1 2 S S
9 64 1 2 S S
9 65 1 2 S S
9 66 1 2 S S
9 67 1 2 S S
9 68 1 2 S S
9 69 1 2 S S
9 70 1 2 S S
9 71 1 2 S S
9 72 1 2 S S
9 73 1 2 S S
9 74 1 2 S S
9 75 1 2 S S
9 76 1 2 S S
9 77 1 2 S S
9 78 1 2 S S
9 79 1 2 S S
9 80 1 2 S S
9 81 1 2 S S
9 82 1 2 S S
9 83 1 2 S S
9 84 1 2 S S
9 85 1 2 S S
9 86 1 2 S S
9 87 1 2 S S
9 88 1 2 S S
9 89 1 2 S S
9 90 1 2 S S
9 91 1 2 S S
9 92 1 2 S S
9 93 1 2 S S
9 94 1 2 S S
9 95 1 2 S S
9 96 1 2 S S
9 97 1 2 S S
9 98 1 2 S S
9 99 1 2 S S
9 100 1 2 S S
9 101 1 2 S S
9 102 1 2 S S
9 103 1 2 S S
9 104 1 2 S S
9 105 1 2 S S
9 106 1 2 S S
9 107 1 2 S S
9 108 1 2 S S
9 109 1 2 S S
9 110 1 2 S S
9 111 1 2 S S
9 112 1 2 S S
9 113 1 2 S S
9 114 1 2 S S
9 115 1 2 S S
9 116 1 2 S S
9 117 1 2 S S
9 118 1 2 S S
9 119 1 2 S S
9 120 1 2 S S
9 121 1 2 S S
9 122 1 2 S S
9 123 1 2 S S
9 124 1 2 S S
9 125 1 2 S S
9 126 1 2 S S
9 127 1 2 S S
9 128 1 2 S S
9 129 1 2 S S
9 130 1 2 S S
9 131 1 2 S S
9 132 1 2 S S
9 133 1 2 S S
9 134 1 2 S S
9 135 1 2 S S
9 136 1 2 S S
9 137 1 2 S S
9 138 1 2 S S
9 139 1 2 S S
9 140 1 2 S S
9 141 1 2 S S
9 142 1 2 S S
9 143 1 2 S S
9 144 1 2 S S
9 145 1 2 S S
9 146 1 2 S S
9 147 1 2 S S
9 148 1 2 S S
9 149 1 2 S S
9 150 1 2 S S
9 151 1 2 S S
9 152 1 2 S S
9 153 1 2 S S
9 154 1 2 S S
9 155 1 2 S S
9 156 1 2 S S
9 157 1 2 S S
9 158 1 2 S S
9 159 1 2 S S
9 160 1 2 S S
9 161 1 2 S S
9 162 1 2 S S
9 163 1 2 S S
9 164 1 2 S S
9 165 1 2 S S
9 166 1 2 S S
9 167 1 2 S S
9 168 1 2 S S
9 169 1 2 S S
9 170 1 2 S S
9 171 1 2 S S
9 172 1 2 S S
9 173 1 2 S S
9 174 1 2 S S
9 175 1 2 S S
9 176 1 2 S S
9 177 1 2 S S
9 178 1 2 S S
9 179 1 2 S S
9 180 1 2 S S
9 181 1 2 S S
9 182 1 2 S S
9 183 1 2 S S
9 184 1 2 S S
9 185 1 2 S S
9 186 1 2 S S
9 187 1 2 S S
9 188 1 2 S S
9 189 1 2 S S
9 190 1 2 S S
9 191 1 2 S S
9 192 1 2 S S
9 193 1 2 S S
9 194 1 2 S S
9 195 1 2 S S
9 196 1 2 S S
9 197 1 2 S S
9 198 1 2 S S
9 199 1 2 S S
10 0 0 0 D D
10 1 0 0 D D
10 2 0 0 R L
10 3 0 0 D D
10 4 0 0 U D
10 5 0 0 D D
10 6 0 0 D D
10 7 0 0 D D
10 8 0 0 D D
10 9 0 0 D D
10 10 0 0 D D
10 11 0 0 D D
10 12 0 0 U L
10 13 0 0 U D
10 14 0 0 U R
10 15 0 0 U R
10 16 0 1 U R
10 17 0 1 U U
10 18 0 1 U U
10 19 0 1 U U
10 20 0 1 U U
10 21 0 1 U U
10 22 0 1 L U
10 23 0 1 L U
10 24 0 1 L U
10 25 0 1 L U
10 26 0 1 D U
10 27 0 1 D U
10 28 0 1 D U
10 29 0 1 D L
10 30 0 1 L U
10 31 0 1 D R
10 32 0 1 R R
10 33 0 1 R D
10 34 0 1 D R
10 35 0 1 R R
10 36 0 1 U U
10 37 0 1 L L
10 38 0 1 U L
10 39 0 1 R D
10 40 0 1 R L
10 41 0 1 U D
10 42 0 1 R D
10 43 0 1 D D
10 44 0 1 D U
10 45 0 1 L D
10 46 0 1 L L
10 47 0 1 L L
10 48 0 1 L L
10 49 0 1 L L
10 50 0 1 L D
10 51 0 1 L D
10 52 0 1 L D
10 53 0 1 L D
10 54 0 1 L D
10 55 0 1 L D
10 56 0 1 L D
10 57 0 1 L D
10 58 0 1 L D
10 59 0 1 L D
10 60 0 1 L D
10 61 0 1 L D
10 62 0 1 L D
10 63 0 1 L D
10 64 0 1 L D
10 65 0 1 L D
10 66 0 1 L D
10 67 0 1 L D
10 68 0 1 L D
10 69 0 1 L D
10 70 0 1 L D
10 71 0 1 L D
10 72 0 1 L D
10 73 0 1 L D
10 74 0 1 L D
10 75 0 1 L D
10 76 0 1 L D
10 77 0 1 L D
10 78 0 1 L D
10 79 0 1 L D
10 80 0 1 L D
10 81 0 1 L D
10 82 0 1 L D
10 83 0 1 L D
10 84 0 1 L D
10 85 0 1 L D
10 86 0 1 L D
10 87 0 1 L D
10 88 0 1 L D
10 89 0 1 L D
10 90 0 1 L D
10 91 0 1 L D
10 92 0 1 L D
10 93 0 1 L D
10 94 0 1 L D
10 95 0 1 L D
10 96 0 1 L D
10 97 0 1 L D
10 98 0 1 L D
10 99 0 1 L D
10 100 0 1 L D
10 101 0 1 L D
10 102 0 1 L D
10 103 0 1 L D
10 104 0 1 L D
10 105 0 1 L D
10 106 0 1 L D
10 107 0 1 L D
10 108 0 1 L D
10 109 0 1 L D
10 110 0 1 L D
10 111 0 1 L D
10 112 0 1 L D
10 113 0 1 L D
10 114 0 1 L D
10 115 0 1 L D
10 116 0 1 L D
10 117 0 1 L D
10 118 0 1 L D
10 119 0 1 L D
10 120 0 1 L D
10 121 0 1 L D
10 122 0 1 L D
10 123 0 1 L D
10 124 0 1 L D
10 125 0 1 L D
10 126 0 1 L D
10 127 0 1 L D
10 128 0 1 L D
10 129 0 1 L D
10 130 0 1 L D
10 131 0 1 L D
10 132 0 1 L D
10 133 0 1 L D
10 134 0 1 L D
10 135 0 1 L D
10 136 0 1 L D
10 137 0 1 L D
10 138 0 1 L D
10 139 0 1 L D
10 140 0 1 L D
10 141 0 1 L D
10 142 0 1 L D
10 143 0 1 L D
10 144 0 1 L D
10 145 0 1 L D
10 146 0 1 L D
10 147 0 1 L D
10 148 0 1 L D
10 149 0 1 L D
10 150 0 1 L D
10 151 0 1 L D
10 152 0 1 L D
10 153 0 1 L D
10 154 0 1 L D
10 155 0 1 L D
10 156 0 1 L D
10 157 0 1 L D
10 158 0 1 L D
10 159 0 1 L D
10 160 0 1 L D
10 161 0 1 L D
10 162 0 1 L D
10 163 0 1 L D
10 164 0 1 L D
10 165 0 1 L D
10 166 0 1 L D
10 167 0 1 L D
10 168 0 1 L D
10 169 0 1 L D
10 170 0 1 L D
10 171 0 1 L D
10 172 0 1 L D
10 173 0 1 L D
10 174 0 1 L D
10 175 0 1 L D
10 176 0 1 L D
10 177 0 1 L D
10 178 0 1 L D
10 179 0 1 L D
10 180 0 1 L D
10 181 0 1 L D
10 182 0 1 L D
10 183 0 1 L D
10 184 0 1 L D
10 185 0 1 L D
10 186 0 1 L D
10 187 0 1 L D
10 188 0 1 L D
10 189 0 1 L D
10 190 0 1 L D
10 191 0 1 L D
10 192 0 1 L D
10 193 0 1 L D
10 194 0 1 L D
10 195 0 1 L D
10 196 0 1 L D
10 197 0 1 L D
10 198 0 1 L D
10 199 0 1 L D
11 0 0 0 U U
11 1 0 0 U R
11 2 0 0 U D
11 3 0 0 U D
11 4 0 0 U D
11 5 0 1 U D
11 6 0 1 L U
11 7 0 1 L U
11 8 0 1 L U
11 9 0 1 L U
11 10 0 1 L U
11 11 0 1 L R
11 12 0 1 L R
11 13 0 1 L D
11 14 0 1 L D
11 15 0 1 D D
11 16 0 1 L D
11 17 0 1 U D
11 18 0 1 U R
11 19 0 1 L D
11 20 0 1 U L
11 21 0 2 R L
11 22 0 2 U U
11 23 0 2 R U
11 24 1 2 D U
11 25 1 2 S S
11 26 1 2 S S
11 27 1 2 S S
11 28 1 2 S S
11 29 1 2 S S
11 30 1 2 S S
11 31 1 2 S S
11 32 1 2 S S
11 33 1 2 S S
11 34 1 2 S S
11 35 1 2 S S
11 36 1 2 S S
11 37 1 2 S S
11 38 1 2 S S
11 39 1 2 S S
11 40 1 2 S S
11 41 1 2 S S
11 42 1 2 S S
11 43 1 2 S S
11 44 1 2 S S
11 45 1 2 S S
11 46 1 2 S S
11 47 1 2 S S
11 48 1 2 S S
11 49 1 2 S S
11 50 1 2 S S
11 51 1 2 S S
11 52 1 2 S S
11 53 1 2 S S
11 54 1 2 S S
11 55 1 2 S S
11 56 1 2 S S
11 57 1 2 S S
11 58 1 2 S S
11 59 1 2 S S
11 60 1 2 S S
11 61 1 2 S S
11 62 1 2 S S
11 63 1 2 S S
11 64 1 2 S S
11 65 1 2 S S
11 66 1 2 S S
11 67 1 2 S S
11 68 1 2 S S
11 69 1 2 S S
11 70 1 2 S S
11 71 1 2 S S
11 72 1 2 S S
11 73 1 2 S S
11 74 1 2 S S
11 75 1 2 S S
11 76 1 2 S S
11 77 1 2 S S
11 78 1 2 S S
11 79 1 2 S S
11 80 1 2 S S
11 81 1 2 S S
11 82 1 2 S S
11 83 1 2 S S
11 84 1 2 S S
11 85 1 2 S S
11 86 1 2 S S
11 87 1 2 S S
11 88 1 2 S S
11 89 1 2 S S
11 90 1 2 S S
11 91 1 2 S S
11 92 1 2 S S
11 93 1 2 S S
11 94 1 2 S S
11 95 1 2 S S
11 96 1 2 S S
11 97 1 2 S S
11 98 1 2 S S
11 99 1 2 S S
11 100 1 2 S S
11 101 1 2 S S
11 102 1 2 S S
11 103 1 2 S S
11 104 1 2 S S
11 105 1 2 S S
11 106 1 2 S S
11 107 1 2 S S
11 108 1 2 S S
11 109 1 2 S S
11 110 1 2 S S
11 111 1 2 S S
11 112 1 2 S S
11 113 1 2 S S
11 114 1 2 S S
11 115 1 2 S S
11 116 1 2 S S
11 117 1 2 S S
11 118 1 2 S S
11 119 1 2 S S
11 120 1 2 S S
11 121 1 2 S S
11 122 1 2 S S
11 123 1 2 S S
11 124 1 2 S S
11 125 1 2 S S
11 126 1 2 S S
11 127 1 2 S S
11 128 1 2 S S
11 129 1 2 S S
11 130 1 2 S S
11 131 1 2 S S
11 132 1 2 S S
11 133 1 2 S S
11 134 1 2 S S
11 135 1 2 S S
11 136 1 2 S S
11 137 1 2 S S
11 138 1 2 S S
11 139 1 2 S S
11 140 1 2 S S
11 141 1 2 S S
11 142 1 2 S S
11 143 1 2 S S
11 144 1 2 S S
11 145 1 2 S S
11 146 1 2 S S
11 147 1 2 S S
11 148 1 2 S S
11 149 1 2 S S
11 150 1 2 S S
11 151 1 2 S S
11 152 1 2 S S
11 153 1 2 S S
11 154 1 2 S S
11 155 1 2 S S
11 156 1 2 S S
11 157 1 2 S S
11 158 1 2 S S
11 159 1 2 S S
11 160 1 2 S S
11 161 1 2 S S
11 162 1 2 S S
11 163 1 2 S S
11 164 1 2 S S
11 165 1 2 S S
11 166 1 2 S S
11 167 1 2 S S
11 168 1 2 S S
11 169 1 2 S S
11 170 1 2 S S
11 171 1 2 S S
11 172 1 2 S S
11 173 1 2 S S
11 174 1 2 S S
11 175 1 2 S S
11 176 1 2 S S
11 177 1 2 S S
11 178 1 2 S S
11 179 1 2 S S
11 180 1 2 S S
11 181 1 2 S S
11 182 1 2 S S
11 183 1 2 S S
11 184 1 2 S S
11 185 1 2 S S
11 186 1 2 S S
11 187 1 2 S S
11 188 1 2 S S
11 189 1 2 S S
11 190 1 2 S S
11 191 1 2 S S
11 192 1 2 S S
11 193 1 2 S S
11 194 1 2 S S
11 195 1 2 S S
11 196 1 2 S S
11 197 1 2 S S
11 198 1 2 S S
11 199 1 2 S S
12 0 0 0 U U
12 1 0 0 U L
12 2 0 0 U L
12 3 0 0 U L
12 4 0 0 U L
12 5 0 0 U D
12 6 0 0 U R
12 7 0 0 U R
12 8 0 0 U R
12 9 0 0 L U
12 10 0 0 U R
12 11 0 0 U R
12 12 0 0 U D
12 13 0 0 L L
12 14 0 0 D L
12 15 0 0 D U
12 16 0 0 D L
12 17 0 0 L L
12 18 0 0 D D
12 19 0 0 R R
12 20 0 0 U R
12 21 0 0 R U
12 22 0 0 D R
12 23 0 0 D R
12 24 0 0 L D
12 25 0 0 L L
12 26 0 0 L L
12 27 0 0 L U
12 28 0 0 L L
12 29 0 0 L L
12 30 0 0 L D
12 31 0 0 L R
12 32 0 0 L R
12 33 0 0 L U
12 34 0 0 L R
12 35 0 0 L R
12 36 0 0 L D
12 37 0 0 L L
12 38 0 0 L L
12 39 0 0 L U
12 40 0 0 L L
12 41 0 0 L L
12 42 0 0 L D
12 43 0 0 L R
12 44 0 0 L R
12 45 0 0 L U
12 46 0 0 L R
12 47 0 0 L R
12 48 0 0 L D
12 49 0 0 L L
12 50 0 0 L L
12 51 0 0 L U
12 52 0 0 L L
12 53 0 0 L L
12 54 0 0 L D
12 55 0 0 L R
12 56 0 0 L R
12 57 0 0 L U
12 58 0 0 L R
12 59 0 0 L R
12 60 0 0 L D
12 61 0 0 L L
12 62 0 0 L L
12 63 0 0 L U
12 64 0 0 L L
12 65 0 0 L L
12 66 0 0 L D
12 67 0 0 L R
12 68 0 0 L R
12 69 0 0 L U
12 70 0 0 L R
12 71 0 0 L R
12 72 0 0 L D
12 73 0 0 L L
12 74 0 0 L L
12 75 0 0 L U
12 76 0 0 L L
12 77 0 0 L L
12 78 0 0 L D
12 79 0 0 L R
12 80 0 0 L R
12 81 0 0 L U
12 82 0 0 L R
12 83 0 0 L R
12 84 0 0 L D
12 85 0 0 L L
12 86 0 0 L L
12 87 0 0 L U
12 88 0 0 L L
12 89 0 0 L L
12 90 0 0 L D
12 91 0 0 L R
12 92 0 0 L R
12 93 0 0 L U
12 94 0 0 L R
12 95 0 0 L R
12 96 0 0 L D
12 97 0 0 L L
12 98 0 0 L L
12 99 0 0 L U
12 100 0 0 L L
12 101 0 0 L L
12 102 0 0 L D
12 103 0 0 L R
12 104 0 0 L R
12 105 0 0 L U
12 106 0 0 L R
12 107 0 0 L R
12 108 0 0 L D
12 109 0 0 L L
12 110 0 0 L L
12 111 0 0 L U
12 112 0 0 L L
12 113 0 0 L L
12 114 0 0 L D
12 115 0 0 L R
12 116 0 0 L R
12 117 0 0 L U
12 118 0 0 L R
12 119 0 0 L R
12 120 0 0 L D
12 121 0 0 L L
12 122 0 0 L L
12 123 0 0 L U
12 124 0 0 L L
12 125 0 0 L L
12 126 0 0 L D
12 127 0 0 L R
12 128 0 0 L R
12 129 0 0 L U
12 130 0 0 L R
12 131 0 0 L R
12 132 0 0 L D
12 133 0 0 L L
12 134 0 0 L L
12 135 0 0 L U
12 136 0 0 L L
12 137 0 0 L L
12 138 0 0 L D
12 139 0 0 L R
12 140 0 0 L R
12 141 0 0 L U
12 142 0 0 L R
12 143 0 0 L R
12 144 0 0 L D
12 145 0 0 L L
12 146 0 0 L L
12 147 0 0 L U
12 148 0 0 L L
12 149 0 0 L L
12 150 0 0 L D
12 151 0 0 L R
12 152 0 0 L R
12 153 0 0 L U
12 154 0 0 L R
12 155 0 0 L R
12 156 0 0 L D
12 157 0 0 L L
12 158 0 0 L L
12 159 0 0 L U
12 160 0 0 L L
12 161 0 0 L L
12 162 0 0 L D
12 163 0 0 L R
12 164 0 0 L R
12 165 0 0 L U
12 166 0 0 L R
12 167 0 0 L R
12 168 0 0 L D
12 169 0 0 L L
12 170 0 0 L L
12 171 0 0 L U
12 172 0 0 L L
12 173 0 0 L L
12 174 0 0 L D
12 175 0 0 L R
12 176 0 0 L R
12 177 0 0 L U
12 178 0 0 L R
12 179 0 0 L R
12 180 0 0 L D
12 181 0 0 L L
12 182 0 0 L L
12 183 0 0 L U
12 184 0 0 L L
12 185 0 0 L L
12 186 0 0 L D
12 187 0 0 L R
12 188 0 0 L R
12 189 0 0 L U
12 190 0 0 L R
12 191 0 0 L R
12 192 0 0 L D
12 193 0 0 L L
12 194 0 0 L L
12 195 0 0 L U
12 196 0 0 L L
12 197 0 0 L L
12 198 0 0 L D
12 199 0 0 L R
13 0 0 0 U D
13 1 0 0 U D
13 2 0 0 U D
13 3 0 0 U D
13 4 0 0 U D
13 5 0 0 R D
13 6 0 0 R D
13 7 0 0 R D
13 8 0 0 R D
13 9 0 0 U D
13 10 0 0 U D
13 11 0 0 R L
13 12 0 0 U D
13 13 0 0 L R
13 14 0 0 L D
13 15 0 0 D L
13 16 0 0 L L
13 17 0 1 U L
13 18 0 1 L D
13 19 0 1 L D
13 20 0 1 L L
13 21 0 1 L L
13 22 0 1 L L
13 23 0 1 L L
13 24 0 1 L L
13 25 0 1 L L
13 26 0 1 L L
13 27 0 1 L L
13 28 0 1 L L
13 29 0 1 L L
13 30 0 1 L U
13 31 0 1 L L
13 32 0 1 L U
13 33 0 1 L R
13 34 0 1 L R
13 35 0 1 L R
13 36 0 1 L R
13 37 0 1 L R
13 38 0 1 L R
13 39 0 1 L R
13 40 0 1 L R
13 41 0 2 L R
13 42 0 2 L U
13 43 0 2 L U
13 44 0 2 L U
13 45 0 2 L U
13 46 0 2 L U
13 47 0 2 L U
13 48 0 2 L U
13 49 0 2 L L
13 50 0 2 L L
13 51 0 2 L L
13 52 0 2 L L
13 53 0 2 L U
13 54 0 2 L U
13 55 0 2 L U
13 56 0 2 L U
13 57 0 2 L U
13 58 0 2 L U
13 59 0 2 L U
13 60 0 2 L U
13 61 0 2 L U
13 62 0 2 L U
13 63 0 2 L U
13 64 0 2 L U
13 65 0 2 L U
13 66 0 2 L U
13 67 0 2 L U
13 68 0 2 L U
13 69 0 2 L U
13 70 0 2 L U
13 71 0 2 L U
13 72 0 2 L U
13 73 0 2 L U
13 74 0 2 L U
13 75 0 2 L U
13 76 0 2 L U
13 77 0 2 L U
13 78 0 2 L U
13 79 0 2 L U
13 80 0 2 L U
13 81 0 2 L U
13 82 0 2 L U
13 83 0 2 L U
13 84 0 2 L U
13 85 0 2 L U
13 86 0 2 L U
13 87 0 2 L U
13 88 0 2 L U
13 89 0 2 L U
13 90 0 2 L U
13 91 0 2 L U
13 92 0 2 L U
13 93 0 2 L U
13 94 0 2 L U
13 95 0 2 L U
13 96 0 2 L U
13 97 0 2 L U
13 98 0 2 L U
13 99 0 2 L U
13 100 0 2 L U
13 101 0 2 L U
13 102 0 2 L U
13 103 0 2 L U
13 104 0 2 L U
13 105 0 2 L U
13 106 0 2 L U
13 107 0 2 L U
13 108 0 2 L U
13 109 0 2 L U
13 110 0 2 L U
13 111 0 2 L U
13 112 0 2 L U
13 113 0 2 L U
13 114 0 2 L U
13 115 0 2 L U
13 116 0 2 L U
13 117 0 2 L U
13 118 0 2 L U
13 119 0 2 L U
13 120 0 2 L U
13 121 0 2 L U
13 122 0 2 L U
13 123 0 2 L U
13 124 0 2 L U
13 125 0 2 L U
13 126 0 2 L U
13 127 0 2 L U
13 128 0 2 L U
13 129 0 2 L U
13 130 0 2 L U
13 131 0 2 L U
13 132 0 2 L U
13 133 0 2 L U
13 134 0 2 L U
13 135 0 2 L U
13 136 0 2 L U
13 137 0 2 L U
13 138 0 2 L U
13 139 0 2 L U
13 140 0 2 L U
13 141 0 2 L U
13 142 0 2 L U
13 143 0 2 L U
13 144 0 2 L U
13 145 0 2 L U
13 146 0 2 L U
13 147 0 2 L U
13 148 0 2 L U
13 149 0 2 L U
13 150 0 2 L U
13 151 0 2 L U
13 152 0 2 L U
13 153 0 2 L U
13 154 0 2 L U
13 155 0 2 L U
13 156 0 2 L U
13 157 0 2 L U
13 158 0 2 L U
13 159 0 2 L U
13 160 0 2 L U
13 161 0 2 L U
13 162 0 2 L U
13 163 0 2 L U
13 164 0 2 L U
13 165 0 2 L U
13 166 0 2 L U
13 167 0 2 L U
13 168 0 2 L U
13 169 0 2 L U
13 170 0 2 L U
13 171 0 2 L U
13 172 0 2 L U
13 173 0 2 L U
13 174 0 2 L U
13 175 0 2 L U
13 176 0 2 L U
13 177 0 2 L U
13 178 0 2 L U
13 179 0 2 L U
13 180 0 2 L U
13 181 0 2 L U
13 182 0 2 L U
13 183 0 2 L U
13 184 0 2 L U
13 185 0 2 L U
13 186 0 2 L U
13 187 0 2 L U
13 188 0 2 L U
13 189 0 2 L U
13 190 0 2 L U
13 191 0 2 L U
13 192 0 2 L U
13 193 0 2 L U
13 194 0 2 L U
13 195 0 2 L U
13 196 0 2 L U
13 197 0 2 L U
13 198 0 2 L U
13 199 0 2 L U
14 0 0 0 U R
14 1 0 0 U R
14 2 0 0 U R
14 3 0 0 U R
14 4 0 0 U R
14 5 0 0 U R
14 6 0 0 U U
14 7 0 0 U R
14 8 0 0 R D
14 9 0 1 R D
14 10 0 1 R U
14 11 0 1 R U
14 12 0 1 R U
14 13 0 1 D U
14 14 1 1 D U
14 15 1 1 R U
14 16 1 1 R U
14 17 1 1 R L
14 18 1 1 U L
14 19 1 1 L S
14 20 1 1 L U
14 21 1 1 U U
14 22 1 1 L U
14 23 1 1 D U
14 24 2 1 D L
14 25 2 1 S S
14 26 2 1 S S
14 27 2 1 S S
14 28 2 1 S S
14 29 2 1 S S
14 30 2 1 S S
14 31 2 1 S S
14 32 2 1 S S
14 33 2 1 S S
14 34 2 1 S S
14 35 2 1 S S
14 36 2 1 S S
14 37 2 1 S S
14 38 2 1 S S
14 39 2 1 S S
14 40 2 1 S S
14 41 2 1 S S
14 42 2 1 S S
14 43 2 1 S S
14 44 2 1 S S
14 45 2 1 S S
14 46 2 1 S S
14 47 2 1 S S
14 48 2 1 S S
14 49 2 1 S S
14 50 2 1 S S
14 51 2 1 S S
14 52 2 1 S S
14 53 2 1 S S
14 54 2 1 S S
14 55 2 1 S S
14 56 2 1 S S
14 57 2 1 S S
14 58 2 1 S S
14 59 2 1 S S
14 60 2 1 S S
14 61 2 1 S S
14 62 2 1 S S
14 63 2 1 S S
14 64 2 1 S S
14 65 2 1 S S
14 66 2 1 S S
14 67 2 1 S S
14 68 2 1 S S
14 69 2 1 S S
14 70 2 1 S S
14 71 2 1 S S
14 72 2 1 S S
14 73 2 1 S S
14 74 2 1 S S
14 75 2 1 S S
14 76 2 1 S S
14 77 2 1 S S
14 78 2 1 S S
14 79 2 1 S S
14 80 2 1 S S
14 81 2 1 S S
14 82 2 1 S S
14 83 2 1 S S
14 84 2 1 S S
14 85 2 1 S S
14 86 2 1 S S
14 87 2 1 S S
14 88 2 1 S S
14 89 2 1 S S
14 90 2 1 S S
14 91 2 1 S S
14 92 2 1 S S
14 93 2 1 S S
14 94 2 1 S S
14 95 2 1 S S
14 96 2 1 S S
14 97 2 1 S S
14 98 2 1 S S
14 99 2 1 S S
14 100 2 1 S S
14 101 2 1 S S
14 102 2 1 S S
14 103 2 1 S S
14 104 2 1 S S
14 105 2 1 S S
14 106 2 1 S S
14 107 2 1 S S
14 108 2 1 S S
14 109 2 1 S S
14 110 2 1 S S
14 111 2 1 S S
14 112 2 1 S S
14 113 2 1 S S
14 114 2 1 S S
14 115 2 1 S S
14 116 2 1 S S
14 117 2 1 S S
14 118 2 1 S S
14 119 2 1 S S
14 120 2 1 S S
14 121 2 1 S S
14 122 2 1 S S
14 123 2 1 S S
14 124 2 1 S S
14 125 2 1 S S
14 126 2 1 S S
14 127 2 1 S S
14 128 2 1 S S
14 129 2 1 S S
14 130 2 1 S S
14 131 2 1 S S
14 132 2 1 S S
14 133 2 1 S S
14 134 2 1 S S
14 135 2 1 S S
14 136 2 1 S S
14 137 2 1 S S
14 138 2 1 S S
14 139 2 1 S S
14 140 2 1 S S
14 141 2 1 S S
14 142 2 1 S S
14 143 2 1 S S
14 144 2 1 S S
14 145 2 1 S S
14 146 2 1 S S
14 147 2 1 S S
14 148 2 1 S S
14 149 2 1 S S
14 150 2 1 S S
14 151 2 1 S S
14 152 2 1 S S
14 153 2 1 S S
14 154 2 1 S S
14 155 2 1 S S
14 156 2 1 S S
14 157 2 1 S S
14 158 2 1 S S
14 159 2 1 S S
14 160 2 1 S S
14 161 2 1 S S
14 162 2 1 S S
14 163 2 1 S S
14 164 2 1 S S
14 165 2 1 S S
14 166 2 1 S S
14 167 2 1 S S
14 168 2 1 S S
14 169 2 1 S S
14 170 2 1 S S
14 171 2 1 S S
14 172 2 1 S S
14 173 2 1 S S
14 174 2 1 S S
14 175 2 1 S S
14 176 2 1 S S
14 177 2 1 S S
14 178 2 1 S S
14 179 2 1 S S
14 180 2 1 S S
14 181 2 1 S S
14 182 2 1 S S
14 183 2 1 S S
14 184 2 1 S S
14 185 2 1 S S
14 186 2 1 S S
14 187 2 1 S S
14 188 2 1 S S
14 189 2 1 S S
14 190 2 1 S S
14 191 2 1 S S
14 192 2 1 S S
14 193 2 1 S S
14 194 2 1 S S
14 195 2 1 S S
14 196 2 1 S S
14 197 2 1 S S
14 198 2 1 S S
14 199 2 1 S S
15 0 0 0 D U
15 1 0 0 D U
15 2 0 0 D U
15 3 0 0 D U
15 4 0 0 L U
15 5 0 0 L U
15 6 0 0 L U
15 7 0 0 L U
15 8 0 0 L R
15 9 0 0 L D
15 10 0 0 L D
15 11 0 0 L D
15 12 0 0 L D
15 13 0 0 L D
15 14 0 0 L D
15 15 0 0 L D
15 16 0 0 L D
15 17 0 0 L D
15 18 0 0 L D
15 19 0 0 L D
15 20 0 0 L D
15 21 0 0 L D
15 22 0 0 L D
15 23 0 0 L D
15 24 0 0 L D
15 25 0 0 L D
15 26 0 0 L D
15 27 0 0 L D
15 28 0 0 L D
15 29 0 0 L D
15 30 0 0 L D
15 31 0 0 L D
15 32 0 0 L D
15 33 0 0 L D
15 34 0 0 L D
15 35 0 0 L D
15 36 0 0 L D
15 37 0 0 L D
15 38 0 0 L D
15 39 0 0 L D
15 40 0 0 L D
15 41 0 0 L D
15 42 0 0 L D
15 43 0 0 L D
15 44 0 0 L D
15 45 0 0 L D
15 46 0 0 L D
15 47 0 0 L D
15 48 0 0 L D
15 49 0 0 L D
15 50 0 0 L D
15 51 0 0 L D
15 52 0 0 L D
15 53 0 0 L D
15 54 0 0 L D
15 55 0 0 L D
15 56 0 0 L D
15 57 0 0 L D
15 58 0 0 L D
15 59 0 0 L D
15 60 0 0 L D
15 61 0 0 L D
15 62 0 0 L D
15 63 0 0 L D
15 64 0 0 L D
15 65 0 0 L D
15 66 0 0 L D
15 67 0 0 L D
15 68 0 0 L D
15 69 0 0 L D
15 70 0 0 L D
15 71 0 0 L D
15 72 0 0 L D
15 73 0 0 L D
15 74 0 0 L D
15 75 0 0 L D
15 76 0 0 L D
15 77 0 0 L D
15 78 0 0 L D
15 79 0 0 L D
15 80 0 0 L D
15 81 0 0 L D
15 82 0 0 L D
15 83 0 0 L D
15 84 0 0 L D
15 85 0 0 L D
15 86 0 0 L D
15 87 0 0 L D
15 88 0 0 L D
15 89 0 0 L D
15 90 0 0 L D
15 91 0 0 L D
15 92 0 0 L D
15 93 0 0 L D
15 94 0 0 L D
15 95 0 0 L D
15 96 0 0 L D
15 97 0 0 L D
15 98 0 0 L D
15 99 0 0 L D
15 100 0 0 L D
15 101 0 0 L D
15 102 0 0 L D
15 103 0 0 L D
15 104 0 0 L D
15 105 0 0 L D
15 106 0 0 L D
15 107 0 0 L D
15 108 0 0 L D
15 109 0 0 L D
15 110 0 0 L D
15 111 0 0 L D
15 112 0 0 L D
15 113 0 0 L D
15 114 0 0 L D
15 115 0 0 L D
15 116 0 0 L D
15 117 0 0 L D
15 118 0 0 L D
15 119 0 0 L D
15 120 0 0 L D
15 121 0 0 L D
15 122 0 0 L D
15 123 0 0 L D
15 124 0 0 L D
15 125 0 0 L D
15 126 0 0 L D
15 127 0 0 L D
15 128 0 0 L D
15 129 0 0 L D
15 130 0 0 L D
15 131 0 0 L D
15 132 0 0 L D
15 133 0 0 L D
15 134 0 0 L D
15 135 0 0 L D
15 136 0 0 L D
15 137 0 0 L D
15 138 0 0 L D
15 139 0 0 L D
15 140 0 0 L D
15 141 0 0 L D
15 142 0 0 L D
15 143 0 0 L D
15 144 0 0 L D
15 145 0 0 L D
15 146 0 0 L D
15 147 0 0 L D
15 148 0 0 L D
15 149 0 0 L D
15 150 0 0 L D
15 151 0 0 L D
15 152 0 0 L D
15 153 0 0 L D
15 154 0 0 L D
15 155 0 0 L D
15 156 0 0 L D
15 157 0 0 L D
15 158 0 0 L D
15 159 0 0 L D
15 160 0 0 L D
15 161 0 0 L D
15 162 0 0 L D
15 163 0 0 L D
15 164 0 0 L D
15 165 0 0 L D
15 166 0 0 L D
15 167 0 0 L D
15 168 0 0 L D
15 169 0 0 L D
15 170 0 0 L D
15 171 0 0 L D
15 172 0 0 L D
15 173 0 0 L D
15 174 0 0 L D
15 175 0 0 L D
15 176 0 0 L D
15 177 0 0 L D
15 178 0 0 L D
15 179 0 0 L D
15 180 0 0 L D
15 181 0 0 L D
15 182 0 0 L D
15 183 0 0 L D
15 184 0 0 L D
15 185 0 0 L D
15 186 0 0 L D
15 187 0 0 L D
15 188 0 0 L D
15 189 0 0 L D
15 190 0 0 L D
15 191 0 0 L D
15 192 0 0 L D
15 193 0 0 L D
15 194 0 0 L D
15 195 0 0 L D
15 196 0 0 L D
15 197 0 0 L D
15 198 0 0 L D
15 199 0 0 L D
16 0 0 0 R D
16 1 0 0 R D
16 2 0 0 R D
16 3 0 0 R D
16 4 0 0 D D
16 5 0 0 R D
16 6 0 0 R R
16 7 0 0 D R
16 8 0 0 D R
16 9 0 0 R R
16 10 0 0 D R
16 11 0 0 L R
16 12 0 0 L R
16 13 0 0 L R
16 14 0 0 L R
16 15 0 0 D R
16 16 0 0 L R
16 17 0 0 U D
16 18 0 0 L D
16 19 0 0 L R
16 20 0 0 L D
16 21 0 1 L L
16 22 0 1 L U
16 23 0 1 L U
16 24 0 1 L U
16 25 0 1 L U
16 26 0 1 L U
16 27 0 1 L R
16 28 0 1 L R
16 29 0 1 L D
16 30 0 1 L D
16 31 0 1 L D
16 32 0 1 L D
16 33 0 1 L R
16 34 0 1 L D
16 35 0 1 L L
16 36 0 1 L L
16 37 0 2 L L
16 38 0 2 L U
16 39 0 2 L U
16 40 0 2 L U
16 41 0 2 L U
16 42 0 2 L U
16 43 0 2 L U
16 44 0 2 L U
16 45 0 2 L L
16 46 0 2 L L
16 47 0 2 L L
16 48 0 2 L L
16 49 0 2 L L
16 50 0 2 L L
16 51 0 2 L U
16 52 0 2 L U
16 53 0 2 L U
16 54 0 2 L U
16 55 0 2 L U
16 56 0 2 L U
16 57 0 2 L U
16 58 0 2 L U
16 59 0 2 L U
16 60 0 2 L U
16 61 0 2 L U
16 62 0 2 L U
16 63 0 2 L U
16 64 0 2 L U
16 65 0 2 L U
16 66 0 2 L U
16 67 0 2 L U
16 68 0 2 L U
16 69 0 2 L U
16 70 0 2 L U
16 71 0 2 L U
16 72 0 2 L U
16 73 0 2 L U
16 74 0 2 L U
16 75 0 2 L U
16 76 0 2 L U
16 77 0 2 L U
16 78 0 2 L U
16 79 0 2 L U
16 80 0 2 L U
16 81 0 2 L U
16 82 0 2 L U
16 83 0 2 L U
16 84 0 2 L U
16 85 0 2 L U
16 86 0 2 L U
16 87 0 2 L U
16 88 0 2 L U
16 89 0 2 L U
16 90 0 2 L U
16 91 0 2 L U
16 92 0 2 L U
16 93 0 2 L U
16 94 0 2 L U
16 95 0 2 L U
16 96 0 2 L U
16 97 0 2 L U
16 98 0 2 L U
16 99 0 2 L U
16 100 0 2 L U
16 101 0 2 L U
16 102 0 2 L U
16 103 0 2 L U
16 104 0 2 L U
16 105 0 2 L U
16 106 0 2 L U
16 107 0 2 L U
16 108 0 2 L U
16 109 0 2 L U
16 110 0 2 L U
16 111 0 2 L U
16 112 0 2 L U
16 113 0 2 L U
16 114 0 2 L U
16 115 0 2 L U
16 116 0 2 L U
16 117 0 2 L U
16 118 0 2 L U
16 119 0 2 L U
16 120 0 2 L U
16 121 0 2 L U
16 122 0 2 L U
16 123 0 2 L U
16 124 0 2 L U
16 125 0 2 L U
16 126 0 2 L U
16 127 0 2 L U
16 128 0 2 L U
16 129 0 2 L U
16 130 0 2 L U
16 131 0 2 L U
16 132 0 2 L U
16 133 0 2 L U
16 134 0 2 L U
16 135 0 2 L U
16 136 0 2 L U
16 137 0 2 L U
16 138 0 2 L U
16 139 0 2 L U
16 140 0 2 L U
16 141 0 2 L U
16 142 0 2 L U
16 143 0 2 L U
16 144 0 2 L U
16 145 0 2 L U
16 146 0 2 L U
16 147 0 2 L U
16 148 0 2 L U
16 149 0 2 L U
16 150 0 2 L U
16 151 0 2 L U
16 152 0 2 L U
16 153 0 2 L U
16 154 0 2 L U
16 155 0 2 L U
16 156 0 2 L U
16 157 0 2 L U
16 158 0 2 L U
16 159 0 2 L U
16 160 0 2 L U
16 161 0 2 L U
16 162 0 2 L U
16 163 0 2 L U
16 164 0 2 L U
16 165 0 2 L U
16 166 0 2 L U
16 167 0 2 L U
16 168 0 2 L U
16 169 0 2 L U
16 170 0 2 L U
16 171 0 2 L U
16 172 0 2 L U
16 173 0 2 L U
16 174 0 2 L U
16 175 0 2 L U
16 176 0 2 L U
16 177 0 2 L U
16 178 0 2 L U
16 179 0 2 L U
16 180 0 2 L U
16 181 0 2 L U
16 182 0 2 L U
16 183 0 2 L U
16 184 0 2 L U
16 185 0 2 L U
16 186 0 2 L U
16 187 0 2 L U
16 188 0 2 L U
16 189 0 2 L U
16 190 0 2 L U
16 191 0 2 L U
16 192 0 2 L U
16 193 0 2 L U
16 194 0 2 L U
16 195 0 2 L U
16 196 0 2 L U
16 197 0 2 L U
16 198 0 2 L U
16 199 0 2 L U
17 0 0 0 U D
17 1 0 0 U D
17 2 0 0 U R
17 3 0 0 U R
17 4 0 0 U R
17 5 0 0 L R
17 6 0 0 L R
17 7 0 0 L R
17 8 0 0 L R
17 9 0 0 L R
17 10 0 0 L R
17 11 0 0 L R
17 12 0 0 D R
17 13 0 0 D D
17 14 0 0 D L
17 15 0 0 D L
17 16 0 0 L U
17 17 0 0 D L
17 18 0 0 R L
17 19 0 0 R D
17 20 0 0 D R
17 21 0 0 R R
17 22 0 0 U U
17 23 0 0 L R
17 24 0 0 U R
17 25 0 0 R D
17 26 0 0 R L
17 27 0 0 U L
17 28 0 0 R U
17 29 0 0 D L
17 30 0 0 D L
17 31 0 0 L D
17 32 0 0 L R
17 33 0 0 L R
17 34 0 0 L U
17 35 0 0 L R
17 36 0 0 L R
17 37 0 0 L D
17 38 0 0 L L
17 39 0 0 L L
17 40 0 0 L U
17 41 0 0 L L
17 42 0 0 L L
17 43 0 0 L D
17 44 0 0 L R
17 45 0 0 L R
17 46 0 0 L U
17 47 0 0 L R
17 48 0 0 L R
17 49 0 0 L D
17 50 0 0 L L
17 51 0 0 L L
17 52 0 0 L U
17 53 0 0 L L
17 54 0 0 L L
17 55 0 0 L D
17 56 0 0 L R
17 57 0 0 L R
17 58 0 0 L U
17 59 0 0 L R
17 60 0 0 L R
17 61 0 0 L D
17 62 0 0 L L
17 63 0 0 L L
17 64 0 0 L U
17 65 0 0 L L
17 66 0 0 L L
17 67 0 0 L D
17 68 0 0 L R
17 69 0 0 L R
17 70 0 0 L U
17 71 0 0 L R
17 72 0 0 L R
17 73 0 0 L D
17 74 0 0 L L
17 75 0 0 L L
17 76 0 0 L U
17 77 0 0 L L
17 78 0 0 L L
17 79 0 0 L D
17 80 0 0 L R
17 81 0 0 L R
17 82 0 0 L U
17 83 0 0 L R
17 84 0 0 L R
17 85 0 0 L D
17 86 0 0 L L
17 87 0 0 L L
17 88 0 0 L U
17 89 0 0 L L
17 90 0 0 L L
17 91 0 0 L D
17 92 0 0 L R
17 93 0 0 L R
17 94 0 0 L U
17 95 0 0 L R
17 96 0 0 L R
17 97 0 0 L D
17 98 0 0 L L
17 99 0 0 L L
17 100 0 0 L U
17 101 0 0 L L
17 102 0 0 L L
17 103 0 0 L D
17 104 0 0 L R
17 105 0 0 L R
17 106 0 0 L U
17 107 0 0 L R
17 108 0 0 L R
17 109 0 0 L D
17 110 0 0 L L
17 111 0 0 L L
17 112 0 0 L U
17 113 0 0 L L
17 114 0 0 L L
17 115 0 0 L D
17 116 0 0 L R
17 117 0 0 L R
17 118 0 0 L U
17 119 0 0 L R
17 120 0 0 L R
17 121 0 0 L D
17 122 0 0 L L
17 123 0 0 L L
17 124 0 0 L U
17 125 0 0 L L
17 126 0 0 L L
17 127 0 0 L D
17 128 0 0 L R
17 129 0 0 L R
17 130 0 0 L U
17 131 0 0 L R
17 132 0 0 L R
17 133 0 0 L D
17 134 0 0 L L
17 135 0 0 L L
17 136 0 0 L U
17 137 0 0 L L
17 138 0 0 L L
17 139 0 0 L D
17 140 0 0 L R
17 141 0 0 L R
17 142 0 0 L U
17 143 0 0 L R
17 144 0 0 L R
17 145 0 0 L D
17 146 0 0 L L
17 147 0 0 L L
17 148 0 0 L U
17 149 0 0 L L
17 150 0 0 L L
17 151 0 0 L D
17 152 0 0 L R
17 153 0 0 L R
17 154 0 0 L U
17 155 0 0 L R
17 156 0 0 L R
17 157 0 0 L D
17 158 0 0 L L
17 159 0 0 L L
17 160 0 0 L U
17 161 0 0 L L
17 162 0 0 L L
17 163 0 0 L D
17 164 0 0 L R
17 165 0 0 L R
17 166 0 0 L U
17 167 0 0 L R
17 168 0 0 L R
17 169 0 0 L D
17 170 0 0 L L
17 171 0 0 L L
17 172 0 0 L U
17 173 0 0 L L
17 174 0 0 L L
17 175 0 0 L D
17 176 0 0 L R
17 177 0 0 L R
17 178 0 0 L U
17 179 0 0 L R
17 180 0 0 L R
17 181 0 0 L D
17 182 0 0 L L
17 183 0 0 L L
17 184 0 0 L U
17 185 0 0 L L
17 186 0 0 L L
17 187 0 0 L D
17 188 0 0 L R
17 189 0 0 L R
17 190 0 0 L U
17 191 0 0 L R
17 192 0 0 L R
17 193 0 0 L D
17 194 0 0 L L
17 195 0 0 L L
17 196 0 0 L U
17 197 0 0 L L
17 198 0 0 L L
17 199 0 0 L D
18 0 0 0 U U
18 1 0 0 U L
18 2 0 0 R L
18 3 0 0 R L
18 4 0 0 R D
18 5 0 0 R D
18 6 0 0 R D
18 7 0 0 R D
18 8 0 0 R D
18 9 0 0 R D
18 10 0 0 R D
18 11 0 0 R D
18 12 0 0 R D
18 13 0 0 R D
18 14 0 0 R D
18 15 0 0 R D
18 16 0 0 R D
18 17 0 0 R D
18 18 0 0 R D
18 19 0 0 R D
18 20 0 0 R D
18 21 0 0 R D
18 22 0 0 R D
18 23 0 0 R D
18 24 0 0 R D
18 25 0 0 R D
18 26 0 0 R D
18 27 0 0 R D
18 28 0 0 R D
18 29 0 0 R D
18 30 0 0 R D
18 31 0 0 R D
18 32 0 0 R D
18 33 0 0 R D
18 34 0 0 R D
18 35 0 0 R D
18 36 0 0 R D
18 37 0 0 R D
18 38 0 0 R D
18 39 0 0 R D
18 40 0 0 R D
18 41 0 0 R D
18 42 0 0 R D
18 43 0 0 R D
18 44 0 0 R D
18 45 0 0 R D
18 46 0 0 R D
18 47 0 0 R D
18 48 0 0 R D
18 49 0 0 R D
18 50 0 0 R D
18 51 0 0 R D
18 52 0 0 R D
18 53 0 0 R D
18 54 0 0 R D
18 55 0 0 R D
18 56 0 0 R D
18 57 0 0 R D
18 58 0 0 R D
18 59 0 0 R D
18 60 0 0 R D
18 61 0 0 R D
18 62 0 0 R D
18 63 0 0 R D
18 64 0 0 R D
18 65 0 0 R D
18 66 0 0 R D
18 67 0 0 R D
18 68 0 0 R D
18 69 0 0 R D
18 70 0 0 R D
18 71 0 0 R D
18 72 0 0 R D
18 73 0 0 R D
18 74 0 0 R D
18 75 0 0 R D
18 76 0 0 R D
18 77 0 0 R D
18 78 0 0 R D
18 79 0 0 R D
18 80 0 0 R D
18 81 0 0 R D
18 82 0 0 R D
18 83 0 0 R D
18 84 0 0 R D
18 85 0 0 R D
18 86 0 0 R D
18 87 0 0 R D
18 88 0 0 R D
18 89 0 0 R D
18 90 0 0 R D
18 91 0 0 R D
18 92 0 0 R D
18 93 0 0 R D
18 94 0 0 R D
18 95 0 0 R D
18 96 0 0 R D
18 97 0 0 R D
18 98 0 0 R D
18 99 0 0 R D
18 100 0 0 R D
18 101 0 0 R D
18 102 0 0 R D
18 103 0 0 R D
18 104 0 0 R D
18 105 0 0 R D
18 106 0 0 R D
18 107 0 0 R D
18 108 0 0 R D
18 109 0 0 R D
18 110 0 0 R D
18 111 0 0 R D
18 112 0 0 R D
18 113 0 0 R D
18 114 0 0 R D
18 115 0 0 R D
18 116 0 0 R D
18 117 0 0 R D
18 118 0 0 R D
18 119 0 0 R D
18 120 0 0 R D
18 121 0 0 R D
18 122 0 0 R D
18 123 0 0 R D
18 124 0 0 R D
18 125 0 0 R D
18 126 0 0 R D
18 127 0 0 R D
18 128 0 0 R D
18 129 0 0 R D
18 130 0 0 R D
18 131 0 0 R D
18 132 0 0 R D
18 133 0 0 R D
18 134 0 0 R D
18 135 0 0 R D
18 136 0 0 R D
18 137 0 0 R D
18 138 0 0 R D
18 139 0 0 R D
18 140 0 0 R D
18 141 0 0 R D
18 142 0 0 R D
18 143 0 0 R D
18 144 0 0 R D
18 145 0 0 R D
18 146 0 0 R D
18 147 0 0 R D
18 148 0 0 R D
18 149 0 0 R D
18 150 0 0 R D
18 151 0 0 R D
18 152 0 0 R D
18 153 0 0 R D
18 154 0 0 R D
18 155 0 0 R D
18 156 0 0 R D
18 157 0 0 R D
18 158 0 0 R D
18 159 0 0 R D
18 160 0 0 R D
18 161 0 0 R D
18 162 0 0 R D
18 163 0 0 R D
18 164 0 0 R D
18 165 0 0 R D
18 166 0 0 R D
18 167 0 0 R D
18 168 0 0 R D
18 169 0 0 R D
18 170 0 0 R D
18 171 0 0 R D
18 172 0 0 R D
18 173 0 0 R D
18 174 0 0 R D
18 175 0 0 R D
18 176 0 0 R D
18 177 0 0 R D
18 178 0 0 R D
18 179 0 0 R D
18 180 0 0 R D
18 181 0 0 R D
18 182 0 0 R D
18 183 0 0 R D
18 184 0 0 R D
18 185 0 0 R D
18 186 0 0 R D
18 187 0 0 R D
18 188 0 0 R D
18 189 0 0 R D
18 190 0 0 R D
18 191 0 0 R D
18 192 0 0 R D
18 193 0 0 R D
18 194 0 0 R D
18 195 0 0 R D
18 196 0 0 R D
18 197 0 0 R D
18 198 0 0 R D
18 199 0 0 R D
19 0 0 0 D D
19 1 0 0 L D
19 2 0 0 L D
19 3 0 0 L D
19 4 0 0 D R
19 5 0 0 D R
19 6 0 0 D R
19 7 0 0 D R
19 8 0 0 D R
19 9 0 0 R U
19 10 0 0 D R
19 11 0 0 D U
19 12 0 1 L L
19 13 0 1 U U
19 14 0 1 U U
19 15 0 1 R U
19 16 0 1 U U
19 17 0 1 U U
19 18 0 1 L L
19 19 0 1 D D
19 20 0 1 D D
19 21 0 1 R D
19 22 0 2 D D
19 23 0 2 D U
19 24 0 2 L U
19 25 0 2 U S
19 26 0 2 U S
19 27 0 2 R S
19 28 0 2 U U
19 29 0 2 U U
19 30 0 2 L U
19 31 0 2 D S
19 32 0 2 D S
19 33 0 2 R S
19 34 0 2 D D
19 35 0 2 D D
19 36 0 2 L L
19 37 0 2 U S
19 38 0 2 U S
19 39 0 2 R S
19 40 0 2 U U
19 41 0 2 U U
19 42 0 2 L U
19 43 0 2 D S
19 44 0 2 D S
19 45 0 2 R S
19 46 0 2 D D
19 47 0 2 D D
19 48 0 2 L D
19 49 0 2 U S
19 50 0 2 U S
19 51 0 2 R S
19 52 0 2 U U
19 53 0 2 U U
19 54 0 2 L U
19 55 0 2 D S
19 56 0 2 D S
19 57 0 2 R S
19 58 0 2 D D
19 59 0 2 D D
19 60 0 2 L D
19 61 0 2 U S
19 62 0 2 U S
19 63 0 2 R S
19 64 0 2 U U
19 65 0 2 U U
19 66 0 2 L U
19 67 0 2 D S
19 68 0 2 D S
19 69 0 2 R S
19 70 0 2 D D
19 71 0 2 D D
19 72 0 2 L D
19 73 0 2 U S
19 74 0 2 U S
19 75 0 2 R S
19 76 0 2 U U
19 77 0 2 U U
19 78 0 2 L U
19 79 0 2 D S
19 80 0 2 D S
19 81 0 2 R S
19 82 0 2 D D
19 83 0 2 D D
19 84 0 2 L D
19 85 0 2 U S
19 86 0 2 U S
19 87 0 2 R S
19 88 0 2 U U
19 89 0 2 U U
19 90 0 2 L U
19 91 0 2 D S
19 92 0 2 D S
19 93 0 2 R S
19 94 0 2 D D
19 95 0 2 D D
19 96 0 2 L D
19 97 0 2 U S
19 98 0 2 U S
19 99 0 2 R S
19 100 0 2 U U
19 101 0 2 U U
19 102 0 2 L U
19 103 0 2 D S
19 104 0 2 D S
19 105 0 2 R S
19 106 0 2 D D
19 107 0 2 D D
19 108 0 2 L D
19 109 0 2 U S
19 110 0 2 U S
19 111 0 2 R S
19 112 0 2 U U
19 113 0 2 U U
19 114 0 2 L U
19 115 0 2 D S
19 116 0 2 D S
19 117 0 2 R S
19 118 0 2 D D
19 119 0 2 D D
19 120 0 2 L D
19 121 0 2 U S
19 122 0 2 U S
19 123 0 2 R S
19 124 0 2 U U
19 125 0 2 U U
19 126 0 2 L U
19 127 0 2 D S
19 128 0 2 D S
19 129 0 2 R S
19 130 0 2 D D
19 131 0 2 D D
19 132 0 2 L D
19 133 0 2 U S
19 134 0 2 U S
19 135 0 2 R S
19 136 0 2 U U
19 137 0 2 U U
19 138 0 2 L U
19 139 0 2 D S
19 140 0 2 D S
19 141 0 2 R S
19 142 0 2 D D
19 143 0 2 D D
19 144 0 2 L D
19 145 0 2 U S
19 146 0 2 U S
19 147 0 2 R S
19 148 0 2 U U
19 149 0 2 U U
19 150 0 2 L U
19 151 0 2 D S
19 152 0 2 D S
19 153 0 2 R S
19 154 0 2 D D
19 155 0 2 D D
19 156 0 2 L D
19 157 0 2 U S
19 158 0 2 U S
19 159 0 2 R S
19 160 0 2 U U
19 161 0 2 U U
19 162 0 2 L U
19 163 0 2 D S
19 164 0 2 D S
19 165 0 2 R S
19 166 0 2 D D
19 167 0 2 D D
19 168 0 2 L D
19 169 0 2 U S
19 170 0 2 U S
19 171 0 2 R S
19 172 0 2 U U
19 173 0 2 U U
19 174 0 2 L U
19 175 0 2 D S
19 176 0 2 D S
19 177 0 2 R S
19 178 0 2 D D
19 179 0 2 D D
19 180 0 2 L D
19 181 0 2 U S
19 182 0 2 U S
19 183 0 2 R S
19 184 0 2 U U
19 185 0 2 U U
19 186 0 2 L U
19 187 0 2 D S
19 188 0 2 D S
19 189 0 2 R S
19 190 0 2 D D
19 191 0 2 D D
19 192 0 2 L D
19 193 0 2 U S
19 194 0 2 U S
19 195 0 2 R S
19 196 0 2 U U
19 197 0 2 U U
19 198 0 2 L U
19 199 0 2 D S
0 0 0 0 D U
0 1 0 0 D U
0 2 0 0 D U
0 3 0 0 D U
0 4 0 0 D U
0 5 0 0 D U
0 6 0 0 D S
0 7 0 0 D S
0 8 0 0 L S
0 9 0 0 L S
0 10 0 0 L S
0 11 0 0 L S
0 12 0 0 L S
0 13 0 0 L S
0 14 0 0 L S
0 15 0 0 U S
0 16 0 0 U S
0 17 0 0 U S
0 18 0 0 U S
0 19 0 0 U S
0 20 0 0 L S
0 21 0 0 U S
0 22 0 0 R S
0 23 0 0 R S
0 24 0 0 U S
0 25 0 0 R S
0 26 0 0 D S
0 27 0 0 D S
0 28 0 0 L S
0 29 0 0 L S
0 30 0 0 L S
0 31 0 0 L S
0 32 0 0 L S
0 33 0 0 L S
0 34 0 0 L S
0 35 0 0 L S
0 36 0 0 L S
0 37 0 0 L S
0 38 0 0 L S
0 39 0 0 L S
0 40 0 0 L S
0 41 0 0 L S
0 42 0 0 L S
0 43 0 0 L S
0 44 0 0 L S
0 45 0 0 L S
0 46 0 0 L S
0 47 0 0 L S
0 48 0 0 L S
0 49 0 0 L S
0 50 0 0 L S
0 51 0 0 L S
0 52 0 0 L S
0 53 0 0 L S
0 54 0 0 L S
0 55 0 0 L S
0 56 0 0 L S
0 57 0 0 L S
0 58 0 0 L S
0 59 0 0 L S
0 60 0 0 L S
0 61 0 0 L S
0 62 0 0 L S
0 63 0 0 L S
0 64 0 0 L S
0 65 0 0 L S
0 66 0 0 L S
0 67 0 0 L S
0 68 0 0 L S
0 69 0 0 L S
0 70 0 0 L S
0 71 0 0 L S
0 72 0 0 L S
0 73 0 0 L S
0 74 0 0 L S
0 75 0 0 L S
0 76 0 0 L S
0 77 0 0 L S
0 78 0 0 L S
0 79 0 0 L S
0 80 0 0 L S
0 81 0 0 L S
0 82 0 0 L S
0 83 0 0 L S
0 84 0 0 L S
0 85 0 0 L S
0 86 0 0 L S
0 87 0 0 L S
0 88 0 0 L S
0 89 0 0 L S
0 90 0 0 L S
0 91 0 0 L S
0 92 0 0 L S
0 93 0 0 L S
0 94 0 0 L S
0 95 0 0 L S
0 96 0 0 L S
0 97 0 0 L S
0 98 0 0 L S
0 99 0 0 L S
0 100 0 0 L S
0 101 0 0 L S
0 102 0 0 L S
0 103 0 0 L S
0 104 0 0 L S
0 105 0 0 L S
0 106 0 0 L S
0 107 0 0 L S
0 108 0 0 L S
0 109 0 0 L S
0 110 0 0 L S
0 111 0 0 L S
0 112 0 0 L S
0 113 0 0 L S
0 114 0 0 L S
0 115 0 0 L S
0 116 0 0 L S
0 117 0 0 L S
0 118 0 0 L S
0 119 0 0 L S
0 120 0 0 L S
0 121 0 0 L S
0 122 0 0 L S
0 123 0 0 L S
0 124 0 0 L S
0 125 0 0 L S
0 126 0 0 L S
0 127 0 0 L S
0 128 0 0 L S
0 129 0 0 L S
0 130 0 0 L S
0 131 0 0 L S
0 132 0 0 L S
0 133 0 0 L S
0 134 0 0 L S
0 135 0 0 L S
0 136 0 0 L S
0 137 0 0 L S
0 138 0 0 L S
0 139 0 0 L S
0 140 0 0 L S
0 141 0 0 L S
0 142 0 0 L S
0 143 0 0 L S
0 144 0 0 L S
0 145 0 0 L S
0 146 0 0 L S
0 147 0 0 L S
0 148 0 0 L S
0 149 0 0 L S
0 150 0 0 L S
0 151 0 0 L S
0 152 0 0 L S
0 153 0 0 L S
0 154 0 0 L S
0 155 0 0 L S
0 156 0 0 L S
0 157 0 0 L S
0 158 0 0 L S
0 159 0 0 L S
0 160 0 0 L S
0 161 0 0 L S
0 162 0 0 L S
0 163 0 0 L S
0 164 0 0 L S
0 165 0 0 L S
0 166 0 0 L S
0 167 0 0 L S
0 168 0 0 L S
0 169 0 0 L S
0 170 0 0 L S
0 171 0 0 L S
0 172 0 0 L S
0 173 0 0 L S
0 174 0 0 L S
0 175 0 0 L S
0 176 0 0 L S
0 177 0 0 L S
0 178 0 0 L S
0 179 0 0 L S
0 180 0 0 L S
0 181 0 0 L S
0 182 0 0 L S
0 183 0 0 L S
0 184 0 0 L S
0 185 0 0 L S
0 186 0 0 L S
0 187 0 0 L S
0 188 0 0 L S
0 189 0 0 L S
0 190 0 0 L S
0 191 0 0 L S
0 192 0 0 L S
0 193 0 0 L S
0 194 0 0 L S
0 195 0 0 L S
0 196 0 0 L S
0 197 0 0 L S
0 198 0 0 L S
0 199 0 0 L S
1 0 0 0 D U
1 1 0 0 D U
1 2 0 0 D R
1 3 0 0 D R
1 4 0 0 D R
1 5 0 0 D R
1 6 0 0 D S
1 7 0 0 L S
1 8 0 0 L S
1 9 0 0 L S
1 10 0 0 D S
1 11 0 0 L S
1 12 0 0 U S
1 13 0 0 L S
1 14 0 0 U S
1 15 0 0 R S
1 16 0 0 D S
1 17 0 0 R S
1 18 0 0 U S
1 19 0 0 U S
1 20 0 0 L S
1 21 0 0 L S
1 22 0 0 L S
1 23 0 0 L S
1 24 0 0 L S
1 25 0 0 L S
1 26 0 0 L S
1 27 0 0 L S
1 28 0 0 L S
1 29 0 0 L S
1 30 0 0 L S
1 31 0 0 L S
1 32 0 0 L S
1 33 0 0 L S
1 34 0 0 L S
1 35 0 0 L S
1 36 0 0 L S
1 37 0 0 L S
1 38 0 0 L S
1 39 0 0 L S
1 40 0 0 L S
1 41 0 0 L S
1 42 0 0 L S
1 43 0 0 L S
1 44 0 0 L S
1 45 0 0 L S
1 46 0 0 L S
1 47 0 0 L S
1 48 0 0 L S
1 49 0 0 L S
1 50 0 0 L S
1 51 0 0 L S
1 52 0 0 L S
1 53 0 0 L S
1 54 0 0 L S
1 55 0 0 L S
1 56 0 0 L S
1 57 0 0 L S
1 58 0 0 L S
1 59 0 0 L S
1 60 0 0 L S
1 61 0 0 L S
1 62 0 0 L S
1 63 0 0 L S
1 64 0 0 L S
1 65 0 0 L S
1 66 0 0 L S
1 67 0 0 L S
1 68 0 0 L S
1 69 0 0 L S
1 70 0 0 L S
1 71 0 0 L S
1 72 0 0 L S
1 73 0 0 L S
1 74 0 0 L S
1 75 0 0 L S
1 76 0 0 L S
1 77 0 0 L S
1 78 0 0 L S
1 79 0 0 L S
1 80 0 0 L S
1 81 0 0 L S
1 82 0 0 L S
1 83 0 0 L S
1 84 0 0 L S
1 85 0 0 L S
1 86 0 0 L S
1 87 0 0 L S
1 88 0 0 L S
1 89 0 0 L S
1 90 0 0 L S
1 91 0 0 L S
1 92 0 0 L S
1 93 0 0 L S
1 94 0 0 L S
1 95 0 0 L S
1 96 0 0 L S
1 97 0 0 L S
1 98 0 0 L S
1 99 0 0 L S
1 100 0 0 L S
1 101 0 0 L S
1 102 0 0 L S
1 103 0 0 L S
1 104 0 0 L S
1 105 0 0 L S
1 106 0 0 L S
1 107 0 0 L S
1 108 0 0 L S
1 109 0 0 L S
1 110 0 0 L S
1 111 0 0 L S
1 112 0 0 L S
1 113 0 0 L S
1 114 0 0 L S
1 115 0 0 L S
1 116 0 0 L S
1 117 0 0 L S
1 118 0 0 L S
1 119 0 0 L S
1 120 0 0 L S
1 121 0 0 L S
1 122 0 0 L S
1 123 0 0 L S
1 124 0 0 L S
1 125 0 0 L S
1 126 0 0 L S
1 127 0 0 L S
1 128 0 0 L S
1 129 0 0 L S
1 130 0 0 L S
1 131 0 0 L S
1 132 0 0 L S
1 133 0 0 L S
1 134 0 0 L S
1 135 0 0 L S
1 136 0 0 L S
1 137 0 0 L S
1 138 0 0 L S
1 139 0 0 L S
1 140 0 0 L S
1 141 0 0 L S
1 142 0 0 L S
1 143 0 0 L S
1 144 0 0 L S
1 145 0 0 L S
1 146 0 0 L S
1 147 0 0 L S
1 148 0 0 L S
1 149 0 0 L S
1 150 0 0 L S
1 151 0 0 L S
1 152 0 0 L S
1 153 0 0 L S
1 154 0 0 L S
1 155 0 0 L S
1 156 0 0 L S
1 157 0 0 L S
1 158 0 0 L S
1 159 0 0 L S
1 160 0 0 L S
1 161 0 0 L S
1 162 0 0 L S
1 163 0 0 L S
1 164 0 0 L S
1 165 0 0 L S
1 166 0 0 L S
1 167 0 0 L S
1 168 0 0 L S
1 169 0 0 L S
1 170 0 0 L S
1 171 0 0 L S
1 172 0 0 L S
1 173 0 0 L S
1 174 0 0 L S
1 175 0 0 L S
1 176 0 0 L S
1 177 0 0 L S
1 178 0 0 L S
1 179 0 0 L S
1 180 0 0 L S
1 181 0 0 L S
1 182 0 0 L S
1 183 0 0 L S
1 184 0 0 L S
1 185 0 0 L S
1 186 0 0 L S
1 187 0 0 L S
1 188 0 0 L S
1 189 0 0 L S
1 190 0 0 L S
1 191 0 0 L S
1 192 0 0 L S
1 193 0 0 L S
1 194 0 0 L S
1 195 0 0 L S
1 196 0 0 L S
1 197 0 0 L S
1 198 0 0 L S
1 199 0 0 L S
2 0 0 0 U U
2 1 0 0 U U
2 2 0 0 U U
2 3 0 0 U U
2 4 0 0 U U
2 5 0 0 U U
2 6 0 0 U U
2 7 0 0 U U
2 8 0 0 L U
2 9 0 0 L U
2 10 0 0 L U
2 11 0 0 L R
2 12 0 0 U R
2 13 0 0 L R
2 14 0 0 U R
2 15 0 0 R R
2 16 0 0 D R
2 17 0 0 R R
2 18 0 0 U R
2 19 0 0 L R
2 20 0 0 U S
2 21 0 0 R S
2 22 0 0 R S
2 23 0 0 U S
2 24 0 0 R S
2 25 0 0 D S
2 26 0 0 D S
2 27 0 0 L S
2 28 0 0 L S
2 29 0 0 L S
2 30 0 0 L S
2 31 0 0 L S
2 32 0 0 L S
2 33 0 0 L S
2 34 0 0 L S
2 35 0 0 L S
2 36 0 0 L S
2 37 0 0 L S
2 38 0 0 L S
2 39 0 0 L S
2 40 0 0 L S
2 41 0 0 L S
2 42 0 0 L S
2 43 0 0 L S
2 44 0 0 L S
2 45 0 0 L S
2 46 0 0 L S
2 47 0 0 L S
2 48 0 0 L S
2 49 0 0 L S
2 50 0 0 L S
2 51 0 0 L S
2 52 0 0 L S
2 53 0 0 L S
2 54 0 0 L S
2 55 0 0 L S
2 56 0 0 L S
2 57 0 0 L S
2 58 0 0 L S
2 59 0 0 L S
2 60 0 0 L S
2 61 0 0 L S
2 62 0 0 L S
2 63 0 0 L S
2 64 0 0 L S
2 65 0 0 L S
2 66 0 0 L S
2 67 0 0 L S
2 68 0 0 L S
2 69 0 0 L S
2 70 0 0 L S
2 71 0 0 L S
2 72 0 0 L S
2 73 0 0 L S
2 74 0 0 L S
2 75 0 0 L S
2 76 0 0 L S
2 77 0 0 L S
2 78 0 0 L S
2 79 0 0 L S
2 80 0 0 L S
2 81 0 0 L S
2 82 0 0 L S
2 83 0 0 L S
2 84 0 0 L S
2 85 0 0 L S
2 86 0 0 L S
2 87 0 0 L S
2 88 0 0 L S
2 89 0 0 L S
2 90 0 0 L S
2 91 0 0 L S
2 92 0 0 L S
2 93 0 0 L S
2 94 0 0 L S
2 95 0 0 L S
2 96 0 0 L S
2 97 0 0 L S
2 98 0 0 L S
2 99 0 0 L S
2 100 0 0 L S
2 101 0 0 L S
2 102 0 0 L S
2 103 0 0 L S
2 104 0 0 L S
2 105 0 0 L S
2 106 0 0 L S
2 107 0 0 L S
2 108 0 0 L S
2 109 0 0 L S
2 110 0 0 L S
2 111 0 0 L S
2 112 0 0 L S
2 113 0 0 L S
2 114 0 0 L S
2 115 0 0 L S
2 116 0 0 L S
2 117 0 0 L S
2 118 0 0 L S
2 119 0 0 L S
2 120 0 0 L S
2 121 0 0 L S
2 122 0 0 L S
2 123 0 0 L S
2 124 0 0 L S
2 125 0 0 L S
2 126 0 0 L S
2 127 0 0 L S
2 128 0 0 L S
2 129 0 0 L S
2 130 0 0 L S
2 131 0 0 L S
2 132 0 0 L S
2 133 0 0 L S
2 134 0 0 L S
2 135 0 0 L S
2 136 0 0 L S
2 137 0 0 L S
2 138 0 0 L S
2 139 0 0 L S
2 140 0 0 L S
2 141 0 0 L S
2 142 0 0 L S
2 143 0 0 L S
2 144 0 0 L S
2 145 0 0 L S
2 146 0 0 L S
2 147 0 0 L S
2 148 0 0 L S
2 149 0 0 L S
2 150 0 0 L S
2 151 0 0 L S
2 152 0 0 L S
2 153 0 0 L S
2 154 0 0 L S
2 155 0 0 L S
2 156 0 0 L S
2 157 0 0 L S
2 158 0 0 L S
2 159 0 0 L S
2 160 0 0 L S
2 161 0 0 L S
2 162 0 0 L S
2 163 0 0 L S
2 164 0 0 L S
2 165 0 0 L S
2 166 0 0 L S
2 167 0 0 L S
2 168 0 0 L S
2 169 0 0 L S
2 170 0 0 L S
2 171 0 0 L S
2 172 0 0 L S
2 173 0 0 L S
2 174 0 0 L S
2 175 0 0 L S
2 176 0 0 L S
2 177 0 0 L S
2 178 0 0 L S
2 179 0 0 L S
2 180 0 0 L S
2 181 0 0 L S
2 182 0 0 L S
2 183 0 0 L S
2 184 0 0 L S
2 185 0 0 L S
2 186 0 0 L S
2 187 0 0 L S
2 188 0 0 L S
2 189 0 0 L S
2 190 0 0 L S
2 191 0 0 L S
2 192 0 0 L S
2 193 0 0 L S
2 194 0 0 L S
2 195 0 0 L S
2 196 0 0 L S
2 197 0 0 L S
2 198 0 0 L S
2 199 0 0 L S
3 0 0 0 D U
3 1 0 0 D U
3 2 0 0 D U
3 3 0 0 D U
3 4 0 0 D U
3 5 0 0 D U
3 6 0 0 D U
3 7 0 0 L U
3 8 0 0 L U
3 9 0 0 L U
3 10 0 0 L U
3 11 0 0 L U
3 12 0 0 L U
3 13 0 0 L U
3 14 0 0 L U
3 15 0 0 D R
3 16 0 0 L R
3 17 0 0 U R
3 18 0 0 U R
3 19 0 0 L R
3 20 0 0 U R
3 21 0 0 R R
3 22 0 0 R R
3 23 0 0 U R
3 24 0 0 R S
3 25 0 0 D S
3 26 0 0 D S
3 27 0 0 L S
3 28 0 0 L S
3 29 0 0 L S
3 30 0 0 L S
3 31 0 0 L S
3 32 0 0 L S
3 33 0 0 L S
3 34 0 0 L S
3 35 0 0 L S
3 36 0 0 L S
3 37 0 0 L S
3 38 0 0 L S
3 39 0 0 L S
3 40 0 0 L S
3 41 0 0 L S
3 42 0 0 L S
3 43 0 0 L S
3 44 0 0 L S
3 45 0 0 L S
3 46 0 0 L S
3 47 0 0 L S
3 48 0 0 L S
3 49 0 0 L S
3 50 0 0 L S
3 51 0 0 L S
3 52 0 0 L S
3 53 0 0 L S
3 54 0 0 L S
3 55 0 0 L S
3 56 0 0 L S
3 57 0 0 L S
3 58 0 0 L S
3 59 0 0 L S
3 60 0 0 L S
3 61 0 0 L S
3 62 0 0 L S
3 63 0 0 L S
3 64 0 0 L S
3 65 0 0 L S
3 66 0 0 L S
3 67 0 0 L S
3 68 0 0 L S
3 69 0 0 L S
3 70 0 0 L S
3 71 0 0 L S
3 72 0 0 L S
3 73 0 0 L S
3 74 0 0 L S
3 75 0 0 L S
3 76 0 0 L S
3 77 0 0 L S
3 78 0 0 L S
3 79 0 0 L S
3 80 0 0 L S
3 81 0 0 L S
3 82 0 0 L S
3 83 0 0 L S
3 84 0 0 L S
3 85 0 0 L S
3 86 0 0 L S
3 87 0 0 L S
3 88 0 0 L S
3 89 0 0 L S
3 90 0 0 L S
3 91 0 0 L S
3 92 0 0 L S
3 93 0 0 L S
3 94 0 0 L S
3 95 0 0 L S
3 96 0 0 L S
3 97 0 0 L S
3 98 0 0 L S
3 99 0 0 L S
3 100 0 0 L S
3 101 0 0 L S
3 102 0 0 L S
3 103 0 0 L S
3 104 0 0 L S
3 105 0 0 L S
3 106 0 0 L S
3 107 0 0 L S
3 108 0 0 L S
3 109 0 0 L S
3 110 0 0 L S
3 111 0 0 L S
3 112 0 0 L S
3 113 0 0 L S
3 114 0 0 L S
3 115 0 0 L S
3 116 0 0 L S
3 117 0 0 L S
3 118 0 0 L S
3 119 0 0 L S
3 120 0 0 L S
3 121 0 0 L S
3 122 0 0 L S
3 123 0 0 L S
3 124 0 0 L S
3 125 0 0 L S
3 126 0 0 L S
3 127 0 0 L S
3 128 0 0 L S
3 129 0 0 L S
3 130 0 0 L S
3 131 0 0 L S
3 132 0 0 L S
3 133 0 0 L S
3 134 0 0 L S
3 135 0 0 L S
3 136 0 0 L S
3 137 0 0 L S
3 138 0 0 L S
3 139 0 0 L S
3 140 0 0 L S
3 141 0 0 L S
3 142 0 0 L S
3 143 0 0 L S
3 144 0 0 L S
3 145 0 0 L S
3 146 0 0 L S
3 147 0 0 L S
3 148 0 0 L S
3 149 0 0 L S
3 150 0 0 L S
3 151 0 0 L S
3 152 0 0 L S
3 153 0 0 L S
3 154 0 0 L S
3 155 0 0 L S
3 156 0 0 L S
3 157 0 0 L S
3 158 0 0 L S
3 159 0 0 L S
3 160 0 0 L S
3 161 0 0 L S
3 162 0 0 L S
3 163 0 0 L S
3 164 0 0 L S
3 165 0 0 L S
3 166 0 0 L S
3 167 0 0 L S
3 168 0 0 L S
3 169 0 0 L S
3 170 0 0 L S
3 171 0 0 L S
3 172 0 0 L S
3 173 0 0 L S
3 174 0 0 L S
3 175 0 0 L S
3 176 0 0 L S
3 177 0 0 L S
3 178 0 0 L S
3 179 0 0 L S
3 180 0 0 L S
3 181 0 0 L S
3 182 0 0 L S
3 183 0 0 L S
3 184 0 0 L S
3 185 0 0 L S
3 186 0 0 L S
3 187 0 0 L S
3 188 0 0 L S
3 189 0 0 L S
3 190 0 0 L S
3 191 0 0 L S
3 192 0 0 L S
3 193 0 0 L S
3 194 0 0 L S
3 195 0 0 L S
3 196 0 0 L S
3 197 0 0 L S
3 198 0 0 L S
3 199 0 0 L S
4 0 0 0 D U
4 1 0 0 L U
4 2 0 0 L U
4 3 0 0 L U
4 4 0 0 U U
4 5 0 0 U U
4 6 0 0 U U
4 7 1 0 U U
4 8 1 0 U U
4 9 1 0 U U
4 10 1 0 U U
4 11 1 0 U U
4 12 1 0 U R
4 13 1 0 U R
4 14 1 0 U R
4 15 1 0 U R
4 16 1 0 U R
4 17 1 0 U S
4 18 1 0 U S
4 19 1 0 U S
4 20 1 0 U S
4 21 1 0 U S
4 22 1 0 U S
4 23 1 0 U S
4 24 1 0 U S
4 25 1 0 U S
4 26 1 0 U S
4 27 1 0 U S
4 28 1 0 U S
4 29 1 0 U S
4 30 1 0 U S
4 31 1 0 U S
4 32 1 0 U S
4 33 1 0 U S
4 34 1 0 U S
4 35 1 0 U S
4 36 1 0 U S
4 37 1 0 U S
4 38 1 0 U S
4 39 1 0 U S
4 40 1 0 U S
4 41 1 0 U S
4 42 1 0 U S
4 43 1 0 U S
4 44 1 0 U S
4 45 1 0 U S
4 46 1 0 U S
4 47 1 0 U S
4 48 1 0 U S
4 49 1 0 U S
4 50 1 0 U S
4 51 1 0 U S
4 52 1 0 U S
4 53 1 0 U S
4 54 1 0 U S
4 55 1 0 U S
4 56 1 0 U S
4 57 1 0 U S
4 58 1 0 U S
4 59 1 0 U S
4 60 1 0 U S
4 61 1 0 U S
4 62 1 0 U S
4 63 1 0 U S
4 64 1 0 U S
4 65 1 0 U S
4 66 1 0 U S
4 67 1 0 U S
4 68 1 0 U S
4 69 1 0 U S
4 70 1 0 U S
4 71 1 0 U S
4 72 1 0 U S
4 73 1 0 U S
4 74 1 0 U S
4 75 1 0 U S
4 76 1 0 U S
4 77 1 0 U S
4 78 1 0 U S
4 79 1 0 U S
4 80 1 0 U S
4 81 1 0 U S
4 82 1 0 U S
4 83 1 0 U S
4 84 1 0 U S
4 85 1 0 U S
4 86 1 0 U S
4 87 1 0 U S
4 88 1 0 U S
4 89 1 0 U S
4 90 1 0 U S
4 91 1 0 U S
4 92 1 0 U S
4 93 1 0 U S
4 94 1 0 U S
4 95 1 0 U S
4 96 1 0 U S
4 97 1 0 U S
4 98 1 0 U S
4 99 1 0 U S
4 100 1 0 U S
4 101 1 0 U S
4 102 1 0 U S
4 103 1 0 U S
4 104 1 0 U S
4 105 1 0 U S
4 106 1 0 U S
4 107 1 0 U S
4 108 1 0 U S
4 109 1 0 U S
4 110 1 0 U S
4 111 1 0 U S
4 112 1 0 U S
4 113 1 0 U S
4 114 1 0 U S
4 115 1 0 U S
4 116 1 0 U S
4 117 1 0 U S
4 118 1 0 U S
4 119 1 0 U S
4 120 1 0 U S
4 121 1 0 U S
4 122 1 0 U S
4 123 1 0 U S
4 124 1 0 U S
4 125 1 0 U S
4 126 1 0 U S
4 127 1 0 U S
4 128 1 0 U S
4 129 1 0 U S
4 130 1 0 U S
4 131 1 0 U S
4 132 1 0 U S
4 133 1 0 U S
4 134 1 0 U S
4 135 1 0 U S
4 136 1 0 U S
4 137 1 0 U S
4 138 1 0 U S
4 139 1 0 U S
4 140 1 0 U S
4 141 1 0 U S
4 142 1 0 U S
4 143 1 0 U S
4 144 1 0 U S
4 145 1 0 U S
4 146 1 0 U S
4 147 1 0 U S
4 148 1 0 U S
4 149 1 0 U S
4 150 1 0 U S
4 151 1 0 U S
4 152 1 0 U S
4 153 1 0 U S
4 154 1 0 U S
4 155 1 0 U S
4 156 1 0 U S
4 157 1 0 U S
4 158 1 0 U S
4 159 1 0 U S
4 160 1 0 U S
4 161 1 0 U S
4 162 1 0 U S
4 163 1 0 U S
4 164 1 0 U S
4 165 1 0 U S
4 166 1 0 U S
4 167 1 0 U S
4 168 1 0 U S
4 169 1 0 U S
4 170 1 0 U S
4 171 1 0 U S
4 172 1 0 U S
4 173 1 0 U S
4 174 1 0 U S
4 175 1 0 U S
4 176 1 0 U S
4 177 1 0 U S
4 178 1 0 U S
4 179 1 0 U S
4 180 1 0 U S
4 181 1 0 U S
4 182 1 0 U S
4 183 1 0 U S
4 184 1 0 U S
4 185 1 0 U S
4 186 1 0 U S
4 187 1 0 U S
4 188 1 0 U S
4 189 1 0 U S
4 190 1 0 U S
4 191 1 0 U S
4 192 1 0 U S
4 193 1 0 U S
4 194 1 0 U S
4 195 1 0 U S
4 196 1 0 U S
4 197 1 0 U S
4 198 1 0 U S
4 199 1 0 U S
5 0 0 0 U U
5 1 0 0 L U
5 2 0 0 L U
5 3 0 0 L U
5 4 0 0 L U
5 5 0 0 U U
5 6 0 0 D U
5 7 0 0 L U
5 8 0 0 L U
5 9 0 0 L U
5 10 0 0 L U
5 11 0 0 L R
5 12 0 0 L R
5 13 0 0 D R
5 14 0 0 D R
5 15 0 0 L R
5 16 0 0 D R
5 17 0 0 R S
5 18 0 0 R S
5 19 1 0 R S
5 20 1 0 S S
5 21 1 0 S S
5 22 1 0 S S
5 23 1 0 S S
5 24 1 0 S S
5 25 1 0 S S
5 26 1 0 S S
5 27 1 0 S S
5 28 1 0 S S
5 29 1 0 S S
5 30 1 0 S S
5 31 1 0 S S
5 32 1 0 S S
5 33 1 0 S S
5 34 1 0 S S
5 35 1 0 S S
5 36 1 0 S S
5 37 1 0 S S
5 38 1 0 S S
5 39 1 0 S S
5 40 1 0 S S
5 41 1 0 S S
5 42 1 0 S S
5 43 1 0 S S
5 44 1 0 S S
5 45 1 0 S S
5 46 1 0 S S
5 47 1 0 S S
5 48 1 0 S S
5 49 1 0 S S
5 50 1 0 S S
5 51 1 0 S S
5 52 1 0 S S
5 53 1 0 S S
5 54 1 0 S S
5 55 1 0 S S
5 56 1 0 S S
5 57 1 0 S S
5 58 1 0 S S
5 59 1 0 S S
5 60 1 0 S S
5 61 1 0 S S
5 62 1 0 S S
5 63 1 0 S S
5 64 1 0 S S
5 65 1 0 S S
5 66 1 0 S S
5 67 1 0 S S
5 68 1 0 S S
5 69 1 0 S S
5 70 1 0 S S
5 71 1 0 S S
5 72 1 0 S S
5 73 1 0 S S
5 74 1 0 S S
5 75 1 0 S S
5 76 1 0 S S
5 77 1 0 S S
5 78 1 0 S S
5 79 1 0 S S
5 80 1 0 S S
5 81 1 0 S S
5 82 1 0 S S
5 83 1 0 S S
5 84 1 0 S S
5 85 1 0 S S
5 86 1 0 S S
5 87 1 0 S S
5 88 1 0 S S
5 89 1 0 S S
5 90 1 0 S S
5 91 1 0 S S
5 92 1 0 S S
5 93 1 0 S S
5 94 1 0 S S
5 95 1 0 S S
5 96 1 0 S S
5 97 1 0 S S
5 98 1 0 S S
5 99 1 0 S S
5 100 1 0 S S
5 101 1 0 S S
5 102 1 0 S S
5 103 1 0 S S
5 104 1 0 S S
5 105 1 0 S S
5 106 1 0 S S
5 107 1 0 S S
5 108 1 0 S S
5 109 1 0 S S
5 110 1 0 S S
5 111 1 0 S S
5 112 1 0 S S
5 113 1 0 S S
5 114 1 0 S S
5 115 1 0 S S
5 116 1 0 S S
5 117 1 0 S S
5 118 1 0 S S
5 119 1 0 S S
5 120 1 0 S S
5 121 1 0 S S
5 122 1 0 S S
5 123 1 0 S S
5 124 1 0 S S
5 125 1 0 S S
5 126 1 0 S S
5 127 1 0 S S
5 128 1 0 S S
5 129 1 0 S S
5 130 1 0 S S
5 131 1 0 S S
5 132 1 0 S S
5 133 1 0 S S
5 134 1 0 S S
5 135 1 0 S S
5 136 1 0 S S
5 137 1 0 S S
5 138 1 0 S S
5 139 1 0 S S
5 140 1 0 S S
5 141 1 0 S S
5 142 1 0 S S
5 143 1 0 S S
5 144 1 0 S S
5 145 1 0 S S
5 146 1 0 S S
5 147 1 0 S S
5 148 1 0 S S
5 149 1 0 S S
5 150 1 0 S S
5 151 1 0 S S
5 152 1 0 S S
5 153 1 0 S S
5 154 1 0 S S
5 155 1 0 S S
5 156 1 0 S S
5 157 1 0 S S
5 158 1 0 S S
5 159 1 0 S S
5 160 1 0 S S
5 161 1 0 S S
5 162 1 0 S S
5 163 1 0 S S
5 164 1 0 S S
5 165 1 0 S S
5 166 1 0 S S
5 167 1 0 S S
5 168 1 0 S S
5 169 1 0 S S
5 170 1 0 S S
5 171 1 0 S S
5 172 1 0 S S
5 173 1 0 S S
5 174 1 0 S S
5 175 1 0 S S
5 176 1 0 S S
5 177 1 0 S S
5 178 1 0 S S
5 179 1 0 S S
5 180 1 0 S S
5 181 1 0 S S
5 182 1 0 S S
5 183 1 0 S S
5 184 1 0 S S
5 185 1 0 S S
5 186 1 0 S S
5 187 1 0 S S
5 188 1 0 S S
5 189 1 0 S S
5 190 1 0 S S
5 191 1 0 S S
5 192 1 0 S S
5 193 1 0 S S
5 194 1 0 S S
5 195 1 0 S S
5 196 1 0 S S
5 197 1 0 S S
5 198 1 0 S S
5 199 1 0 S S
6 0 0 0 U U
6 1 0 0 U U
6 2 0 0 U U
6 3 0 0 U U
6 4 0 0 L U
6 5 0 0 L U
6 6 0 0 L L
6 7 0 0 L L
6 8 0 0 L L
6 9 0 0 L L
6 10 0 0 L L
6 11 0 0 L L
6 12 0 0 L L
6 13 0 0 L L
6 14 0 0 U L
6 15 0 0 R S
6 16 0 0 R S
6 17 0 0 D S
6 18 0 0 R S
6 19 0 0 U S
6 20 0 0 L S
6 21 0 0 U S
6 22 0 0 R S
6 23 0 0 R S
6 24 0 0 U S
6 25 0 0 R S
6 26 0 0 D S
6 27 0 0 D S
6 28 0 0 L S
6 29 0 0 L S
6 30 0 0 L S
6 31 0 0 L S
6 32 0 0 L S
6 33 0 0 L S
6 34 0 0 L S
6 35 0 0 L S
6 36 0 0 L S
6 37 0 0 L S
6 38 0 0 L S
6 39 0 0 L S
6 40 0 0 L S
6 41 0 0 L S
6 42 0 0 L S
6 43 0 0 L S
6 44 0 0 L S
6 45 0 0 L S
6 46 0 0 L S
6 47 0 0 L S
6 48 0 0 L S
6 49 0 0 L S
6 50 0 0 L S
6 51 0 0 L S
6 52 0 0 L S
6 53 0 0 L S
6 54 0 0 L S
6 55 0 0 L S
6 56 0 0 L S
6 57 0 0 L S
6 58 0 0 L S
6 59 0 0 L S
6 60 0 0 L S
6 61 0 0 L S
6 62 0 0 L S
6 63 0 0 L S
6 64 0 0 L S
6 65 0 0 L S
6 66 0 0 L S
6 67 0 0 L S
6 68 0 0 L S
6 69 0 0 L S
6 70 0 0 L S
6 71 0 0 L S
6 72 0 0 L S
6 73 0 0 L S
6 74 0 0 L S
6 75 0 0 L S
6 76 0 0 L S
6 77 0 0 L S
6 78 0 0 L S
6 79 0 0 L S
6 80 0 0 L S
6 81 0 0 L S
6 82 0 0 L S
6 83 0 0 L S
6 84 0 0 L S
6 85 0 0 L S
6 86 0 0 L S
6 87 0 0 L S
6 88 0 0 L S
6 89 0 0 L S
6 90 0 0 L S
6 91 0 0 L S
6 92 0 0 L S
6 93 0 0 L S
6 94 0 0 L S
6 95 0 0 L S
6 96 0 0 L S
6 97 0 0 L S
6 98 0 0 L S
6 99 0 0 L S
6 100 0 0 L S
6 101 0 0 L S
6 102 0 0 L S
6 103 0 0 L S
6 104 0 0 L S
6 105 0 0 L S
6 106 0 0 L S
6 107 0 0 L S
6 108 0 0 L S
6 109 0 0 L S
6 110 0 0 L S
6 111 0 0 L S
6 112 0 0 L S
6 113 0 0 L S
6 114 0 0 L S
6 115 0 0 L S
6 116 0 0 L S
6 117 0 0 L S
6 118 0 0 L S
6 119 0 0 L S
6 120 0 0 L S
6 121 0 0 L S
6 122 0 0 L S
6 123 0 0 L S
6 124 0 0 L S
6 125 0 0 L S
6 126 0 0 L S
6 127 0 0 L S
6 128 0 0 L S
6 129 0 0 L S
6 130 0 0 L S
6 131 0 0 L S
6 132 0 0 L S
6 133 0 0 L S
6 134 0 0 L S
6 135 0 0 L S
6 136 0 0 L S
6 137 0 0 L S
6 138 0 0 L S
6 139 0 0 L S
6 140 0 0 L S
6 141 0 0 L S
6 142 0 0 L S
6 143 0 0 L S
6 144 0 0 L S
6 145 0 0 L S
6 146 0 0 L S
6 147 0 0 L S
6 148 0 0 L S
6 149 0 0 L S
6 150 0 0 L S
6 151 0 0 L S
6 152 0 0 L S
6 153 0 0 L S
6 154 0 0 L S
6 155 0 0 L S
6 156 0 0 L S
6 157 0 0 L S
6 158 0 0 L S
6 159 0 0 L S
6 160 0 0 L S
6 161 0 0 L S
6 162 0 0 L S
6 163 0 0 L S
6 164 0 0 L S
6 165 0 0 L S
6 166 0 0 L S
6 167 0 0 L S
6 168 0 0 L S
6 169 0 0 L S
6 170 0 0 L S
6 171 0 0 L S
6 172 0 0 L S
6 173 0 0 L S
6 174 0 0 L S
6 175 0 0 L S
6 176 0 0 L S
6 177 0 0 L S
6 178 0 0 L S
6 179 0 0 L S
6 180 0 0 L S
6 181 0 0 L S
6 182 0 0 L S
6 183 0 0 L S
6 184 0 0 L S
6 185 0 0 L S
6 186 0 0 L S
6 187 0 0 L S
6 188 0 0 L S
6 189 0 0 L S
6 190 0 0 L S
6 191 0 0 L S
6 192 0 0 L S
6 193 0 0 L S
6 194 0 0 L S
6 195 0 0 L S
6 196 0 0 L S
6 197 0 0 L S
6 198 0 0 L S
6 199 0 0 L S
7 0 0 0 D U
7 1 0 0 D U
7 2 0 0 D L
7 3 0 0 D S
7 4 0 0 L S
7 5 0 0 L S
7 6 0 0 L S
7 7 0 0 L S
7 8 0 0 L S
7 9 0 0 L S
7 10 0 0 L S
7 11 0 0 L S
7 12 0 0 L S
7 13 0 0 L S
7 14 0 0 L S
7 15 0 0 L S
7 16 0 0 U S
7 17 0 0 U S
7 18 0 0 L S
7 19 0 0 U S
7 20 0 0 R S
7 21 0 0 R S
7 22 0 0 U S
7 23 0 0 R S
7 24 0 0 D S
7 25 0 0 D S
7 26 0 0 L S
7 27 0 0 L S
7 28 0 0 L S
7 29 0 0 L S
7 30 0 0 L S
7 31 0 0 L S
7 32 0 0 L S
7 33 0 0 L S
7 34 0 0 L S
7 35 0 0 L S
7 36 0 0 L S
7 37 0 0 L S
7 38 0 0 L S
7 39 0 0 L S
7 40 0 0 L S
7 41 0 0 L S
7 42 0 0 L S
7 43 0 0 L S
7 44 0 0 L S
7 45 0 0 L S
7 46 0 0 L S
7 47 0 0 L S
7 48 0 0 L S
7 49 0 0 L S
7 50 0 0 L S
7 51 0 0 L S
7 52 0 0 L S
7 53 0 0 L S
7 54 0 0 L S
7 55 0 0 L S
7 56 0 0 L S
7 57 0 0 L S
7 58 0 0 L S
7 59 0 0 L S
7 60 0 0 L S
7 61 0 0 L S
7 62 0 0 L S
7 63 0 0 L S
7 64 0 0 L S
7 65 0 0 L S
7 66 0 0 L S
7 67 0 0 L S
7 68 0 0 L S
7 69 0 0 L S
7 70 0 0 L S
7 71 0 0 L S
7 72 0 0 L S
7 73 0 0 L S
7 74 0 0 L S
7 75 0 0 L S
7 76 0 0 L S
7 77 0 0 L S
7 78 0 0 L S
7 79 0 0 L S
7 80 0 0 L S
7 81 0 0 L S
7 82 0 0 L S
7 83 0 0 L S
7 84 0 0 L S
7 85 0 0 L S
7 86 0 0 L S
7 87 0 0 L S
7 88 0 0 L S
7 89 0 0 L S
7 90 0 0 L S
7 91 0 0 L S
7 92 0 0 L S
7 93 0 0 L S
7 94 0 0 L S
7 95 0 0 L S
7 96 0 0 L S
7 97 0 0 L S
7 98 0 0 L S
7 99 0 0 L S
7 100 0 0 L S
7 101 0 0 L S
7 102 0 0 L S
7 103 0 0 L S
7 104 0 0 L S
7 105 0 0 L S
7 106 0 0 L S
7 107 0 0 L S
7 108 0 0 L S
7 109 0 0 L S
7 110 0 0 L S
7 111 0 0 L S
7 112 0 0 L S
7 113 0 0 L S
7 114 0 0 L S
7 115 0 0 L S
7 116 0 0 L S
7 117 0 0 L S
7 118 0 0 L S
7 119 0 0 L S
7 120 0 0 L S
7 121 0 0 L S
7 122 0 0 L S
7 123 0 0 L S
7 124 0 0 L S
7 125 0 0 L S
7 126 0 0 L S
7 127 0 0 L S
7 128 0 0 L S
7 129 0 0 L S
7 130 0 0 L S
7 131 0 0 L S
7 132 0 0 L S
7 133 0 0 L S
7 134 0 0 L S
7 135 0 0 L S
7 136 0 0 L S
7 137 0 0 L S
7 138 0 0 L S
7 139 0 0 L S
7 140 0 0 L S
7 141 0 0 L S
7 142 0 0 L S
7 143 0 0 L S
7 144 0 0 L S
7 145 0 0 L S
7 146 0 0 L S
7 147 0 0 L S
7 148 0 0 L S
7 149 0 0 L S
7 150 0 0 L S
7 151 0 0 L S
7 152 0 0 L S
7 153 0 0 L S
7 154 0 0 L S
7 155 0 0 L S
7 156 0 0 L S
7 157 0 0 L S
7 158 0 0 L S
7 159 0 0 L S
7 160 0 0 L S
7 161 0 0 L S
7 162 0 0 L S
7 163 0 0 L S
7 164 0 0 L S
7 165 0 0 L S
7 166 0 0 L S
7 167 0 0 L S
7 168 0 0 L S
7 169 0 0 L S
7 170 0 0 L S
7 171 0 0 L S
7 172 0 0 L S
7 173 0 0 L S
7 174 0 0 L S
7 175 0 0 L S
7 176 0 0 L S
7 177 0 0 L S
7 178 0 0 L S
7 179 0 0 L S
7 180 0 0 L S
7 181 0 0 L S
7 182 0 0 L S
7 183 0 0 L S
7 184 0 0 L S
7 185 0 0 L S
7 186 0 0 L S
7 187 0 0 L S
7 188 0 0 L S
7 189 0 0 L S
7 190 0 0 L S
7 191 0 0 L S
7 192 0 0 L S
7 193 0 0 L S
7 194 0 0 L S
7 195 0 0 L S
7 196 0 0 L S
7 197 0 0 L S
7 198 0 0 L S
7 199 0 0 L S
8 0 0 0 U U
8 1 0 0 U U
8 2 0 0 U U
8 3 0 0 L U
8 4 0 0 L U
8 5 0 0 L U
8 6 0 0 D U
8 7 0 0 L U
8 8 0 0 L U
8 9 0 0 U R
8 10 0 0 U R
8 11 0 0 U R
8 12 0 0 U R
8 13 0 0 U R
8 14 0 0 U R
8 15 0 0 U R
8 16 0 0 U R
8 17 0 0 U R
8 18 0 0 U R
8 19 0 0 U R
8 20 0 0 U R
8 21 0 0 U R
8 22 0 0 U R
8 23 0 0 U R
8 24 0 0 U R
8 25 0 0 U R
8 26 0 0 U R
8 27 0 0 U R
8 28 0 0 U R
8 29 0 0 U R
8 30 0 0 U R
8 31 0 0 U R
8 32 0 0 U R
8 33 0 0 U R
8 34 0 0 U R
8 35 0 0 U R
8 36 0 0 U R
8 37 0 0 U R
8 38 0 0 U R
8 39 0 0 U R
8 40 0 0 U R
8 41 0 0 U R
8 42 0 0 U R
8 43 0 0 U R
8 44 0 0 U R
8 45 0 0 U R
8 46 0 0 U R
8 47 0 0 U R
8 48 0 0 U R
8 49 0 0 U R
8 50 0 0 U R
8 51 0 0 U R
8 52 0 0 U R
8 53 0 0 U R
8 54 0 0 U R
8 55 0 0 U R
8 56 0 0 U R
8 57 0 0 U R
8 58 0 0 U R
8 59 0 0 U R
8 60 0 0 U R
8 61 0 0 U R
8 62 0 0 U R
8 63 0 0 U R
8 64 0 0 U R
8 65 0 0 U R
8 66 0 0 U R
8 67 0 0 U R
8 68 0 0 U R
8 69 0 0 U R
8 70 0 0 U R
8 71 0 0 U R
8 72 0 0 U R
8 73 0 0 U R
8 74 0 0 U R
8 75 0 0 U R
8 76 0 0 U R
8 77 0 0 U R
8 78 0 0 U R
8 79 0 0 U R
8 80 0 0 U R
8 81 0 0 U R
8 82 0 0 U R
8 83 0 0 U R
8 84 0 0 U R
8 85 0 0 U R
8 86 0 0 U R
8 87 0 0 U R
8 88 0 0 U R
8 89 0 0 U R
8 90 0 0 U R
8 91 0 0 U R
8 92 0 0 U R
8 93 0 0 U R
8 94 0 0 U R
8 95 0 0 U R
8 96 0 0 U R
8 97 0 0 U R
8 98 0 0 U R
8 99 0 0 U R
8 100 0 0 U R
8 101 0 0 U R
8 102 0 0 U R
8 103 0 0 U R
8 104 0 0 U R
8 105 0 0 U R
8 106 0 0 U R
8 107 0 0 U R
8 108 0 0 U R
8 109 0 0 U R
8 110 0 0 U R
8 111 0 0 U R
8 112 0 0 U R
8 113 0 0 U R
8 114 0 0 U R
8 115 0 0 U R
8 116 0 0 U R
8 117 0 0 U R
8 118 0 0 U R
8 119 0 0 U R
8 120 0 0 U R
8 121 0 0 U R
8 122 0 0 U R
8 123 0 0 U R
8 124 0 0 U R
8 125 0 0 U R
8 126 0 0 U R
8 127 0 0 U R
8 128 0 0 U R
8 129 0 0 U R
8 130 0 0 U R
8 131 0 0 U R
8 132 0 0 U R
8 133 0 0 U R
8 134 0 0 U R
8 135 0 0 U R
8 136 0 0 U R
8 137 0 0 U R
8 138 0 0 U R
8 139 0 0 U R
8 140 0 0 U R
8 141 0 0 U R
8 142 0 0 U R
8 143 0 0 U R
8 144 0 0 U R
8 145 0 0 U R
8 146 0 0 U R
8 147 0 0 U R
8 148 0 0 U R
8 149 0 0 U R
8 150 0 0 U R
8 151 0 0 U R
8 152 0 0 U R
8 153 0 0 U R
8 154 0 0 U R
8 155 0 0 U R
8 156 0 0 U R
8 157 0 0 U R
8 158 0 0 U R
8 159 0 0 U R
8 160 0 0 U R
8 161 0 0 U R
8 162 0 0 U R
8 163 0 0 U R
8 164 0 0 U R
8 165 0 0 U R
8 166 0 0 U R
8 167 0 0 U R
8 168 0 0 U R
8 169 0 0 U R
8 170 0 0 U R
8 171 0 0 U R
8 172 0 0 U R
8 173 0 0 U R
8 174 0 0 U R
8 175 0 0 U R
8 176 0 0 U R
8 177 0 0 U R
8 178 0 0 U R
8 179 0 0 U R
8 180 0 0 U R
8 181 0 0 U R
8 182 0 0 U R
8 183 0 0 U R
8 184 0 0 U R
8 185 0 0 U R
8 186 0 0 U R
8 187 0 0 U R
8 188 0 0 U R
8 189 0 0 U R
8 190 0 0 U R
8 191 0 0 U R
8 192 0 0 U R
8 193 0 0 U R
8 194 0 0 U R
8 195 0 0 U R
8 196 0 0 U R
8 197 0 0 U R
8 198 0 0 U R
8 199 0 0 U R
9 0 0 0 U D
9 1 0 0 U D
9 2 0 0 U L
9 3 0 0 U L
9 4 0 0 U L
9 5 0 0 U S
9 6 0 0 U S
9 7 0 0 R S
9 8 0 0 R S
9 9 0 0 R S
9 10 0 0 R S
9 11 0 0 R S
9 12 0 0 R S
9 13 0 0 U S
9 14 0 0 R S
9 15 0 0 D S
9 16 0 0 D S
9 17 0 0 L S
9 18 0 0 L S
9 19 0 0 L S
9 20 0 0 L S
9 21 0 0 L S
9 22 0 0 L S
9 23 0 0 L S
9 24 0 0 L S
9 25 0 0 L S
9 26 0 0 L S
9 27 0 0 L S
9 28 0 0 L S
9 29 0 0 L S
9 30 0 0 L S
9 31 0 0 L S
9 32 0 0 L S
9 33 0 0 L S
9 34 0 0 L S
9 35 0 0 L S
9 36 0 0 L S
9 37 0 0 L S
9 38 0 0 L S
9 39 0 0 L S
9 40 0 0 L S
9 41 0 0 L S
9 42 0 0 L S
9 43 0 0 L S
9 44 0 0 L S
9 45 0 0 L S
9 46 0 0 L S
9 47 0 0 L S
9 48 0 0 L S
9 49 0 0 L S
9 50 0 0 L S
9 51 0 0 L S
9 52 0 0 L S
9 53 0 0 L S
9 54 0 0 L S
9 55 0 0 L S
9 56 0 0 L S
9 57 0 0 L S
9 58 0 0 L S
9 59 0 0 L S
9 60 0 0 L S
9 61 0 0 L S
9 62 0 0 L S
9 63 0 0 L S
9 64 0 0 L S
9 65 0 0 L S
9 66 0 0 L S
9 67 0 0 L S
9 68 0 0 L S
9 69 0 0 L S
9 70 0 0 L S
9 71 0 0 L S
9 72 0 0 L S
9 73 0 0 L S
9 74 0 0 L S
9 75 0 0 L S
9 76 0 0 L S
9 77 0 0 L S
9 78 0 0 L S
9 79 0 0 L S
9 80 0 0 L S
9 81 0 0 L S
9 82 0 0 L S
9 83 0 0 L S
9 84 0 0 L S
9 85 0 0 L S
9 86 0 0 L S
9 87 0 0 L S
9 88 0 0 L S
9 89 0 0 L S
9 90 0 0 L S
9 91 0 0 L S
9 92 0 0 L S
9 93 0 0 L S
9 94 0 0 L S
9 95 0 0 L S
9 96 0 0 L S
9 97 0 0 L S
9 98 0 0 L S
9 99 0 0 L S
9 100 0 0 L S
9 101 0 0 L S
9 102 0 0 L S
9 103 0 0 L S
9 104 0 0 L S
9 105 0 0 L S
9 106 0 0 L S
9 107 0 0 L S
9 108 0 0 L S
9 109 0 0 L S
9 110 0 0 L S
9 111 0 0 L S
9 112 0 0 L S
9 113 0 0 L S
9 114 0 0 L S
9 115 0 0 L S
9 116 0 0 L S
9 117 0 0 L S
9 118 0 0 L S
9 119 0 0 L S
9 120 0 0 L S
9 121 0 0 L S
9 122 0 0 L S
9 123 0 0 L S
9 124 0 0 L S
9 125 0 0 L S
9 126 0 0 L S
9 127 0 0 L S
9 128 0 0 L S
9 129 0 0 L S
9 130 0 0 L S
9 131 0 0 L S
9 132 0 0 L S
9 133 0 0 L S
9 134 0 0 L S
9 135 0 0 L S
9 136 0 0 L S
9 137 0 0 L S
9 138 0 0 L S
9 139 0 0 L S
9 140 0 0 L S
9 141 0 0 L S
9 142 0 0 L S
9 143 0 0 L S
9 144 0 0 L S
9 145 0 0 L S
9 146 0 0 L S
9 147 0 0 L S
9 148 0 0 L S
9 149 0 0 L S
9 150 0 0 L S
9 151 0 0 L S
9 152 0 0 L S
9 153 0 0 L S
9 154 0 0 L S
9 155 0 0 L S
9 156 0 0 L S
9 157 0 0 L S
9 158 0 0 L S
9 159 0 0 L S
9 160 0 0 L S
9 161 0 0 L S
9 162 0 0 L S
9 163 0 0 L S
9 164 0 0 L S
9 165 0 0 L S
9 166 0 0 L S
9 167 0 0 L S
9 168 0 0 L S
9 169 0 0 L S
9 170 0 0 L S
9 171 0 0 L S
9 172 0 0 L S
9 173 0 0 L S
9 174 0 0 L S
9 175 0 0 L S
9 176 0 0 L S
9 177 0 0 L S
9 178 0 0 L S
9 179 0 0 L S
9 180 0 0 L S
9 181 0 0 L S
9 182 0 0 L S
9 183 0 0 L S
9 184 0 0 L S
9 185 0 0 L S
9 186 0 0 L S
9 187 0 0 L S
9 188 0 0 L S
9 189 0 0 L S
9 190 0 0 L S
9 191 0 0 L S
9 192 0 0 L S
9 193 0 0 L S
9 194 0 0 L S
9 195 0 0 L S
9 196 0 0 L S
9 197 0 0 L S
9 198 0 0 L S
9 199 0 0 L S
10 0 0 0 D D
10 1 0 0 D D
10 2 0 0 D D
10 3 0 0 D D
10 4 0 0 D R
10 5 0 0 D R
10 6 0 0 D R
10 7 0 0 D R
10 8 0 0 D R
10 9 0 0 D R
10 10 0 0 L S
10 11 0 0 L S
10 12 0 0 L S
10 13 0 0 L S
10 14 0 0 D S
10 15 0 0 L S
10 16 0 0 U S
10 17 0 0 U S
10 18 0 0 U S
10 19 0 0 L S
10 20 0 0 U S
10 21 0 0 R S
10 22 0 0 D S
10 23 0 0 R S
10 24 0 0 U S
10 25 0 0 U S
10 26 0 0 L S
10 27 0 0 L S
10 28 0 0 L S
10 29 0 0 L S
10 30 0 0 L S
10 31 0 0 L S
10 32 0 0 L S
10 33 0 0 L S
10 34 0 0 L S
10 35 0 0 L S
10 36 0 0 L S
10 37 0 0 L S
10 38 0 0 L S
10 39 0 0 L S
10 40 0 0 L S
10 41 0 0 L S
10 42 0 0 L S
10 43 0 0 L S
10 44 0 0 L S
10 45 0 0 L S
10 46 0 0 L S
10 47 0 0 L S
10 48 0 0 L S
10 49 0 0 L S
10 50 0 0 L S
10 51 0 0 L S
10 52 0 0 L S
10 53 0 0 L S
10 54 0 0 L S
10 55 0 0 L S
10 56 0 0 L S
10 57 0 0 L S
10 58 0 0 L S
10 59 0 0 L S
10 60 0 0 L S
10 61 0 0 L S
10 62 0 0 L S
10 63 0 0 L S
10 64 0 0 L S
10 65 0 0 L S
10 66 0 0 L S
10 67 0 0 L S
10 68 0 0 L S
10 69 0 0 L S
10 70 0 0 L S
10 71 0 0 L S
10 72 0 0 L S
10 73 0 0 L S
10 74 0 0 L S
10 75 0 0 L S
10 76 0 0 L S
10 77 0 0 L S
10 78 0 0 L S
10 79 0 0 L S
10 80 0 0 L S
10 81 0 0 L S
10 82 0 0 L S
10 83 0 0 L S
10 84 0 0 L S
10 85 0 0 L S
10 86 0 0 L S
10 87 0 0 L S
10 88 0 0 L S
10 89 0 0 L S
10 90 0 0 L S
10 91 0 0 L S
10 92 0 0 L S
10 93 0 0 L S
10 94 0 0 L S
10 95 0 0 L S
10 96 0 0 L S
10 97 0 0 L S
10 98 0 0 L S
10 99 0 0 L S
10 100 0 0 L S
10 101 0 0 L S
10 102 0 0 L S
10 103 0 0 L S
10 104 0 0 L S
10 105 0 0 L S
10 106 0 0 L S
10 107 0 0 L S
10 108 0 0 L S
10 109 0 0 L S
10 110 0 0 L S
10 111 0 0 L S
10 112 0 0 L S
10 113 0 0 L S
10 114 0 0 L S
10 115 0 0 L S
10 116 0 0 L S
10 117 0 0 L S
10 118 0 0 L S
10 119 0 0 L S
10 120 0 0 L S
10 121 0 0 L S
10 122 0 0 L S
10 123 0 0 L S
10 124 0 0 L S
10 125 0 0 L S
10 126 0 0 L S
10 127 0 0 L S
10 128 0 0 L S
10 129 0 0 L S
10 130 0 0 L S
10 131 0 0 L S
10 132 0 0 L S
10 133 0 0 L S
10 134 0 0 L S
10 135 0 0 L S
10 136 0 0 L S
10 137 0 0 L S
10 138 0 0 L S
10 139 0 0 L S
10 140 0 0 L S
10 141 0 0 L S
10 142 0 0 L S
10 143 0 0 L S
10 144 0 0 L S
10 145 0 0 L S
10 146 0 0 L S
10 147 0 0 L S
10 148 0 0 L S
10 149 0 0 L S
10 150 0 0 L S
10 151 0 0 L S
10 152 0 0 L S
10 153 0 0 L S
10 154 0 0 L S
10 155 0 0 L S
10 156 0 0 L S
10 157 0 0 L S
10 158 0 0 L S
10 159 0 0 L S
10 160 0 0 L S
10 161 0 0 L S
10 162 0 0 L S
10 163 0 0 L S
10 164 0 0 L S
10 165 0 0 L S
10 166 0 0 L S
10 167 0 0 L S
10 168 0 0 L S
10 169 0 0 L S
10 170 0 0 L S
10 171 0 0 L S
10 172 0 0 L S
10 173 0 0 L S
10 174 0 0 L S
10 175 0 0 L S
10 176 0 0 L S
10 177 0 0 L S
10 178 0 0 L S
10 179 0 0 L S
10 180 0 0 L S
10 181 0 0 L S
10 182 0 0 L S
10 183 0 0 L S
10 184 0 0 L S
10 185 0 0 L S
10 186 0 0 L S
10 187 0 0 L S
10 188 0 0 L S
10 189 0 0 L S
10 190 0 0 L S
10 191 0 0 L S
10 192 0 0 L S
10 193 0 0 L S
10 194 0 0 L S
10 195 0 0 L S
10 196 0 0 L S
10 197 0 0 L S
10 198 0 0 L S
10 199 0 0 L S
11 0 0 0 U U
11 1 0 0 U U
11 2 0 0 U U
11 3 0 0 U U
11 4 0 0 U U
11 5 0 0 R U
11 6 0 0 U U
11 7 0 0 U R
11 8 0 0 U R
11 9 0 0 U R
11 10 0 0 R R
11 11 0 0 U R
11 12 0 0 L R
11 13 0 0 L R
11 14 0 0 U S
11 15 0 0 L S
11 16 0 0 D S
11 17 0 0 D S
11 18 0 0 L S
11 19 0 0 D S
11 20 0 0 R S
11 21 0 0 R S
11 22 0 0 D S
11 23 0 0 R S
11 24 0 0 U S
11 25 0 0 U S
11 26 0 0 L S
11 27 0 0 L S
11 28 0 0 L S
11 29 0 0 L S
11 30 0 0 L S
11 31 0 0 L S
11 32 0 0 L S
11 33 0 0 L S
11 34 0 0 L S
11 35 0 0 L S
11 36 0 0 L S
11 37 0 0 L S
11 38 0 0 L S
11 39 0 0 L S
11 40 0 0 L S
11 41 0 0 L S
11 42 0 0 L S
11 43 0 0 L S
11 44 0 0 L S
11 45 0 0 L S
11 46 0 0 L S
11 47 0 0 L S
11 48 0 0 L S
11 49 0 0 L S
11 50 0 0 L S
11 51 0 0 L S
11 52 0 0 L S
11 53 0 0 L S
11 54 0 0 L S
11 55 0 0 L S
11 56 0 0 L S
11 57 0 0 L S
11 58 0 0 L S
11 59 0 0 L S
11 60 0 0 L S
11 61 0 0 L S
11 62 0 0 L S
11 63 0 0 L S
11 64 0 0 L S
11 65 0 0 L S
11 66 0 0 L S
11 67 0 0 L S
11 68 0 0 L S
11 69 0 0 L S
11 70 0 0 L S
11 71 0 0 L S
11 72 0 0 L S
11 73 0 0 L S
11 74 0 0 L S
11 75 0 0 L S
11 76 0 0 L S
11 77 0 0 L S
11 78 0 0 L S
11 79 0 0 L S
11 80 0 0 L S
11 81 0 0 L S
11 82 0 0 L S
11 83 0 0 L S
11 84 0 0 L S
11 85 0 0 L S
11 86 0 0 L S
11 87 0 0 L S
11 88 0 0 L S
11 89 0 0 L S
11 90 0 0 L S
11 91 0 0 L S
11 92 0 0 L S
11 93 0 0 L S
11 94 0 0 L S
11 95 0 0 L S
11 96 0 0 L S
11 97 0 0 L S
11 98 0 0 L S
11 99 0 0 L S
11 100 0 0 L S
11 101 0 0 L S
11 102 0 0 L S
11 103 0 0 L S
11 104 0 0 L S
11 105 0 0 L S
11 106 0 0 L S
11 107 0 0 L S
11 108 0 0 L S
11 109 0 0 L S
11 110 0 0 L S
11 111 0 0 L S
11 112 0 0 L S
11 113 0 0 L S
11 114 0 0 L S
11 115 0 0 L S
11 116 0 0 L S
11 117 0 0 L S
11 118 0 0 L S
11 119 0 0 L S
11 120 0 0 L S
11 121 0 0 L S
11 122 0 0 L S
11 123 0 0 L S
11 124 0 0 L S
11 125 0 0 L S
11 126 0 0 L S
11 127 0 0 L S
11 128 0 0 L S
11 129 0 0 L S
11 130 0 0 L S
11 131 0 0 L S
11 132 0 0 L S
11 133 0 0 L S
11 134 0 0 L S
11 135 0 0 L S
11 136 0 0 L S
11 137 0 0 L S
11 138 0 0 L S
11 139 0 0 L S
11 140 0 0 L S
11 141 0 0 L S
11 142 0 0 L S
11 143 0 0 L S
11 144 0 0 L S
11 145 0 0 L S
11 146 0 0 L S
11 147 0 0 L S
11 148 0 0 L S
11 149 0 0 L S
11 150 0 0 L S
11 151 0 0 L S
11 152 0 0 L S
11 153 0 0 L S
11 154 0 0 L S
11 155 0 0 L S
11 156 0 0 L S
11 157 0 0 L S
11 158 0 0 L S
11 159 0 0 L S
11 160 0 0 L S
11 161 0 0 L S
11 162 0 0 L S
11 163 0 0 L S
11 164 0 0 L S
11 165 0 0 L S
11 166 0 0 L S
11 167 0 0 L S
11 168 0 0 L S
11 169 0 0 L S
11 170 0 0 L S
11 171 0 0 L S
11 172 0 0 L S
11 173 0 0 L S
11 174 0 0 L S
11 175 0 0 L S
11 176 0 0 L S
11 177 0 0 L S
11 178 0 0 L S
11 179 0 0 L S
11 180 0 0 L S
11 181 0 0 L S
11 182 0 0 L S
11 183 0 0 L S
11 184 0 0 L S
11 185 0 0 L S
11 186 0 0 L S
11 187 0 0 L S
11 188 0 0 L S
11 189 0 0 L S
11 190 0 0 L S
11 191 0 0 L S
11 192 0 0 L S
11 193 0 0 L S
11 194 0 0 L S
11 195 0 0 L S
11 196 0 0 L S
11 197 0 0 L S
11 198 0 0 L S
11 199 0 0 L S
12 0 0 0 D U
12 1 0 0 D U
12 2 0 0 R U
12 3 0 0 R U
12 4 0 0 R U
12 5 0 0 R U
12 6 0 0 R U
12 7 0 0 R U
12 8 0 0 R U
12 9 0 0 R U
12 10 0 0 R U
12 11 0 0 R L
12 12 0 0 D L
12 13 0 0 L L
12 14 0 0 L L
12 15 1 0 L L
12 16 1 0 U S
12 17 1 0 U S
12 18 1 0 U S
12 19 1 0 U S
12 20 1 0 R S
12 21 1 0 R S
12 22 1 0 D S
12 23 1 0 D S
12 24 1 0 D D
12 25 1 0 U D
12 26 1 0 D S
12 27 1 0 D S
12 28 1 0 U D
12 29 1 0 D S
12 30 1 0 L S
12 31 1 0 D S
12 32 1 0 D S
12 33 1 0 R S
12 34 1 0 U S
12 35 1 0 D U
12 36 1 0 U S
12 37 1 0 U S
12 38 1 0 D U
12 39 1 0 U S
12 40 1 0 L S
12 41 1 0 U S
12 42 1 0 U S
12 43 1 0 R S
12 44 1 0 D S
12 45 1 0 U D
12 46 1 0 D S
12 47 1 0 D S
12 48 1 0 U D
12 49 1 0 D S
12 50 1 0 L S
12 51 1 0 D S
12 52 1 0 D S
12 53 1 0 R S
12 54 1 0 U S
12 55 1 0 D U
12 56 1 0 U S
12 57 1 0 U S
12 58 1 0 D U
12 59 1 0 U S
12 60 1 0 L S
12 61 1 0 U S
12 62 1 0 U S
12 63 1 0 R S
12 64 1 0 D S
12 65 1 0 U D
12 66 1 0 D S
12 67 1 0 D S
12 68 1 0 U D
12 69 1 0 D S
12 70 1 0 L S
12 71 1 0 D S
12 72 1 0 D S
12 73 1 0 R S
12 74 1 0 U S
12 75 1 0 D U
12 76 1 0 U S
12 77 1 0 U S
12 78 1 0 D U
12 79 1 0 U S
12 80 1 0 L S
12 81 1 0 U S
12 82 1 0 U S
12 83 1 0 R S
12 84 1 0 D S
12 85 1 0 U D
12 86 1 0 D S
12 87 1 0 D S
12 88 1 0 U D
12 89 1 0 D S
12 90 1 0 L S
12 91 1 0 D S
12 92 1 0 D S
12 93 1 0 R S
12 94 1 0 U S
12 95 1 0 D U
12 96 1 0 U S
12 97 1 0 U S
12 98 1 0 D U
12 99 1 0 U S
12 100 1 0 L S
12 101 1 0 U S
12 102 1 0 U S
12 103 1 0 R S
12 104 1 0 D S
12 105 1 0 U D
12 106 1 0 D S
12 107 1 0 D S
12 108 1 0 U D
12 109 1 0 D S
12 110 1 0 L S
12 111 1 0 D S
12 112 1 0 D S
12 113 1 0 R S
12 114 1 0 U S
12 115 1 0 D U
12 116 1 0 U S
12 117 1 0 U S
12 118 1 0 D U
12 119 1 0 U S
12 120 1 0 L S
12 121 1 0 U S
12 122 1 0 U S
12 123 1 0 R S
12 124 1 0 D S
12 125 1 0 U D
12 126 1 0 D S
12 127 1 0 D S
12 128 1 0 U D
12 129 1 0 D S
12 130 1 0 L S
12 131 1 0 D S
12 132 1 0 D S
12 133 1 0 R S
12 134 1 0 U S
12 135 1 0 D U
12 136 1 0 U S
12 137 1 0 U S
12 138 1 0 D U
12 139 1 0 U S
12 140 1 0 L S
12 141 1 0 U S
12 142 1 0 U S
12 143 1 0 R S
12 144 1 0 D S
12 145 1 0 U D
12 146 1 0 D S
12 147 1 0 D S
12 148 1 0 U D
12 149 1 0 D S
12 150 1 0 L S
12 151 1 0 D S
12 152 1 0 D S
12 153 1 0 R S
12 154 1 0 U S
12 155 1 0 D U
12 156 1 0 U S
12 157 1 0 U S
12 158 1 0 D U
12 159 1 0 U S
12 160 1 0 L S
12 161 1 0 U S
12 162 1 0 U S
12 163 1 0 R S
12 164 1 0 D S
12 165 1 0 U D
12 166 1 0 D S
12 167 1 0 D S
12 168 1 0 U D
12 169 1 0 D S
12 170 1 0 L S
12 171 1 0 D S
12 172 1 0 D S
12 173 1 0 R S
12 174 1 0 U S
12 175 1 0 D U
12 176 1 0 U S
12 177 1 0 U S
12 178 1 0 D U
12 179 1 0 U S
12 180 1 0 L S
12 181 1 0 U S
12 182 1 0 U S
12 183 1 0 R S
12 184 1 0 D S
12 185 1 0 U D
12 186 1 0 D S
12 187 1 0 D S
12 188 1 0 U D
12 189 1 0 D S
12 190 1 0 L S
12 191 1 0 D S
12 192 1 0 D S
12 193 1 0 R S
12 194 1 0 U S
12 195 1 0 D U
12 196 1 0 U S
12 197 1 0 U S
12 198 1 0 D U
12 199 1 0 U S
13 0 0 0 U U
13 1 0 0 U U
13 2 0 0 R U
13 3 0 0 R U
13 4 0 0 U U
13 5 0 0 U U
13 6 0 0 R U
13 7 0 0 U U
13 8 1 0 L S
13 9 1 0 L D
13 10 1 0 D D
13 11 1 0 D D
13 12 1 0 D D
13 13 1 0 D D
13 14 1 0 D D
13 15 1 0 D L
13 16 1 0 D L
13 17 1 0 D S
13 18 1 0 L S
13 19 1 0 L S
13 20 1 0 L S
13 21 1 0 U S
13 22 1 0 U U
13 23 1 0 L U
13 24 1 0 U S
13 25 1 0 U S
13 26 1 0 R S
13 27 1 0 R S
13 28 1 0 R S
13 29 1 0 R S
13 30 1 0 R S
13 31 1 0 R S
13 32 1 0 R S
13 33 1 0 R S
13 34 1 0 R S
13 35 1 0 R S
13 36 1 0 R S
13 37 1 0 R S
13 38 1 0 R S
13 39 1 0 R S
13 40 1 0 R S
13 41 1 0 R S
13 42 1 0 R S
13 43 1 0 R S
13 44 1 0 R S
13 45 1 0 R S
13 46 1 0 R S
13 47 1 0 R S
13 48 1 0 R S
13 49 1 0 R S
13 50 1 0 R S
13 51 1 0 R S
13 52 1 0 R S
13 53 1 0 R S
13 54 1 0 R S
13 55 1 0 R S
13 56 1 0 R S
13 57 1 0 R S
13 58 1 0 R S
13 59 1 0 R S
13 60 1 0 R S
13 61 1 0 R S
13 62 1 0 R S
13 63 1 0 R S
13 64 1 0 R S
13 65 1 0 R S
13 66 1 0 R S
13 67 1 0 R S
13 68 1 0 R S
13 69 1 0 R S
13 70 1 0 R S
13 71 1 0 R S
13 72 1 0 R S
13 73 1 0 R S
13 74 1 0 R S
13 75 1 0 R S
13 76 1 0 R S
13 77 1 0 R S
13 78 1 0 R S
13 79 1 0 R S
13 80 1 0 R S
13 81 1 0 R S
13 82 1 0 R S
13 83 1 0 R S
13 84 1 0 R S
13 85 1 0 R S
13 86 1 0 R S
13 87 1 0 R S
13 88 1 0 R S
13 89 1 0 R S
13 90 1 0 R S
13 91 1 0 R S
13 92 1 0 R S
13 93 1 0 R S
13 94 1 0 R S
13 95 1 0 R S
13 96 1 0 R S
13 97 1 0 R S
13 98 1 0 R S
13 99 1 0 R S
13 100 1 0 R S
13 101 1 0 R S
13 102 1 0 R S
13 103 1 0 R S
13 104 1 0 R S
13 105 1 0 R S
13 106 1 0 R S
13 107 1 0 R S
13 108 1 0 R S
13 109 1 0 R S
13 110 1 0 R S
13 111 1 0 R S
13 112 1 0 R S
13 113 1 0 R S
13 114 1 0 R S
13 115 1 0 R S
13 116 1 0 R S
13 117 1 0 R S
13 118 1 0 R S
13 119 1 0 R S
13 120 1 0 R S
13 121 1 0 R S
13 122 1 0 R S
13 123 1 0 R S
13 124 1 0 R S
13 125 1 0 R S
13 126 1 0 R S
13 127 1 0 R S
13 128 1 0 R S
13 129 1 0 R S
13 130 1 0 R S
13 131 1 0 R S
13 132 1 0 R S
13 133 1 0 R S
13 134 1 0 R S
13 135 1 0 R S
13 136 1 0 R S
13 137 1 0 R S
13 138 1 0 R S
13 139 1 0 R S
13 140 1 0 R S
13 141 1 0 R S
13 142 1 0 R S
13 143 1 0 R S
13 144 1 0 R S
13 145 1 0 R S
13 146 1 0 R S
13 147 1 0 R S
13 148 1 0 R S
13 149 1 0 R S
13 150 1 0 R S
13 151 1 0 R S
13 152 1 0 R S
13 153 1 0 R S
13 154 1 0 R S
13 155 1 0 R S
13 156 1 0 R S
13 157 1 0 R S
13 158 1 0 R S
13 159 1 0 R S
13 160 1 0 R S
13 161 1 0 R S
13 162 1 0 R S
13 163 1 0 R S
13 164 1 0 R S
13 165 1 0 R S
13 166 1 0 R S
13 167 1 0 R S
13 168 1 0 R S
13 169 1 0 R S
13 170 1 0 R S
13 171 1 0 R S
13 172 1 0 R S
13 173 1 0 R S
13 174 1 0 R S
13 175 1 0 R S
13 176 1 0 R S
13 177 1 0 R S
13 178 1 0 R S
13 179 1 0 R S
13 180 1 0 R S
13 181 1 0 R S
13 182 1 0 R S
13 183 1 0 R S
13 184 1 0 R S
13 185 1 0 R S
13 186 1 0 R S
13 187 1 0 R S
13 188 1 0 R S
13 189 1 0 R S
13 190 1 0 R S
13 191 1 0 R S
13 192 1 0 R S
13 193 1 0 R S
13 194 1 0 R S
13 195 1 0 R S
13 196 1 0 R S
13 197 1 0 R S
13 198 1 0 R S
13 199 1 0 R S
14 0 0 0 U U
14 1 0 0 U U
14 2 0 0 U U
14 3 0 0 U U
14 4 0 0 U U
14 5 0 0 U U
14 6 0 0 R U
14 7 0 0 U U
14 8 0 0 U U
14 9 0 0 L U
14 10 0 0 D U
14 11 0 0 D U
14 12 0 0 R U
14 13 0 0 D U
14 14 0 0 D U
14 15 0 0 L U
14 16 0 0 U U
14 17 0 0 U U
14 18 0 0 R U
14 19 0 0 U U
14 20 0 0 U U
14 21 0 0 L U
14 22 0 0 D U
14 23 0 0 D U
14 24 0 0 R U
14 25 0 0 D U
14 26 0 0 D U
14 27 0 0 L U
14 28 0 0 U U
14 29 0 0 U U
14 30 0 0 R U
14 31 0 0 U U
14 32 0 0 U U
14 33 0 0 L U
14 34 0 0 D U
14 35 0 0 D U
14 36 0 0 R U
14 37 0 0 D U
14 38 0 0 D U
14 39 0 0 L U
14 40 0 0 U U
14 41 0 0 U U
14 42 0 0 R U
14 43 0 0 U U
14 44 0 0 U U
14 45 0 0 L U
14 46 0 0 D U
14 47 0 0 D U
14 48 0 0 R U
14 49 0 0 D U
14 50 0 0 D U
14 51 0 0 L U
14 52 0 0 U U
14 53 0 0 U U
14 54 0 0 R U
14 55 0 0 U U
14 56 0 0 U U
14 57 0 0 L U
14 58 0 0 D U
14 59 0 0 D U
14 60 0 0 R U
14 61 0 0 D U
14 62 0 0 D U
14 63 0 0 L U
14 64 0 0 U U
14 65 0 0 U U
14 66 0 0 R U
14 67 0 0 U U
14 68 0 0 U U
14 69 0 0 L U
14 70 0 0 D U
14 71 0 0 D U
14 72 0 0 R U
14 73 0 0 D U
14 74 0 0 D U
14 75 0 0 L U
14 76 0 0 U U
14 77 0 0 U U
14 78 0 0 R U
14 79 0 0 U U
14 80 0 0 U U
14 81 0 0 L U
14 82 0 0 D U
14 83 0 0 D U
14 84 0 0 R U
14 85 0 0 D U
14 86 0 0 D U
14 87 0 0 L U
14 88 0 0 U U
14 89 0 0 U U
14 90 0 0 R U
14 91 0 0 U U
14 92 0 0 U U
14 93 0 0 L U
14 94 0 0 D U
14 95 0 0 D U
14 96 0 0 R U
14 97 0 0 D U
14 98 0 0 D U
14 99 0 0 L U
14 100 0 0 U U
14 101 0 0 U U
14 102 0 0 R U
14 103 0 0 U U
14 104 0 0 U U
14 105 0 0 L U
14 106 0 0 D U
14 107 0 0 D U
14 108 0 0 R U
14 109 0 0 D U
14 110 0 0 D U
14 111 0 0 L U
14 112 0 0 U U
14 113 0 0 U U
14 114 0 0 R U
14 115 0 0 U U
14 116 0 0 U U
14 117 0 0 L U
14 118 0 0 D U
14 119 0 0 D U
14 120 0 0 R U
14 121 0 0 D U
14 122 0 0 D U
14 123 0 0 L U
14 124 0 0 U U
14 125 0 0 U U
14 126 0 0 R U
14 127 0 0 U U
14 128 0 0 U U
14 129 0 0 L U
14 130 0 0 D U
14 131 0 0 D U
14 132 0 0 R U
14 133 0 0 D U
14 134 0 0 D U
14 135 0 0 L U
14 136 0 0 U U
14 137 0 0 U U
14 138 0 0 R U
14 139 0 0 U U
14 140 0 0 U U
14 141 0 0 L U
14 142 0 0 D U
14 143 0 0 D U
14 144 0 0 R U
14 145 0 0 D U
14 146 0 0 D U
14 147 0 0 L U
14 148 0 0 U U
14 149 0 0 U U
14 150 0 0 R U
14 151 0 0 U U
14 152 0 0 U U
14 153 0 0 L U
14 154 0 0 D U
14 155 0 0 D U
14 156 0 0 R U
14 157 0 0 D U
14 158 0 0 D U
14 159 0 0 L U
14 160 0 0 U U
14 161 0 0 U U
14 162 0 0 R U
14 163 0 0 U U
14 164 0 0 U U
14 165 0 0 L U
14 166 0 0 D U
14 167 0 0 D U
14 168 0 0 R U
14 169 0 0 D U
14 170 0 0 D U
14 171 0 0 L U
14 172 0 0 U U
14 173 0 0 U U
14 174 0 0 R U
14 175 0 0 U U
14 176 0 0 U U
14 177 0 0 L U
14 178 0 0 D U
14 179 0 0 D U
14 180 0 0 R U
14 181 0 0 D U
14 182 0 0 D U
14 183 0 0 L U
14 184 0 0 U U
14 185 0 0 U U
14 186 0 0 R U
14 187 0 0 U U
14 188 0 0 U U
14 189 0 0 L U
14 190 0 0 D U
14 191 0 0 D U
14 192 0 0 R U
14 193 0 0 D U
14 194 0 0 D U
14 195 0 0 L U
14 196 0 0 U U
14 197 0 0 U U
14 198 0 0 R U
14 199 0 0 U U
15 0 0 0 D U
15 1 0 0 D S
15 2 0 0 D S
15 3 0 0 L S
15 4 0 0 L S
15 5 0 0 L S
15 6 0 0 L S
15 7 0 0 L S
15 8 0 0 L S
15 9 0 0 L S
15 10 0 0 L S
15 11 0 0 L S
15 12 0 0 D S
15 13 0 0 L S
15 14 0 0 U S
15 15 0 0 U S
15 16 0 0 L S
15 17 0 0 U S
15 18 0 0 R S
15 19 0 0 D S
15 20 0 0 R S
15 21 0 0 U S
15 22 0 0 U S
15 23 0 0 L S
15 24 0 0 L S
15 25 0 0 L S
15 26 0 0 L S
15 27 0 0 L S
15 28 0 0 L S
15 29 0 0 L S
15 30 0 0 L S
15 31 0 0 L S
15 32 0 0 L S
15 33 0 0 L S
15 34 0 0 L S
15 35 0 0 L S
15 36 0 0 L S
15 37 0 0 L S
15 38 0 0 L S
15 39 0 0 L S
15 40 0 0 L S
15 41 0 0 L S
15 42 0 0 L S
15 43 0 0 L S
15 44 0 0 L S
15 45 0 0 L S
15 46 0 0 L S
15 47 0 0 L S
15 48 0 0 L S
15 49 0 0 L S
15 50 0 0 L S
15 51 0 0 L S
15 52 0 0 L S
15 53 0 0 L S
15 54 0 0 L S
15 55 0 0 L S
15 56 0 0 L S
15 57 0 0 L S
15 58 0 0 L S
15 59 0 0 L S
15 60 0 0 L S
15 61 0 0 L S
15 62 0 0 L S
15 63 0 0 L S
15 64 0 0 L S
15 65 0 0 L S
15 66 0 0 L S
15 67 0 0 L S
15 68 0 0 L S
15 69 0 0 L S
15 70 0 0 L S
15 71 0 0 L S
15 72 0 0 L S
15 73 0 0 L S
15 74 0 0 L S
15 75 0 0 L S
15 76 0 0 L S
15 77 0 0 L S
15 78 0 0 L S
15 79 0 0 L S
15 80 0 0 L S
15 81 0 0 L S
15 82 0 0 L S
15 83 0 0 L S
15 84 0 0 L S
15 85 0 0 L S
15 86 0 0 L S
15 87 0 0 L S
15 88 0 0 L S
15 89 0 0 L S
15 90 0 0 L S
15 91 0 0 L S
15 92 0 0 L S
15 93 0 0 L S
15 94 0 0 L S
15 95 0 0 L S
15 96 0 0 L S
15 97 0 0 L S
15 98 0 0 L S
15 99 0 0 L S
15 100 0 0 L S
15 101 0 0 L S
15 102 0 0 L S
15 103 0 0 L S
15 104 0 0 L S
15 105 0 0 L S
15 106 0 0 L S
15 107 0 0 L S
15 108 0 0 L S
15 109 0 0 L S
15 110 0 0 L S
15 111 0 0 L S
15 112 0 0 L S
15 113 0 0 L S
15 114 0 0 L S
15 115 0 0 L S
15 116 0 0 L S
15 117 0 0 L S
15 118 0 0 L S
15 119 0 0 L S
15 120 0 0 L S
15 121 0 0 L S
15 122 0 0 L S
15 123 0 0 L S
15 124 0 0 L S
15 125 0 0 L S
15 126 0 0 L S
15 127 0 0 L S
15 128 0 0 L S
15 129 0 0 L S
15 130 0 0 L S
15 131 0 0 L S
15 132 0 0 L S
15 133 0 0 L S
15 134 0 0 L S
15 135 0 0 L S
15 136 0 0 L S
15 137 0 0 L S
15 138 0 0 L S
15 139 0 0 L S
15 140 0 0 L S
15 141 0 0 L S
15 142 0 0 L S
15 143 0 0 L S
15 144 0 0 L S
15 145 0 0 L S
15 146 0 0 L S
15 147 0 0 L S
15 148 0 0 L S
15 149 0 0 L S
15 150 0 0 L S
15 151 0 0 L S
15 152 0 0 L S
15 153 0 0 L S
15 154 0 0 L S
15 155 0 0 L S
15 156 0 0 L S
15 157 0 0 L S
15 158 0 0 L S
15 159 0 0 L S
15 160 0 0 L S
15 161 0 0 L S
15 162 0 0 L S
15 163 0 0 L S
15 164 0 0 L S
15 165 0 0 L S
15 166 0 0 L S
15 167 0 0 L S
15 168 0 0 L S
15 169 0 0 L S
15 170 0 0 L S
15 171 0 0 L S
15 172 0 0 L S
15 173 0 0 L S
15 174 0 0 L S
15 175 0 0 L S
15 176 0 0 L S
15 177 0 0 L S
15 178 0 0 L S
15 179 0 0 L S
15 180 0 0 L S
15 181 0 0 L S
15 182 0 0 L S
15 183 0 0 L S
15 184 0 0 L S
15 185 0 0 L S
15 186 0 0 L S
15 187 0 0 L S
15 188 0 0 L S
15 189 0 0 L S
15 190 0 0 L S
15 191 0 0 L S
15 192 0 0 L S
15 193 0 0 L S
15 194 0 0 L S
15 195 0 0 L S
15 196 0 0 L S
15 197 0 0 L S
15 198 0 0 L S
15 199 0 0 L S
16 0 0 0 D D
16 1 0 0 D D
16 2 0 0 D D
16 3 0 0 D D
16 4 0 0 D D
16 5 0 0 D L
16 6 0 0 R L
16 7 0 0 R L
16 8 0 0 D L
16 9 0 0 D S
16 10 0 0 R S
16 11 0 0 U S
16 12 0 0 D U
16 13 0 0 U S
16 14 0 0 U S
16 15 0 0 U U
16 16 0 0 U U
16 17 0 0 U U
16 18 0 0 D U
16 19 0 0 U S
16 20 0 0 U S
16 21 0 0 D U
16 22 0 0 U S
16 23 0 0 L S
16 24 0 0 U S
16 25 0 0 U S
16 26 0 0 R S
16 27 0 0 D S
16 28 0 0 U D
16 29 0 0 D S
16 30 0 0 D S
16 31 0 0 U D
16 32 0 0 D S
16 33 0 0 L S
16 34 0 0 D S
16 35 0 0 D S
16 36 0 0 R S
16 37 0 0 U S
16 38 0 0 D U
16 39 0 0 U S
16 40 0 0 U S
16 41 0 0 D U
16 42 0 0 U S
16 43 0 0 L S
16 44 0 0 U S
16 45 0 0 U S
16 46 0 0 R S
16 47 0 0 D S
16 48 0 0 U D
16 49 0 0 D S
16 50 0 0 D S
16 51 0 0 U D
16 52 0 0 D S
16 53 0 0 L S
16 54 0 0 D S
16 55 0 0 D S
16 56 0 0 R S
16 57 0 0 U S
16 58 0 0 D U
16 59 0 0 U S
16 60 0 0 U S
16 61 0 0 D U
16 62 0 0 U S
16 63 0 0 L S
16 64 0 0 U S
16 65 0 0 U S
16 66 0 0 R S
16 67 0 0 D S
16 68 0 0 U D
16 69 0 0 D S
16 70 0 0 D S
16 71 0 0 U D
16 72 0 0 D S
16 73 0 0 L S
16 74 0 0 D S
16 75 0 0 D S
16 76 0 0 R S
16 77 0 0 U S
16 78 0 0 D U
16 79 0 0 U S
16 80 0 0 U S
16 81 0 0 D U
16 82 0 0 U S
16 83 0 0 L S
16 84 0 0 U S
16 85 0 0 U S
16 86 0 0 R S
16 87 0 0 D S
16 88 0 0 U D
16 89 0 0 D S
16 90 0 0 D S
16 91 0 0 U D
16 92 0 0 D S
16 93 0 0 L S
16 94 0 0 D S
16 95 0 0 D S
16 96 0 0 R S
16 97 0 0 U S
16 98 0 0 D U
16 99 0 0 U S
16 100 0 0 U S
16 101 0 0 D U
16 102 0 0 U S
16 103 0 0 L S
16 104 0 0 U S
16 105 0 0 U S
16 106 0 0 R S
16 107 0 0 D S
16 108 0 0 U D
16 109 0 0 D S
16 110 0 0 D S
16 111 0 0 U D
16 112 0 0 D S
16 113 0 0 L S
16 114 0 0 D S
16 115 0 0 D S
16 116 0 0 R S
16 117 0 0 U S
16 118 0 0 D U
16 119 0 0 U S
16 120 0 0 U S
16 121 0 0 D U
16 122 0 0 U S
16 123 0 0 L S
16 124 0 0 U S
16 125 0 0 U S
16 126 0 0 R S
16 127 0 0 D S
16 128 0 0 U D
16 129 0 0 D S
16 130 0 0 D S
16 131 0 0 U D
16 132 0 0 D S
16 133 0 0 L S
16 134 0 0 D S
16 135 0 0 D S
16 136 0 0 R S
16 137 0 0 U S
16 138 0 0 D U
16 139 0 0 U S
16 140 0 0 U S
16 141 0 0 D U
16 142 0 0 U S
16 143 0 0 L S
16 144 0 0 U S
16 145 0 0 U S
16 146 0 0 R S
16 147 0 0 D S
16 148 0 0 U D
16 149 0 0 D S
16 150 0 0 D S
16 151 0 0 U D
16 152 0 0 D S
16 153 0 0 L S
16 154 0 0 D S
16 155 0 0 D S
16 156 0 0 R S
16 157 0 0 U S
16 158 0 0 D U
16 159 0 0 U S
16 160 0 0 U S
16 161 0 0 D U
16 162 0 0 U S
16 163 0 0 L S
16 164 0 0 U S
16 165 0 0 U S
16 166 0 0 R S
16 167 0 0 D S
16 168 0 0 U D
16 169 0 0 D S
16 170 0 0 D S
16 171 0 0 U D
16 172 0 0 D S
16 173 0 0 L S
16 174 0 0 D S
16 175 0 0 D S
16 176 0 0 R S
16 177 0 0 U S
16 178 0 0 D U
16 179 0 0 U S
16 180 0 0 U S
16 181 0 0 D U
16 182 0 0 U S
16 183 0 0 L S
16 184 0 0 U S
16 185 0 0 U S
16 186 0 0 R S
16 187 0 0 D S
16 188 0 0 U D
16 189 0 0 D S
16 190 0 0 D S
16 191 0 0 U D
16 192 0 0 D S
16 193 0 0 L S
16 194 0 0 D S
16 195 0 0 D S
16 196 0 0 R S
16 197 0 0 U S
16 198 0 0 D U
16 199 0 0 U S
17 0 0 0 U U
17 1 0 0 U U
17 2 0 0 U U
17 3 0 0 U U
17 4 0 0 U U
17 5 0 0 U U
17 6 0 0 U U
17 7 0 0 U U
17 8 0 0 U U
17 9 0 0 U U
17 10 0 0 U U
17 11 0 0 L U
17 12 0 0 R U
17 13 0 0 L U
17 14 0 0 U S
17 15 0 0 L S
17 16 0 0 L S
17 17 0 0 L L
17 18 0 0 L L
17 19 0 0 L L
17 20 0 0 R L
17 21 0 0 D S
17 22 0 0 D S
17 23 0 0 L S
17 24 0 0 L S
17 25 0 0 L S
17 26 0 0 U S
17 27 0 0 U S
17 28 0 0 R S
17 29 0 0 R R
17 30 0 0 L R
17 31 0 0 D S
17 32 0 0 D S
17 33 0 0 D S
17 34 0 0 R S
17 35 0 0 R S
17 36 0 0 R S
17 37 0 0 R S
17 38 0 0 U S
17 39 0 0 U S
17 40 0 0 U S
17 41 0 0 L S
17 42 0 0 L S
17 43 0 0 L L
17 44 0 0 R L
17 45 0 0 D S
17 46 0 0 D S
17 47 0 0 L S
17 48 0 0 L S
17 49 0 0 L S
17 50 0 0 U S
17 51 0 0 U S
17 52 0 0 R S
17 53 0 0 R R
17 54 0 0 L R
17 55 0 0 D S
17 56 0 0 D S
17 57 0 0 D S
17 58 0 0 R S
17 59 0 0 R S
17 60 0 0 R S
17 61 0 0 R S
17 62 0 0 U S
17 63 0 0 U S
17 64 0 0 U S
17 65 0 0 L S
17 66 0 0 L S
17 67 0 0 L L
17 68 0 0 R L
17 69 0 0 D S
17 70 0 0 D S
17 71 0 0 L S
17 72 0 0 L S
17 73 0 0 L S
17 74 0 0 U S
17 75 0 0 U S
17 76 0 0 R S
17 77 0 0 R R
17 78 0 0 L R
17 79 0 0 D S
17 80 0 0 D S
17 81 0 0 D S
17 82 0 0 R S
17 83 0 0 R S
17 84 0 0 R S
17 85 0 0 R S
17 86 0 0 U S
17 87 0 0 U S
17 88 0 0 U S
17 89 0 0 L S
17 90 0 0 L S
17 91 0 0 L L
17 92 0 0 R L
17 93 0 0 D S
17 94 0 0 D S
17 95 0 0 L S
17 96 0 0 L S
17 97 0 0 L S
17 98 0 0 U S
17 99 0 0 U S
17 100 0 0 R S
17 101 0 0 R R
17 102 0 0 L R
17 103 0 0 D S
17 104 0 0 D S
17 105 0 0 D S
17 106 0 0 R S
17 107 0 0 R S
17 108 0 0 R S
17 109 0 0 R S
17 110 0 0 U S
17 111 0 0 U S
17 112 0 0 U S
17 113 0 0 L S
17 114 0 0 L S
17 115 0 0 L L
17 116 0 0 R L
17 117 0 0 D S
17 118 0 0 D S
17 119 0 0 L S
17 120 0 0 L S
17 121 0 0 L S
17 122 0 0 U S
17 123 0 0 U S
17 124 0 0 R S
17 125 0 0 R R
17 126 0 0 L R
17 127 0 0 D S
17 128 0 0 D S
17 129 0 0 D S
17 130 0 0 R S
17 131 0 0 R S
17 132 0 0 R S
17 133 0 0 R S
17 134 0 0 U S
17 135 0 0 U S
17 136 0 0 U S
17 137 0 0 L S
17 138 0 0 L S
17 139 0 0 L L
17 140 0 0 R L
17 141 0 0 D S
17 142 0 0 D S
17 143 0 0 L S
17 144 0 0 L S
17 145 0 0 L S
17 146 0 0 U S
17 147 0 0 U S
17 148 0 0 R S
17 149 0 0 R R
17 150 0 0 L R
17 151 0 0 D S
17 152 0 0 D S
17 153 0 0 D S
17 154 0 0 R S
17 155 0 0 R S
17 156 0 0 R S
17 157 0 0 R S
17 158 0 0 U S
17 159 0 0 U S
17 160 0 0 U S
17 161 0 0 L S
17 162 0 0 L S
17 163 0 0 L L
17 164 0 0 R L
17 165 0 0 D S
17 166 0 0 D S
17 167 0 0 L S
17 168 0 0 L S
17 169 0 0 L S
17 170 0 0 U S
17 171 0 0 U S
17 172 0 0 R S
17 173 0 0 R R
17 174 0 0 L R
17 175 0 0 D S
17 176 0 0 D S
17 177 0 0 D S
17 178 0 0 R S
17 179 0 0 R S
17 180 0 0 R S
17 181 0 0 R S
17 182 0 0 U S
17 183 0 0 U S
17 184 0 0 U S
17 185 0 0 L S
17 186 0 0 L S
17 187 0 0 L L
17 188 0 0 R L
17 189 0 0 D S
17 190 0 0 D S
17 191 0 0 L S
17 192 0 0 L S
17 193 0 0 L S
17 194 0 0 U S
17 195 0 0 U S
17 196 0 0 R S
17 197 0 0 R R
17 198 0 0 L R
17 199 0 0 D S
18 0 0 0 L U
18 1 0 0 L R
18 2 0 0 L R
18 3 0 0 L R
18 4 0 0 L R
18 5 0 0 D R
18 6 0 0 D R
18 7 0 0 D R
18 8 0 0 D R
18 9 0 0 D R
18 10 0 0 D R
18 11 0 0 D R
18 12 0 0 D R
18 13 0 0 D R
18 14 0 0 D R
18 15 0 0 D R
18 16 0 0 D R
18 17 0 0 D R
18 18 0 0 D R
18 19 0 0 D R
18 20 0 0 D R
18 21 0 0 D R
18 22 0 0 D R
18 23 0 0 D R
18 24 0 0 D R
18 25 0 0 D R
18 26 0 0 D R
18 27 0 0 D R
18 28 0 0 D R
18 29 0 0 D R
18 30 0 0 D R
18 31 0 0 D R
18 32 0 0 D R
18 33 0 0 D R
18 34 0 0 D R
18 35 0 0 D R
18 36 0 0 D R
18 37 0 0 D R
18 38 0 0 D R
18 39 0 0 D R
18 40 0 0 D R
18 41 0 0 D R
18 42 0 0 D R
18 43 0 0 D R
18 44 0 0 D R
18 45 0 0 D R
18 46 0 0 D R
18 47 0 0 D R
18 48 0 0 D R
18 49 0 0 D R
18 50 0 0 D R
18 51 0 0 D R
18 52 0 0 D R
18 53 0 0 D R
18 54 0 0 D R
18 55 0 0 D R
18 56 0 0 D R
18 57 0 0 D R
18 58 0 0 D R
18 59 0 0 D R
18 60 0 0 D R
18 61 0 0 D R
18 62 0 0 D R
18 63 0 0 D R
18 64 0 0 D R
18 65 0 0 D R
18 66 0 0 D R
18 67 0 0 D R
18 68 0 0 D R
18 69 0 0 D R
18 70 0 0 D R
18 71 0 0 D R
18 72 0 0 D R
18 73 0 0 D R
18 74 0 0 D R
18 75 0 0 D R
18 76 0 0 D R
18 77 0 0 D R
18 78 0 0 D R
18 79 0 0 D R
18 80 0 0 D R
18 81 0 0 D R
18 82 0 0 D R
18 83 0 0 D R
18 84 0 0 D R
18 85 0 0 D R
18 86 0 0 D R
18 87 0 0 D R
18 88 0 0 D R
18 89 0 0 D R
18 90 0 0 D R
18 91 0 0 D R
18 92 0 0 D R
18 93 0 0 D R
18 94 0 0 D R
18 95 0 0 D R
18 96 0 0 D R
18 97 0 0 D R
18 98 0 0 D R
18 99 0 0 D R
18 100 0 0 D R
18 101 0 0 D R
18 102 0 0 D R
18 103 0 0 D R
18 104 0 0 D R
18 105 0 0 D R
18 106 0 0 D R
18 107 0 0 D R
18 108 0 0 D R
18 109 0 0 D R
18 110 0 0 D R
18 111 0 0 D R
18 112 0 0 D R
18 113 0 0 D R
18 114 0 0 D R
18 115 0 0 D R
18 116 0 0 D R
18 117 0 0 D R
18 118 0 0 D R
18 119 0 0 D R
18 120 0 0 D R
18 121 0 0 D R
18 122 0 0 D R
18 123 0 0 D R
18 124 0 0 D R
18 125 0 0 D R
18 126 0 0 D R
18 127 0 0 D R
18 128 0 0 D R
18 129 0 0 D R
18 130 0 0 D R
18 131 0 0 D R
18 132 0 0 D R
18 133 0 0 D R
18 134 0 0 D R
18 135 0 0 D R
18 136 0 0 D R
18 137 0 0 D R
18 138 0 0 D R
18 139 0 0 D R
18 140 0 0 D R
18 141 0 0 D R
18 142 0 0 D R
18 143 0 0 D R
18 144 0 0 D R
18 145 0 0 D R
18 146 0 0 D R
18 147 0 0 D R
18 148 0 0 D R
18 149 0 0 D R
18 150 0 0 D R
18 151 0 0 D R
18 152 0 0 D R
18 153 0 0 D R
18 154 0 0 D R
18 155 0 0 D R
18 156 0 0 D R
18 157 0 0 D R
18 158 0 0 D R
18 159 0 0 D R
18 160 0 0 D R
18 161 0 0 D R
18 162 0 0 D R
18 163 0 0 D R
18 164 0 0 D R
18 165 0 0 D R
18 166 0 0 D R
18 167 0 0 D R
18 168 0 0 D R
18 169 0 0 D R
18 170 0 0 D R
18 171 0 0 D R
18 172 0 0 D R
18 173 0 0 D R
18 174 0 0 D R
18 175 0 0 D R
18 176 0 0 D R
18 177 0 0 D R
18 178 0 0 D R
18 179 0 0 D R
18 180 0 0 D R
18 181 0 0 D R
18 182 0 0 D R
18 183 0 0 D R
18 184 0 0 D R
18 185 0 0 D R
18 186 0 0 D R
18 187 0 0 D R
18 188 0 0 D R
18 189 0 0 D R
18 190 0 0 D R
18 191 0 0 D R
18 192 0 0 D R
18 193 0 0 D R
18 194 0 0 D R
18 195 0 0 D R
18 196 0 0 D R
18 197 0 0 D R
18 198 0 0 D R
18 199 0 0 D R
19 0 0 0 U U
19 1 0 0 U U
19 2 0 0 U U
19 3 0 0 U U
19 4 0 0 U U
19 5 0 0 U U
19 6 0 0 U U
19 7 0 0 U U
19 8 0 0 U U
19 9 0 0 U U
19 10 0 0 U U
19 11 0 0 U U
19 12 0 0 U U
19 13 0 0 U U
19 14 0 0 U U
19 15 0 0 U U
19 16 0 0 U U
19 17 0 0 U U
19 18 0 0 U U
19 19 0 0 U U
19 20 0 0 U U
19 21 0 0 U U
19 22 0 0 U U
19 23 0 0 U U
19 24 0 0 U U
19 25 0 0 U U
19 26 0 0 U U
19 27 0 0 U U
19 28 0 0 U U
19 29 0 0 U U
19 30 0 0 U U
19 31 0 0 U U
19 32 0 0 U U
19 33 0 0 U U
19 34 0 0 U U
19 35 0 0 U U
19 36 0 0 U U
19 37 0 0 U U
19 38 0 0 U U
19 39 0 0 U U
19 40 0 0 U U
19 41 0 0 U U
19 42 0 0 U U
19 43 0 0 U U
19 44 0 0 U U
19 45 0 0 U U
19 46 0 0 U U
19 47 0 0 U U
19 48 0 0 U U
19 49 0 0 U U
19 50 0 0 U U
19 51 0 0 U U
19 52 0 0 U U
19 53 0 0 U U
19 54 0 0 U U
19 55 0 0 U U
19 56 0 0 U U
19 57 0 0 U U
19 58 0 0 U U
19 59 0 0 U U
19 60 0 0 U U
19 61 0 0 U U
19 62 0 0 U U
19 63 0 0 U U
19 64 0 0 U U
19 65 0 0 U U
19 66 0 0 U U
19 67 0 0 U U
19 68 0 0 U U
19 69 0 0 U U
19 70 0 0 U U
19 71 0 0 U U
19 72 0 0 U U
19 73 0 0 U U
19 74 0 0 U U
19 75 0 0 U U
19 76 0 0 U U
19 77 0 0 U U
19 78 0 0 U U
19 79 0 0 U U
19 80 0 0 U U
19 81 0 0 U U
19 82 0 0 U U
19 83 0 0 U U
19 84 0 0 U U
19 85 0 0 U U
19 86 0 0 U U
19 87 0 0 U U
19 88 0 0 U U
19 89 0 0 U U
19 90 0 0 U U
19 91 0 0 U U
19 92 0 0 U U
19 93 0 0 U U
19 94 0 0 U U
19 95 0 0 U U
19 96 0 0 U U
19 97 0 0 U U
19 98 0 0 U U
19 99 0 0 U U
19 100 0 0 U U
19 101 0 0 U U
19 102 0 0 U U
19 103 0 0 U U
19 104 0 0 U U
19 105 0 0 U U
19 106 0 0 U U
19 107 0 0 U U
19 108 0 0 U U
19 109 0 0 U U
19 110 0 0 U U
19 111 0 0 U U
19 112 0 0 U U
19 113 0 0 U U
19 114 0 0 U U
19 115 0 0 U U
19 116 0 0 U U
19 117 0 0 U U
19 118 0 0 U U
19 119 0 0 U U
19 120 0 0 U U
19 121 0 0 U U
19 122 0 0 U U
19 123 0 0 U U
19 124 0 0 U U
19 125 0 0 U U
19 126 0 0 U U
19 127 0 0 U U
19 128 0 0 U U
19 129 0 0 U U
19 130 0 0 U U
19 131 0 0 U U
19 132 0 0 U U
19 133 0 0 U U
19 134 0 0 U U
19 135 0 0 U U
19 136 0 0 U U
19 137 0 0 U U
19 138 0 0 U U
19 139 0 0 U U
19 140 0 0 U U
19 141 0 0 U U
19 142 0 0 U U
19 143 0 0 U U
19 144 0 0 U U
19 145 0 0 U U
19 146 0 0 U U
19 147 0 0 U U
19 148 0 0 U U
19 149 0 0 U U
19 150 0 0 U U
19 151 0 0 U U
19 152 0 0 U U
19 153 0 0 U U
19 154 0 0 U U
19 155 0 0 U U
19 156 0 0 U U
19 157 0 0 U U
19 158 0 0 U U
19 159 0 0 U U
19 160 0 0 U U
19 161 0 0 U U
19 162 0 0 U U
19 163 0 0 U U
19 164 0 0 U U
19 165 0 0 U U
19 166 0 0 U U
19 167 0 0 U U
19 168 0 0 U U
19 169 0 0 U U
19 170 0 0 U U
19 171 0 0 U U
19 172 0 0 U U
19 173 0 0 U U
19 174 0 0 U U
19 175 0 0 U U
19 176 0 0 U U
19 177 0 0 U U
19 178 0 0 U U
19 179 0 0 U U
19 180 0 0 U U
19 181 0 0 U U
19 182 0 0 U U
19 183 0 0 U U
19 184 0 0 U U
19 185 0 0 U U
19 186 0 0 U U
19 187 0 0 U U
19 188 0 0 U U
19 189 0 0 U U
19 190 0 0 U U
19 191 0 0 U U
19 192 0 0 U U
19 193 0 0 U U
19 194 0 0 U U
19 195 0 0 U U
19 196 0 0 U U
19 197 0 0 U U
19 198 0 0 U U
19 199 0 0 U U
0 0 0 0 U D
0 1 0 0 U L
0 2 0 0 U D
0 3 0 0 U D
0 4 0 0 U D
0 5 0 0 U R
0 6 0 0 U D
0 7 0 0 U L
0 8 0 1 U L
0 9 0 1 U D
0 10 0 1 U R
0 11 0 1 U R
0 12 0 1 U D
0 13 0 1 U L
0 14 0 1 U L
0 15 0 1 U L
0 16 0 1 U U
0 17 0 1 U L
0 18 0 1 U L
0 19 0 1 U D
0 20 0 1 U R
0 21 0 1 U R
0 22 0 1 U U
0 23 0 1 U R
0 24 0 1 U R
0 25 0 1 U D
0 26 0 1 U L
0 27 0 1 U L
0 28 0 1 U U
0 29 0 1 U L
0 30 0 1 U L
0 31 0 1 U D
0 32 0 1 U R
0 33 0 1 U R
0 34 0 1 U U
0 35 0 1 U R
0 36 0 1 U R
0 37 0 1 U D
0 38 0 1 U L
0 39 0 1 U L
0 40 0 1 U U
0 41 0 1 U L
0 42 0 1 U L
0 43 0 1 U D
0 44 0 1 U R
0 45 0 1 U R
0 46 0 1 U U
0 47 0 1 U R
0 48 0 1 U R
0 49 0 1 U D
0 50 0 1 U L
0 51 0 1 U L
0 52 0 1 U U
0 53 0 1 U L
0 54 0 1 U L
0 55 0 1 U D
0 56 0 1 U R
0 57 0 1 U R
0 58 0 1 U U
0 59 0 1 U R
0 60 0 1 U R
0 61 0 1 U D
0 62 0 1 U L
0 63 0 1 U L
0 64 0 1 U U
0 65 0 1 U L
0 66 0 1 U L
0 67 0 1 U D
0 68 0 1 U R
0 69 0 1 U R
0 70 0 1 U U
0 71 0 1 U R
0 72 0 1 U R
0 73 0 1 U D
0 74 0 1 U L
0 75 0 1 U L
0 76 0 1 U U
0 77 0 1 U L
0 78 0 1 U L
0 79 0 1 U D
0 80 0 1 U R
0 81 0 1 U R
0 82 0 1 U U
0 83 0 1 U R
0 84 0 1 U R
0 85 0 1 U D
0 86 0 1 U L
0 87 0 1 U L
0 88 0 1 U U
0 89 0 1 U L
0 90 0 1 U L
0 91 0 1 U D
0 92 0 1 U R
0 93 0 1 U R
0 94 0 1 U U
0 95 0 1 U R
0 96 0 1 U R
0 97 0 1 U D
0 98 0 1 U L
0 99 0 1 U L
0 100 0 1 U U
0 101 0 1 U L
0 102 0 1 U L
0 103 0 1 U D
0 104 0 1 U R
0 105 0 1 U R
0 106 0 1 U U
0 107 0 1 U R
0 108 0 1 U R
0 109 0 1 U D
0 110 0 1 U L
0 111 0 1 U L
0 112 0 1 U U
0 113 0 1 U L
0 114 0 1 U L
0 115 0 1 U D
0 116 0 1 U R
0 117 0 1 U R
0 118 0 1 U U
0 119 0 1 U R
0 120 0 1 U R
0 121 0 1 U D
0 122 0 1 U L
0 123 0 1 U L
0 124 0 1 U U
0 125 0 1 U L
0 126 0 1 U L
0 127 0 1 U D
0 128 0 1 U R
0 129 0 1 U R
0 130 0 1 U U
0 131 0 1 U R
0 132 0 1 U R
0 133 0 1 U D
0 134 0 1 U L
0 135 0 1 U L
0 136 0 1 U U
0 137 0 1 U L
0 138 0 1 U L
0 139 0 1 U D
0 140 0 1 U R
0 141 0 1 U R
0 142 0 1 U U
0 143 0 1 U R
0 144 0 1 U R
0 145 0 1 U D
0 146 0 1 U L
0 147 0 1 U L
0 148 0 1 U U
0 149 0 1 U L
0 150 0 1 U L
0 151 0 1 U D
0 152 0 1 U R
0 153 0 1 U R
0 154 0 1 U U
0 155 0 1 U R
0 156 0 1 U R
0 157 0 1 U D
0 158 0 1 U L
0 159 0 1 U L
0 160 0 1 U U
0 161 0 1 U L
0 162 0 1 U L
0 163 0 1 U D
0 164 0 1 U R
0 165 0 1 U R
0 166 0 1 U U
0 167 0 1 U R
0 168 0 1 U R
0 169 0 1 U D
0 170 0 1 U L
0 171 0 1 U L
0 172 0 1 U U
0 173 0 1 U L
0 174 0 1 U L
0 175 0 1 U D
0 176 0 1 U R
0 177 0 1 U R
0 178 0 1 U U
0 179 0 1 U R
0 180 0 1 U R
0 181 0 1 U D
0 182 0 1 U L
0 183 0 1 U L
0 184 0 1 U U
0 185 0 1 U L
0 186 0 1 U L
0 187 0 1 U D
0 188 0 1 U R
0 189 0 1 U R
0 190 0 1 U U
0 191 0 1 U R
0 192 0 1 U R
0 193 0 1 U D
0 194 0 1 U L
0 195 0 1 U L
0 196 0 1 U U
0 197 0 1 U L
0 198 0 1 U L
0 199 0 1 U D
1 0 0 0 D R
1 1 0 0 D R
1 2 1 0 D R
1 3 1 0 U R
1 4 1 0 L D
1 5 1 0 L D
1 6 1 0 D L
1 7 1 0 L D
1 8 1 0 D D
1 9 1 0 R R
1 10 2 0 R U
1 11 2 0 D U
1 12 2 0 D L
1 13 2 0 D U
1 14 2 0 D U
1 15 2 0 D R
1 16 2 0 D D
1 17 2 0 D D
1 18 2 0 D L
1 19 2 0 D D
1 20 2 0 D D
1 21 2 0 S R
1 22 2 0 R U
1 23 2 0 U U
1 24 2 0 U L
1 25 2 0 D U
1 26 2 0 U U
1 27 2 0 R R
1 28 2 0 U D
1 29 2 0 R D
1 30 2 0 D L
1 31 2 0 D D
1 32 2 0 D D
1 33 2 0 S R
1 34 2 0 R U
1 35 2 0 U U
1 36 2 0 U L
1 37 2 0 D U
1 38 2 0 U U
1 39 2 0 R R
1 40 2 0 U D
1 41 2 0 R D
1 42 2 0 D L
1 43 2 0 D D
1 44 2 0 D D
1 45 2 0 S R
1 46 2 0 D U
1 47 2 0 D U
1 48 2 0 U L
1 49 2 0 D U
1 50 2 0 D U
1 51 2 0 D R
1 52 2 0 U D
1 53 2 0 D D
1 54 2 0 D L
1 55 2 0 D D
1 56 2 0 D D
1 57 2 0 S R
1 58 2 0 D U
1 59 2 0 D U
1 60 2 0 U L
1 61 2 0 D U
1 62 2 0 D U
1 63 2 0 D R
1 64 2 0 U D
1 65 2 0 D D
1 66 2 0 D L
1 67 2 0 D D
1 68 2 0 D D
1 69 2 0 S R
1 70 2 0 D U
1 71 2 0 D U
1 72 2 0 U L
1 73 2 0 D U
1 74 2 0 D U
1 75 2 0 D R
1 76 2 0 U D
1 77 2 0 D D
1 78 2 0 D L
1 79 2 0 D D
1 80 2 0 D D
1 81 2 0 S R
1 82 2 0 D U
1 83 2 0 D U
1 84 2 0 U L
1 85 2 0 D U
1 86 2 0 D U
1 87 2 0 D R
1 88 2 0 U D
1 89 2 0 D D
1 90 2 0 D L
1 91 2 0 D D
1 92 2 0 D D
1 93 2 0 S R
1 94 2 0 D U
1 95 2 0 D U
1 96 2 0 U L
1 97 2 0 D U
1 98 2 0 D U
1 99 2 0 D R
1 100 2 0 U D
1 101 2 0 D D
1 102 2 0 D L
1 103 2 0 D D
1 104 2 0 D D
1 105 2 0 S R
1 106 2 0 D U
1 107 2 0 D U
1 108 2 0 U L
1 109 2 0 D U
1 110 2 0 D U
1 111 2 0 D R
1 112 2 0 U D
1 113 2 0 D D
1 114 2 0 D L
1 115 2 0 D D
1 116 2 0 D D
1 117 2 0 S R
1 118 2 0 D U
1 119 2 0 D U
1 120 2 0 U L
1 121 2 0 D U
1 122 2 0 D U
1 123 2 0 D R
1 124 2 0 U D
1 125 2 0 D D
1 126 2 0 D L
1 127 2 0 D D
1 128 2 0 D D
1 129 2 0 S R
1 130 2 0 D U
1 131 2 0 D U
1 132 2 0 U L
1 133 2 0 D U
1 134 2 0 D U
1 135 2 0 D R
1 136 2 0 U D
1 137 2 0 D D
1 138 2 0 D L
1 139 2 0 D D
1 140 2 0 D D
1 141 2 0 S R
1 142 2 0 D U
1 143 2 0 D U
1 144 2 0 U L
1 145 2 0 D U
1 146 2 0 D U
1 147 2 0 D R
1 148 2 0 U D
1 149 2 0 D D
1 150 2 0 D L
1 151 2 0 D D
1 152 2 0 D D
1 153 2 0 S R
1 154 2 0 D U
1 155 2 0 D U
1 156 2 0 U L
1 157 2 0 D U
1 158 2 0 D U
1 159 2 0 D R
1 160 2 0 U D
1 161 2 0 D D
1 162 2 0 D L
1 163 2 0 D D
1 164 2 0 D D
1 165 2 0 S R
1 166 2 0 D U
1 167 2 0 D U
1 168 2 0 U L
1 169 2 0 D U
1 170 2 0 D U
1 171 2 0 D R
1 172 2 0 U D
1 173 2 0 D D
1 174 2 0 D L
1 175 2 0 D D
1 176 2 0 D D
1 177 2 0 S R
1 178 2 0 D U
1 179 2 0 D U
1 180 2 0 U L
1 181 2 0 D U
1 182 2 0 D U
1 183 2 0 D R
1 184 2 0 U D
1 185 2 0 D D
1 186 2 0 D L
1 187 2 0 D D
1 188 2 0 D D
1 189 2 0 S R
1 190 2 0 D U
1 191 2 0 D U
1 192 2 0 U L
1 193 2 0 D U
1 194 2 0 D U
1 195 2 0 D R
1 196 2 0 U D
1 197 2 0 D D
1 198 2 0 D L
1 199 2 0 D D
2 0 0 0 D D
2 1 0 0 D D
2 2 0 0 L R
2 3 0 0 L D
2 4 0 0 L D
2 5 0 0 L D
2 6 0 0 L D
2 7 0 0 L D
2 8 0 0 U D
2 9 0 0 L L
2 10 0 0 D D
2 11 1 0 D R
2 12 1 0 U R
2 13 1 0 R R
2 14 1 0 R R
2 15 1 1 R R
2 16 1 1 U U
2 17 1 1 U U
2 18 1 1 L S
2 19 1 1 L U
2 20 1 1 U U
2 21 1 1 L U
2 22 1 1 D U
2 23 1 1 D U
2 24 1 1 D U
2 25 2 1 D L
2 26 2 1 S S
2 27 2 1 S S
2 28 2 1 S S
2 29 2 1 S S
2 30 2 1 S S
2 31 2 1 S S
2 32 2 1 S S
2 33 2 1 S S
2 34 2 1 S S
2 35 2 1 S S
2 36 2 1 S S
2 37 2 1 S S
2 38 2 1 S S
2 39 2 1 S S
2 40 2 1 S S
2 41 2 1 S S
2 42 2 1 S S
2 43 2 1 S S
2 44 2 1 S S
2 45 2 1 S S
2 46 2 1 S S
2 47 2 1 S S
2 48 2 1 S S
2 49 2 1 S S
2 50 2 1 S S
2 51 2 1 S S
2 52 2 1 S S
2 53 2 1 S S
2 54 2 1 S S
2 55 2 1 S S
2 56 2 1 S S
2 57 2 1 S S
2 58 2 1 S S
2 59 2 1 S S
2 60 2 1 S S
2 61 2 1 S S
2 62 2 1 S S
2 63 2 1 S S
2 64 2 1 S S
2 65 2 1 S S
2 66 2 1 S S
2 67 2 1 S S
2 68 2 1 S S
2 69 2 1 S S
2 70 2 1 S S
2 71 2 1 S S
2 72 2 1 S S
2 73 2 1 S S
2 74 2 1 S S
2 75 2 1 S S
2 76 2 1 S S
2 77 2 1 S S
2 78 2 1 S S
2 79 2 1 S S
2 80 2 1 S S
2 81 2 1 S S
2 82 2 1 S S
2 83 2 1 S S
2 84 2 1 S S
2 85 2 1 S S
2 86 2 1 S S
2 87 2 1 S S
2 88 2 1 S S
2 89 2 1 S S
2 90 2 1 S S
2 91 2 1 S S
2 92 2 1 S S
2 93 2 1 S S
2 94 2 1 S S
2 95 2 1 S S
2 96 2 1 S S
2 97 2 1 S S
2 98 2 1 S S
2 99 2 1 S S
2 100 2 1 S S
2 101 2 1 S S
2 102 2 1 S S
2 103 2 1 S S
2 104 2 1 S S
2 105 2 1 S S
2 106 2 1 S S
2 107 2 1 S S
2 108 2 1 S S
2 109 2 1 S S
2 110 2 1 S S
2 111 2 1 S S
2 112 2 1 S S
2 113 2 1 S S
2 114 2 1 S S
2 115 2 1 S S
2 116 2 1 S S
2 117 2 1 S S
2 118 2 1 S S
2 119 2 1 S S
2 120 2 1 S S
2 121 2 1 S S
2 122 2 1 S S
2 123 2 1 S S
2 124 2 1 S S
2 125 2 1 S S
2 126 2 1 S S
2 127 2 1 S S
2 128 2 1 S S
2 129 2 1 S S
2 130 2 1 S S
2 131 2 1 S S
2 132 2 1 S S
2 133 2 1 S S
2 134 2 1 S S
2 135 2 1 S S
2 136 2 1 S S
2 137 2 1 S S
2 138 2 1 S S
2 139 2 1 S S
2 140 2 1 S S
2 141 2 1 S S
2 142 2 1 S S
2 143 2 1 S S
2 144 2 1 S S
2 145 2 1 S S
2 146 2 1 S S
2 147 2 1 S S
2 148 2 1 S S
2 149 2 1 S S
2 150 2 1 S S
2 151 2 1 S S
2 152 2 1 S S
2 153 2 1 S S
2 154 2 1 S S
2 155 2 1 S S
2 156 2 1 S S
2 157 2 1 S S
2 158 2 1 S S
2 159 2 1 S S
2 160 2 1 S S
2 161 2 1 S S
2 162 2 1 S S
2 163 2 1 S S
2 164 2 1 S S
2 165 2 1 S S
2 166 2 1 S S
2 167 2 1 S S
2 168 2 1 S S
2 169 2 1 S S
2 170 2 1 S S
2 171 2 1 S S
2 172 2 1 S S
2 173 2 1 S S
2 174 2 1 S S
2 175 2 1 S S
2 176 2 1 S S
2 177 2 1 S S
2 178 2 1 S S
2 179 2 1 S S
2 180 2 1 S S
2 181 2 1 S S
2 182 2 1 S S
2 183 2 1 S S
2 184 2 1 S S
2 185 2 1 S S
2 186 2 1 S S
2 187 2 1 S S
2 188 2 1 S S
2 189 2 1 S S
2 190 2 1 S S
2 191 2 1 S S
2 192 2 1 S S
2 193 2 1 S S
2 194 2 1 S S
2 195 2 1 S S
2 196 2 1 S S
2 197 2 1 S S
2 198 2 1 S S
2 199 2 1 S S
3 0 0 0 U U
3 1 0 0 U U
3 2 0 0 U U
3 3 0 0 L U
3 4 0 0 L U
3 5 0 0 L U
3 6 0 0 D U
3 7 0 0 L U
3 8 0 0 D U
3 9 1 0 R L
3 10 1 0 U L
3 11 1 0 U D
3 12 1 0 U D
3 13 1 0 U D
3 14 1 0 D D
3 15 1 0 D D
3 16 1 0 D D
3 17 1 0 D D
3 18 1 0 D D
3 19 1 0 D D
3 20 1 0 D D
3 21 1 0 D D
3 22 1 0 D L
3 23 1 0 R D
3 24 1 0 R R
3 25 1 1 R R
3 26 1 1 S S
3 27 1 1 S S
3 28 1 1 S S
3 29 1 1 S S
3 30 1 1 S S
3 31 1 1 S S
3 32 1 1 S S
3 33 1 1 S S
3 34 1 1 S S
3 35 1 1 S S
3 36 1 1 S S
3 37 1 1 S S
3 38 1 1 S S
3 39 1 1 S S
3 40 1 1 S S
3 41 1 1 S S
3 42 1 1 S S
3 43 1 1 S S
3 44 1 1 S S
3 45 1 1 S S
3 46 1 1 S S
3 47 1 1 S S
3 48 1 1 S S
3 49 1 1 S S
3 50 1 1 S S
3 51 1 1 S S
3 52 1 1 S S
3 53 1 1 S S
3 54 1 1 S S
3 55 1 1 S S
3 56 1 1 S S
3 57 1 1 S S
3 58 1 1 S S
3 59 1 1 S S
3 60 1 1 S S
3 61 1 1 S S
3 62 1 1 S S
3 63 1 1 S S
3 64 1 1 S S
3 65 1 1 S S
3 66 1 1 S S
3 67 1 1 S S
3 68 1 1 S S
3 69 1 1 S S
3 70 1 1 S S
3 71 1 1 S S
3 72 1 1 S S
3 73 1 1 S S
3 74 1 1 S S
3 75 1 1 S S
3 76 1 1 S S
3 77 1 1 S S
3 78 1 1 S S
3 79 1 1 S S
3 80 1 1 S S
3 81 1 1 S S
3 82 1 1 S S
3 83 1 1 S S
3 84 1 1 S S
3 85 1 1 S S
3 86 1 1 S S
3 87 1 1 S S
3 88 1 1 S S
3 89 1 1 S S
3 90 1 1 S S
3 91 1 1 S S
3 92 1 1 S S
3 93 1 1 S S
3 94 1 1 S S
3 95 1 1 S S
3 96 1 1 S S
3 97 1 1 S S
3 98 1 1 S S
3 99 1 1 S S
3 100 1 1 S S
3 101 1 1 S S
3 102 1 1 S S
3 103 1 1 S S
3 104 1 1 S S
3 105 1 1 S S
3 106 1 1 S S
3 107 1 1 S S
3 108 1 1 S S
3 109 1 1 S S
3 110 1 1 S S
3 111 1 1 S S
3 112 1 1 S S
3 113 1 1 S S
3 114 1 1 S S
3 115 1 1 S S
3 116 1 1 S S
3 117 1 1 S S
3 118 1 1 S S
3 119 1 1 S S
3 120 1 1 S S
3 121 1 1 S S
3 122 1 1 S S
3 123 1 1 S S
3 124 1 1 S S
3 125 1 1 S S
3 126 1 1 S S
3 127 1 1 S S
3 128 1 1 S S
3 129 1 1 S S
3 130 1 1 S S
3 131 1 1 S S
3 132 1 1 S S
3 133 1 1 S S
3 134 1 1 S S
3 135 1 1 S S
3 136 1 1 S S
3 137 1 1 S S
3 138 1 1 S S
3 139 1 1 S S
3 140 1 1 S S
3 141 1 1 S S
3 142 1 1 S S
3 143 1 1 S S
3 144 1 1 S S
3 145 1 1 S S
3 146 1 1 S S
3 147 1 1 S S
3 148 1 1 S S
3 149 1 1 S S
3 150 1 1 S S
3 151 1 1 S S
3 152 1 1 S S
3 153 1 1 S S
3 154 1 1 S S
3 155 1 1 S S
3 156 1 1 S S
3 157 1 1 S S
3 158 1 1 S S
3 159 1 1 S S
3 160 1 1 S S
3 161 1 1 S S
3 162 1 1 S S
3 163 1 1 S S
3 164 1 1 S S
3 165 1 1 S S
3 166 1 1 S S
3 167 1 1 S S
3 168 1 1 S S
3 169 1 1 S S
3 170 1 1 S S
3 171 1 1 S S
3 172 1 1 S S
3 173 1 1 S S
3 174 1 1 S S
3 175 1 1 S S
3 176 1 1 S S
3 177 1 1 S S
3 178 1 1 S S
3 179 1 1 S S
3 180 1 1 S S
3 181 1 1 S S
3 182 1 1 S S
3 183 1 1 S S
3 184 1 1 S S
3 185 1 1 S S
3 186 1 1 S S
3 187 1 1 S S
3 188 1 1 S S
3 189 1 1 S S
3 190 1 1 S S
3 191 1 1 S S
3 192 1 1 S S
3 193 1 1 S S
3 194 1 1 S S
3 195 1 1 S S
3 196 1 1 S S
3 197 1 1 S S
3 198 1 1 S S
3 199 1 1 S S
4 0 0 0 D U
4 1 0 0 D U
4 2 0 0 L U
4 3 0 0 L R
4 4 0 0 U R
4 5 0 0 U R
4 6 0 0 U R
4 7 0 0 R R
4 8 0 0 U U
4 9 0 0 U R
4 10 0 0 L D
4 11 0 0 D D
4 12 0 0 D D
4 13 0 0 R D
4 14 0 0 D D
4 15 0 0 D D
4 16 0 1 L D
4 17 0 1 U U
4 18 0 1 U U
4 19 0 1 R U
4 20 0 1 U U
4 21 0 1 U U
4 22 0 1 L U
4 23 0 1 D R
4 24 0 1 D R
4 25 0 1 R R
4 26 0 1 D D
4 27 0 1 D D
4 28 0 1 L D
4 29 0 1 U D
4 30 0 1 U D
4 31 0 1 R D
4 32 0 1 U R
4 33 0 1 U D
4 34 0 1 L L
4 35 0 1 D L
4 36 0 2 D L
4 37 0 2 R S
4 38 0 2 D U
4 39 0 2 D U
4 40 0 2 L U
4 41 0 2 U S
4 42 0 2 U S
4 43 0 2 R S
4 44 0 2 U U
4 45 0 2 U U
4 46 0 2 L U
4 47 0 2 D S
4 48 0 2 D S
4 49 0 2 R S
4 50 0 2 D D
4 51 0 2 D D
4 52 0 2 L L
4 53 0 2 U S
4 54 0 2 U S
4 55 0 2 R S
4 56 0 2 U U
4 57 0 2 U U
4 58 0 2 L U
4 59 0 2 D S
4 60 0 2 D S
4 61 0 2 R S
4 62 0 2 D D
4 63 0 2 D D
4 64 0 2 L D
4 65 0 2 U S
4 66 0 2 U S
4 67 0 2 R S
4 68 0 2 U U
4 69 0 2 U U
4 70 0 2 L U
4 71 0 2 D S
4 72 0 2 D S
4 73 0 2 R S
4 74 0 2 D D
4 75 0 2 D D
4 76 0 2 L D
4 77 0 2 U S
4 78 0 2 U S
4 79 0 2 R S
4 80 0 2 U U
4 81 0 2 U U
4 82 0 2 L U
4 83 0 2 D S
4 84 0 2 D S
4 85 0 2 R S
4 86 0 2 D D
4 87 0 2 D D
4 88 0 2 L D
4 89 0 2 U S
4 90 0 2 U S
4 91 0 2 R S
4 92 0 2 U U
4 93 0 2 U U
4 94 0 2 L U
4 95 0 2 D S
4 96 0 2 D S
4 97 0 2 R S
4 98 0 2 D D
4 99 0 2 D D
4 100 0 2 L D
4 101 0 2 U S
4 102 0 2 U S
4 103 0 2 R S
4 104 0 2 U U
4 105 0 2 U U
4 106 0 2 L U
4 107 0 2 D S
4 108 0 2 D S
4 109 0 2 R S
4 110 0 2 D D
4 111 0 2 D D
4 112 0 2 L D
4 113 0 2 U S
4 114 0 2 U S
4 115 0 2 R S
4 116 0 2 U U
4 117 0 2 U U
4 118 0 2 L U
4 119 0 2 D S
4 120 0 2 D S
4 121 0 2 R S
4 122 0 2 D D
4 123 0 2 D D
4 124 0 2 L D
4 125 0 2 U S
4 126 0 2 U S
4 127 0 2 R S
4 128 0 2 U U
4 129 0 2 U U
4 130 0 2 L U
4 131 0 2 D S
4 132 0 2 D S
4 133 0 2 R S
4 134 0 2 D D
4 135 0 2 D D
4 136 0 2 L D
4 137 0 2 U S
4 138 0 2 U S
4 139 0 2 R S
4 140 0 2 U U
4 141 0 2 U U
4 142 0 2 L U
4 143 0 2 D S
4 144 0 2 D S
4 145 0 2 R S
4 146 0 2 D D
4 147 0 2 D D
4 148 0 2 L D
4 149 0 2 U S
4 150 0 2 U S
4 151 0 2 R S
4 152 0 2 U U
4 153 0 2 U U
4 154 0 2 L U
4 155 0 2 D S
4 156 0 2 D S
4 157 0 2 R S
4 158 0 2 D D
4 159 0 2 D D
4 160 0 2 L D
4 161 0 2 U S
4 162 0 2 U S
4 163 0 2 R S
4 164 0 2 U U
4 165 0 2 U U
4 166 0 2 L U
4 167 0 2 D S
4 168 0 2 D S
4 169 0 2 R S
4 170 0 2 D D
4 171 0 2 D D
4 172 0 2 L D
4 173 0 2 U S
4 174 0 2 U S
4 175 0 2 R S
4 176 0 2 U U
4 177 0 2 U U
4 178 0 2 L U
4 179 0 2 D S
4 180 0 2 D S
4 181 0 2 R S
4 182 0 2 D D
4 183 0 2 D D
4 184 0 2 L D
4 185 0 2 U S
4 186 0 2 U S
4 187 0 2 R S
4 188 0 2 U U
4 189 0 2 U U
4 190 0 2 L U
4 191 0 2 D S
4 192 0 2 D S
4 193 0 2 R S
4 194 0 2 D D
4 195 0 2 D D
4 196 0 2 L D
4 197 0 2 U S
4 198 0 2 U S
4 199 0 2 R S
5 0 0 0 U D
5 1 0 0 U D
5 2 0 0 U D
5 3 0 0 U L
5 4 0 0 U D
5 5 0 0 R D
5 6 0 0 R D
5 7 0 0 R D
5 8 0 0 R D
5 9 0 0 R D
5 10 0 0 U R
5 11 0 0 L D
5 12 0 0 L D
5 13 0 0 L D
5 14 0 0 L L
5 15 0 0 L D
5 16 1 0 L D
5 17 1 0 D R
5 18 1 0 R U
5 19 1 0 R U
5 20 1 0 R L
5 21 1 0 R U
5 22 1 0 R U
5 23 1 0 R R
5 24 1 0 R D
5 25 1 0 R D
5 26 1 0 U L
5 27 1 0 L D
5 28 1 0 U D
5 29 1 0 U R
5 30 1 0 R U
5 31 1 0 D U
5 32 1 0 D L
5 33 1 0 L U
5 34 1 0 D U
5 35 1 0 D R
5 36 1 0 R D
5 37 1 0 U D
5 38 1 0 U L
5 39 1 0 L D
5 40 1 0 U D
5 41 1 0 U R
5 42 1 0 R U
5 43 1 0 D U
5 44 1 0 D L
5 45 1 0 L U
5 46 1 0 D U
5 47 1 0 D R
5 48 1 0 R D
5 49 1 0 U D
5 50 1 0 U L
5 51 1 0 L D
5 52 1 0 U D
5 53 1 0 U R
5 54 1 0 R U
5 55 1 0 D U
5 56 1 0 D L
5 57 1 0 L U
5 58 1 0 D U
5 59 1 0 D R
5 60 1 0 R D
5 61 1 0 U D
5 62 1 0 U L
5 63 1 0 L D
5 64 1 0 U D
5 65 1 0 U R
5 66 1 0 R U
5 67 1 0 D U
5 68 1 0 D L
5 69 1 0 L U
5 70 1 0 D U
5 71 1 0 D R
5 72 1 0 R D
5 73 1 0 U D
5 74 1 0 U L
5 75 1 0 L D
5 76 1 0 U D
5 77 1 0 U R
5 78 1 0 R U
5 79 1 0 D U
5 80 1 0 D L
5 81 1 0 L U
5 82 1 0 D U
5 83 1 0 D R
5 84 1 0 R D
5 85 1 0 U D
5 86 1 0 U L
5 87 1 0 L D
5 88 1 0 U D
5 89 1 0 U R
5 90 1 0 R U
5 91 1 0 D U
5 92 1 0 D L
5 93 1 0 L U
5 94 1 0 D U
5 95 1 0 D R
5 96 1 0 R D
5 97 1 0 U D
5 98 1 0 U L
5 99 1 0 L D
5 100 1 0 U D
5 101 1 0 U R
5 102 1 0 R U
5 103 1 0 D U
5 104 1 0 D L
5 105 1 0 L U
5 106 1 0 D U
5 107 1 0 D R
5 108 1 0 R D
5 109 1 0 U D
5 110 1 0 U L
5 111 1 0 L D
5 112 1 0 U D
5 113 1 0 U R
5 114 1 0 R U
5 115 1 0 D U
5 116 1 0 D L
5 117 1 0 L U
5 118 1 0 D U
5 119 1 0 D R
5 120 1 0 R D
5 121 1 0 U D
5 122 1 0 U L
5 123 1 0 L D
5 124 1 0 U D
5 125 1 0 U R
5 126 1 0 R U
5 127 1 0 D U
5 128 1 0 D L
5 129 1 0 L U
5 130 1 0 D U
5 131 1 0 D R
5 132 1 0 R D
5 133 1 0 U D
5 134 1 0 U L
5 135 1 0 L D
5 136 1 0 U D
5 137 1 0 U R
5 138 1 0 R U
5 139 1 0 D U
5 140 1 0 D L
5 141 1 0 L U
5 142 1 0 D U
5 143 1 0 D R
5 144 1 0 R D
5 145 1 0 U D
5 146 1 0 U L
5 147 1 0 L D
5 148 1 0 U D
5 149 1 0 U R
5 150 1 0 R U
5 151 1 0 D U
5 152 1 0 D L
5 153 1 0 L U
5 154 1 0 D U
5 155 1 0 D R
5 156 1 0 R D
5 157 1 0 U D
5 158 1 0 U L
5 159 1 0 L D
5 160 1 0 U D
5 161 1 0 U R
5 162 1 0 R U
5 163 1 0 D U
5 164 1 0 D L
5 165 1 0 L U
5 166 1 0 D U
5 167 1 0 D R
5 168 1 0 R D
5 169 1 0 U D
5 170 1 0 U L
5 171 1 0 L D
5 172 1 0 U D
5 173 1 0 U R
5 174 1 0 R U
5 175 1 0 D U
5 176 1 0 D L
5 177 1 0 L U
5 178 1 0 D U
5 179 1 0 D R
5 180 1 0 R D
5 181 1 0 U D
5 182 1 0 U L
5 183 1 0 L D
5 184 1 0 U D
5 185 1 0 U R
5 186 1 0 R U
5 187 1 0 D U
5 188 1 0 D L
5 189 1 0 L U
5 190 1 0 D U
5 191 1 0 D R
5 192 1 0 R D
5 193 1 0 U D
5 194 1 0 U L
5 195 1 0 L D
5 196 1 0 U D
5 197 1 0 U R
5 198 1 0 R U
5 199 1 0 D U
6 0 0 0 D U
6 1 0 0 D R
6 2 0 0 D R
6 3 0 0 D R
6 4 0 0 D U
6 5 0 0 D R
6 6 0 0 D D
6 7 0 0 D D
6 8 0 0 D D
6 9 0 0 D D
6 10 0 0 D D
6 11 0 1 D D
6 12 0 1 D D
6 13 0 1 D D
6 14 0 1 L D
6 15 0 1 L D
6 16 0 1 D D
6 17 0 1 L D
6 18 0 1 U D
6 19 0 1 U L
6 20 0 1 U U
6 21 0 1 U U
6 22 1 1 U U
6 23 1 1 U U
6 24 1 1 U U
6 25 1 1 U U
6 26 1 1 U U
6 27 1 1 U U
6 28 1 1 U U
6 29 1 1 U U
6 30 1 1 U U
6 31 1 1 U R
6 32 1 1 U R
6 33 1 1 U D
6 34 1 1 U D
6 35 1 1 U D
6 36 1 1 U D
6 37 1 1 U D
6 38 1 1 U D
6 39 1 1 U D
6 40 1 1 R D
6 41 1 1 D D
6 42 1 1 D D
6 43 1 1 D D
6 44 1 1 R R
6 45 1 1 D D
6 46 1 2 R L
6 47 1 2 S S
6 48 1 2 S S
6 49 1 2 S S
6 50 1 2 S S
6 51 1 2 S S
6 52 1 2 S S
6 53 1 2 S S
6 54 1 2 S S
6 55 1 2 S S
6 56 1 2 S S
6 57 1 2 S S
6 58 1 2 S S
6 59 1 2 S S
6 60 1 2 S S
6 61 1 2 S S
6 62 1 2 S S
6 63 1 2 S S
6 64 1 2 S S
6 65 1 2 S S
6 66 1 2 S S
6 67 1 2 S S
6 68 1 2 S S
6 69 1 2 S S
6 70 1 2 S S
6 71 1 2 S S
6 72 1 2 S S
6 73 1 2 S S
6 74 1 2 S S
6 75 1 2 S S
6 76 1 2 S S
6 77 1 2 S S
6 78 1 2 S S
6 79 1 2 S S
6 80 1 2 S S
6 81 1 2 S S
6 82 1 2 S S
6 83 1 2 S S
6 84 1 2 S S
6 85 1 2 S S
6 86 1 2 S S
6 87 1 2 S S
6 88 1 2 S S
6 89 1 2 S S
6 90 1 2 S S
6 91 1 2 S S
6 92 1 2 S S
6 93 1 2 S S
6 94 1 2 S S
6 95 1 2 S S
6 96 1 2 S S
6 97 1 2 S S
6 98 1 2 S S
6 99 1 2 S S
6 100 1 2 S S
6 101 1 2 S S
6 102 1 2 S S
6 103 1 2 S S
6 104 1 2 S S
6 105 1 2 S S
6 106 1 2 S S
6 107 1 2 S S
6 108 1 2 S S
6 109 1 2 S S
6 110 1 2 S S
6 111 1 2 S S
6 112 1 2 S S
6 113 1 2 S S
6 114 1 2 S S
6 115 1 2 S S
6 116 1 2 S S
6 117 1 2 S S
6 118 1 2 S S
6 119 1 2 S S
6 120 1 2 S S
6 121 1 2 S S
6 122 1 2 S S
6 123 1 2 S S
6 124 1 2 S S
6 125 1 2 S S
6 126 1 2 S S
6 127 1 2 S S
6 128 1 2 S S
6 129 1 2 S S
6 130 1 2 S S
6 131 1 2 S S
6 132 1 2 S S
6 133 1 2 S S
6 134 1 2 S S
6 135 1 2 S S
6 136 1 2 S S
6 137 1 2 S S
6 138 1 2 S S
6 139 1 2 S S
6 140 1 2 S S
6 141 1 2 S S
6 142 1 2 S S
6 143 1 2 S S
6 144 1 2 S S
6 145 1 2 S S
6 146 1 2 S S
6 147 1 2 S S
6 148 1 2 S S
6 149 1 2 S S
6 150 1 2 S S
6 151 1 2 S S
6 152 1 2 S S
6 153 1 2 S S
6 154 1 2 S S
6 155 1 2 S S
6 156 1 2 S S
6 157 1 2 S S
6 158 1 2 S S
6 159 1 2 S S
6 160 1 2 S S
6 161 1 2 S S
6 162 1 2 S S
6 163 1 2 S S
6 164 1 2 S S
6 165 1 2 S S
6 166 1 2 S S
6 167 1 2 S S
6 168 1 2 S S
6 169 1 2 S S
6 170 1 2 S S
6 171 1 2 S S
6 172 1 2 S S
6 173 1 2 S S
6 174 1 2 S S
6 175 1 2 S S
6 176 1 2 S S
6 177 1 2 S S
6 178 1 2 S S
6 179 1 2 S S
6 180 1 2 S S
6 181 1 2 S S
6 182 1 2 S S
6 183 1 2 S S
6 184 1 2 S S
6 185 1 2 S S
6 186 1 2 S S
6 187 1 2 S S
6 188 1 2 S S
6 189 1 2 S S
6 190 1 2 S S
6 191 1 2 S S
6 192 1 2 S S
6 193 1 2 S S
6 194 1 2 S S
6 195 1 2 S S
6 196 1 2 S S
6 197 1 2 S S
6 198 1 2 S S
6 199 1 2 S S
7 0 0 0 L D
7 1 0 0 L D
7 2 0 0 L D
7 3 0 0 D L
7 4 0 0 D L
7 5 0 0 R L
7 6 0 0 D L
7 7 0 0 L L
7 8 0 0 L D
7 9 1 0 L D
7 10 1 0 D D
7 11 1 0 D L
7 12 1 0 D D
7 13 1 0 D R
7 14 1 0 D R
7 15 1 1 D R
7 16 1 1 R U
7 17 1 1 R U
7 18 1 1 U U
7 19 1 1 D U
7 20 1 1 R R
7 21 1 1 R R
7 22 1 1 R R
7 23 1 1 R R
7 24 1 1 R R
7 25 1 1 U D
7 26 1 1 S D
7 27 1 1 D D
7 28 1 1 D D
7 29 1 1 D L
7 30 1 1 D L
7 31 1 1 D L
7 32 1 1 D L
7 33 1 1 D L
7 34 1 1 D L
7 35 1 1 D L
7 36 1 1 D L
7 37 1 1 D L
7 38 1 1 D L
7 39 1 1 D L
7 40 1 1 D L
7 41 1 1 D L
7 42 1 1 D L
7 43 1 1 D L
7 44 1 1 D L
7 45 1 1 D L
7 46 1 1 D L
7 47 1 1 D L
7 48 1 1 D L
7 49 1 1 D L
7 50 1 1 D L
7 51 1 1 D L
7 52 1 1 D L
7 53 1 1 D L
7 54 1 1 D L
7 55 1 1 D L
7 56 1 1 D L
7 57 1 1 D L
7 58 1 1 D L
7 59 1 1 D L
7 60 1 1 D L
7 61 1 1 D L
7 62 1 1 D L
7 63 1 1 D L
7 64 1 1 D L
7 65 1 1 D L
7 66 1 1 D L
7 67 1 1 D L
7 68 1 1 D L
7 69 1 1 D L
7 70 1 1 D L
7 71 1 1 D L
7 72 1 1 D L
7 73 1 1 D L
7 74 1 1 D L
7 75 1 1 D L
7 76 1 1 D L
7 77 1 1 D L
7 78 1 1 D L
7 79 1 1 D L
7 80 1 1 D L
7 81 1 1 D L
7 82 1 1 D L
7 83 1 1 D L
7 84 1 1 D L
7 85 1 1 D L
7 86 1 1 D L
7 87 1 1 D L
7 88 1 1 D L
7 89 1 1 D L
7 90 1 1 D L
7 91 1 1 D L
7 92 1 1 D L
7 93 1 1 D L
7 94 1 1 D L
7 95 1 1 D L
7 96 1 1 D L
7 97 1 1 D L
7 98 1 1 D L
7 99 1 1 D L
7 100 1 1 D L
7 101 1 1 D L
7 102 1 1 D L
7 103 1 1 D L
7 104 1 1 D L
7 105 1 1 D L
7 106 1 1 D L
7 107 1 1 D L
7 108 1 1 D L
7 109 1 1 D L
7 110 1 1 D L
7 111 1 1 D L
7 112 1 1 D L
7 113 1 1 D L
7 114 1 1 D L
7 115 1 1 D L
7 116 1 1 D L
7 117 1 1 D L
7 118 1 1 D L
7 119 1 1 D L
7 120 1 1 D L
7 121 1 1 D L
7 122 1 1 D L
7 123 1 1 D L
7 124 1 1 D L
7 125 1 1 D L
7 126 1 1 D L
7 127 1 1 D L
7 128 1 1 D L
7 129 1 1 D L
7 130 1 1 D L
7 131 1 1 D L
7 132 1 1 D L
7 133 1 1 D L
7 134 1 1 D L
7 135 1 1 D L
7 136 1 1 D L
7 137 1 1 D L
7 138 1 1 D L
7 139 1 1 D L
7 140 1 1 D L
7 141 1 1 D L
7 142 1 1 D L
7 143 1 1 D L
7 144 1 1 D L
7 145 1 1 D L
7 146 1 1 D L
7 147 1 1 D L
7 148 1 1 D L
7 149 1 1 D L
7 150 1 1 D L
7 151 1 1 D L
7 152 1 1 D L
7 153 1 1 D L
7 154 1 1 D L
7 155 1 1 D L
7 156 1 1 D L
7 157 1 1 D L
7 158 1 1 D L
7 159 1 1 D L
7 160 1 1 D L
7 161 1 1 D L
7 162 1 1 D L
7 163 1 1 D L
7 164 1 1 D L
7 165 1 1 D L
7 166 1 1 D L
7 167 1 1 D L
7 168 1 1 D L
7 169 1 1 D L
7 170 1 1 D L
7 171 1 1 D L
7 172 1 1 D L
7 173 1 1 D L
7 174 1 1 D L
7 175 1 1 D L
7 176 1 1 D L
7 177 1 1 D L
7 178 1 1 D L
7 179 1 1 D L
7 180 1 1 D L
7 181 1 1 D L
7 182 1 1 D L
7 183 1 1 D L
7 184 1 1 D L
7 185 1 1 D L
7 186 1 1 D L
7 187 1 1 D L
7 188 1 1 D L
7 189 1 1 D L
7 190 1 1 D L
7 191 1 1 D L
7 192 1 1 D L
7 193 1 1 D L
7 194 1 1 D L
7 195 1 1 D L
7 196 1 1 D L
7 197 1 1 D L
7 198 1 1 D L
7 199 1 1 D L
8 0 0 0 D U
8 1 0 0 L U
8 2 0 0 L L
8 3 0 0 L L
8 4 0 0 L L
8 5 0 0 L L
8 6 0 0 L L
8 7 0 0 L L
8 8 0 0 L L
8 9 1 0 D L
8 10 1 0 U U
8 11 1 0 U U
8 12 1 0 U U
8 13 1 0 U R
8 14 1 0 U R
8 15 1 0 U R
8 16 1 0 U R
8 17 1 0 U R
8 18 1 0 L R
8 19 1 0 D R
8 20 1 0 D R
8 21 1 0 D R
8 22 1 0 D R
8 23 1 0 L D
8 24 1 0 D D
8 25 1 0 R D
8 26 1 0 R D
8 27 2 0 R D
8 28 2 0 D D
8 29 2 0 D D
8 30 2 0 D L
8 31 2 0 D D
8 32 2 0 D D
8 33 2 0 S R
8 34 2 0 D U
8 35 2 0 D U
8 36 2 0 U L
8 37 2 0 D U
8 38 2 0 D U
8 39 2 0 R R
8 40 2 0 U D
8 41 2 0 R D
8 42 2 0 D L
8 43 2 0 D D
8 44 2 0 D D
8 45 2 0 S R
8 46 2 0 R U
8 47 2 0 U U
8 48 2 0 U L
8 49 2 0 D U
8 50 2 0 U U
8 51 2 0 R R
8 52 2 0 U D
8 53 2 0 R D
8 54 2 0 D L
8 55 2 0 D D
8 56 2 0 D D
8 57 2 0 S R
8 58 2 0 R U
8 59 2 0 U U
8 60 2 0 U L
8 61 2 0 R U
8 62 2 0 U U
8 63 2 0 R R
8 64 2 0 U D
8 65 2 0 R D
8 66 2 0 D L
8 67 2 0 D L
8 68 2 0 D L
8 69 2 0 D L
8 70 2 0 D L
8 71 2 0 D L
8 72 2 0 D L
8 73 2 0 D L
8 74 2 0 D L
8 75 2 0 D L
8 76 2 0 D L
8 77 2 0 D L
8 78 2 0 D L
8 79 2 0 D L
8 80 2 0 D L
8 81 2 0 D L
8 82 2 0 D L
8 83 2 0 D L
8 84 2 0 D L
8 85 2 0 D L
8 86 2 0 D L
8 87 2 0 D L
8 88 2 0 D L
8 89 2 0 D L
8 90 2 0 D L
8 91 2 0 D L
8 92 2 0 D L
8 93 2 0 D L
8 94 2 0 D L
8 95 2 0 D L
8 96 2 0 D L
8 97 2 0 D L
8 98 2 0 D L
8 99 2 0 D L
8 100 2 0 D L
8 101 2 0 D L
8 102 2 0 D L
8 103 2 0 D L
8 104 2 0 D L
8 105 2 0 D L
8 106 2 0 D L
8 107 2 0 D L
8 108 2 0 D L
8 109 2 0 D L
8 110 2 0 D L
8 111 2 0 D L
8 112 2 0 D L
8 113 2 0 D L
8 114 2 0 D L
8 115 2 0 D L
8 116 2 0 D L
8 117 2 0 D L
8 118 2 0 D L
8 119 2 0 D L
8 120 2 0 D L
8 121 2 0 D L
8 122 2 0 D L
8 123 2 0 D L
8 124 2 0 D L
8 125 2 0 D L
8 126 2 0 D L
8 127 2 0 D L
8 128 2 0 D L
8 129 2 0 D L
8 130 2 0 D L
8 131 2 0 D L
8 132 2 0 D L
8 133 2 0 D L
8 134 2 0 D L
8 135 2 0 D L
8 136 2 0 D L
8 137 2 0 D L
8 138 2 0 D L
8 139 2 0 D L
8 140 2 0 D L
8 141 2 0 D L
8 142 2 0 D L
8 143 2 0 D L
8 144 2 0 D L
8 145 2 0 D L
8 146 2 0 D L
8 147 2 0 D L
8 148 2 0 D L
8 149 2 0 D L
8 150 2 0 D L
8 151 2 0 D L
8 152 2 0 D L
8 153 2 0 D L
8 154 2 0 D L
8 155 2 0 D L
8 156 2 0 D L
8 157 2 0 D L
8 158 2 0 D L
8 159 2 0 D L
8 160 2 0 D L
8 161 2 0 D L
8 162 2 0 D L
8 163 2 0 D L
8 164 2 0 D L
8 165 2 0 D L
8 166 2 0 D L
8 167 2 0 D L
8 168 2 0 D L
8 169 2 0 D L
8 170 2 0 D L
8 171 2 0 D L
8 172 2 0 D L
8 173 2 0 D L
8 174 2 0 D L
8 175 2 0 D L
8 176 2 0 D L
8 177 2 0 D L
8 178 2 0 D L
8 179 2 0 D L
8 180 2 0 D L
8 181 2 0 D L
8 182 2 0 D L
8 183 2 0 D L
8 184 2 0 D L
8 185 2 0 D L
8 186 2 0 D L
8 187 2 0 D L
8 188 2 0 D L
8 189 2 0 D L
8 190 2 0 D L
8 191 2 0 D L
8 192 2 0 D L
8 193 2 0 D L
8 194 2 0 D L
8 195 2 0 D L
8 196 2 0 D L
8 197 2 0 D L
8 198 2 0 D L
8 199 2 0 D L
9 0 0 0 U D
9 1 0 0 L D
9 2 0 0 L D
9 3 0 0 U R
9 4 0 0 L D
9 5 0 0 D D
9 6 0 0 U U
9 7 0 0 D D
9 8 0 0 U U
9 9 0 0 D D
9 10 0 0 U U
9 11 0 0 D D
9 12 0 0 U U
9 13 0 0 D D
9 14 0 0 U U
9 15 0 0 D D
9 16 0 0 U U
9 17 0 0 D D
9 18 0 0 U U
9 19 0 0 D D
9 20 0 0 U U
9 21 0 0 D D
9 22 0 0 U U
9 23 0 0 D D
9 24 0 0 U U
9 25 0 0 D D
9 26 0 0 U U
9 27 0 0 D D
9 28 0 0 U U
9 29 0 0 D D
9 30 0 0 U U
9 31 0 0 D D
9 32 0 0 U U
9 33 0 0 D D
9 34 0 0 U U
9 35 0 0 D D
9 36 0 0 U U
9 37 0 0 D D
9 38 0 0 U U
9 39 0 0 D D
9 40 0 0 U U
9 41 0 0 D D
9 42 0 0 U U
9 43 0 0 D D
9 44 0 0 U U
9 45 0 0 D D
9 46 0 0 U U
9 47 0 0 D D
9 48 0 0 U U
9 49 0 0 D D
9 50 0 0 U U
9 51 0 0 D D
9 52 0 0 U U
9 53 0 0 D D
9 54 0 0 U U
9 55 0 0 D D
9 56 0 0 U U
9 57 0 0 D D
9 58 0 0 U U
9 59 0 0 D D
9 60 0 0 U U
9 61 0 0 D D
9 62 0 0 U U
9 63 0 0 D D
9 64 0 0 U U
9 65 0 0 D D
9 66 0 0 U U
9 67 0 0 D D
9 68 0 0 U U
9 69 0 0 D D
9 70 0 0 U U
9 71 0 0 D D
9 72 0 0 U U
9 73 0 0 D D
9 74 0 0 U U
9 75 0 0 D D
9 76 0 0 U U
9 77 0 0 D D
9 78 0 0 U U
9 79 0 0 D D
9 80 0 0 U U
9 81 0 0 D D
9 82 0 0 U U
9 83 0 0 D D
9 84 0 0 U U
9 85 0 0 D D
9 86 0 0 U U
9 87 0 0 D D
9 88 0 0 U U
9 89 0 0 D D
9 90 0 0 U U
9 91 0 0 D D
9 92 0 0 U U
9 93 0 0 D D
9 94 0 0 U U
9 95 0 0 D D
9 96 0 0 U U
9 97 0 0 D D
9 98 0 0 U U
9 99 0 0 D D
9 100 0 0 U U
9 101 0 0 D D
9 102 0 0 U U
9 103 0 0 D D
9 104 0 0 U U
9 105 0 0 D D
9 106 0 0 U U
9 107 0 0 D D
9 108 0 0 U U
9 109 0 0 D D
9 110 0 0 U U
9 111 0 0 D D
9 112 0 0 U U
9 113 0 0 D D
9 114 0 0 U U
9 115 0 0 D D
9 116 0 0 U U
9 117 0 0 D D
9 118 0 0 U U
9 119 0 0 D D
9 120 0 0 U U
9 121 0 0 D D
9 122 0 0 U U
9 123 0 0 D D
9 124 0 0 U U
9 125 0 0 D D
9 126 0 0 U U
9 127 0 0 D D
9 128 0 0 U U
9 129 0 0 D D
9 130 0 0 U U
9 131 0 0 D D
9 132 0 0 U U
9 133 0 0 D D
9 134 0 0 U U
9 135 0 0 D D
9 136 0 0 U U
9 137 0 0 D D
9 138 0 0 U U
9 139 0 0 D D
9 140 0 0 U U
9 141 0 0 D D
9 142 0 0 U U
9 143 0 0 D D
9 144 0 0 U U
9 145 0 0 D D
9 146 0 0 U U
9 147 0 0 D D
9 148 0 0 U U
9 149 0 0 D D
9 150 0 0 U U
9 151 0 0 D D
9 152 0 0 U U
9 153 0 0 D D
9 154 0 0 U U
9 155 0 0 D D
9 156 0 0 U U
9 157 0 0 D D
9 158 0 0 U U
9 159 0 0 D D
9 160 0 0 U U
9 161 0 0 D D
9 162 0 0 U U
9 163 0 0 D D
9 164 0 0 U U
9 165 0 0 D D
9 166 0 0 U U
9 167 0 0 D D
9 168 0 0 U U
9 169 0 0 D D
9 170 0 0 U U
9 171 0 0 D D
9 172 0 0 U U
9 173 0 0 D D
9 174 0 0 U U
9 175 0 0 D D
9 176 0 0 U U
9 177 0 0 D D
9 178 0 0 U U
9 179 0 0 D D
9 180 0 0 U U
9 181 0 0 D D
9 182 0 0 U U
9 183 0 0 D D
9 184 0 0 U U
9 185 0 0 D D
9 186 0 0 U U
9 187 0 0 D D
9 188 0 0 U U
9 189 0 0 D D
9 190 0 0 U U
9 191 0 0 D D
9 192 0 0 U U
9 193 0 0 D D
9 194 0 0 U U
9 195 0 0 D D
9 196 0 0 U U
9 197 0 0 D D
9 198 0 0 U U
9 199 0 0 D D
10 0 0 0 D D
10 1 0 0 L D
10 2 0 0 L D
10 3 0 0 L D
10 4 0 0 L R
10 5 0 0 L R
10 6 0 0 D R
10 7 0 0 L R
10 8 1 0 U R
10 9 1 0 D R
10 10 1 0 D R
10 11 1 0 D R
10 12 1 0 D R
10 13 1 0 D R
10 14 1 0 D D
10 15 1 1 D D
10 16 1 1 D D
10 17 1 1 R D
10 18 1 1 R D
10 19 1 1 R D
10 20 1 1 D D
10 21 1 1 L S
10 22 1 1 L S
10 23 1 1 L S
10 24 1 1 L S
10 25 1 1 L S
10 26 1 1 U S
10 27 1 1 L D
10 28 1 1 L D
10 29 1 1 D D
10 30 1 1 R S
10 31 1 1 R S
10 32 1 1 U S
10 33 1 1 R D
10 34 1 1 R D
10 35 1 1 D D
10 36 1 1 L S
10 37 1 1 L S
10 38 1 1 U S
10 39 1 1 L D
10 40 1 1 L D
10 41 1 1 D D
10 42 1 1 R S
10 43 1 1 R S
10 44 1 1 U S
10 45 1 1 R D
10 46 1 1 R D
10 47 1 1 D D
10 48 1 1 L S
10 49 1 1 L S
10 50 1 1 U S
10 51 1 1 L D
10 52 1 1 L D
10 53 1 1 D D
10 54 1 1 R S
10 55 1 1 R S
10 56 1 1 U S
10 57 1 1 R D
10 58 1 1 R D
10 59 1 1 D D
10 60 1 1 L S
10 61 1 1 L S
10 62 1 1 U S
10 63 1 1 L D
10 64 1 1 L D
10 65 1 1 D D
10 66 1 1 R S
10 67 1 1 R S
10 68 1 1 U S
10 69 1 1 R D
10 70 1 1 R D
10 71 1 1 D D
10 72 1 1 L S
10 73 1 1 L S
10 74 1 1 U S
10 75 1 1 L D
10 76 1 1 L D
10 77 1 1 D D
10 78 1 1 R S
10 79 1 1 R S
10 80 1 1 U S
10 81 1 1 R D
10 82 1 1 R D
10 83 1 1 D D
10 84 1 1 L S
10 85 1 1 L S
10 86 1 1 U S
10 87 1 1 L D
10 88 1 1 L D
10 89 1 1 D D
10 90 1 1 R S
10 91 1 1 R S
10 92 1 1 U S
10 93 1 1 R D
10 94 1 1 R D
10 95 1 1 D D
10 96 1 1 L S
10 97 1 1 L S
10 98 1 1 U S
10 99 1 1 L D
10 100 1 1 L D
10 101 1 1 D D
10 102 1 1 R S
10 103 1 1 R S
10 104 1 1 U S
10 105 1 1 R D
10 106 1 1 R D
10 107 1 1 D D
10 108 1 1 L S
10 109 1 1 L S
10 110 1 1 U S
10 111 1 1 L D
10 112 1 1 L D
10 113 1 1 D D
10 114 1 1 R S
10 115 1 1 R S
10 116 1 1 U S
10 117 1 1 R D
10 118 1 1 R D
10 119 1 1 D D
10 120 1 1 L S
10 121 1 1 L S
10 122 1 1 U S
10 123 1 1 L D
10 124 1 1 L D
10 125 1 1 D D
10 126 1 1 R S
10 127 1 1 R S
10 128 1 1 U S
10 129 1 1 R D
10 130 1 1 R D
10 131 1 1 D D
10 132 1 1 L S
10 133 1 1 L S
10 134 1 1 U S
10 135 1 1 L D
10 136 1 1 L D
10 137 1 1 D D
10 138 1 1 R S
10 139 1 1 R S
10 140 1 1 U S
10 141 1 1 R D
10 142 1 1 R D
10 143 1 1 D D
10 144 1 1 L S
10 145 1 1 L S
10 146 1 1 U S
10 147 1 1 L D
10 148 1 1 L D
10 149 1 1 D D
10 150 1 1 R S
10 151 1 1 R S
10 152 1 1 U S
10 153 1 1 R D
10 154 1 1 R D
10 155 1 1 D D
10 156 1 1 L S
10 157 1 1 L S
10 158 1 1 U S
10 159 1 1 L D
10 160 1 1 L D
10 161 1 1 D D
10 162 1 1 R S
10 163 1 1 R S
10 164 1 1 U S
10 165 1 1 R D
10 166 1 1 R D
10 167 1 1 D D
10 168 1 1 L S
10 169 1 1 L S
10 170 1 1 U S
10 171 1 1 L D
10 172 1 1 L D
10 173 1 1 D D
10 174 1 1 R S
10 175 1 1 R S
10 176 1 1 U S
10 177 1 1 R D
10 178 1 1 R D
10 179 1 1 D D
10 180 1 1 L S
10 181 1 1 L S
10 182 1 1 U S
10 183 1 1 L D
10 184 1 1 L D
10 185 1 1 D D
10 186 1 1 R S
10 187 1 1 R S
10 188 1 1 U S
10 189 1 1 R D
10 190 1 1 R D
10 191 1 1 D D
10 192 1 1 L S
10 193 1 1 L S
10 194 1 1 U S
10 195 1 1 L D
10 196 1 1 L D
10 197 1 1 D D
10 198 1 1 R S
10 199 1 1 R S
11 0 0 0 U D
11 1 0 0 U D
11 2 0 0 U R
11 3 0 0 U R
11 4 0 0 U R
11 5 0 0 U R
11 6 0 0 R R
11 7 0 0 R R
11 8 0 0 R R
11 9 1 1 R R
11 10 1 1 D D
11 11 1 1 D D
11 12 1 1 D L
11 13 1 1 D L
11 14 1 1 D L
11 15 1 1 D L
11 16 1 1 D L
11 17 1 1 D L
11 18 1 1 D L
11 19 1 1 U L
11 20 1 1 L U
11 21 1 1 U L
11 22 1 1 D U
11 23 1 1 D R
11 24 1 1 L R
11 25 1 1 R R
11 26 1 1 R R
11 27 1 1 R R
11 28 1 1 R R
11 29 1 1 R R
11 30 1 1 R R
11 31 1 2 R R
11 32 1 2 S S
11 33 1 2 S S
11 34 1 2 S S
11 35 1 2 S S
11 36 1 2 S S
11 37 1 2 S S
11 38 1 2 S S
11 39 1 2 S S
11 40 1 2 S S
11 41 1 2 S S
11 42 1 2 S S
11 43 1 2 S S
11 44 1 2 S S
11 45 1 2 S S
11 46 1 2 S S
11 47 1 2 S S
11 48 1 2 S S
11 49 1 2 S S
11 50 1 2 S S
11 51 1 2 S S
11 52 1 2 S S
11 53 1 2 S S
11 54 1 2 S S
11 55 1 2 S S
11 56 1 2 S S
11 57 1 2 S S
11 58 1 2 S S
11 59 1 2 S S
11 60 1 2 S S
11 61 1 2 S S
11 62 1 2 S S
11 63 1 2 S S
11 64 1 2 S S
11 65 1 2 S S
11 66 1 2 S S
11 67 1 2 S S
11 68 1 2 S S
11 69 1 2 S S
11 70 1 2 S S
11 71 1 2 S S
11 72 1 2 S S
11 73 1 2 S S
11 74 1 2 S S
11 75 1 2 S S
11 76 1 2 S S
11 77 1 2 S S
11 78 1 2 S S
11 79 1 2 S S
11 80 1 2 S S
11 81 1 2 S S
11 82 1 2 S S
11 83 1 2 S S
11 84 1 2 S S
11 85 1 2 S S
11 86 1 2 S S
11 87 1 2 S S
11 88 1 2 S S
11 89 1 2 S S
11 90 1 2 S S
11 91 1 2 S S
11 92 1 2 S S
11 93 1 2 S S
11 94 1 2 S S
11 95 1 2 S S
11 96 1 2 S S
11 97 1 2 S S
11 98 1 2 S S
11 99 1 2 S S
11 100 1 2 S S
11 101 1 2 S S
11 102 1 2 S S
11 103 1 2 S S
11 104 1 2 S S
11 105 1 2 S S
11 106 1 2 S S
11 107 1 2 S S
11 108 1 2 S S
11 109 1 2 S S
11 110 1 2 S S
11 111 1 2 S S
11 112 1 2 S S
11 113 1 2 S S
11 114 1 2 S S
11 115 1 2 S S
11 116 1 2 S S
11 117 1 2 S S
11 118 1 2 S S
11 119 1 2 S S
11 120 1 2 S S
11 121 1 2 S S
11 122 1 2 S S
11 123 1 2 S S
11 124 1 2 S S
11 125 1 2 S S
11 126 1 2 S S
11 127 1 2 S S
11 128 1 2 S S
11 129 1 2 S S
11 130 1 2 S S
11 131 1 2 S S
11 132 1 2 S S
11 133 1 2 S S
11 134 1 2 S S
11 135 1 2 S S
11 136 1 2 S S
11 137 1 2 S S
11 138 1 2 S S
11 139 1 2 S S
11 140 1 2 S S
11 141 1 2 S S
11 142 1 2 S S
11 143 1 2 S S
11 144 1 2 S S
11 145 1 2 S S
11 146 1 2 S S
11 147 1 2 S S
11 148 1 2 S S
11 149 1 2 S S
11 150 1 2 S S
11 151 1 2 S S
11 152 1 2 S S
11 153 1 2 S S
11 154 1 2 S S
11 155 1 2 S S
11 156 1 2 S S
11 157 1 2 S S
11 158 1 2 S S
11 159 1 2 S S
11 160 1 2 S S
11 161 1 2 S S
11 162 1 2 S S
11 163 1 2 S S
11 164 1 2 S S
11 165 1 2 S S
11 166 1 2 S S
11 167 1 2 S S
11 168 1 2 S S
11 169 1 2 S S
11 170 1 2 S S
11 171 1 2 S S
11 172 1 2 S S
11 173 1 2 S S
11 174 1 2 S S
11 175 1 2 S S
11 176 1 2 S S
11 177 1 2 S S
11 178 1 2 S S
11 179 1 2 S S
11 180 1 2 S S
11 181 1 2 S S
11 182 1 2 S S
11 183 1 2 S S
11 184 1 2 S S
11 185 1 2 S S
11 186 1 2 S S
11 187 1 2 S S
11 188 1 2 S S
11 189 1 2 S S
11 190 1 2 S S
11 191 1 2 S S
11 192 1 2 S S
11 193 1 2 S S
11 194 1 2 S S
11 195 1 2 S S
11 196 1 2 S S
11 197 1 2 S S
11 198 1 2 S S
11 199 1 2 S S
12 0 0 0 U U
12 1 0 0 U U
12 2 0 0 R U
12 3 0 0 R U
12 4 0 0 R U
12 5 0 0 R U
12 6 0 0 R R
12 7 0 0 R U
12 8 0 0 U R
12 9 0 0 U D
12 10 0 0 R D
12 11 0 0 R D
12 12 0 0 D D
12 13 0 0 L D
12 14 0 1 L D
12 15 1 1 L U
12 16 1 1 D U
12 17 1 1 D U
12 18 1 1 R U
12 19 1 1 R U
12 20 1 1 U U
12 21 1 1 D U
12 22 1 1 R R
12 23 1 1 R R
12 24 1 1 R D
12 25 1 1 D D
12 26 1 1 D D
12 27 1 1 D D
12 28 1 1 D D
12 29 1 1 D D
12 30 1 1 D D
12 31 1 1 D D
12 32 1 1 D R
12 33 1 1 R D
12 34 1 1 U L
12 35 1 1 U L
12 36 1 1 U L
12 37 1 1 U L
12 38 1 1 U L
12 39 1 1 U L
12 40 1 1 U L
12 41 1 1 U L
12 42 1 1 U L
12 43 1 1 U L
12 44 1 1 U L
12 45 1 1 U L
12 46 1 1 U L
12 47 1 1 U L
12 48 1 1 U L
12 49 1 1 U L
12 50 1 1 U L
12 51 1 1 U L
12 52 1 1 U L
12 53 1 1 U L
12 54 1 1 U L
12 55 1 1 U L
12 56 1 1 U L
12 57 1 1 U L
12 58 1 1 U L
12 59 1 1 U L
12 60 1 1 U L
12 61 1 1 U L
12 62 1 1 U L
12 63 1 1 U L
12 64 1 1 U L
12 65 1 1 U L
12 66 1 1 U L
12 67 1 1 U L
12 68 1 1 U L
12 69 1 1 U L
12 70 1 1 U L
12 71 1 1 U L
12 72 1 1 U L
12 73 1 1 U L
12 74 1 1 U L
12 75 1 1 U L
12 76 1 1 U L
12 77 1 1 U L
12 78 1 1 U L
12 79 1 1 U L
12 80 1 1 U L
12 81 1 1 U L
12 82 1 1 U L
12 83 1 1 U L
12 84 1 1 U L
12 85 1 1 U L
12 86 1 1 U L
12 87 1 1 U L
12 88 1 1 U L
12 89 1 1 U L
12 90 1 1 U L
12 91 1 1 U L
12 92 1 1 U L
12 93 1 1 U L
12 94 1 1 U L
12 95 1 1 U L
12 96 1 1 U L
12 97 1 1 U L
12 98 1 1 U L
12 99 1 1 U L
12 100 1 1 U L
12 101 1 1 U L
12 102 1 1 U L
12 103 1 1 U L
12 104 1 1 U L
12 105 1 1 U L
12 106 1 1 U L
12 107 1 1 U L
12 108 1 1 U L
12 109 1 1 U L
12 110 1 1 U L
12 111 1 1 U L
12 112 1 1 U L
12 113 1 1 U L
12 114 1 1 U L
12 115 1 1 U L
12 116 1 1 U L
12 117 1 1 U L
12 118 1 1 U L
12 119 1 1 U L
12 120 1 1 U L
12 121 1 1 U L
12 122 1 1 U L
12 123 1 1 U L
12 124 1 1 U L
12 125 1 1 U L
12 126 1 1 U L
12 127 1 1 U L
12 128 1 1 U L
12 129 1 1 U L
12 130 1 1 U L
12 131 1 1 U L
12 132 1 1 U L
12 133 1 1 U L
12 134 1 1 U L
12 135 1 1 U L
12 136 1 1 U L
12 137 1 1 U L
12 138 1 1 U L
12 139 1 1 U L
12 140 1 1 U L
12 141 1 1 U L
12 142 1 1 U L
12 143 1 1 U L
12 144 1 1 U L
12 145 1 1 U L
12 146 1 1 U L
12 147 1 1 U L
12 148 1 1 U L
12 149 1 1 U L
12 150 1 1 U L
12 151 1 1 U L
12 152 1 1 U L
12 153 1 1 U L
12 154 1 1 U L
12 155 1 1 U L
12 156 1 1 U L
12 157 1 1 U L
12 158 1 1 U L
12 159 1 1 U L
12 160 1 1 U L
12 161 1 1 U L
12 162 1 1 U L
12 163 1 1 U L
12 164 1 1 U L
12 165 1 1 U L
12 166 1 1 U L
12 167 1 1 U L
12 168 1 1 U L
12 169 1 1 U L
12 170 1 1 U L
12 171 1 1 U L
12 172 1 1 U L
12 173 1 1 U L
12 174 1 1 U L
12 175 1 1 U L
12 176 1 1 U L
12 177 1 1 U L
12 178 1 1 U L
12 179 1 1 U L
12 180 1 1 U L
12 181 1 1 U L
12 182 1 1 U L
12 183 1 1 U L
12 184 1 1 U L
12 185 1 1 U L
12 186 1 1 U L
12 187 1 1 U L
12 188 1 1 U L
12 189 1 1 U L
12 190 1 1 U L
12 191 1 1 U L
12 192 1 1 U L
12 193 1 1 U L
12 194 1 1 U L
12 195 1 1 U L
12 196 1 1 U L
12 197 1 1 U L
12 198 1 1 U L
12 199 1 1 U L
13 0 0 0 U D
13 1 0 0 U D
13 2 0 0 R D
13 3 0 0 D D
13 4 0 0 R L
13 5 0 0 D L
13 6 0 0 L L
13 7 0 0 L L
13 8 1 0 L L
13 9 1 0 D L
13 10 1 0 D L
13 11 1 0 D L
13 12 1 0 D D
13 13 1 0 D L
13 14 1 0 D D
13 15 1 0 D R
13 16 1 0 D R
13 17 1 0 D R
13 18 1 0 D R
13 19 1 0 D R
13 20 1 0 D R
13 21 1 0 D R
13 22 1 0 D R
13 23 1 0 D R
13 24 1 0 D R
13 25 1 0 D R
13 26 1 0 D R
13 27 1 0 D R
13 28 1 0 D R
13 29 1 0 D R
13 30 1 0 D R
13 31 1 0 D R
13 32 1 0 D R
13 33 1 0 D R
13 34 1 0 D R
13 35 1 0 D R
13 36 1 0 D R
13 37 1 0 D R
13 38 1 0 D R
13 39 1 0 D R
13 40 1 0 D R
13 41 1 0 D R
13 42 1 0 D R
13 43 1 0 D R
13 44 1 0 D R
13 45 1 0 D R
13 46 1 0 D R
13 47 1 0 D R
13 48 1 0 D R
13 49 1 0 D R
13 50 1 0 D R
13 51 1 0 D R
13 52 1 0 D R
13 53 1 0 D R
13 54 1 0 D R
13 55 1 0 D R
13 56 1 0 D R
13 57 1 0 D R
13 58 1 0 D R
13 59 1 0 D R
13 60 1 0 D R
13 61 1 0 D R
13 62 1 0 D R
13 63 1 0 D R
13 64 1 0 D R
13 65 1 0 D R
13 66 1 0 D R
13 67 1 0 D R
13 68 1 0 D R
13 69 1 0 D R
13 70 1 0 D R
13 71 1 0 D R
13 72 1 0 D R
13 73 1 0 D R
13 74 1 0 D R
13 75 1 0 D R
13 76 1 0 D R
13 77 1 0 D R
13 78 1 0 D R
13 79 1 0 D R
13 80 1 0 D R
13 81 1 0 D R
13 82 1 0 D R
13 83 1 0 D R
13 84 1 0 D R
13 85 1 0 D R
13 86 1 0 D R
13 87 1 0 D R
13 88 1 0 D R
13 89 1 0 D R
13 90 1 0 D R
13 91 1 0 D R
13 92 1 0 D R
13 93 1 0 D R
13 94 1 0 D R
13 95 1 0 D R
13 96 1 0 D R
13 97 1 0 D R
13 98 1 0 D R
13 99 1 0 D R
13 100 1 0 D R
13 101 1 0 D R
13 102 1 0 D R
13 103 1 0 D R
13 104 1 0 D R
13 105 1 0 D R
13 106 1 0 D R
13 107 1 0 D R
13 108 1 0 D R
13 109 1 0 D R
13 110 1 0 D R
13 111 1 0 D R
13 112 1 0 D R
13 113 1 0 D R
13 114 1 0 D R
13 115 1 0 D R
13 116 1 0 D R
13 117 1 0 D R
13 118 1 0 D R
13 119 1 0 D R
13 120 1 0 D R
13 121 1 0 D R
13 122 1 0 D R
13 123 1 0 D R
13 124 1 0 D R
13 125 1 0 D R
13 126 1 0 D R
13 127 1 0 D R
13 128 1 0 D R
13 129 1 0 D R
13 130 1 0 D R
13 131 1 0 D R
13 132 1 0 D R
13 133 1 0 D R
13 134 1 0 D R
13 135 1 0 D R
13 136 1 0 D R
13 137 1 0 D R
13 138 1 0 D R
13 139 1 0 D R
13 140 1 0 D R
13 141 1 0 D R
13 142 1 0 D R
13 143 1 0 D R
13 144 1 0 D R
13 145 1 0 D R
13 146 1 0 D R
13 147 1 0 D R
13 148 1 0 D R
13 149 1 0 D R
13 150 1 0 D R
13 151 1 0 D R
13 152 1 0 D R
13 153 1 0 D R
13 154 1 0 D R
13 155 1 0 D R
13 156 1 0 D R
13 157 1 0 D R
13 158 1 0 D R
13 159 1 0 D R
13 160 1 0 D R
13 161 1 0 D R
13 162 1 0 D R
13 163 1 0 D R
13 164 1 0 D R
13 165 1 0 D R
13 166 1 0 D R
13 167 1 0 D R
13 168 1 0 D R
13 169 1 0 D R
13 170 1 0 D R
13 171 1 0 D R
13 172 1 0 D R
13 173 1 0 D R
13 174 1 0 D R
13 175 1 0 D R
13 176 1 0 D R
13 177 1 0 D R
13 178 1 0 D R
13 179 1 0 D R
13 180 1 0 D R
13 181 1 0 D R
13 182 1 0 D R
13 183 1 0 D R
13 184 1 0 D R
13 185 1 0 D R
13 186 1 0 D R
13 187 1 0 D R
13 188 1 0 D R
13 189 1 0 D R
13 190 1 0 D R
13 191 1 0 D R
13 192 1 0 D R
13 193 1 0 D R
13 194 1 0 D R
13 195 1 0 D R
13 196 1 0 D R
13 197 1 0 D R
13 198 1 0 D R
13 199 1 0 D R
14 0 0 0 U D
14 1 0 0 U D
14 2 0 0 U D
14 3 0 0 U D
14 4 0 0 U D
14 5 0 0 U D
14 6 0 0 L D
14 7 0 0 L D
14 8 0 0 L D
14 9 0 0 L D
14 10 0 0 L D
14 11 0 0 L D
14 12 0 0 L D
14 13 0 0 L D
14 14 0 0 L D
14 15 0 0 D D
14 16 0 0 L D
14 17 0 0 D D
14 18 1 0 R D
14 19 1 0 U D
14 20 1 0 U D
14 21 1 0 U D
14 22 1 0 U D
14 23 1 0 U D
14 24 1 0 U D
14 25 1 0 R D
14 26 1 0 R D
14 27 1 0 R D
14 28 1 0 R D
14 29 1 0 R D
14 30 1 0 R D
14 31 1 0 U D
14 32 1 0 U D
14 33 1 0 L D
14 34 1 0 L D
14 35 1 0 U D
14 36 1 0 L D
14 37 1 0 D D
14 38 1 0 D D
14 39 1 0 R D
14 40 1 0 D D
14 41 1 0 L D
14 42 1 0 U D
14 43 1 0 L D
14 44 1 0 D D
14 45 1 0 D D
14 46 1 0 L D
14 47 1 0 D D
14 48 2 0 R D
14 49 2 0 D D
14 50 2 0 D D
14 51 2 0 D D
14 52 2 0 D D
14 53 2 0 D D
14 54 2 0 D D
14 55 2 0 D D
14 56 2 0 D D
14 57 2 0 R D
14 58 2 0 R D
14 59 2 0 R D
14 60 2 0 R D
14 61 2 0 R D
14 62 2 0 R D
14 63 2 0 R D
14 64 2 0 R D
14 65 2 0 R D
14 66 2 0 R D
14 67 2 0 R D
14 68 2 0 R D
14 69 2 0 R D
14 70 2 0 R D
14 71 2 0 R D
14 72 2 0 R D
14 73 2 0 R D
14 74 2 0 R D
14 75 2 0 R D
14 76 2 0 R D
14 77 2 0 R D
14 78 2 0 R D
14 79 2 0 R D
14 80 2 0 R D
14 81 2 0 R D
14 82 2 0 R D
14 83 2 0 R D
14 84 2 0 R D
14 85 2 0 R D
14 86 2 0 R D
14 87 2 0 R D
14 88 2 0 R D
14 89 2 0 R D
14 90 2 0 R D
14 91 2 0 R D
14 92 2 0 R D
14 93 2 0 R D
14 94 2 0 R D
14 95 2 0 R D
14 96 2 0 R D
14 97 2 0 R D
14 98 2 0 R D
14 99 2 0 R D
14 100 2 0 R D
14 101 2 0 R D
14 102 2 0 R D
14 103 2 0 R D
14 104 2 0 R D
14 105 2 0 R D
14 106 2 0 R D
14 107 2 0 R D
14 108 2 0 R D
14 109 2 0 R D
14 110 2 0 R D
14 111 2 0 R D
14 112 2 0 R D
14 113 2 0 R D
14 114 2 0 R D
14 115 2 0 R D
14 116 2 0 R D
14 117 2 0 R D
14 118 2 0 R D
14 119 2 0 R D
14 120 2 0 R D
14 121 2 0 R D
14 122 2 0 R D
14 123 2 0 R D
14 124 2 0 R D
14 125 2 0 R D
14 126 2 0 R D
14 127 2 0 R D
14 128 2 0 R D
14 129 2 0 R D
14 130 2 0 R D
14 131 2 0 R D
14 132 2 0 R D
14 133 2 0 R D
14 134 2 0 R D
14 135 2 0 R D
14 136 2 0 R D
14 137 2 0 R D
14 138 2 0 R D
14 139 2 0 R D
14 140 2 0 R D
14 141 2 0 R D
14 142 2 0 R D
14 143 2 0 R D
14 144 2 0 R D
14 145 2 0 R D
14 146 2 0 R D
14 147 2 0 R D
14 148 2 0 R D
14 149 2 0 R D
14 150 2 0 R D
14 151 2 0 R D
14 152 2 0 R D
14 153 2 0 R D
14 154 2 0 R D
14 155 2 0 R D
14 156 2 0 R D
14 157 2 0 R D
14 158 2 0 R D
14 159 2 0 R D
14 160 2 0 R D
14 161 2 0 R D
14 162 2 0 R D
14 163 2 0 R D
14 164 2 0 R D
14 165 2 0 R D
14 166 2 0 R D
14 167 2 0 R D
14 168 2 0 R D
14 169 2 0 R D
14 170 2 0 R D
14 171 2 0 R D
14 172 2 0 R D
14 173 2 0 R D
14 174 2 0 R D
14 175 2 0 R D
14 176 2 0 R D
14 177 2 0 R D
14 178 2 0 R D
14 179 2 0 R D
14 180 2 0 R D
14 181 2 0 R D
14 182 2 0 R D
14 183 2 0 R D
14 184 2 0 R D
14 185 2 0 R D
14 186 2 0 R D
14 187 2 0 R D
14 188 2 0 R D
14 189 2 0 R D
14 190 2 0 R D
14 191 2 0 R D
14 192 2 0 R D
14 193 2 0 R D
14 194 2 0 R D
14 195 2 0 R D
14 196 2 0 R D
14 197 2 0 R D
14 198 2 0 R D
14 199 2 0 R D
15 0 0 0 D D
15 1 0 0 D D
15 2 0 0 L D
15 3 0 0 L D
15 4 0 0 L D
15 5 0 0 L D
15 6 0 0 L D
15 7 0 0 L D
15 8 0 0 L D
15 9 0 0 L D
15 10 0 0 L D
15 11 0 0 L R
15 12 0 0 D R
15 13 0 0 L U
15 14 0 0 D R
15 15 0 0 R U
15 16 0 0 R L
15 17 1 0 R L
15 18 1 1 D L
15 19 1 1 D U
15 20 1 1 R U
15 21 1 1 R U
15 22 1 1 R U
15 23 1 1 R U
15 24 1 1 D D
15 25 1 1 R D
15 26 1 1 D U
15 27 1 1 L U
15 28 1 1 L L
15 29 1 1 L L
15 30 1 1 L L
15 31 2 1 L L
15 32 2 1 S S
15 33 2 1 S S
15 34 2 1 S S
15 35 2 1 S S
15 36 2 1 S S
15 37 2 1 S S
15 38 2 1 S S
15 39 2 1 S S
15 40 2 1 S S
15 41 2 1 S S
15 42 2 1 S S
15 43 2 1 S S
15 44 2 1 S S
15 45 2 1 S S
15 46 2 1 S S
15 47 2 1 S S
15 48 2 1 S S
15 49 2 1 S S
15 50 2 1 S S
15 51 2 1 S S
15 52 2 1 S S
15 53 2 1 S S
15 54 2 1 S S
15 55 2 1 S S
15 56 2 1 S S
15 57 2 1 S S
15 58 2 1 S S
15 59 2 1 S S
15 60 2 1 S S
15 61 2 1 S S
15 62 2 1 S S
15 63 2 1 S S
15 64 2 1 S S
15 65 2 1 S S
15 66 2 1 S S
15 67 2 1 S S
15 68 2 1 S S
15 69 2 1 S S
15 70 2 1 S S
15 71 2 1 S S
15 72 2 1 S S
15 73 2 1 S S
15 74 2 1 S S
15 75 2 1 S S
15 76 2 1 S S
15 77 2 1 S S
15 78 2 1 S S
15 79 2 1 S S
15 80 2 1 S S
15 81 2 1 S S
15 82 2 1 S S
15 83 2 1 S S
15 84 2 1 S S
15 85 2 1 S S
15 86 2 1 S S
15 87 2 1 S S
15 88 2 1 S S
15 89 2 1 S S
15 90 2 1 S S
15 91 2 1 S S
15 92 2 1 S S
15 93 2 1 S S
15 94 2 1 S S
15 95 2 1 S S
15 96 2 1 S S
15 97 2 1 S S
15 98 2 1 S S
15 99 2 1 S S
15 100 2 1 S S
15 101 2 1 S S
15 102 2 1 S S
15 103 2 1 S S
15 104 2 1 S S
15 105 2 1 S S
15 106 2 1 S S
15 107 2 1 S S
15 108 2 1 S S
15 109 2 1 S S
15 110 2 1 S S
15 111 2 1 S S
15 112 2 1 S S
15 113 2 1 S S
15 114 2 1 S S
15 115 2 1 S S
15 116 2 1 S S
15 117 2 1 S S
15 118 2 1 S S
15 119 2 1 S S
15 120 2 1 S S
15 121 2 1 S S
15 122 2 1 S S
15 123 2 1 S S
15 124 2 1 S S
15 125 2 1 S S
15 126 2 1 S S
15 127 2 1 S S
15 128 2 1 S S
15 129 2 1 S S
15 130 2 1 S S
15 131 2 1 S S
15 132 2 1 S S
15 133 2 1 S S
15 134 2 1 S S
15 135 2 1 S S
15 136 2 1 S S
15 137 2 1 S S
15 138 2 1 S S
15 139 2 1 S S
15 140 2 1 S S
15 141 2 1 S S
15 142 2 1 S S
15 143 2 1 S S
15 144 2 1 S S
15 145 2 1 S S
15 146 2 1 S S
15 147 2 1 S S
15 148 2 1 S S
15 149 2 1 S S
15 150 2 1 S S
15 151 2 1 S S
15 152 2 1 S S
15 153 2 1 S S
15 154 2 1 S S
15 155 2 1 S S
15 156 2 1 S S
15 157 2 1 S S
15 158 2 1 S S
15 159 2 1 S S
15 160 2 1 S S
15 161 2 1 S S
15 162 2 1 S S
15 163 2 1 S S
15 164 2 1 S S
15 165 2 1 S S
15 166 2 1 S S
15 167 2 1 S S
15 168 2 1 S S
15 169 2 1 S S
15 170 2 1 S S
15 171 2 1 S S
15 172 2 1 S S
15 173 2 1 S S
15 174 2 1 S S
15 175 2 1 S S
15 176 2 1 S S
15 177 2 1 S S
15 178 2 1 S S
15 179 2 1 S S
15 180 2 1 S S
15 181 2 1 S S
15 182 2 1 S S
15 183 2 1 S S
15 184 2 1 S S
15 185 2 1 S S
15 186 2 1 S S
15 187 2 1 S S
15 188 2 1 S S
15 189 2 1 S S
15 190 2 1 S S
15 191 2 1 S S
15 192 2 1 S S
15 193 2 1 S S
15 194 2 1 S S
15 195 2 1 S S
15 196 2 1 S S
15 197 2 1 S S
15 198 2 1 S S
15 199 2 1 S S
16 0 0 0 U D
16 1 0 0 U D
16 2 0 0 U D
16 3 0 0 U D
16 4 0 0 L D
16 5 0 0 L D
16 6 0 0 L D
16 7 0 0 L D
16 8 0 0 L D
16 9 0 0 L D
16 10 0 0 L D
16 11 0 0 L D
16 12 0 0 L D
16 13 0 0 L D
16 14 0 0 L D
16 15 0 0 L D
16 16 0 0 L D
16 17 0 0 L D
16 18 0 0 L D
16 19 0 0 L D
16 20 0 0 L D
16 21 0 0 L D
16 22 0 0 L D
16 23 0 0 L D
16 24 0 0 L D
16 25 0 0 L D
16 26 0 0 L D
16 27 0 0 L D
16 28 0 0 L D
16 29 0 0 L D
16 30 0 0 L D
16 31 0 0 L D
16 32 0 0 L D
16 33 0 0 L D
16 34 0 0 L D
16 35 0 0 L D
16 36 0 0 L D
16 37 0 0 L D
16 38 0 0 L D
16 39 0 0 L D
16 40 0 0 L D
16 41 0 0 L D
16 42 0 0 L D
16 43 0 0 L D
16 44 0 0 L D
16 45 0 0 L D
16 46 0 0 L D
16 47 0 0 L D
16 48 0 0 L D
16 49 0 0 L D
16 50 0 0 L D
16 51 0 0 L D
16 52 0 0 L D
16 53 0 0 L D
16 54 0 0 L D
16 55 0 0 L D
16 56 0 0 L D
16 57 0 0 L D
16 58 0 0 L D
16 59 0 0 L D
16 60 0 0 L D
16 61 0 0 L D
16 62 0 0 L D
16 63 0 0 L D
16 64 0 0 L D
16 65 0 0 L D
16 66 0 0 L D
16 67 0 0 L D
16 68 0 0 L D
16 69 0 0 L D
16 70 0 0 L D
16 71 0 0 L D
16 72 0 0 L D
16 73 0 0 L D
16 74 0 0 L D
16 75 0 0 L D
16 76 0 0 L D
16 77 0 0 L D
16 78 0 0 L D
16 79 0 0 L D
16 80 0 0 L D
16 81 0 0 L D
16 82 0 0 L D
16 83 0 0 L D
16 84 0 0 L D
16 85 0 0 L D
16 86 0 0 L D
16 87 0 0 L D
16 88 0 0 L D
16 89 0 0 L D
16 90 0 0 L D
16 91 0 0 L D
16 92 0 0 L D
16 93 0 0 L D
16 94 0 0 L D
16 95 0 0 L D
16 96 0 0 L D
16 97 0 0 L D
16 98 0 0 L D
16 99 0 0 L D
16 100 0 0 L D
16 101 0 0 L D
16 102 0 0 L D
16 103 0 0 L D
16 104 0 0 L D
16 105 0 0 L D
16 106 0 0 L D
16 107 0 0 L D
16 108 0 0 L D
16 109 0 0 L D
16 110 0 0 L D
16 111 0 0 L D
16 112 0 0 L D
16 113 0 0 L D
16 114 0 0 L D
16 115 0 0 L D
16 116 0 0 L D
16 117 0 0 L D
16 118 0 0 L D
16 119 0 0 L D
16 120 0 0 L D
16 121 0 0 L D
16 122 0 0 L D
16 123 0 0 L D
16 124 0 0 L D
16 125 0 0 L D
16 126 0 0 L D
16 127 0 0 L D
16 128 0 0 L D
16 129 0 0 L D
16 130 0 0 L D
16 131 0 0 L D
16 132 0 0 L D
16 133 0 0 L D
16 134 0 0 L D
16 135 0 0 L D
16 136 0 0 L D
16 137 0 0 L D
16 138 0 0 L D
16 139 0 0 L D
16 140 0 0 L D
16 141 0 0 L D
16 142 0 0 L D
16 143 0 0 L D
16 144 0 0 L D
16 145 0 0 L D
16 146 0 0 L D
16 147 0 0 L D
16 148 0 0 L D
16 149 0 0 L D
16 150 0 0 L D
16 151 0 0 L D
16 152 0 0 L D
16 153 0 0 L D
16 154 0 0 L D
16 155 0 0 L D
16 156 0 0 L D
16 157 0 0 L D
16 158 0 0 L D
16 159 0 0 L D
16 160 0 0 L D
16 161 0 0 L D
16 162 0 0 L D
16 163 0 0 L D
16 164 0 0 L D
16 165 0 0 L D
16 166 0 0 L D
16 167 0 0 L D
16 168 0 0 L D
16 169 0 0 L D
16 170 0 0 L D
16 171 0 0 L D
16 172 0 0 L D
16 173 0 0 L D
16 174 0 0 L D
16 175 0 0 L D
16 176 0 0 L D
16 177 0 0 L D
16 178 0 0 L D
16 179 0 0 L D
16 180 0 0 L D
16 181 0 0 L D
16 182 0 0 L D
16 183 0 0 L D
16 184 0 0 L D
16 185 0 0 L D
16 186 0 0 L D
16 187 0 0 L D
16 188 0 0 L D
16 189 0 0 L D
16 190 0 0 L D
16 191 0 0 L D
16 192 0 0 L D
16 193 0 0 L D
16 194 0 0 L D
16 195 0 0 L D
16 196 0 0 L D
16 197 0 0 L D
16 198 0 0 L D
16 199 0 0 L D
17 0 0 0 L D
17 1 0 0 L D
17 2 0 0 L D
17 3 0 0 L R
17 4 0 0 L R
17 5 0 0 L R
17 6 0 0 L R
17 7 0 0 L R
17 8 0 0 L R
17 9 0 0 L R
17 10 0 0 L R
17 11 0 0 D D
17 12 0 1 D L
17 13 0 1 D D
17 14 0 1 D D
17 15 0 1 L L
17 16 0 1 D L
17 17 0 1 R L
17 18 1 1 R L
17 19 1 1 D L
17 20 1 1 D L
17 21 1 1 D L
17 22 1 1 D U
17 23 1 1 D L
17 24 1 1 D U
17 25 1 1 D R
17 26 1 1 L R
17 27 1 1 D R
17 28 1 1 D R
17 29 1 1 R R
17 30 1 2 R R
17 31 1 2 S S
17 32 1 2 S S
17 33 1 2 S S
17 34 1 2 S S
17 35 1 2 S S
17 36 1 2 S S
17 37 1 2 S S
17 38 1 2 S S
17 39 1 2 S S
17 40 1 2 S S
17 41 1 2 S S
17 42 1 2 S S
17 43 1 2 S S
17 44 1 2 S S
17 45 1 2 S S
17 46 1 2 S S
17 47 1 2 S S
17 48 1 2 S S
17 49 1 2 S S
17 50 1 2 S S
17 51 1 2 S S
17 52 1 2 S S
17 53 1 2 S S
17 54 1 2 S S
17 55 1 2 S S
17 56 1 2 S S
17 57 1 2 S S
17 58 1 2 S S
17 59 1 2 S S
17 60 1 2 S S
17 61 1 2 S S
17 62 1 2 S S
17 63 1 2 S S
17 64 1 2 S S
17 65 1 2 S S
17 66 1 2 S S
17 67 1 2 S S
17 68 1 2 S S
17 69 1 2 S S
17 70 1 2 S S
17 71 1 2 S S
17 72 1 2 S S
17 73 1 2 S S
17 74 1 2 S S
17 75 1 2 S S
17 76 1 2 S S
17 77 1 2 S S
17 78 1 2 S S
17 79 1 2 S S
17 80 1 2 S S
17 81 1 2 S S
17 82 1 2 S S
17 83 1 2 S S
17 84 1 2 S S
17 85 1 2 S S
17 86 1 2 S S
17 87 1 2 S S
17 88 1 2 S S
17 89 1 2 S S
17 90 1 2 S S
17 91 1 2 S S
17 92 1 2 S S
17 93 1 2 S S
17 94 1 2 S S
17 95 1 2 S S
17 96 1 2 S S
17 97 1 2 S S
17 98 1 2 S S
17 99 1 2 S S
17 100 1 2 S S
17 101 1 2 S S
17 102 1 2 S S
17 103 1 2 S S
17 104 1 2 S S
17 105 1 2 S S
17 106 1 2 S S
17 107 1 2 S S
17 108 1 2 S S
17 109 1 2 S S
17 110 1 2 S S
17 111 1 2 S S
17 112 1 2 S S
17 113 1 2 S S
17 114 1 2 S S
17 115 1 2 S S
17 116 1 2 S S
17 117 1 2 S S
17 118 1 2 S S
17 119 1 2 S S
17 120 1 2 S S
17 121 1 2 S S
17 122 1 2 S S
17 123 1 2 S S
17 124 1 2 S S
17 125 1 2 S S
17 126 1 2 S S
17 127 1 2 S S
17 128 1 2 S S
17 129 1 2 S S
17 130 1 2 S S
17 131 1 2 S S
17 132 1 2 S S
17 133 1 2 S S
17 134 1 2 S S
17 135 1 2 S S
17 136 1 2 S S
17 137 1 2 S S
17 138 1 2 S S
17 139 1 2 S S
17 140 1 2 S S
17 141 1 2 S S
17 142 1 2 S S
17 143 1 2 S S
17 144 1 2 S S
17 145 1 2 S S
17 146 1 2 S S
17 147 1 2 S S
17 148 1 2 S S
17 149 1 2 S S
17 150 1 2 S S
17 151 1 2 S S
17 152 1 2 S S
17 153 1 2 S S
17 154 1 2 S S
17 155 1 2 S S
17 156 1 2 S S
17 157 1 2 S S
17 158 1 2 S S
17 159 1 2 S S
17 160 1 2 S S
17 161 1 2 S S
17 162 1 2 S S
17 163 1 2 S S
17 164 1 2 S S
17 165 1 2 S S
17 166 1 2 S S
17 167 1 2 S S
17 168 1 2 S S
17 169 1 2 S S
17 170 1 2 S S
17 171 1 2 S S
17 172 1 2 S S
17 173 1 2 S S
17 174 1 2 S S
17 175 1 2 S S
17 176 1 2 S S
17 177 1 2 S S
17 178 1 2 S S
17 179 1 2 S S
17 180 1 2 S S
17 181 1 2 S S
17 182 1 2 S S
17 183 1 2 S S
17 184 1 2 S S
17 185 1 2 S S
17 186 1 2 S S
17 187 1 2 S S
17 188 1 2 S S
17 189 1 2 S S
17 190 1 2 S S
17 191 1 2 S S
17 192 1 2 S S
17 193 1 2 S S
17 194 1 2 S S
17 195 1 2 S S
17 196 1 2 S S
17 197 1 2 S S
17 198 1 2 S S
17 199 1 2 S S
18 0 0 0 U D
18 1 0 0 L D
18 2 0 0 L D
18 3 0 0 L D
18 4 0 0 L D
18 5 0 0 L D
18 6 0 0 L D
18 7 0 0 L D
18 8 0 0 D D
18 9 0 0 D D
18 10 0 0 D R
18 11 0 0 D R
18 12 0 0 L R
18 13 0 0 D R
18 14 0 0 R R
18 15 1 0 R D
18 16 1 0 D L
18 17 1 0 D L
18 18 1 0 D L
18 19 1 0 D L
18 20 1 0 D U
18 21 1 0 D L
18 22 1 0 D L
18 23 1 0 D D
18 24 1 0 D R
18 25 1 0 D R
18 26 1 0 U U
18 27 1 0 U R
18 28 1 0 R R
18 29 1 0 R D
18 30 1 0 D L
18 31 1 0 R L
18 32 1 0 D U
18 33 1 0 U L
18 34 1 0 U L
18 35 1 0 R D
18 36 1 0 D R
18 37 1 0 D R
18 38 1 0 U U
18 39 1 0 U R
18 40 1 0 R R
18 41 1 0 R D
18 42 1 0 D L
18 43 1 0 R L
18 44 1 0 L R
18 45 1 0 R U
18 46 1 0 D U
18 47 1 0 L S
18 48 1 0 L S
18 49 1 0 L S
18 50 1 0 L S
18 51 1 0 L S
18 52 1 0 L S
18 53 1 0 L S
18 54 1 0 U S
18 55 1 0 L L
18 56 1 0 L L
18 57 1 0 D L
18 58 1 0 R S
18 59 1 0 R S
18 60 1 0 U S
18 61 1 0 R L
18 62 1 0 R L
18 63 1 0 D L
18 64 1 0 L S
18 65 1 0 L S
18 66 1 0 U S
18 67 1 0 L L
18 68 1 0 L L
18 69 1 0 D L
18 70 1 0 R S
18 71 1 0 R S
18 72 1 0 U S
18 73 1 0 R L
18 74 1 0 R L
18 75 1 0 D L
18 76 1 0 L S
18 77 1 0 L S
18 78 1 0 U S
18 79 1 0 L L
18 80 1 0 L L
18 81 1 0 D L
18 82 1 0 R S
18 83 1 0 R S
18 84 1 0 U S
18 85 1 0 R L
18 86 1 0 R L
18 87 1 0 D L
18 88 1 0 L S
18 89 1 0 L S
18 90 1 0 U S
18 91 1 0 L L
18 92 1 0 L L
18 93 1 0 D L
18 94 1 0 R S
18 95 1 0 R S
18 96 1 0 U S
18 97 1 0 R L
18 98 1 0 R L
18 99 1 0 D L
18 100 1 0 L S
18 101 1 0 L S
18 102 1 0 U S
18 103 1 0 L L
18 104 1 0 L L
18 105 1 0 D L
18 106 1 0 R S
18 107 1 0 R S
18 108 1 0 U S
18 109 1 0 R L
18 110 1 0 R L
18 111 1 0 D L
18 112 1 0 L S
18 113 1 0 L S
18 114 1 0 U S
18 115 1 0 L L
18 116 1 0 L L
18 117 1 0 D L
18 118 1 0 R S
18 119 1 0 R S
18 120 1 0 U S
18 121 1 0 R L
18 122 1 0 R L
18 123 1 0 D L
18 124 1 0 L S
18 125 1 0 L S
18 126 1 0 U S
18 127 1 0 L L
18 128 1 0 L L
18 129 1 0 D L
18 130 1 0 R S
18 131 1 0 R S
18 132 1 0 U S
18 133 1 0 R L
18 134 1 0 R L
18 135 1 0 D L
18 136 1 0 L S
18 137 1 0 L S
18 138 1 0 U S
18 139 1 0 L L
18 140 1 0 L L
18 141 1 0 D L
18 142 1 0 R S
18 143 1 0 R S
18 144 1 0 U S
18 145 1 0 R L
18 146 1 0 R L
18 147 1 0 D L
18 148 1 0 L S
18 149 1 0 L S
18 150 1 0 U S
18 151 1 0 L L
18 152 1 0 L L
18 153 1 0 D L
18 154 1 0 R S
18 155 1 0 R S
18 156 1 0 U S
18 157 1 0 R L
18 158 1 0 R L
18 159 1 0 D L
18 160 1 0 L S
18 161 1 0 L S
18 162 1 0 U S
18 163 1 0 L L
18 164 1 0 L L
18 165 1 0 D L
18 166 1 0 R S
18 167 1 0 R S
18 168 1 0 U S
18 169 1 0 R L
18 170 1 0 R L
18 171 1 0 D L
18 172 1 0 L S
18 173 1 0 L S
18 174 1 0 U S
18 175 1 0 L L
18 176 1 0 L L
18 177 1 0 D L
18 178 1 0 R S
18 179 1 0 R S
18 180 1 0 U S
18 181 1 0 R L
18 182 1 0 R L
18 183 1 0 D L
18 184 1 0 L S
18 185 1 0 L S
18 186 1 0 U S
18 187 1 0 L L
18 188 1 0 L L
18 189 1 0 D L
18 190 1 0 R S
18 191 1 0 R S
18 192 1 0 U S
18 193 1 0 R L
18 194 1 0 R L
18 195 1 0 D L
18 196 1 0 L S
18 197 1 0 L S
18 198 1 0 U S
18 199 1 0 L L
19 0 0 0 D D
19 1 0 0 R D
19 2 0 0 D D
19 3 0 0 L L
19 4 0 0 L L
19 5 0 0 L L
19 6 0 0 L L
19 7 1 0 L D
19 8 1 0 U R
19 9 1 0 U R
19 10 1 0 R U
19 11 1 0 R R
19 12 1 0 U R
19 13 1 0 R D
19 14 1 0 R L
19 15 1 0 R L
19 16 1 0 R U
19 17 1 0 D L
19 18 1 0 D L
19 19 1 0 R D
19 20 1 0 D R
19 21 1 0 L R
19 22 1 0 L U
19 23 1 0 L R
19 24 1 0 L R
19 25 1 0 L D
19 26 1 0 L L
19 27 2 0 L L
19 28 2 0 D U
19 29 2 0 D L
19 30 2 0 D L
19 31 2 0 D D
19 32 2 0 D R
19 33 2 0 D R
19 34 2 0 D U
19 35 2 0 D R
19 36 2 0 R R
19 37 2 0 R D
19 38 2 0 D L
19 39 2 0 R L
19 40 2 0 L U
19 41 2 0 U U
19 42 2 0 R L
19 43 2 0 R L
19 44 2 0 D D
19 45 2 0 L R
19 46 2 0 D R
19 47 2 0 U U
19 48 2 0 U R
19 49 2 0 R R
19 50 2 0 R D
19 51 2 0 D L
19 52 2 0 R L
19 53 2 0 L R
19 54 2 0 R U
19 55 2 0 D U
19 56 2 0 L S
19 57 2 0 L S
19 58 2 0 L S
19 59 2 0 L S
19 60 2 0 L S
19 61 2 0 L S
19 62 2 0 L S
19 63 2 0 U S
19 64 2 0 L L
19 65 2 0 L L
19 66 2 0 D L
19 67 2 0 R S
19 68 2 0 R S
19 69 2 0 U S
19 70 2 0 R L
19 71 2 0 R L
19 72 2 0 D L
19 73 2 0 L S
19 74 2 0 L S
19 75 2 0 U S
19 76 2 0 L L
19 77 2 0 L L
19 78 2 0 D L
19 79 2 0 R S
19 80 2 0 R S
19 81 2 0 U S
19 82 2 0 R L
19 83 2 0 R L
19 84 2 0 D L
19 85 2 0 L S
19 86 2 0 L S
19 87 2 0 U S
19 88 2 0 L L
19 89 2 0 L L
19 90 2 0 D L
19 91 2 0 R S
19 92 2 0 R S
19 93 2 0 U S
19 94 2 0 R L
19 95 2 0 R L
19 96 2 0 D L
19 97 2 0 L S
19 98 2 0 L S
19 99 2 0 U S
19 100 2 0 L L
19 101 2 0 L L
19 102 2 0 D L
19 103 2 0 R S
19 104 2 0 R S
19 105 2 0 U S
19 106 2 0 R L
19 107 2 0 R L
19 108 2 0 D L
19 109 2 0 L S
19 110 2 0 L S
19 111 2 0 U S
19 112 2 0 L L
19 113 2 0 L L
19 114 2 0 D L
19 115 2 0 R S
19 116 2 0 R S
19 117 2 0 U S
19 118 2 0 R L
19 119 2 0 R L
19 120 2 0 D L
19 121 2 0 L S
19 122 2 0 L S
19 123 2 0 U S
19 124 2 0 L L
19 125 2 0 L L
19 126 2 0 D L
19 127 2 0 R S
19 128 2 0 R S
19 129 2 0 U S
19 130 2 0 R L
19 131 2 0 R L
19 132 2 0 D L
19 133 2 0 L S
19 134 2 0 L S
19 135 2 0 U S
19 136 2 0 L L
19 137 2 0 L L
19 138 2 0 D L
19 139 2 0 R S
19 140 2 0 R S
19 141 2 0 U S
19 142 2 0 R L
19 143 2 0 R L
19 144 2 0 D L
19 145 2 0 L S
19 146 2 0 L S
19 147 2 0 U S
19 148 2 0 L L
19 149 2 0 L L
19 150 2 0 D L
19 151 2 0 R S
19 152 2 0 R S
19 153 2 0 U S
19 154 2 0 R L
19 155 2 0 R L
19 156 2 0 D L
19 157 2 0 L S
19 158 2 0 L S
19 159 2 0 U S
19 160 2 0 L L
19 161 2 0 L L
19 162 2 0 D L
19 163 2 0 R S
19 164 2 0 R S
19 165 2 0 U S
19 166 2 0 R L
19 167 2 0 R L
19 168 2 0 D L
19 169 2 0 L S
19 170 2 0 L S
19 171 2 0 U S
19 172 2 0 L L
19 173 2 0 L L
19 174 2 0 D L
19 175 2 0 R S
19 176 2 0 R S
19 177 2 0 U S
19 178 2 0 R L
19 179 2 0 R L
19 180 2 0 D L
19 181 2 0 L S
19 182 2 0 L S
19 183 2 0 U S
19 184 2 0 L L
19 185 2 0 L L
19 186 2 0 D L
19 187 2 0 R S
19 188 2 0 R S
19 189 2 0 U S
19 190 2 0 R L
19 191 2 0 R L
19 192 2 0 D L
19 193 2 0 L S
19 194 2 0 L S
19 195 2 0 U S
19 196 2 0 L L
19 197 2 0 L L
19 198 2 0 D L
19 199 2 0 R S
0 0 0 0 L R
0 1 0 0 L D
0 2 0 0 L D
0 3 0 0 L D
0 4 0 0 L D
0 5 0 0 L D
0 6 0 0 L D
0 7 0 0 D D
0 8 0 0 L D
0 9 0 0 U D
0 10 0 0 L D
0 11 0 0 U D
0 12 0 0 R D
0 13 0 0 D D
0 14 0 0 R L
0 15 0 0 U L
0 16 0 0 U L
0 17 0 0 L D
0 18 0 0 L R
0 19 0 0 L R
0 20 0 0 L R
0 21 0 0 L R
0 22 0 0 L R
0 23 0 0 L U
0 24 0 0 L R
0 25 0 0 L R
0 26 0 0 L D
0 27 0 0 L L
0 28 0 0 L L
0 29 0 0 L U
0 30 0 0 L L
0 31 0 0 L L
0 32 0 0 L D
0 33 0 0 L R
0 34 0 0 L R
0 35 0 0 L U
0 36 0 0 L R
0 37 0 0 L R
0 38 0 0 L D
0 39 0 0 L L
0 40 0 0 L L
0 41 0 0 L U
0 42 0 0 L L
0 43 0 0 L L
0 44 0 0 L D
0 45 0 0 L R
0 46 0 0 L R
0 47 0 0 L U
0 48 0 0 L R
0 49 0 0 L R
0 50 0 0 L D
0 51 0 0 L L
0 52 0 0 L L
0 53 0 0 L U
0 54 0 0 L L
0 55 0 0 L L
0 56 0 0 L D
0 57 0 0 L R
0 58 0 0 L R
0 59 0 0 L U
0 60 0 0 L R
0 61 0 0 L R
0 62 0 0 L D
0 63 0 0 L L
0 64 0 0 L L
0 65 0 0 L U
0 66 0 0 L L
0 67 0 0 L L
0 68 0 0 L D
0 69 0 0 L R
0 70 0 0 L R
0 71 0 0 L U
0 72 0 0 L R
0 73 0 0 L R
0 74 0 0 L D
0 75 0 0 L L
0 76 0 0 L L
0 77 0 0 L U
0 78 0 0 L L
0 79 0 0 L L
0 80 0 0 L D
0 81 0 0 L R
0 82 0 0 L R
0 83 0 0 L U
0 84 0 0 L R
0 85 0 0 L R
0 86 0 0 L D
0 87 0 0 L L
0 88 0 0 L L
0 89 0 0 L U
0 90 0 0 L L
0 91 0 0 L L
0 92 0 0 L D
0 93 0 0 L R
0 94 0 0 L R
0 95 0 0 L U
0 96 0 0 L R
0 97 0 0 L R
0 98 0 0 L D
0 99 0 0 L L
0 100 0 0 L L
0 101 0 0 L U
0 102 0 0 L L
0 103 0 0 L L
0 104 0 0 L D
0 105 0 0 L R
0 106 0 0 L R
0 107 0 0 L U
0 108 0 0 L R
0 109 0 0 L R
0 110 0 0 L D
0 111 0 0 L L
0 112 0 0 L L
0 113 0 0 L U
0 114 0 0 L L
0 115 0 0 L L
0 116 0 0 L D
0 117 0 0 L R
0 118 0 0 L R
0 119 0 0 L U
0 120 0 0 L R
0 121 0 0 L R
0 122 0 0 L D
0 123 0 0 L L
0 124 0 0 L L
0 125 0 0 L U
0 126 0 0 L L
0 127 0 0 L L
0 128 0 0 L D
0 129 0 0 L R
0 130 0 0 L R
0 131 0 0 L U
0 132 0 0 L R
0 133 0 0 L R
0 134 0 0 L D
0 135 0 0 L L
0 136 0 0 L L
0 137 0 0 L U
0 138 0 0 L L
0 139 0 0 L L
0 140 0 0 L D
0 141 0 0 L R
0 142 0 0 L R
0 143 0 0 L U
0 144 0 0 L R
0 145 0 0 L R
0 146 0 0 L D
0 147 0 0 L L
0 148 0 0 L L
0 149 0 0 L U
0 150 0 0 L L
0 151 0 0 L L
0 152 0 0 L D
0 153 0 0 L R
0 154 0 0 L R
0 155 0 0 L U
0 156 0 0 L R
0 157 0 0 L R
0 158 0 0 L D
0 159 0 0 L L
0 160 0 0 L L
0 161 0 0 L U
0 162 0 0 L L
0 163 0 0 L L
0 164 0 0 L D
0 165 0 0 L R
0 166 0 0 L R
0 167 0 0 L U
0 168 0 0 L R
0 169 0 0 L R
0 170 0 0 L D
0 171 0 0 L L
0 172 0 0 L L
0 173 0 0 L U
0 174 0 0 L L
0 175 0 0 L L
0 176 0 0 L D
0 177 0 0 L R
0 178 0 0 L R
0 179 0 0 L U
0 180 0 0 L R
0 181 0 0 L R
0 182 0 0 L D
0 183 0 0 L L
0 184 0 0 L L
0 185 0 0 L U
0 186 0 0 L L
0 187 0 0 L L
0 188 0 0 L D
0 189 0 0 L R
0 190 0 0 L R
0 191 0 0 L U
0 192 0 0 L R
0 193 0 0 L R
0 194 0 0 L D
0 195 0 0 L L
0 196 0 0 L L
0 197 0 0 L U
0 198 0 0 L L
0 199 0 0 L L
1 0 0 0 D D
1 1 0 0 D D
1 2 0 0 D D
1 3 0 0 D L
1 4 0 0 D L
1 5 0 0 D L
1 6 0 0 D L
1 7 0 0 D L
1 8 0 0 D L
1 9 0 0 D L
1 10 0 0 D L
1 11 0 0 D D
1 12 0 0 D L
1 13 0 0 D D
1 14 0 0 D R
1 15 0 0 D R
1 16 0 0 D R
1 17 0 1 D R
1 18 0 1 D U
1 19 0 1 D U
1 20 0 1 D U
1 21 0 1 D U
1 22 0 1 D U
1 23 0 1 D L
1 24 0 1 D L
1 25 0 1 D L
1 26 0 1 D L
1 27 0 1 D L
1 28 0 1 D D
1 29 0 1 D D
1 30 0 1 D D
1 31 0 1 U D
1 32 0 1 U L
1 33 0 1 U D
1 34 0 1 R R
1 35 0 1 R R
1 36 0 1 R R
1 37 0 1 D R
1 38 0 1 D R
1 39 0 2 D R
1 40 0 2 R U
1 41 0 2 D U
1 42 0 2 L U
1 43 0 2 L U
1 44 1 2 L U
1 45 1 2 S S
1 46 1 2 S S
1 47 1 2 S S
1 48 1 2 S S
1 49 1 2 S S
1 50 1 2 S S
1 51 1 2 S S
1 52 1 2 S S
1 53 1 2 S S
1 54 1 2 S S
1 55 1 2 S S
1 56 1 2 S S
1 57 1 2 S S
1 58 1 2 S S
1 59 1 2 S S
1 60 1 2 S S
1 61 1 2 S S
1 62 1 2 S S
1 63 1 2 S S
1 64 1 2 S S
1 65 1 2 S S
1 66 1 2 S S
1 67 1 2 S S
1 68 1 2 S S
1 69 1 2 S S
1 70 1 2 S S
1 71 1 2 S S
1 72 1 2 S S
1 73 1 2 S S
1 74 1 2 S S
1 75 1 2 S S
1 76 1 2 S S
1 77 1 2 S S
1 78 1 2 S S
1 79 1 2 S S
1 80 1 2 S S
1 81 1 2 S S
1 82 1 2 S S
1 83 1 2 S S
1 84 1 2 S S
1 85 1 2 S S
1 86 1 2 S S
1 87 1 2 S S
1 88 1 2 S S
1 89 1 2 S S
1 90 1 2 S S
1 91 1 2 S S
1 92 1 2 S S
1 93 1 2 S S
1 94 1 2 S S
1 95 1 2 S S
1 96 1 2 S S
1 97 1 2 S S
1 98 1 2 S S
1 99 1 2 S S
1 100 1 2 S S
1 101 1 2 S S
1 102 1 2 S S
1 103 1 2 S S
1 104 1 2 S S
1 105 1 2 S S
1 106 1 2 S S
1 107 1 2 S S
1 108 1 2 S S
1 109 1 2 S S
1 110 1 2 S S
1 111 1 2 S S
1 112 1 2 S S
1 113 1 2 S S
1 114 1 2 S S
1 115 1 2 S S
1 116 1 2 S S
1 117 1 2 S S
1 118 1 2 S S
1 119 1 2 S S
1 120 1 2 S S
1 121 1 2 S S
1 122 1 2 S S
1 123 1 2 S S
1 124 1 2 S S
1 125 1 2 S S
1 126 1 2 S S
1 127 1 2 S S
1 128 1 2 S S
1 129 1 2 S S
1 130 1 2 S S
1 131 1 2 S S
1 132 1 2 S S
1 133 1 2 S S
1 134 1 2 S S
1 135 1 2 S S
1 136 1 2 S S
1 137 1 2 S S
1 138 1 2 S S
1 139 1 2 S S
1 140 1 2 S S
1 141 1 2 S S
1 142 1 2 S S
1 143 1 2 S S
1 144 1 2 S S
1 145 1 2 S S
1 146 1 2 S S
1 147 1 2 S S
1 148 1 2 S S
1 149 1 2 S S
1 150 1 2 S S
1 151 1 2 S S
1 152 1 2 S S
1 153 1 2 S S
1 154 1 2 S S
1 155 1 2 S S
1 156 1 2 S S
1 157 1 2 S S
1 158 1 2 S S
1 159 1 2 S S
1 160 1 2 S S
1 161 1 2 S S
1 162 1 2 S S
1 163 1 2 S S
1 164 1 2 S S
1 165 1 2 S S
1 166 1 2 S S
1 167 1 2 S S
1 168 1 2 S S
1 169 1 2 S S
1 170 1 2 S S
1 171 1 2 S S
1 172 1 2 S S
1 173 1 2 S S
1 174 1 2 S S
1 175 1 2 S S
1 176 1 2 S S
1 177 1 2 S S
1 178 1 2 S S
1 179 1 2 S S
1 180 1 2 S S
1 181 1 2 S S
1 182 1 2 S S
1 183 1 2 S S
1 184 1 2 S S
1 185 1 2 S S
1 186 1 2 S S
1 187 1 2 S S
1 188 1 2 S S
1 189 1 2 S S
1 190 1 2 S S
1 191 1 2 S S
1 192 1 2 S S
1 193 1 2 S S
1 194 1 2 S S
1 195 1 2 S S
1 196 1 2 S S
1 197 1 2 S S
1 198 1 2 S S
1 199 1 2 S S
2 0 0 0 U D
2 1 0 0 U D
2 2 0 0 U D
2 3 0 0 U D
2 4 0 0 U L
2 5 0 0 R L
2 6 0 0 R L
2 7 0 0 U L
2 8 0 0 L D
2 9 0 0 L D
2 10 0 0 L D
2 11 0 0 L D
2 12 0 0 L D
2 13 0 0 L D
2 14 0 0 L D
2 15 0 0 L D
2 16 0 0 L D
2 17 0 0 L D
2 18 0 0 L D
2 19 0 0 L D
2 20 0 0 L D
2 21 0 0 L D
2 22 0 0 L D
2 23 0 0 L D
2 24 0 0 L D
2 25 0 0 L D
2 26 0 0 L D
2 27 0 0 L D
2 28 0 0 L D
2 29 0 0 L D
2 30 0 0 L D
2 31 0 0 L D
2 32 0 0 L D
2 33 0 0 L D
2 34 0 0 L D
2 35 0 0 L D
2 36 0 0 L D
2 37 0 0 L D
2 38 0 0 L D
2 39 0 0 L D
2 40 0 0 L D
2 41 0 0 L D
2 42 0 0 L D
2 43 0 0 L D
2 44 0 0 L D
2 45 0 0 L D
2 46 0 0 L D
2 47 0 0 L D
2 48 0 0 L D
2 49 0 0 L D
2 50 0 0 L D
2 51 0 0 L D
2 52 0 0 L D
2 53 0 0 L D
2 54 0 0 L D
2 55 0 0 L D
2 56 0 0 L D
2 57 0 0 L D
2 58 0 0 L D
2 59 0 0 L D
2 60 0 0 L D
2 61 0 0 L D
2 62 0 0 L D
2 63 0 0 L D
2 64 0 0 L D
2 65 0 0 L D
2 66 0 0 L D
2 67 0 0 L D
2 68 0 0 L D
2 69 0 0 L D
2 70 0 0 L D
2 71 0 0 L D
2 72 0 0 L D
2 73 0 0 L D
2 74 0 0 L D
2 75 0 0 L D
2 76 0 0 L D
2 77 0 0 L D
2 78 0 0 L D
2 79 0 0 L D
2 80 0 0 L D
2 81 0 0 L D
2 82 0 0 L D
2 83 0 0 L D
2 84 0 0 L D
2 85 0 0 L D
2 86 0 0 L D
2 87 0 0 L D
2 88 0 0 L D
2 89 0 0 L D
2 90 0 0 L D
2 91 0 0 L D
2 92 0 0 L D
2 93 0 0 L D
2 94 0 0 L D
2 95 0 0 L D
2 96 0 0 L D
2 97 0 0 L D
2 98 0 0 L D
2 99 0 0 L D
2 100 0 0 L D
2 101 0 0 L D
2 102 0 0 L D
2 103 0 0 L D
2 104 0 0 L D
2 105 0 0 L D
2 106 0 0 L D
2 107 0 0 L D
2 108 0 0 L D
2 109 0 0 L D
2 110 0 0 L D
2 111 0 0 L D
2 112 0 0 L D
2 113 0 0 L D
2 114 0 0 L D
2 115 0 0 L D
2 116 0 0 L D
2 117 0 0 L D
2 118 0 0 L D
2 119 0 0 L D
2 120 0 0 L D
2 121 0 0 L D
2 122 0 0 L D
2 123 0 0 L D
2 124 0 0 L D
2 125 0 0 L D
2 126 0 0 L D
2 127 0 0 L D
2 128 0 0 L D
2 129 0 0 L D
2 130 0 0 L D
2 131 0 0 L D
2 132 0 0 L D
2 133 0 0 L D
2 134 0 0 L D
2 135 0 0 L D
2 136 0 0 L D
2 137 0 0 L D
2 138 0 0 L D
2 139 0 0 L D
2 140 0 0 L D
2 141 0 0 L D
2 142 0 0 L D
2 143 0 0 L D
2 144 0 0 L D
2 145 0 0 L D
2 146 0 0 L D
2 147 0 0 L D
2 148 0 0 L D
2 149 0 0 L D
2 150 0 0 L D
2 151 0 0 L D
2 152 0 0 L D
2 153 0 0 L D
2 154 0 0 L D
2 155 0 0 L D
2 156 0 0 L D
2 157 0 0 L D
2 158 0 0 L D
2 159 0 0 L D
2 160 0 0 L D
2 161 0 0 L D
2 162 0 0 L D
2 163 0 0 L D
2 164 0 0 L D
2 165 0 0 L D
2 166 0 0 L D
2 167 0 0 L D
2 168 0 0 L D
2 169 0 0 L D
2 170 0 0 L D
2 171 0 0 L D
2 172 0 0 L D
2 173 0 0 L D
2 174 0 0 L D
2 175 0 0 L D
2 176 0 0 L D
2 177 0 0 L D
2 178 0 0 L D
2 179 0 0 L D
2 180 0 0 L D
2 181 0 0 L D
2 182 0 0 L D
2 183 0 0 L D
2 184 0 0 L D
2 185 0 0 L D
2 186 0 0 L D
2 187 0 0 L D
2 188 0 0 L D
2 189 0 0 L D
2 190 0 0 L D
2 191 0 0 L D
2 192 0 0 L D
2 193 0 0 L D
2 194 0 0 L D
2 195 0 0 L D
2 196 0 0 L D
2 197 0 0 L D
2 198 0 0 L D
2 199 0 0 L D
3 0 0 0 U D
3 1 0 0 U D
3 2 0 0 U D
3 3 0 0 U D
3 4 0 0 U D
3 5 0 0 U D
3 6 0 0 U D
3 7 0 0 R D
3 8 0 0 U D
3 9 0 0 U R
3 10 0 0 U R
3 11 0 0 U R
3 12 0 0 R R
3 13 0 0 R D
3 14 0 1 R D
3 15 0 1 D U
3 16 0 1 D U
3 17 1 1 D U
3 18 1 1 U U
3 19 1 1 L U
3 20 1 1 L U
3 21 1 1 L U
3 22 1 1 L U
3 23 1 1 D D
3 24 1 1 L D
3 25 1 1 D U
3 26 1 1 R U
3 27 1 1 R L
3 28 1 1 R L
3 29 2 1 R L
3 30 2 1 S S
3 31 2 1 S S
3 32 2 1 S S
3 33 2 1 S S
3 34 2 1 S S
3 35 2 1 S S
3 36 2 1 S S
3 37 2 1 S S
3 38 2 1 S S
3 39 2 1 S S
3 40 2 1 S S
3 41 2 1 S S
3 42 2 1 S S
3 43 2 1 S S
3 44 2 1 S S
3 45 2 1 S S
3 46 2 1 S S
3 47 2 1 S S
3 48 2 1 S S
3 49 2 1 S S
3 50 2 1 S S
3 51 2 1 S S
3 52 2 1 S S
3 53 2 1 S S
3 54 2 1 S S
3 55 2 1 S S
3 56 2 1 S S
3 57 2 1 S S
3 58 2 1 S S
3 59 2 1 S S
3 60 2 1 S S
3 61 2 1 S S
3 62 2 1 S S
3 63 2 1 S S
3 64 2 1 S S
3 65 2 1 S S
3 66 2 1 S S
3 67 2 1 S S
3 68 2 1 S S
3 69 2 1 S S
3 70 2 1 S S
3 71 2 1 S S
3 72 2 1 S S
3 73 2 1 S S
3 74 2 1 S S
3 75 2 1 S S
3 76 2 1 S S
3 77 2 1 S S
3 78 2 1 S S
3 79 2 1 S S
3 80 2 1 S S
3 81 2 1 S S
3 82 2 1 S S
3 83 2 1 S S
3 84 2 1 S S
3 85 2 1 S S
3 86 2 1 S S
3 87 2 1 S S
3 88 2 1 S S
3 89 2 1 S S
3 90 2 1 S S
3 91 2 1 S S
3 92 2 1 S S
3 93 2 1 S S
3 94 2 1 S S
3 95 2 1 S S
3 96 2 1 S S
3 97 2 1 S S
3 98 2 1 S S
3 99 2 1 S S
3 100 2 1 S S
3 101 2 1 S S
3 102 2 1 S S
3 103 2 1 S S
3 104 2 1 S S
3 105 2 1 S S
3 106 2 1 S S
3 107 2 1 S S
3 108 2 1 S S
3 109 2 1 S S
3 110 2 1 S S
3 111 2 1 S S
3 112 2 1 S S
3 113 2 1 S S
3 114 2 1 S S
3 115 2 1 S S
3 116 2 1 S S
3 117 2 1 S S
3 118 2 1 S S
3 119 2 1 S S
3 120 2 1 S S
3 121 2 1 S S
3 122 2 1 S S
3 123 2 1 S S
3 124 2 1 S S
3 125 2 1 S S
3 126 2 1 S S
3 127 2 1 S S
3 128 2 1 S S
3 129 2 1 S S
3 130 2 1 S S
3 131 2 1 S S
3 132 2 1 S S
3 133 2 1 S S
3 134 2 1 S S
3 135 2 1 S S
3 136 2 1 S S
3 137 2 1 S S
3 138 2 1 S S
3 139 2 1 S S
3 140 2 1 S S
3 141 2 1 S S
3 142 2 1 S S
3 143 2 1 S S
3 144 2 1 S S
3 145 2 1 S S
3 146 2 1 S S
3 147 2 1 S S
3 148 2 1 S S
3 149 2 1 S S
3 150 2 1 S S
3 151 2 1 S S
3 152 2 1 S S
3 153 2 1 S S
3 154 2 1 S S
3 155 2 1 S S
3 156 2 1 S S
3 157 2 1 S S
3 158 2 1 S S
3 159 2 1 S S
3 160 2 1 S S
3 161 2 1 S S
3 162 2 1 S S
3 163 2 1 S S
3 164 2 1 S S
3 165 2 1 S S
3 166 2 1 S S
3 167 2 1 S S
3 168 2 1 S S
3 169 2 1 S S
3 170 2 1 S S
3 171 2 1 S S
3 172 2 1 S S
3 173 2 1 S S
3 174 2 1 S S
3 175 2 1 S S
3 176 2 1 S S
3 177 2 1 S S
3 178 2 1 S S
3 179 2 1 S S
3 180 2 1 S S
3 181 2 1 S S
3 182 2 1 S S
3 183 2 1 S S
3 184 2 1 S S
3 185 2 1 S S
3 186 2 1 S S
3 187 2 1 S S
3 188 2 1 S S
3 189 2 1 S S
3 190 2 1 S S
3 191 2 1 S S
3 192 2 1 S S
3 193 2 1 S S
3 194 2 1 S S
3 195 2 1 S S
3 196 2 1 S S
3 197 2 1 S S
3 198 2 1 S S
3 199 2 1 S S
4 0 0 0 L U
4 1 0 0 L U
4 2 0 0 U U
4 3 0 0 L U
4 4 0 0 U U
4 5 0 0 R U
4 6 0 0 R U
4 7 0 0 U U
4 8 0 0 R U
4 9 0 0 D U
4 10 0 0 D U
4 11 0 0 L U
4 12 0 0 L U
4 13 0 0 L U
4 14 0 0 L U
4 15 0 0 L U
4 16 0 0 L U
4 17 0 0 L U
4 18 0 0 L U
4 19 0 0 L U
4 20 0 0 L U
4 21 0 0 L U
4 22 0 0 L U
4 23 0 0 L U
4 24 0 0 L U
4 25 0 0 L U
4 26 0 0 L U
4 27 0 0 L U
4 28 0 0 L U
4 29 0 0 L U
4 30 0 0 L U
4 31 0 0 L U
4 32 0 0 L U
4 33 0 0 L U
4 34 0 0 L U
4 35 0 0 L U
4 36 0 0 L U
4 37 0 0 L U
4 38 0 0 L U
4 39 0 0 L U
4 40 0 0 L U
4 41 0 0 L U
4 42 0 0 L U
4 43 0 0 L U
4 44 0 0 L U
4 45 0 0 L U
4 46 0 0 L U
4 47 0 0 L U
4 48 0 0 L U
4 49 0 0 L U
4 50 0 0 L U
4 51 0 0 L U
4 52 0 0 L U
4 53 0 0 L U
4 54 0 0 L U
4 55 0 0 L U
4 56 0 0 L U
4 57 0 0 L U
4 58 0 0 L U
4 59 0 0 L U
4 60 0 0 L U
4 61 0 0 L U
4 62 0 0 L U
4 63 0 0 L U
4 64 0 0 L U
4 65 0 0 L U
4 66 0 0 L U
4 67 0 0 L U
4 68 0 0 L U
4 69 0 0 L U
4 70 0 0 L U
4 71 0 0 L U
4 72 0 0 L U
4 73 0 0 L U
4 74 0 0 L U
4 75 0 0 L U
4 76 0 0 L U
4 77 0 0 L U
4 78 0 0 L U
4 79 0 0 L U
4 80 0 0 L U
4 81 0 0 L U
4 82 0 0 L U
4 83 0 0 L U
4 84 0 0 L U
4 85 0 0 L U
4 86 0 0 L U
4 87 0 0 L U
4 88 0 0 L U
4 89 0 0 L U
4 90 0 0 L U
4 91 0 0 L U
4 92 0 0 L U
4 93 0 0 L U
4 94 0 0 L U
4 95 0 0 L U
4 96 0 0 L U
4 97 0 0 L U
4 98 0 0 L U
4 99 0 0 L U
4 100 0 0 L U
4 101 0 0 L U
4 102 0 0 L U
4 103 0 0 L U
4 104 0 0 L U
4 105 0 0 L U
4 106 0 0 L U
4 107 0 0 L U
4 108 0 0 L U
4 109 0 0 L U
4 110 0 0 L U
4 111 0 0 L U
4 112 0 0 L U
4 113 0 0 L U
4 114 0 0 L U
4 115 0 0 L U
4 116 0 0 L U
4 117 0 0 L U
4 118 0 0 L U
4 119 0 0 L U
4 120 0 0 L U
4 121 0 0 L U
4 122 0 0 L U
4 123 0 0 L U
4 124 0 0 L U
4 125 0 0 L U
4 126 0 0 L U
4 127 0 0 L U
4 128 0 0 L U
4 129 0 0 L U
4 130 0 0 L U
4 131 0 0 L U
4 132 0 0 L U
4 133 0 0 L U
4 134 0 0 L U
4 135 0 0 L U
4 136 0 0 L U
4 137 0 0 L U
4 138 0 0 L U
4 139 0 0 L U
4 140 0 0 L U
4 141 0 0 L U
4 142 0 0 L U
4 143 0 0 L U
4 144 0 0 L U
4 145 0 0 L U
4 146 0 0 L U
4 147 0 0 L U
4 148 0 0 L U
4 149 0 0 L U
4 150 0 0 L U
4 151 0 0 L U
4 152 0 0 L U
4 153 0 0 L U
4 154 0 0 L U
4 155 0 0 L U
4 156 0 0 L U
4 157 0 0 L U
4 158 0 0 L U
4 159 0 0 L U
4 160 0 0 L U
4 161 0 0 L U
4 162 0 0 L U
4 163 0 0 L U
4 164 0 0 L U
4 165 0 0 L U
4 166 0 0 L U
4 167 0 0 L U
4 168 0 0 L U
4 169 0 0 L U
4 170 0 0 L U
4 171 0 0 L U
4 172 0 0 L U
4 173 0 0 L U
4 174 0 0 L U
4 175 0 0 L U
4 176 0 0 L U
4 177 0 0 L U
4 178 0 0 L U
4 179 0 0 L U
4 180 0 0 L U
4 181 0 0 L U
4 182 0 0 L U
4 183 0 0 L U
4 184 0 0 L U
4 185 0 0 L U
4 186 0 0 L U
4 187 0 0 L U
4 188 0 0 L U
4 189 0 0 L U
4 190 0 0 L U
4 191 0 0 L U
4 192 0 0 L U
4 193 0 0 L U
4 194 0 0 L U
4 195 0 0 L U
4 196 0 0 L U
4 197 0 0 L U
4 198 0 0 L U
4 199 0 0 L U
5 0 0 0 U D
5 1 0 0 U D
5 2 0 0 U D
5 3 0 0 U D
5 4 0 0 U D
5 5 0 0 U D
5 6 0 0 L L
5 7 0 0 L L
5 8 0 0 L L
5 9 0 0 L L
5 10 0 0 U L
5 11 0 0 L L
5 12 0 0 U L
5 13 0 0 R L
5 14 0 0 R L
5 15 0 0 R D
5 16 0 0 R R
5 17 0 0 D R
5 18 0 0 R R
5 19 0 0 U R
5 20 0 0 L R
5 21 0 0 U R
5 22 0 0 R R
5 23 0 0 R U
5 24 0 0 U R
5 25 0 0 R R
5 26 0 0 D D
5 27 0 0 D L
5 28 0 0 L L
5 29 0 0 L U
5 30 0 0 L L
5 31 0 0 L L
5 32 0 0 L D
5 33 0 0 L R
5 34 0 0 L R
5 35 0 0 L U
5 36 0 0 L R
5 37 0 0 L R
5 38 0 0 L D
5 39 0 0 L L
5 40 0 0 L L
5 41 0 0 L U
5 42 0 0 L L
5 43 0 0 L L
5 44 0 0 L D
5 45 0 0 L R
5 46 0 0 L R
5 47 0 0 L U
5 48 0 0 L R
5 49 0 0 L R
5 50 0 0 L D
5 51 0 0 L L
5 52 0 0 L L
5 53 0 0 L U
5 54 0 0 L L
5 55 0 0 L L
5 56 0 0 L D
5 57 0 0 L R
5 58 0 0 L R
5 59 0 0 L U
5 60 0 0 L R
5 61 0 0 L R
5 62 0 0 L D
5 63 0 0 L L
5 64 0 0 L L
5 65 0 0 L U
5 66 0 0 L L
5 67 0 0 L L
5 68 0 0 L D
5 69 0 0 L R
5 70 0 0 L R
5 71 0 0 L U
5 72 0 0 L R
5 73 0 0 L R
5 74 0 0 L D
5 75 0 0 L L
5 76 0 0 L L
5 77 0 0 L U
5 78 0 0 L L
5 79 0 0 L L
5 80 0 0 L D
5 81 0 0 L R
5 82 0 0 L R
5 83 0 0 L U
5 84 0 0 L R
5 85 0 0 L R
5 86 0 0 L D
5 87 0 0 L L
5 88 0 0 L L
5 89 0 0 L U
5 90 0 0 L L
5 91 0 0 L L
5 92 0 0 L D
5 93 0 0 L R
5 94 0 0 L R
5 95 0 0 L U
5 96 0 0 L R
5 97 0 0 L R
5 98 0 0 L D
5 99 0 0 L L
5 100 0 0 L L
5 101 0 0 L U
5 102 0 0 L L
5 103 0 0 L L
5 104 0 0 L D
5 105 0 0 L R
5 106 0 0 L R
5 107 0 0 L U
5 108 0 0 L R
5 109 0 0 L R
5 110 0 0 L D
5 111 0 0 L L
5 112 0 0 L L
5 113 0 0 L U
5 114 0 0 L L
5 115 0 0 L L
5 116 0 0 L D
5 117 0 0 L R
5 118 0 0 L R
5 119 0 0 L U
5 120 0 0 L R
5 121 0 0 L R
5 122 0 0 L D
5 123 0 0 L L
5 124 0 0 L L
5 125 0 0 L U
5 126 0 0 L L
5 127 0 0 L L
5 128 0 0 L D
5 129 0 0 L R
5 130 0 0 L R
5 131 0 0 L U
5 132 0 0 L R
5 133 0 0 L R
5 134 0 0 L D
5 135 0 0 L L
5 136 0 0 L L
5 137 0 0 L U
5 138 0 0 L L
5 139 0 0 L L
5 140 0 0 L D
5 141 0 0 L R
5 142 0 0 L R
5 143 0 0 L U
5 144 0 0 L R
5 145 0 0 L R
5 146 0 0 L D
5 147 0 0 L L
5 148 0 0 L L
5 149 0 0 L U
5 150 0 0 L L
5 151 0 0 L L
5 152 0 0 L D
5 153 0 0 L R
5 154 0 0 L R
5 155 0 0 L U
5 156 0 0 L R
5 157 0 0 L R
5 158 0 0 L D
5 159 0 0 L L
5 160 0 0 L L
5 161 0 0 L U
5 162 0 0 L L
5 163 0 0 L L
5 164 0 0 L D
5 165 0 0 L R
5 166 0 0 L R
5 167 0 0 L U
5 168 0 0 L R
5 169 0 0 L R
5 170 0 0 L D
5 171 0 0 L L
5 172 0 0 L L
5 173 0 0 L U
5 174 0 0 L L
5 175 0 0 L L
5 176 0 0 L D
5 177 0 0 L R
5 178 0 0 L R
5 179 0 0 L U
5 180 0 0 L R
5 181 0 0 L R
5 182 0 0 L D
5 183 0 0 L L
5 184 0 0 L L
5 185 0 0 L U
5 186 0 0 L L
5 187 0 0 L L
5 188 0 0 L D
5 189 0 0 L R
5 190 0 0 L R
5 191 0 0 L U
5 192 0 0 L R
5 193 0 0 L R
5 194 0 0 L D
5 195 0 0 L L
5 196 0 0 L L
5 197 0 0 L U
5 198 0 0 L L
5 199 0 0 L L
6 0 0 0 U D
6 1 0 0 U D
6 2 0 0 U D
6 3 0 0 U D
6 4 0 0 U D
6 5 0 0 L D
6 6 0 0 U D
6 7 0 0 D D
6 8 0 0 L D
6 9 0 0 L R
6 10 0 0 L R
6 11 0 0 D R
6 12 0 0 D R
6 13 0 0 L D
6 14 0 0 D D
6 15 0 0 R L
6 16 0 0 R D
6 17 0 0 D R
6 18 0 1 R R
6 19 0 1 U U
6 20 0 1 U U
6 21 0 1 L U
6 22 0 1 L L
6 23 0 1 L L
6 24 0 1 L L
6 25 0 1 L L
6 26 0 1 L L
6 27 0 1 L L
6 28 0 1 L U
6 29 0 1 L U
6 30 0 1 L U
6 31 0 1 L U
6 32 0 1 L U
6 33 0 1 L U
6 34 0 1 L U
6 35 0 1 L U
6 36 0 1 L U
6 37 0 1 L U
6 38 0 1 L U
6 39 0 1 L U
6 40 0 1 L U
6 41 0 1 L U
6 42 0 1 L U
6 43 0 1 L U
6 44 0 1 L U
6 45 0 1 L U
6 46 0 1 L U
6 47 0 1 L U
6 48 0 1 L U
6 49 0 1 L U
6 50 0 1 L U
6 51 0 1 L U
6 52 0 1 L U
6 53 0 1 L U
6 54 0 1 L U
6 55 0 1 L U
6 56 0 1 L U
6 57 0 1 L U
6 58 0 1 L U
6 59 0 1 L U
6 60 0 1 L U
6 61 0 1 L U
6 62 0 1 L U
6 63 0 1 L U
6 64 0 1 L U
6 65 0 1 L U
6 66 0 1 L U
6 67 0 1 L U
6 68 0 1 L U
6 69 0 1 L U
6 70 0 1 L U
6 71 0 1 L U
6 72 0 1 L U
6 73 0 1 L U
6 74 0 1 L U
6 75 0 1 L U
6 76 0 1 L U
6 77 0 1 L U
6 78 0 1 L U
6 79 0 1 L U
6 80 0 1 L U
6 81 0 1 L U
6 82 0 1 L U
6 83 0 1 L U
6 84 0 1 L U
6 85 0 1 L U
6 86 0 1 L U
6 87 0 1 L U
6 88 0 1 L U
6 89 0 1 L U
6 90 0 1 L U
6 91 0 1 L U
6 92 0 1 L U
6 93 0 1 L U
6 94 0 1 L U
6 95 0 1 L U
6 96 0 1 L U
6 97 0 1 L U
6 98 0 1 L U
6 99 0 1 L U
6 100 0 1 L U
6 101 0 1 L U
6 102 0 1 L U
6 103 0 1 L U
6 104 0 1 L U
6 105 0 1 L U
6 106 0 1 L U
6 107 0 1 L U
6 108 0 1 L U
6 109 0 1 L U
6 110 0 1 L U
6 111 0 1 L U
6 112 0 1 L U
6 113 0 1 L U
6 114 0 1 L U
6 115 0 1 L U
6 116 0 1 L U
6 117 0 1 L U
6 118 0 1 L U
6 119 0 1 L U
6 120 0 1 L U
6 121 0 1 L U
6 122 0 1 L U
6 123 0 1 L U
6 124 0 1 L U
6 125 0 1 L U
6 126 0 1 L U
6 127 0 1 L U
6 128 0 1 L U
6 129 0 1 L U
6 130 0 1 L U
6 131 0 1 L U
6 132 0 1 L U
6 133 0 1 L U
6 134 0 1 L U
6 135 0 1 L U
6 136 0 1 L U
6 137 0 1 L U
6 138 0 1 L U
6 139 0 1 L U
6 140 0 1 L U
6 141 0 1 L U
6 142 0 1 L U
6 143 0 1 L U
6 144 0 1 L U
6 145 0 1 L U
6 146 0 1 L U
6 147 0 1 L U
6 148 0 1 L U
6 149 0 1 L U
6 150 0 1 L U
6 151 0 1 L U
6 152 0 1 L U
6 153 0 1 L U
6 154 0 1 L U
6 155 0 1 L U
6 156 0 1 L U
6 157 0 1 L U
6 158 0 1 L U
6 159 0 1 L U
6 160 0 1 L U
6 161 0 1 L U
6 162 0 1 L U
6 163 0 1 L U
6 164 0 1 L U
6 165 0 1 L U
6 166 0 1 L U
6 167 0 1 L U
6 168 0 1 L U
6 169 0 1 L U
6 170 0 1 L U
6 171 0 1 L U
6 172 0 1 L U
6 173 0 1 L U
6 174 0 1 L U
6 175 0 1 L U
6 176 0 1 L U
6 177 0 1 L U
6 178 0 1 L U
6 179 0 1 L U
6 180 0 1 L U
6 181 0 1 L U
6 182 0 1 L U
6 183 0 1 L U
6 184 0 1 L U
6 185 0 1 L U
6 186 0 1 L U
6 187 0 1 L U
6 188 0 1 L U
6 189 0 1 L U
6 190 0 1 L U
6 191 0 1 L U
6 192 0 1 L U
6 193 0 1 L U
6 194 0 1 L U
6 195 0 1 L U
6 196 0 1 L U
6 197 0 1 L U
6 198 0 1 L U
6 199 0 1 L U
7 0 0 0 D D
7 1 0 0 D D
7 2 0 0 D D
7 3 0 0 D D
7 4 0 0 D D
7 5 0 0 D D
7 6 0 0 D D
7 7 0 0 D D
7 8 0 0 D D
7 9 0 0 D L
7 10 0 0 L L
7 11 0 0 L L
7 12 0 0 D L
7 13 0 0 L D
7 14 0 0 U L
7 15 0 0 U D
7 16 0 0 U R
7 17 0 0 L R
7 18 0 1 U R
7 19 0 1 R U
7 20 0 1 D U
7 21 0 1 R U
7 22 0 1 U U
7 23 0 1 U U
7 24 0 1 L U
7 25 0 1 L L
7 26 0 1 L L
7 27 0 1 L L
7 28 0 1 L L
7 29 0 1 L L
7 30 0 1 R L
7 31 0 1 U R
7 32 0 1 L D
7 33 0 1 L D
7 34 0 1 L D
7 35 0 1 L D
7 36 0 1 L D
7 37 0 1 L D
7 38 0 1 L D
7 39 0 1 L D
7 40 0 1 L D
7 41 0 1 L D
7 42 0 1 L D
7 43 0 1 L D
7 44 0 1 L D
7 45 0 1 L D
7 46 0 1 L D
7 47 0 1 L D
7 48 0 1 L D
7 49 0 1 L D
7 50 0 1 L D
7 51 0 1 L D
7 52 0 1 L D
7 53 0 1 L D
7 54 0 1 L D
7 55 0 1 L D
7 56 0 1 L D
7 57 0 1 L D
7 58 0 1 L D
7 59 0 1 L D
7 60 0 1 L D
7 61 0 1 L D
7 62 0 1 L D
7 63 0 1 L D
7 64 0 1 L D
7 65 0 1 L D
7 66 0 1 L D
7 67 0 1 L D
7 68 0 1 L D
7 69 0 1 L D
7 70 0 1 L D
7 71 0 1 L D
7 72 0 1 L D
7 73 0 1 L D
7 74 0 1 L D
7 75 0 1 L D
7 76 0 1 L D
7 77 0 1 L D
7 78 0 1 L D
7 79 0 1 L D
7 80 0 1 L D
7 81 0 1 L D
7 82 0 1 L D
7 83 0 1 L D
7 84 0 1 L D
7 85 0 1 L D
7 86 0 1 L D
7 87 0 1 L D
7 88 0 1 L D
7 89 0 1 L D
7 90 0 1 L D
7 91 0 1 L D
7 92 0 1 L D
7 93 0 1 L D
7 94 0 1 L D
7 95 0 1 L D
7 96 0 1 L D
7 97 0 1 L D
7 98 0 1 L D
7 99 0 1 L D
7 100 0 1 L D
7 101 0 1 L D
7 102 0 1 L D
7 103 0 1 L D
7 104 0 1 L D
7 105 0 1 L D
7 106 0 1 L D
7 107 0 1 L D
7 108 0 1 L D
7 109 0 1 L D
7 110 0 1 L D
7 111 0 1 L D
7 112 0 1 L D
7 113 0 1 L D
7 114 0 1 L D
7 115 0 1 L D
7 116 0 1 L D
7 117 0 1 L D
7 118 0 1 L D
7 119 0 1 L D
7 120 0 1 L D
7 121 0 1 L D
7 122 0 1 L D
7 123 0 1 L D
7 124 0 1 L D
7 125 0 1 L D
7 126 0 1 L D
7 127 0 1 L D
7 128 0 1 L D
7 129 0 1 L D
7 130 0 1 L D
7 131 0 1 L D
7 132 0 1 L D
7 133 0 1 L D
7 134 0 1 L D
7 135 0 1 L D
7 136 0 1 L D
7 137 0 1 L D
7 138 0 1 L D
7 139 0 1 L D
7 140 0 1 L D
7 141 0 1 L D
7 142 0 1 L D
7 143 0 1 L D
7 144 0 1 L D
7 145 0 1 L D
7 146 0 1 L D
7 147 0 1 L D
7 148 0 1 L D
7 149 0 1 L D
7 150 0 1 L D
7 151 0 1 L D
7 152 0 1 L D
7 153 0 1 L D
7 154 0 1 L D
7 155 0 1 L D
7 156 0 1 L D
7 157 0 1 L D
7 158 0 1 L D
7 159 0 1 L D
7 160 0 1 L D
7 161 0 1 L D
7 162 0 1 L D
7 163 0 1 L D
7 164 0 1 L D
7 165 0 1 L D
7 166 0 1 L D
7 167 0 1 L D
7 168 0 1 L D
7 169 0 1 L D
7 170 0 1 L D
7 171 0 1 L D
7 172 0 1 L D
7 173 0 1 L D
7 174 0 1 L D
7 175 0 1 L D
7 176 0 1 L D
7 177 0 1 L D
7 178 0 1 L D
7 179 0 1 L D
7 180 0 1 L D
7 181 0 1 L D
7 182 0 1 L D
7 183 0 1 L D
7 184 0 1 L D
7 185 0 1 L D
7 186 0 1 L D
7 187 0 1 L D
7 188 0 1 L D
7 189 0 1 L D
7 190 0 1 L D
7 191 0 1 L D
7 192 0 1 L D
7 193 0 1 L D
7 194 0 1 L D
7 195 0 1 L D
7 196 0 1 L D
7 197 0 1 L D
7 198 0 1 L D
7 199 0 1 L D
8 0 0 0 U R
8 1 0 0 U R
8 2 0 0 U R
8 3 0 0 U R
8 4 0 0 U R
8 5 0 0 U D
8 6 0 0 U D
8 7 0 0 U R
8 8 0 0 U D
8 9 0 0 U L
8 10 0 1 U L
8 11 0 1 U U
8 12 0 1 U U
8 13 0 1 U U
8 14 0 1 L U
8 15 0 1 L U
8 16 0 1 L U
8 17 0 1 L U
8 18 0 1 L U
8 19 0 1 L U
8 20 0 1 D U
8 21 0 1 D U
8 22 0 1 D U
8 23 0 1 L U
8 24 0 1 D R
8 25 0 1 R R
8 26 0 1 R R
8 27 1 1 R D
8 28 1 1 U D
8 29 1 1 U D
8 30 1 1 R D
8 31 1 1 D D
8 32 1 1 D D
8 33 1 1 D D
8 34 1 1 D D
8 35 1 1 D D
8 36 1 1 D D
8 37 1 1 D D
8 38 1 1 D D
8 39 1 1 D D
8 40 1 1 D L
8 41 1 1 D D
8 42 1 1 D D
8 43 1 1 S R
8 44 1 1 D U
8 45 1 1 D U
8 46 1 1 D L
8 47 1 1 D U
8 48 1 1 D U
8 49 1 1 D R
8 50 1 1 D D
8 51 1 1 D D
8 52 1 1 D L
8 53 1 1 D D
8 54 1 1 D D
8 55 1 1 S R
8 56 1 1 D U
8 57 1 1 D U
8 58 1 1 D L
8 59 1 1 D U
8 60 1 1 D U
8 61 1 1 D R
8 62 1 1 D D
8 63 1 1 D D
8 64 1 1 D L
8 65 1 1 D D
8 66 1 1 D D
8 67 1 1 S R
8 68 1 1 D U
8 69 1 1 D U
8 70 1 1 D L
8 71 1 1 D U
8 72 1 1 D U
8 73 1 1 D R
8 74 1 1 D D
8 75 1 1 D D
8 76 1 1 D L
8 77 1 1 D D
8 78 1 1 D D
8 79 1 1 S R
8 80 1 1 D U
8 81 1 1 D U
8 82 1 1 D L
8 83 1 1 D U
8 84 1 1 D U
8 85 1 1 D R
8 86 1 1 D D
8 87 1 1 D D
8 88 1 1 D L
8 89 1 1 D D
8 90 1 1 D D
8 91 1 1 S R
8 92 1 1 D U
8 93 1 1 D U
8 94 1 1 D L
8 95 1 1 D U
8 96 1 1 D U
8 97 1 1 D R
8 98 1 1 D D
8 99 1 1 D D
8 100 1 1 D L
8 101 1 1 D D
8 102 1 1 D D
8 103 1 1 S R
8 104 1 1 D U
8 105 1 1 D U
8 106 1 1 D L
8 107 1 1 D U
8 108 1 1 D U
8 109 1 1 D R
8 110 1 1 D D
8 111 1 1 D D
8 112 1 1 D L
8 113 1 1 D D
8 114 1 1 D D
8 115 1 1 S R
8 116 1 1 D U
8 117 1 1 D U
8 118 1 1 D L
8 119 1 1 D U
8 120 1 1 D U
8 121 1 1 D R
8 122 1 1 D D
8 123 1 1 D D
8 124 1 1 D L
8 125 1 1 D D
8 126 1 1 D D
8 127 1 1 S R
8 128 1 1 D U
8 129 1 1 D U
8 130 1 1 D L
8 131 1 1 D U
8 132 1 1 D U
8 133 1 1 D R
8 134 1 1 D D
8 135 1 1 D D
8 136 1 1 D L
8 137 1 1 D D
8 138 1 1 D D
8 139 1 1 S R
8 140 1 1 D U
8 141 1 1 D U
8 142 1 1 D L
8 143 1 1 D U
8 144 1 1 D U
8 145 1 1 D R
8 146 1 1 D D
8 147 1 1 D D
8 148 1 1 D L
8 149 1 1 D D
8 150 1 1 D D
8 151 1 1 S R
8 152 1 1 D U
8 153 1 1 D U
8 154 1 1 D L
8 155 1 1 D U
8 156 1 1 D U
8 157 1 1 D R
8 158 1 1 D D
8 159 1 1 D D
8 160 1 1 D L
8 161 1 1 D D
8 162 1 1 D D
8 163 1 1 S R
8 164 1 1 D U
8 165 1 1 D U
8 166 1 1 D L
8 167 1 1 D U
8 168 1 1 D U
8 169 1 1 D R
8 170 1 1 D D
8 171 1 1 D D
8 172 1 1 D L
8 173 1 1 D D
8 174 1 1 D D
8 175 1 1 S R
8 176 1 1 D U
8 177 1 1 D U
8 178 1 1 D L
8 179 1 1 D U
8 180 1 1 D U
8 181 1 1 D R
8 182 1 1 D D
8 183 1 1 D D
8 184 1 1 D L
8 185 1 1 D D
8 186 1 1 D D
8 187 1 1 S R
8 188 1 1 D U
8 189 1 1 D U
8 190 1 1 D L
8 191 1 1 D U
8 192 1 1 D U
8 193 1 1 D R
8 194 1 1 D D
8 195 1 1 D D
8 196 1 1 D L
8 197 1 1 D D
8 198 1 1 D D
8 199 1 1 S R
9 0 0 0 R U
9 1 0 0 U U
9 2 0 0 L U
9 3 0 0 L U
9 4 0 0 L U
9 5 0 0 L U
9 6 0 0 U U
9 7 0 0 L U
9 8 0 0 D U
9 9 0 0 D U
9 10 0 0 L D
9 11 0 0 D U
9 12 0 0 D U
9 13 0 0 R U
9 14 0 0 U U
9 15 0 0 U U
9 16 0 0 L U
9 17 0 0 U U
9 18 0 0 R U
9 19 0 0 R U
9 20 0 0 U U
9 21 0 0 R U
9 22 0 0 D U
9 23 0 0 D U
9 24 0 0 R R
9 25 0 0 R R
9 26 0 0 R R
9 27 0 0 R R
9 28 0 0 R R
9 29 0 0 R D
9 30 0 0 D U
9 31 0 0 D U
9 32 0 0 U R
9 33 0 0 L D
9 34 0 0 L D
9 35 0 0 L D
9 36 0 0 L D
9 37 0 0 L D
9 38 0 0 L D
9 39 0 0 L D
9 40 0 0 L D
9 41 0 0 L D
9 42 0 0 L D
9 43 0 0 L D
9 44 0 0 L D
9 45 0 0 L D
9 46 0 0 L D
9 47 0 0 L D
9 48 0 0 L D
9 49 0 0 L D
9 50 0 0 L D
9 51 0 0 L D
9 52 0 0 L D
9 53 0 0 L D
9 54 0 0 L D
9 55 0 0 L D
9 56 0 0 L D
9 57 0 0 L D
9 58 0 0 L D
9 59 0 0 L D
9 60 0 0 L D
9 61 0 0 L D
9 62 0 0 L D
9 63 0 0 L D
9 64 0 0 L D
9 65 0 0 L D
9 66 0 0 L D
9 67 0 0 L D
9 68 0 0 L D
9 69 0 0 L D
9 70 0 0 L D
9 71 0 0 L D
9 72 0 0 L D
9 73 0 0 L D
9 74 0 0 L D
9 75 0 0 L D
9 76 0 0 L D
9 77 0 0 L D
9 78 0 0 L D
9 79 0 0 L D
9 80 0 0 L D
9 81 0 0 L D
9 82 0 0 L D
9 83 0 0 L D
9 84 0 0 L D
9 85 0 0 L D
9 86 0 0 L D
9 87 0 0 L D
9 88 0 0 L D
9 89 0 0 L D
9 90 0 0 L D
9 91 0 0 L D
9 92 0 0 L D
9 93 0 0 L D
9 94 0 0 L D
9 95 0 0 L D
9 96 0 0 L D
9 97 0 0 L D
9 98 0 0 L D
9 99 0 0 L D
9 100 0 0 L D
9 101 0 0 L D
9 102 0 0 L D
9 103 0 0 L D
9 104 0 0 L D
9 105 0 0 L D
9 106 0 0 L D
9 107 0 0 L D
9 108 0 0 L D
9 109 0 0 L D
9 110 0 0 L D
9 111 0 0 L D
9 112 0 0 L D
9 113 0 0 L D
9 114 0 0 L D
9 115 0 0 L D
9 116 0 0 L D
9 117 0 0 L D
9 118 0 0 L D
9 119 0 0 L D
9 120 0 0 L D
9 121 0 0 L D
9 122 0 0 L D
9 123 0 0 L D
9 124 0 0 L D
9 125 0 0 L D
9 126 0 0 L D
9 127 0 0 L D
9 128 0 0 L D
9 129 0 0 L D
9 130 0 0 L D
9 131 0 0 L D
9 132 0 0 L D
9 133 0 0 L D
9 134 0 0 L D
9 135 0 0 L D
9 136 0 0 L D
9 137 0 0 L D
9 138 0 0 L D
9 139 0 0 L D
9 140 0 0 L D
9 141 0 0 L D
9 142 0 0 L D
9 143 0 0 L D
9 144 0 0 L D
9 145 0 0 L D
9 146 0 0 L D
9 147 0 0 L D
9 148 0 0 L D
9 149 0 0 L D
9 150 0 0 L D
9 151 0 0 L D
9 152 0 0 L D
9 153 0 0 L D
9 154 0 0 L D
9 155 0 0 L D
9 156 0 0 L D
9 157 0 0 L D
9 158 0 0 L D
9 159 0 0 L D
9 160 0 0 L D
9 161 0 0 L D
9 162 0 0 L D
9 163 0 0 L D
9 164 0 0 L D
9 165 0 0 L D
9 166 0 0 L D
9 167 0 0 L D
9 168 0 0 L D
9 169 0 0 L D
9 170 0 0 L D
9 171 0 0 L D
9 172 0 0 L D
9 173 0 0 L D
9 174 0 0 L D
9 175 0 0 L D
9 176 0 0 L D
9 177 0 0 L D
9 178 0 0 L D
9 179 0 0 L D
9 180 0 0 L D
9 181 0 0 L D
9 182 0 0 L D
9 183 0 0 L D
9 184 0 0 L D
9 185 0 0 L D
9 186 0 0 L D
9 187 0 0 L D
9 188 0 0 L D
9 189 0 0 L D
9 190 0 0 L D
9 191 0 0 L D
9 192 0 0 L D
9 193 0 0 L D
9 194 0 0 L D
9 195 0 0 L D
9 196 0 0 L D
9 197 0 0 L D
9 198 0 0 L D
9 199 0 0 L D
10 0 0 0 U D
10 1 0 0 U D
10 2 0 0 U D
10 3 0 0 U D
10 4 0 0 U D
10 5 0 0 U R
10 6 0 0 U R
10 7 0 0 U R
10 8 0 0 U D
10 9 0 0 L L
10 10 0 0 L D
10 11 0 1 L R
10 12 0 1 L D
10 13 0 1 L D
10 14 0 1 L L
10 15 0 1 L L
10 16 0 1 L U
10 17 0 1 L L
10 18 0 1 U U
10 19 0 1 L R
10 20 0 1 U R
10 21 0 2 R R
10 22 0 2 U U
10 23 0 2 R U
10 24 1 2 D U
10 25 1 2 S S
10 26 1 2 S S
10 27 1 2 S S
10 28 1 2 S S
10 29 1 2 S S
10 30 1 2 S S
10 31 1 2 S S
10 32 1 2 S S
10 33 1 2 S S
10 34 1 2 S S
10 35 1 2 S S
10 36 1 2 S S
10 37 1 2 S S
10 38 1 2 S S
10 39 1 2 S S
10 40 1 2 S S
10 41 1 2 S S
10 42 1 2 S S
10 43 1 2 S S
10 44 1 2 S S
10 45 1 2 S S
10 46 1 2 S S
10 47 1 2 S S
10 48 1 2 S S
10 49 1 2 S S
10 50 1 2 S S
10 51 1 2 S S
10 52 1 2 S S
10 53 1 2 S S
10 54 1 2 S S
10 55 1 2 S S
10 56 1 2 S S
10 57 1 2 S S
10 58 1 2 S S
10 59 1 2 S S
10 60 1 2 S S
10 61 1 2 S S
10 62 1 2 S S
10 63 1 2 S S
10 64 1 2 S S
10 65 1 2 S S
10 66 1 2 S S
10 67 1 2 S S
10 68 1 2 S S
10 69 1 2 S S
10 70 1 2 S S
10 71 1 2 S S
10 72 1 2 S S
10 73 1 2 S S
10 74 1 2 S S
10 75 1 2 S S
10 76 1 2 S S
10 77 1 2 S S
10 78 1 2 S S
10 79 1 2 S S
10 80 1 2 S S
10 81 1 2 S S
10 82 1 2 S S
10 83 1 2 S S
10 84 1 2 S S
10 85 1 2 S S
10 86 1 2 S S
10 87 1 2 S S
10 88 1 2 S S
10 89 1 2 S S
10 90 1 2 S S
10 91 1 2 S S
10 92 1 2 S S
10 93 1 2 S S
10 94 1 2 S S
10 95 1 2 S S
10 96 1 2 S S
10 97 1 2 S S
10 98 1 2 S S
10 99 1 2 S S
10 100 1 2 S S
10 101 1 2 S S
10 102 1 2 S S
10 103 1 2 S S
10 104 1 2 S S
10 105 1 2 S S
10 106 1 2 S S
10 107 1 2 S S
10 108 1 2 S S
10 109 1 2 S S
10 110 1 2 S S
10 111 1 2 S S
10 112 1 2 S S
10 113 1 2 S S
10 114 1 2 S S
10 115 1 2 S S
10 116 1 2 S S
10 117 1 2 S S
10 118 1 2 S S
10 119 1 2 S S
10 120 1 2 S S
10 121 1 2 S S
10 122 1 2 S S
10 123 1 2 S S
10 124 1 2 S S
10 125 1 2 S S
10 126 1 2 S S
10 127 1 2 S S
10 128 1 2 S S
10 129 1 2 S S
10 130 1 2 S S
10 131 1 2 S S
10 132 1 2 S S
10 133 1 2 S S
10 134 1 2 S S
10 135 1 2 S S
10 136 1 2 S S
10 137 1 2 S S
10 138 1 2 S S
10 139 1 2 S S
10 140 1 2 S S
10 141 1 2 S S
10 142 1 2 S S
10 143 1 2 S S
10 144 1 2 S S
10 145 1 2 S S
10 146 1 2 S S
10 147 1 2 S S
10 148 1 2 S S
10 149 1 2 S S
10 150 1 2 S S
10 151 1 2 S S
10 152 1 2 S S
10 153 1 2 S S
10 154 1 2 S S
10 155 1 2 S S
10 156 1 2 S S
10 157 1 2 S S
10 158 1 2 S S
10 159 1 2 S S
10 160 1 2 S S
10 161 1 2 S S
10 162 1 2 S S
10 163 1 2 S S
10 164 1 2 S S
10 165 1 2 S S
10 166 1 2 S S
10 167 1 2 S S
10 168 1 2 S S
10 169 1 2 S S
10 170 1 2 S S
10 171 1 2 S S
10 172 1 2 S S
10 173 1 2 S S
10 174 1 2 S S
10 175 1 2 S S
10 176 1 2 S S
10 177 1 2 S S
10 178 1 2 S S
10 179 1 2 S S
10 180 1 2 S S
10 181 1 2 S S
10 182 1 2 S S
10 183 1 2 S S
10 184 1 2 S S
10 185 1 2 S S
10 186 1 2 S S
10 187 1 2 S S
10 188 1 2 S S
10 189 1 2 S S
10 190 1 2 S S
10 191 1 2 S S
10 192 1 2 S S
10 193 1 2 S S
10 194 1 2 S S
10 195 1 2 S S
10 196 1 2 S S
10 197 1 2 S S
10 198 1 2 S S
10 199 1 2 S S
11 0 0 0 U D
11 1 0 0 U D
11 2 0 0 U D
11 3 0 0 U R
11 4 0 0 U R
11 5 0 0 U R
11 6 0 0 U R
11 7 0 0 U R
11 8 0 0 U R
11 9 0 0 L R
11 10 0 0 L R
11 11 0 0 L R
11 12 0 0 L R
11 13 0 0 L L
11 14 0 0 L L
11 15 0 0 L L
11 16 0 0 D L
11 17 0 0 L D
11 18 0 0 L D
11 19 0 0 L D
11 20 0 0 L D
11 21 0 0 L D
11 22 0 0 L D
11 23 0 0 L D
11 24 0 0 L D
11 25 0 0 L D
11 26 0 0 L D
11 27 0 0 L D
11 28 0 0 L D
11 29 0 0 L D
11 30 0 0 L D
11 31 0 0 L D
11 32 0 0 L D
11 33 0 0 L D
11 34 0 0 L D
11 35 0 0 L D
11 36 0 0 L D
11 37 0 0 L D
11 38 0 0 L D
11 39 0 0 L D
11 40 0 0 L D
11 41 0 0 L D
11 42 0 0 L D
11 43 0 0 L D
11 44 0 0 L D
11 45 0 0 L D
11 46 0 0 L D
11 47 0 0 L D
11 48 0 0 L D
11 49 0 0 L D
11 50 0 0 L D
11 51 0 0 L D
11 52 0 0 L D
11 53 0 0 L D
11 54 0 0 L D
11 55 0 0 L D
11 56 0 0 L D
11 57 0 0 L D
11 58 0 0 L D
11 59 0 0 L D
11 60 0 0 L D
11 61 0 0 L D
11 62 0 0 L D
11 63 0 0 L D
11 64 0 0 L D
11 65 0 0 L D
11 66 0 0 L D
11 67 0 0 L D
11 68 0 0 L D
11 69 0 0 L D
11 70 0 0 L D
11 71 0 0 L D
11 72 0 0 L D
11 73 0 0 L D
11 74 0 0 L D
11 75 0 0 L D
11 76 0 0 L D
11 77 0 0 L D
11 78 0 0 L D
11 79 0 0 L D
11 80 0 0 L D
11 81 0 0 L D
11 82 0 0 L D
11 83 0 0 L D
11 84 0 0 L D
11 85 0 0 L D
11 86 0 0 L D
11 87 0 0 L D
11 88 0 0 L D
11 89 0 0 L D
11 90 0 0 L D
11 91 0 0 L D
11 92 0 0 L D
11 93 0 0 L D
11 94 0 0 L D
11 95 0 0 L D
11 96 0 0 L D
11 97 0 0 L D
11 98 0 0 L D
11 99 0 0 L D
11 100 0 0 L D
11 101 0 0 L D
11 102 0 0 L D
11 103 0 0 L D
11 104 0 0 L D
11 105 0 0 L D
11 106 0 0 L D
11 107 0 0 L D
11 108 0 0 L D
11 109 0 0 L D
11 110 0 0 L D
11 111 0 0 L D
11 112 0 0 L D
11 113 0 0 L D
11 114 0 0 L D
11 115 0 0 L D
11 116 0 0 L D
11 117 0 0 L D
11 118 0 0 L D
11 119 0 0 L D
11 120 0 0 L D
11 121 0 0 L D
11 122 0 0 L D
11 123 0 0 L D
11 124 0 0 L D
11 125 0 0 L D
11 126 0 0 L D
11 127 0 0 L D
11 128 0 0 L D
11 129 0 0 L D
11 130 0 0 L D
11 131 0 0 L D
11 132 0 0 L D
11 133 0 0 L D
11 134 0 0 L D
11 135 0 0 L D
11 136 0 0 L D
11 137 0 0 L D
11 138 0 0 L D
11 139 0 0 L D
11 140 0 0 L D
11 141 0 0 L D
11 142 0 0 L D
11 143 0 0 L D
11 144 0 0 L D
11 145 0 0 L D
11 146 0 0 L D
11 147 0 0 L D
11 148 0 0 L D
11 149 0 0 L D
11 150 0 0 L D
11 151 0 0 L D
11 152 0 0 L D
11 153 0 0 L D
11 154 0 0 L D
11 155 0 0 L D
11 156 0 0 L D
11 157 0 0 L D
11 158 0 0 L D
11 159 0 0 L D
11 160 0 0 L D
11 161 0 0 L D
11 162 0 0 L D
11 163 0 0 L D
11 164 0 0 L D
11 165 0 0 L D
11 166 0 0 L D
11 167 0 0 L D
11 168 0 0 L D
11 169 0 0 L D
11 170 0 0 L D
11 171 0 0 L D
11 172 0 0 L D
11 173 0 0 L D
11 174 0 0 L D
11 175 0 0 L D
11 176 0 0 L D
11 177 0 0 L D
11 178 0 0 L D
11 179 0 0 L D
11 180 0 0 L D
11 181 0 0 L D
11 182 0 0 L D
11 183 0 0 L D
11 184 0 0 L D
11 185 0 0 L D
11 186 0 0 L D
11 187 0 0 L D
11 188 0 0 L D
11 189 0 0 L D
11 190 0 0 L D
11 191 0 0 L D
11 192 0 0 L D
11 193 0 0 L D
11 194 0 0 L D
11 195 0 0 L D
11 196 0 0 L D
11 197 0 0 L D
11 198 0 0 L D
11 199 0 0 L D
12 0 0 0 U U
12 1 0 0 U U
12 2 0 0 U U
12 3 0 0 U U
12 4 0 0 U L
12 5 0 0 U U
12 6 0 0 U R
12 7 0 0 U R
12 8 0 0 U U
12 9 0 0 U R
12 10 0 0 U D
12 11 0 0 U D
12 12 0 0 R D
12 13 0 0 R D
12 14 0 0 R D
12 15 0 0 R D
12 16 0 1 R D
12 17 0 1 U U
12 18 0 1 R U
12 19 0 1 D U
12 20 0 1 L U
12 21 0 1 D U
12 22 0 1 R U
12 23 0 1 U U
12 24 0 1 R U
12 25 0 1 D D
12 26 0 1 D D
12 27 0 1 L D
12 28 0 1 L L
12 29 0 1 L L
12 30 0 1 L L
12 31 0 1 L L
12 32 0 1 R L
12 33 0 1 D U
12 34 0 1 D U
12 35 0 1 L R
12 36 0 1 R R
12 37 0 1 R R
12 38 0 1 R R
12 39 0 1 R U
12 40 0 1 R D
12 41 0 1 L U
12 42 0 1 R D
12 43 0 1 L U
12 44 0 1 R D
12 45 0 1 L U
12 46 0 1 R D
12 47 0 1 L U
12 48 0 1 R D
12 49 0 1 L U
12 50 0 1 R D
12 51 0 1 L U
12 52 0 1 R D
12 53 0 1 L U
12 54 0 1 R D
12 55 0 1 L U
12 56 0 1 R D
12 57 0 1 L U
12 58 0 1 R D
12 59 0 1 L U
12 60 0 1 R D
12 61 0 1 L U
12 62 0 1 R D
12 63 0 1 L U
12 64 0 1 R D
12 65 0 1 L U
12 66 0 1 R D
12 67 0 1 L U
12 68 0 1 R D
12 69 0 1 L U
12 70 0 1 R D
12 71 0 1 L U
12 72 0 1 R D
12 73 0 1 L U
12 74 0 1 R D
12 75 0 1 L U
12 76 0 1 R D
12 77 0 1 L U
12 78 0 1 R D
12 79 0 1 L U
12 80 0 1 R D
12 81 0 1 L U
12 82 0 1 R D
12 83 0 1 L U
12 84 0 1 R D
12 85 0 1 L U
12 86 0 1 R D
12 87 0 1 L U
12 88 0 1 R D
12 89 0 1 L U
12 90 0 1 R D
12 91 0 1 L U
12 92 0 1 R D
12 93 0 1 L U
12 94 0 1 R D
12 95 0 1 L U
12 96 0 1 R D
12 97 0 1 L U
12 98 0 1 R D
12 99 0 1 L U
12 100 0 1 R D
12 101 0 1 L U
12 102 0 1 R D
12 103 0 1 L U
12 104 0 1 R D
12 105 0 1 L U
12 106 0 1 R D
12 107 0 1 L U
12 108 0 1 R D
12 109 0 1 L U
12 110 0 1 R D
12 111 0 1 L U
12 112 0 1 R D
12 113 0 1 L U
12 114 0 1 R D
12 115 0 1 L U
12 116 0 1 R D
12 117 0 1 L U
12 118 0 1 R D
12 119 0 1 L U
12 120 0 1 R D
12 121 0 1 L U
12 122 0 1 R D
12 123 0 1 L U
12 124 0 1 R D
12 125 0 1 L U
12 126 0 1 R D
12 127 0 1 L U
12 128 0 1 R D
12 129 0 1 L U
12 130 0 1 R D
12 131 0 1 L U
12 132 0 1 R D
12 133 0 1 L U
12 134 0 1 R D
12 135 0 1 L U
12 136 0 1 R D
12 137 0 1 L U
12 138 0 1 R D
12 139 0 1 L U
12 140 0 1 R D
12 141 0 1 L U
12 142 0 1 R D
12 143 0 1 L U
12 144 0 1 R D
12 145 0 1 L U
12 146 0 1 R D
12 147 0 1 L U
12 148 0 1 R D
12 149 0 1 L U
12 150 0 1 R D
12 151 0 1 L U
12 152 0 1 R D
12 153 0 1 L U
12 154 0 1 R D
12 155 0 1 L U
12 156 0 1 R D
12 157 0 1 L U
12 158 0 1 R D
12 159 0 1 L U
12 160 0 1 R D
12 161 0 1 L U
12 162 0 1 R D
12 163 0 1 L U
12 164 0 1 R D
12 165 0 1 L U
12 166 0 1 R D
12 167 0 1 L U
12 168 0 1 R D
12 169 0 1 L U
12 170 0 1 R D
12 171 0 1 L U
12 172 0 1 R D
12 173 0 1 L U
12 174 0 1 R D
12 175 0 1 L U
12 176 0 1 R D
12 177 0 1 L U
12 178 0 1 R D
12 179 0 1 L U
12 180 0 1 R D
12 181 0 1 L U
12 182 0 1 R D
12 183 0 1 L U
12 184 0 1 R D
12 185 0 1 L U
12 186 0 1 R D
12 187 0 1 L U
12 188 0 1 R D
12 189 0 1 L U
12 190 0 1 R D
12 191 0 1 L U
12 192 0 1 R D
12 193 0 1 L U
12 194 0 1 R D
12 195 0 1 L U
12 196 0 1 R D
12 197 0 1 L U
12 198 0 1 R D
12 199 0 1 L U
13 0 0 0 L U
13 1 0 0 L U
13 2 0 0 L U
13 3 0 0 L R
13 4 0 0 L R
13 5 0 0 L R
13 6 0 0 D R
13 7 0 0 L U
13 8 0 0 L R
13 9 0 0 U D
13 10 0 0 R D
13 11 0 1 R D
13 12 0 1 D U
13 13 0 1 R U
13 14 0 1 R U
13 15 0 1 U U
13 16 0 1 L U
13 17 0 1 L U
13 18 0 1 D U
13 19 0 1 L R
13 20 0 1 L D
13 21 0 1 U D
13 22 0 1 R D
13 23 0 1 R D
13 24 0 1 D D
13 25 0 1 R D
13 26 0 1 R D
13 27 0 1 U R
13 28 0 1 L D
13 29 0 2 L L
13 30 0 2 D S
13 31 0 2 L U
13 32 0 2 L U
13 33 0 2 U U
13 34 0 2 R S
13 35 0 2 R S
13 36 0 2 D S
13 37 0 2 R U
13 38 0 2 R U
13 39 0 2 U U
13 40 0 2 L S
13 41 0 2 L S
13 42 0 2 D S
13 43 0 2 L U
13 44 0 2 L U
13 45 0 2 U U
13 46 0 2 R S
13 47 0 2 R S
13 48 0 2 D S
13 49 0 2 R U
13 50 0 2 R L
13 51 0 2 U L
13 52 0 2 L S
13 53 0 2 L S
13 54 0 2 D S
13 55 0 2 L L
13 56 0 2 L L
13 57 0 2 U L
13 58 0 2 R S
13 59 0 2 R S
13 60 0 2 D S
13 61 0 2 R U
13 62 0 2 R L
13 63 0 2 U U
13 64 0 2 L S
13 65 0 2 L S
13 66 0 2 R S
13 67 0 2 D L
13 68 0 2 D L
13 69 0 2 L U
13 70 0 2 U R
13 71 0 2 L R
13 72 0 2 U R
13 73 0 2 R R
13 74 0 2 R R
13 75 0 2 R R
13 76 0 2 R R
13 77 0 2 D D
13 78 0 2 D R
13 79 0 2 R R
13 80 0 2 R U
13 81 0 2 U L
13 82 0 2 R L
13 83 0 2 L D
13 84 0 2 L D
13 85 0 2 L D
13 86 0 2 L D
13 87 0 2 L D
13 88 0 2 L D
13 89 0 2 L D
13 90 0 2 L D
13 91 0 2 L D
13 92 0 2 L D
13 93 0 2 L D
13 94 0 2 L D
13 95 0 2 L D
13 96 0 2 L D
13 97 0 2 L D
13 98 0 2 L D
13 99 0 2 L D
13 100 0 2 L D
13 101 0 2 L D
13 102 0 2 L D
13 103 0 2 L D
13 104 0 2 L D
13 105 0 2 L D
13 106 0 2 L D
13 107 0 2 L D
13 108 0 2 L D
13 109 0 2 L D
13 110 0 2 L D
13 111 0 2 L D
13 112 0 2 L D
13 113 0 2 L D
13 114 0 2 L D
13 115 0 2 L D
13 116 0 2 L D
13 117 0 2 L D
13 118 0 2 L D
13 119 0 2 L D
13 120 0 2 L D
13 121 0 2 L D
13 122 0 2 L D
13 123 0 2 L D
13 124 0 2 L D
13 125 0 2 L D
13 126 0 2 L D
13 127 0 2 L D
13 128 0 2 L D
13 129 0 2 L D
13 130 0 2 L D
13 131 0 2 L D
13 132 0 2 L D
13 133 0 2 L D
13 134 0 2 L D
13 135 0 2 L D
13 136 0 2 L D
13 137 0 2 L D
13 138 0 2 L D
13 139 0 2 L D
13 140 0 2 L D
13 141 0 2 L D
13 142 0 2 L D
13 143 0 2 L D
13 144 0 2 L D
13 145 0 2 L D
13 146 0 2 L D
13 147 0 2 L D
13 148 0 2 L D
13 149 0 2 L D
13 150 0 2 L D
13 151 0 2 L D
13 152 0 2 L D
13 153 0 2 L D
13 154 0 2 L D
13 155 0 2 L D
13 156 0 2 L D
13 157 0 2 L D
13 158 0 2 L D
13 159 0 2 L D
13 160 0 2 L D
13 161 0 2 L D
13 162 0 2 L D
13 163 0 2 L D
13 164 0 2 L D
13 165 0 2 L D
13 166 0 2 L D
13 167 0 2 L D
13 168 0 2 L D
13 169 0 2 L D
13 170 0 2 L D
13 171 0 2 L D
13 172 0 2 L D
13 173 0 2 L D
13 174 0 2 L D
13 175 0 2 L D
13 176 0 2 L D
13 177 0 2 L D
13 178 0 2 L D
13 179 0 2 L D
13 180 0 2 L D
13 181 0 2 L D
13 182 0 2 L D
13 183 0 2 L D
13 184 0 2 L D
13 185 0 2 L D
13 186 0 2 L D
13 187 0 2 L D
13 188 0 2 L D
13 189 0 2 L D
13 190 0 2 L D
13 191 0 2 L D
13 192 0 2 L D
13 193 0 2 L D
13 194 0 2 L D
13 195 0 2 L D
13 196 0 2 L D
13 197 0 2 L D
13 198 0 2 L D
13 199 0 2 L D
14 0 0 0 D D
14 1 0 0 D D
14 2 0 0 R D
14 3 0 0 D L
14 4 0 0 D L
14 5 0 0 L L
14 6 0 0 D L
14 7 1 0 R L
14 8 1 0 R D
14 9 1 0 D D
14 10 1 0 D D
14 11 1 0 D D
14 12 1 0 D D
14 13 1 0 D D
14 14 1 0 D L
14 15 1 0 D D
14 16 1 0 D R
14 17 1 0 D R
14 18 1 1 D R
14 19 1 1 L D
14 20 1 1 L U
14 21 1 1 U L
14 22 1 1 U U
14 23 1 1 U U
14 24 1 1 U U
14 25 1 1 U U
14 26 1 1 L L
14 27 1 1 U U
14 28 2 1 R L
14 29 2 1 S S
14 30 2 1 S S
14 31 2 1 S S
14 32 2 1 S S
14 33 2 1 S S
14 34 2 1 S S
14 35 2 1 S S
14 36 2 1 S S
14 37 2 1 S S
14 38 2 1 S S
14 39 2 1 S S
14 40 2 1 S S
14 41 2 1 S S
14 42 2 1 S S
14 43 2 1 S S
14 44 2 1 S S
14 45 2 1 S S
14 46 2 1 S S
14 47 2 1 S S
14 48 2 1 S S
14 49 2 1 S S
14 50 2 1 S S
14 51 2 1 S S
14 52 2 1 S S
14 53 2 1 S S
14 54 2 1 S S
14 55 2 1 S S
14 56 2 1 S S
14 57 2 1 S S
14 58 2 1 S S
14 59 2 1 S S
14 60 2 1 S S
14 61 2 1 S S
14 62 2 1 S S
14 63 2 1 S S
14 64 2 1 S S
14 65 2 1 S S
14 66 2 1 S S
14 67 2 1 S S
14 68 2 1 S S
14 69 2 1 S S
14 70 2 1 S S
14 71 2 1 S S
14 72 2 1 S S
14 73 2 1 S S
14 74 2 1 S S
14 75 2 1 S S
14 76 2 1 S S
14 77 2 1 S S
14 78 2 1 S S
14 79 2 1 S S
14 80 2 1 S S
14 81 2 1 S S
14 82 2 1 S S
14 83 2 1 S S
14 84 2 1 S S
14 85 2 1 S S
14 86 2 1 S S
14 87 2 1 S S
14 88 2 1 S S
14 89 2 1 S S
14 90 2 1 S S
14 91 2 1 S S
14 92 2 1 S S
14 93 2 1 S S
14 94 2 1 S S
14 95 2 1 S S
14 96 2 1 S S
14 97 2 1 S S
14 98 2 1 S S
14 99 2 1 S S
14 100 2 1 S S
14 101 2 1 S S
14 102 2 1 S S
14 103 2 1 S S
14 104 2 1 S S
14 105 2 1 S S
14 106 2 1 S S
14 107 2 1 S S
14 108 2 1 S S
14 109 2 1 S S
14 110 2 1 S S
14 111 2 1 S S
14 112 2 1 S S
14 113 2 1 S S
14 114 2 1 S S
14 115 2 1 S S
14 116 2 1 S S
14 117 2 1 S S
14 118 2 1 S S
14 119 2 1 S S
14 120 2 1 S S
14 121 2 1 S S
14 122 2 1 S S
14 123 2 1 S S
14 124 2 1 S S
14 125 2 1 S S
14 126 2 1 S S
14 127 2 1 S S
14 128 2 1 S S
14 129 2 1 S S
14 130 2 1 S S
14 131 2 1 S S
14 132 2 1 S S
14 133 2 1 S S
14 134 2 1 S S
14 135 2 1 S S
14 136 2 1 S S
14 137 2 1 S S
14 138 2 1 S S
14 139 2 1 S S
14 140 2 1 S S
14 141 2 1 S S
14 142 2 1 S S
14 143 2 1 S S
14 144 2 1 S S
14 145 2 1 S S
14 146 2 1 S S
14 147 2 1 S S
14 148 2 1 S S
14 149 2 1 S S
14 150 2 1 S S
14 151 2 1 S S
14 152 2 1 S S
14 153 2 1 S S
14 154 2 1 S S
14 155 2 1 S S
14 156 2 1 S S
14 157 2 1 S S
14 158 2 1 S S
14 159 2 1 S S
14 160 2 1 S S
14 161 2 1 S S
14 162 2 1 S S
14 163 2 1 S S
14 164 2 1 S S
14 165 2 1 S S
14 166 2 1 S S
14 167 2 1 S S
14 168 2 1 S S
14 169 2 1 S S
14 170 2 1 S S
14 171 2 1 S S
14 172 2 1 S S
14 173 2 1 S S
14 174 2 1 S S
14 175 2 1 S S
14 176 2 1 S S
14 177 2 1 S S
14 178 2 1 S S
14 179 2 1 S S
14 180 2 1 S S
14 181 2 1 S S
14 182 2 1 S S
14 183 2 1 S S
14 184 2 1 S S
14 185 2 1 S S
14 186 2 1 S S
14 187 2 1 S S
14 188 2 1 S S
14 189 2 1 S S
14 190 2 1 S S
14 191 2 1 S S
14 192 2 1 S S
14 193 2 1 S S
14 194 2 1 S S
14 195 2 1 S S
14 196 2 1 S S
14 197 2 1 S S
14 198 2 1 S S
14 199 2 1 S S
15 0 0 0 U D
15 1 0 0 U D
15 2 0 0 U D
15 3 0 0 U D
15 4 0 0 U D
15 5 0 0 U D
15 6 0 0 U L
15 7 0 0 U L
15 8 0 0 U L
15 9 0 0 U L
15 10 0 0 U L
15 11 0 0 U L
15 12 0 0 U L
15 13 0 0 U U
15 14 0 0 L L
15 15 0 0 L U
15 16 0 0 L R
15 17 0 0 D R
15 18 0 1 D R
15 19 0 1 D U
15 20 0 1 R U
15 21 0 1 D U
15 22 0 1 L U
15 23 0 1 L U
15 24 0 1 D U
15 25 0 1 L R
15 26 0 1 U R
15 27 0 1 L R
15 28 0 1 L D
15 29 0 1 L D
15 30 0 1 L D
15 31 0 1 L D
15 32 0 1 L D
15 33 0 1 L R
15 34 0 1 L D
15 35 0 1 L L
15 36 0 2 L L
15 37 0 2 L U
15 38 0 2 L U
15 39 0 2 L U
15 40 0 2 L U
15 41 0 2 L U
15 42 0 2 L U
15 43 0 2 L U
15 44 0 2 L L
15 45 0 2 L L
15 46 0 2 L L
15 47 0 2 L L
15 48 0 2 L L
15 49 0 2 L L
15 50 0 2 L U
15 51 0 2 L U
15 52 0 2 L U
15 53 0 2 L U
15 54 0 2 L U
15 55 0 2 L U
15 56 0 2 L U
15 57 0 2 L U
15 58 0 2 L U
15 59 0 2 L U
15 60 0 2 L U
15 61 0 2 L U
15 62 0 2 L U
15 63 0 2 L U
15 64 0 2 L U
15 65 0 2 L U
15 66 0 2 L U
15 67 0 2 L U
15 68 0 2 L U
15 69 0 2 L U
15 70 0 2 L U
15 71 0 2 L U
15 72 0 2 L U
15 73 0 2 L U
15 74 0 2 L U
15 75 0 2 L U
15 76 0 2 L U
15 77 0 2 L U
15 78 0 2 L U
15 79 0 2 L U
15 80 0 2 L U
15 81 0 2 L U
15 82 0 2 L U
15 83 0 2 L U
15 84 0 2 L U
15 85 0 2 L U
15 86 0 2 L U
15 87 0 2 L U
15 88 0 2 L U
15 89 0 2 L U
15 90 0 2 L U
15 91 0 2 L U
15 92 0 2 L U
15 93 0 2 L U
15 94 0 2 L U
15 95 0 2 L U
15 96 0 2 L U
15 97 0 2 L U
15 98 0 2 L U
15 99 0 2 L U
15 100 0 2 L U
15 101 0 2 L U
15 102 0 2 L U
15 103 0 2 L U
15 104 0 2 L U
15 105 0 2 L U
15 106 0 2 L U
15 107 0 2 L U
15 108 0 2 L U
15 109 0 2 L U
15 110 0 2 L U
15 111 0 2 L U
15 112 0 2 L U
15 113 0 2 L U
15 114 0 2 L U
15 115 0 2 L U
15 116 0 2 L U
15 117 0 2 L U
15 118 0 2 L U
15 119 0 2 L U
15 120 0 2 L U
15 121 0 2 L U
15 122 0 2 L U
15 123 0 2 L U
15 124 0 2 L U
15 125 0 2 L U
15 126 0 2 L U
15 127 0 2 L U
15 128 0 2 L U
15 129 0 2 L U
15 130 0 2 L U
15 131 0 2 L U
15 132 0 2 L U
15 133 0 2 L U
15 134 0 2 L U
15 135 0 2 L U
15 136 0 2 L U
15 137 0 2 L U
15 138 0 2 L U
15 139 0 2 L U
15 140 0 2 L U
15 141 0 2 L U
15 142 0 2 L U
15 143 0 2 L U
15 144 0 2 L U
15 145 0 2 L U
15 146 0 2 L U
15 147 0 2 L U
15 148 0 2 L U
15 149 0 2 L U
15 150 0 2 L U
15 151 0 2 L U
15 152 0 2 L U
15 153 0 2 L U
15 154 0 2 L U
15 155 0 2 L U
15 156 0 2 L U
15 157 0 2 L U
15 158 0 2 L U
15 159 0 2 L U
15 160 0 2 L U
15 161 0 2 L U
15 162 0 2 L U
15 163 0 2 L U
15 164 0 2 L U
15 165 0 2 L U
15 166 0 2 L U
15 167 0 2 L U
15 168 0 2 L U
15 169 0 2 L U
15 170 0 2 L U
15 171 0 2 L U
15 172 0 2 L U
15 173 0 2 L U
15 174 0 2 L U
15 175 0 2 L U
15 176 0 2 L U
15 177 0 2 L U
15 178 0 2 L U
15 179 0 2 L U
15 180 0 2 L U
15 181 0 2 L U
15 182 0 2 L U
15 183 0 2 L U
15 184 0 2 L U
15 185 0 2 L U
15 186 0 2 L U
15 187 0 2 L U
15 188 0 2 L U
15 189 0 2 L U
15 190 0 2 L U
15 191 0 2 L U
15 192 0 2 L U
15 193 0 2 L U
15 194 0 2 L U
15 195 0 2 L U
15 196 0 2 L U
15 197 0 2 L U
15 198 0 2 L U
15 199 0 2 L U
16 0 0 0 U U
16 1 0 0 U U
16 2 0 0 U U
16 3 0 0 U U
16 4 0 0 R U
16 5 0 0 U U
16 6 0 0 R U
16 7 0 0 R L
16 8 0 0 R D
16 9 0 0 U D
16 10 0 0 R D
16 11 0 0 D D
16 12 1 0 D D
16 13 1 0 U D
16 14 1 0 U D
16 15 1 0 L D
16 16 1 0 L D
16 17 1 0 L D
16 18 1 0 L L
16 19 1 0 L D
16 20 1 0 D R
16 21 1 1 D R
16 22 1 1 L U
16 23 1 1 D U
16 24 1 1 R U
16 25 1 1 R U
16 26 1 1 R U
16 27 1 1 R U
16 28 2 1 R U
16 29 2 1 S S
16 30 2 1 S S
16 31 2 1 S S
16 32 2 1 S S
16 33 2 1 S S
16 34 2 1 S S
16 35 2 1 S S
16 36 2 1 S S
16 37 2 1 S S
16 38 2 1 S S
16 39 2 1 S S
16 40 2 1 S S
16 41 2 1 S S
16 42 2 1 S S
16 43 2 1 S S
16 44 2 1 S S
16 45 2 1 S S
16 46 2 1 S S
16 47 2 1 S S
16 48 2 1 S S
16 49 2 1 S S
16 50 2 1 S S
16 51 2 1 S S
16 52 2 1 S S
16 53 2 1 S S
16 54 2 1 S S
16 55 2 1 S S
16 56 2 1 S S
16 57 2 1 S S
16 58 2 1 S S
16 59 2 1 S S
16 60 2 1 S S
16 61 2 1 S S
16 62 2 1 S S
16 63 2 1 S S
16 64 2 1 S S
16 65 2 1 S S
16 66 2 1 S S
16 67 2 1 S S
16 68 2 1 S S
16 69 2 1 S S
16 70 2 1 S S
16 71 2 1 S S
16 72 2 1 S S
16 73 2 1 S S
16 74 2 1 S S
16 75 2 1 S S
16 76 2 1 S S
16 77 2 1 S S
16 78 2 1 S S
16 79 2 1 S S
16 80 2 1 S S
16 81 2 1 S S
16 82 2 1 S S
16 83 2 1 S S
16 84 2 1 S S
16 85 2 1 S S
16 86 2 1 S S
16 87 2 1 S S
16 88 2 1 S S
16 89 2 1 S S
16 90 2 1 S S
16 91 2 1 S S
16 92 2 1 S S
16 93 2 1 S S
16 94 2 1 S S
16 95 2 1 S S
16 96 2 1 S S
16 97 2 1 S S
16 98 2 1 S S
16 99 2 1 S S
16 100 2 1 S S
16 101 2 1 S S
16 102 2 1 S S
16 103 2 1 S S
16 104 2 1 S S
16 105 2 1 S S
16 106 2 1 S S
16 107 2 1 S S
16 108 2 1 S S
16 109 2 1 S S
16 110 2 1 S S
16 111 2 1 S S
16 112 2 1 S S
16 113 2 1 S S
16 114 2 1 S S
16 115 2 1 S S
16 116 2 1 S S
16 117 2 1 S S
16 118 2 1 S S
16 119 2 1 S S
16 120 2 1 S S
16 121 2 1 S S
16 122 2 1 S S
16 123 2 1 S S
16 124 2 1 S S
16 125 2 1 S S
16 126 2 1 S S
16 127 2 1 S S
16 128 2 1 S S
16 129 2 1 S S
16 130 2 1 S S
16 131 2 1 S S
16 132 2 1 S S
16 133 2 1 S S
16 134 2 1 S S
16 135 2 1 S S
16 136 2 1 S S
16 137 2 1 S S
16 138 2 1 S S
16 139 2 1 S S
16 140 2 1 S S
16 141 2 1 S S
16 142 2 1 S S
16 143 2 1 S S
16 144 2 1 S S
16 145 2 1 S S
16 146 2 1 S S
16 147 2 1 S S
16 148 2 1 S S
16 149 2 1 S S
16 150 2 1 S S
16 151 2 1 S S
16 152 2 1 S S
16 153 2 1 S S
16 154 2 1 S S
16 155 2 1 S S
16 156 2 1 S S
16 157 2 1 S S
16 158 2 1 S S
16 159 2 1 S S
16 160 2 1 S S
16 161 2 1 S S
16 162 2 1 S S
16 163 2 1 S S
16 164 2 1 S S
16 165 2 1 S S
16 166 2 1 S S
16 167 2 1 S S
16 168 2 1 S S
16 169 2 1 S S
16 170 2 1 S S
16 171 2 1 S S
16 172 2 1 S S
16 173 2 1 S S
16 174 2 1 S S
16 175 2 1 S S
16 176 2 1 S S
16 177 2 1 S S
16 178 2 1 S S
16 179 2 1 S S
16 180 2 1 S S
16 181 2 1 S S
16 182 2 1 S S
16 183 2 1 S S
16 184 2 1 S S
16 185 2 1 S S
16 186 2 1 S S
16 187 2 1 S S
16 188 2 1 S S
16 189 2 1 S S
16 190 2 1 S S
16 191 2 1 S S
16 192 2 1 S S
16 193 2 1 S S
16 194 2 1 S S
16 195 2 1 S S
16 196 2 1 S S
16 197 2 1 S S
16 198 2 1 S S
16 199 2 1 S S
17 0 0 0 R U
17 1 0 0 R U
17 2 0 0 R U
17 3 0 0 R U
17 4 0 0 D U
17 5 0 0 R U
17 6 0 0 D U
17 7 0 0 L U
17 8 0 0 L L
17 9 0 0 L L
17 10 0 0 L L
17 11 0 0 L L
17 12 0 0 D L
17 13 0 0 L L
17 14 0 0 U L
17 15 0 0 U L
17 16 0 0 U L
17 17 0 0 U L
17 18 0 0 U L
17 19 0 0 U L
17 20 0 0 U L
17 21 0 0 U L
17 22 0 0 U L
17 23 0 0 U L
17 24 0 0 U L
17 25 0 0 U L
17 26 0 0 U L
17 27 0 0 U L
17 28 0 0 U L
17 29 0 0 U L
17 30 0 0 U L
17 31 0 0 U L
17 32 0 0 U L
17 33 0 0 U L
17 34 0 0 U L
17 35 0 0 U L
17 36 0 0 U L
17 37 0 0 U L
17 38 0 0 U L
17 39 0 0 U L
17 40 0 0 U L
17 41 0 0 U L
17 42 0 0 U L
17 43 0 0 U L
17 44 0 0 U L
17 45 0 0 U L
17 46 0 0 U L
17 47 0 0 U L
17 48 0 0 U L
17 49 0 0 U L
17 50 0 0 U L
17 51 0 0 U L
17 52 0 0 U L
17 53 0 0 U L
17 54 0 0 U L
17 55 0 0 U L
17 56 0 0 U L
17 57 0 0 U L
17 58 0 0 U L
17 59 0 0 U L
17 60 0 0 U L
17 61 0 0 U L
17 62 0 0 U L
17 63 0 0 U L
17 64 0 0 U L
17 65 0 0 U L
17 66 0 0 U L
17 67 0 0 U L
17 68 0 0 U L
17 69 0 0 U L
17 70 0 0 U L
17 71 0 0 U L
17 72 0 0 U L
17 73 0 0 U L
17 74 0 0 U L
17 75 0 0 U L
17 76 0 0 U L
17 77 0 0 U L
17 78 0 0 U L
17 79 0 0 U L
17 80 0 0 U L
17 81 0 0 U L
17 82 0 0 U L
17 83 0 0 U L
17 84 0 0 U L
17 85 0 0 U L
17 86 0 0 U L
17 87 0 0 U L
17 88 0 0 U L
17 89 0 0 U L
17 90 0 0 U L
17 91 0 0 U L
17 92 0 0 U L
17 93 0 0 U L
17 94 0 0 U L
17 95 0 0 U L
17 96 0 0 U L
17 97 0 0 U L
17 98 0 0 U L
17 99 0 0 U L
17 100 0 0 U L
17 101 0 0 U L
17 102 0 0 U L
17 103 0 0 U L
17 104 0 0 U L
17 105 0 0 U L
17 106 0 0 U L
17 107 0 0 U L
17 108 0 0 U L
17 109 0 0 U L
17 110 0 0 U L
17 111 0 0 U L
17 112 0 0 U L
17 113 0 0 U L
17 114 0 0 U L
17 115 0 0 U L
17 116 0 0 U L
17 117 0 0 U L
17 118 0 0 U L
17 119 0 0 U L
17 120 0 0 U L
17 121 0 0 U L
17 122 0 0 U L
17 123 0 0 U L
17 124 0 0 U L
17 125 0 0 U L
17 126 0 0 U L
17 127 0 0 U L
17 128 0 0 U L
17 129 0 0 U L
17 130 0 0 U L
17 131 0 0 U L
17 132 0 0 U L
17 133 0 0 U L
17 134 0 0 U L
17 135 0 0 U L
17 136 0 0 U L
17 137 0 0 U L
17 138 0 0 U L
17 139 0 0 U L
17 140 0 0 U L
17 141 0 0 U L
17 142 0 0 U L
17 143 0 0 U L
17 144 0 0 U L
17 145 0 0 U L
17 146 0 0 U L
17 147 0 0 U L
17 148 0 0 U L
17 149 0 0 U L
17 150 0 0 U L
17 151 0 0 U L
17 152 0 0 U L
17 153 0 0 U L
17 154 0 0 U L
17 155 0 0 U L
17 156 0 0 U L
17 157 0 0 U L
17 158 0 0 U L
17 159 0 0 U L
17 160 0 0 U L
17 161 0 0 U L
17 162 0 0 U L
17 163 0 0 U L
17 164 0 0 U L
17 165 0 0 U L
17 166 0 0 U L
17 167 0 0 U L
17 168 0 0 U L
17 169 0 0 U L
17 170 0 0 U L
17 171 0 0 U L
17 172 0 0 U L
17 173 0 0 U L
17 174 0 0 U L
17 175 0 0 U L
17 176 0 0 U L
17 177 0 0 U L
17 178 0 0 U L
17 179 0 0 U L
17 180 0 0 U L
17 181 0 0 U L
17 182 0 0 U L
17 183 0 0 U L
17 184 0 0 U L
17 185 0 0 U L
17 186 0 0 U L
17 187 0 0 U L
17 188 0 0 U L
17 189 0 0 U L
17 190 0 0 U L
17 191 0 0 U L
17 192 0 0 U L
17 193 0 0 U L
17 194 0 0 U L
17 195 0 0 U L
17 196 0 0 U L
17 197 0 0 U L
17 198 0 0 U L
17 199 0 0 U L
18 0 0 0 U D
18 1 0 0 U D
18 2 0 0 U D
18 3 0 0 L D
18 4 0 0 U D
18 5 0 0 U D
18 6 0 0 U D
18 7 0 0 R D
18 8 0 0 U D
18 9 0 0 L R
18 10 0 0 D D
18 11 0 0 L D
18 12 0 1 U D
18 13 0 1 L U
18 14 0 1 L U
18 15 0 1 L U
18 16 0 1 L U
18 17 0 1 L U
18 18 0 1 L U
18 19 0 1 L L
18 20 0 1 L L
18 21 0 1 L L
18 22 0 1 L L
18 23 0 1 L L
18 24 0 1 L U
18 25 0 1 L U
18 26 0 1 L U
18 27 0 1 L U
18 28 0 1 L U
18 29 0 1 L U
18 30 0 1 L U
18 31 0 1 L U
18 32 0 1 L U
18 33 0 1 L U
18 34 0 1 L U
18 35 0 1 L U
18 36 0 1 L U
18 37 0 1 L U
18 38 0 1 L U
18 39 0 1 L U
18 40 0 1 L U
18 41 0 1 L U
18 42 0 1 L U
18 43 0 1 L U
18 44 0 1 L U
18 45 0 1 L U
18 46 0 1 L U
18 47 0 1 L U
18 48 0 1 L U
18 49 0 1 L U
18 50 0 1 L U
18 51 0 1 L U
18 52 0 1 L U
18 53 0 1 L U
18 54 0 1 L U
18 55 0 1 L U
18 56 0 1 L U
18 57 0 1 L U
18 58 0 1 L U
18 59 0 1 L U
18 60 0 1 L U
18 61 0 1 L U
18 62 0 1 L U
18 63 0 1 L U
18 64 0 1 L U
18 65 0 1 L U
18 66 0 1 L U
18 67 0 1 L U
18 68 0 1 L U
18 69 0 1 L U
18 70 0 1 L U
18 71 0 1 L U
18 72 0 1 L U
18 73 0 1 L U
18 74 0 1 L U
18 75 0 1 L U
18 76 0 1 L U
18 77 0 1 L U
18 78 0 1 L U
18 79 0 1 L U
18 80 0 1 L U
18 81 0 1 L U
18 82 0 1 L U
18 83 0 1 L U
18 84 0 1 L U
18 85 0 1 L U
18 86 0 1 L U
18 87 0 1 L U
18 88 0 1 L U
18 89 0 1 L U
18 90 0 1 L U
18 91 0 1 L U
18 92 0 1 L U
18 93 0 1 L U
18 94 0 1 L U
18 95 0 1 L U
18 96 0 1 L U
18 97 0 1 L U
18 98 0 1 L U
18 99 0 1 L U
18 100 0 1 L U
18 101 0 1 L U
18 102 0 1 L U
18 103 0 1 L U
18 104 0 1 L U
18 105 0 1 L U
18 106 0 1 L U
18 107 0 1 L U
18 108 0 1 L U
18 109 0 1 L U
18 110 0 1 L U
18 111 0 1 L U
18 112 0 1 L U
18 113 0 1 L U
18 114 0 1 L U
18 115 0 1 L U
18 116 0 1 L U
18 117 0 1 L U
18 118 0 1 L U
18 119 0 1 L U
18 120 0 1 L U
18 121 0 1 L U
18 122 0 1 L U
18 123 0 1 L U
18 124 0 1 L U
18 125 0 1 L U
18 126 0 1 L U
18 127 0 1 L U
18 128 0 1 L U
18 129 0 1 L U
18 130 0 1 L U
18 131 0 1 L U
18 132 0 1 L U
18 133 0 1 L U
18 134 0 1 L U
18 135 0 1 L U
18 136 0 1 L U
18 137 0 1 L U
18 138 0 1 L U
18 139 0 1 L U
18 140 0 1 L U
18 141 0 1 L U
18 142 0 1 L U
18 143 0 1 L U
18 144 0 1 L U
18 145 0 1 L U
18 146 0 1 L U
18 147 0 1 L U
18 148 0 1 L U
18 149 0 1 L U
18 150 0 1 L U
18 151 0 1 L U
18 152 0 1 L U
18 153 0 1 L U
18 154 0 1 L U
18 155 0 1 L U
18 156 0 1 L U
18 157 0 1 L U
18 158 0 1 L U
18 159 0 1 L U
18 160 0 1 L U
18 161 0 1 L U
18 162 0 1 L U
18 163 0 1 L U
18 164 0 1 L U
18 165 0 1 L U
18 166 0 1 L U
18 167 0 1 L U
18 168 0 1 L U
18 169 0 1 L U
18 170 0 1 L U
18 171 0 1 L U
18 172 0 1 L U
18 173 0 1 L U
18 174 0 1 L U
18 175 0 1 L U
18 176 0 1 L U
18 177 0 1 L U
18 178 0 1 L U
18 179 0 1 L U
18 180 0 1 L U
18 181 0 1 L U
18 182 0 1 L U
18 183 0 1 L U
18 184 0 1 L U
18 185 0 1 L U
18 186 0 1 L U
18 187 0 1 L U
18 188 0 1 L U
18 189 0 1 L U
18 190 0 1 L U
18 191 0 1 L U
18 192 0 1 L U
18 193 0 1 L U
18 194 0 1 L U
18 195 0 1 L U
18 196 0 1 L U
18 197 0 1 L U
18 198 0 1 L U
18 199 0 1 L U
19 0 0 0 U U
19 1 0 0 U R
19 2 0 0 U R
19 3 0 0 U R
19 4 0 0 U R
19 5 0 0 U R
19 6 0 0 U R
19 7 0 0 U R
19 8 0 0 U R
19 9 0 0 U R
19 10 0 0 U R
19 11 0 0 U R
19 12 0 0 U R
19 13 0 0 U R
19 14 0 0 U R
19 15 0 0 U R
19 16 0 0 U R
19 17 0 0 U R
19 18 0 0 U R
19 19 0 0 U R
19 20 0 0 U R
19 21 0 0 U R
19 22 0 0 U R
19 23 0 0 U R
19 24 0 0 U R
19 25 0 0 U R
19 26 0 0 U R
19 27 0 0 U R
19 28 0 0 U R
19 29 0 0 U R
19 30 0 0 U R
19 31 0 0 U R
19 32 0 0 U R
19 33 0 0 U R
19 34 0 0 U R
19 35 0 0 U R
19 36 0 0 U R
19 37 0 0 U R
19 38 0 0 U R
19 39 0 0 U R
19 40 0 0 U R
19 41 0 0 U R
19 42 0 0 U R
19 43 0 0 U R
19 44 0 0 U R
19 45 0 0 U R
19 46 0 0 U R
19 47 0 0 U R
19 48 0 0 U R
19 49 0 0 U R
19 50 0 0 U R
19 51 0 0 U R
19 52 0 0 U R
19 53 0 0 U R
19 54 0 0 U R
19 55 0 0 U R
19 56 0 0 U R
19 57 0 0 U R
19 58 0 0 U R
19 59 0 0 U R
19 60 0 0 U R
19 61 0 0 U R
19 62 0 0 U R
19 63 0 0 U R
19 64 0 0 U R
19 65 0 0 U R
19 66 0 0 U R
19 67 0 0 U R
19 68 0 0 U R
19 69 0 0 U R
19 70 0 0 U R
19 71 0 0 U R
19 72 0 0 U R
19 73 0 0 U R
19 74 0 0 U R
19 75 0 0 U R
19 76 0 0 U R
19 77 0 0 U R
19 78 0 0 U R
19 79 0 0 U R
19 80 0 0 U R
19 81 0 0 U R
19 82 0 0 U R
19 83 0 0 U R
19 84 0 0 U R
19 85 0 0 U R
19 86 0 0 U R
19 87 0 0 U R
19 88 0 0 U R
19 89 0 0 U R
19 90 0 0 U R
19 91 0 0 U R
19 92 0 0 U R
19 93 0 0 U R
19 94 0 0 U R
19 95 0 0 U R
19 96 0 0 U R
19 97 0 0 U R
19 98 0 0 U R
19 99 0 0 U R
19 100 0 0 U R
19 101 0 0 U R
19 102 0 0 U R
19 103 0 0 U R
19 104 0 0 U R
19 105 0 0 U R
19 106 0 0 U R
19 107 0 0 U R
19 108 0 0 U R
19 109 0 0 U R
19 110 0 0 U R
19 111 0 0 U R
19 112 0 0 U R
19 113 0 0 U R
19 114 0 0 U R
19 115 0 0 U R
19 116 0 0 U R
19 117 0 0 U R
19 118 0 0 U R
19 119 0 0 U R
19 120 0 0 U R
19 121 0 0 U R
19 122 0 0 U R
19 123 0 0 U R
19 124 0 0 U R
19 125 0 0 U R
19 126 0 0 U R
19 127 0 0 U R
19 128 0 0 U R
19 129 0 0 U R
19 130 0 0 U R
19 131 0 0 U R
19 132 0 0 U R
19 133 0 0 U R
19 134 0 0 U R
19 135 0 0 U R
19 136 0 0 U R
19 137 0 0 U R
19 138 0 0 U R
19 139 0 0 U R
19 140 0 0 U R
19 141 0 0 U R
19 142 0 0 U R
19 143 0 0 U R
19 144 0 0 U R
19 145 0 0 U R
19 146 0 0 U R
19 147 0 0 U R
19 148 0 0 U R
19 149 0 0 U R
19 150 0 0 U R
19 151 0 0 U R
19 152 0 0 U R
19 153 0 0 U R
19 154 0 0 U R
19 155 0 0 U R
19 156 0 0 U R
19 157 0 0 U R
19 158 0 0 U R
19 159 0 0 U R
19 160 0 0 U R
19 161 0 0 U R
19 162 0 0 U R
19 163 0 0 U R
19 164 0 0 U R
19 165 0 0 U R
19 166 0 0 U R
19 167 0 0 U R
19 168 0 0 U R
19 169 0 0 U R
19 170 0 0 U R
19 171 0 0 U R
19 172 0 0 U R
19 173 0 0 U R
19 174 0 0 U R
19 175 0 0 U R
19 176 0 0 U R
19 177 0 0 U R
19 178 0 0 U R
19 179 0 0 U R
19 180 0 0 U R
19 181 0 0 U R
19 182 0 0 U R
19 183 0 0 U R
19 184 0 0 U R
19 185 0 0 U R
19 186 0 0 U R
19 187 0 0 U R
19 188 0 0 U R
19 189 0 0 U R
19 190 0 0 U R
19 191 0 0 U R
19 192 0 0 U R
19 193 0 0 U R
19 194 0 0 U R
19 195 0 0 U R
19 196 0 0 U R
19 197 0 0 U R
19 198 0 0 U R
19 199 0 0 U R
0 0 0 0 D L
0 1 0 0 D L
0 2 0 0 D L
0 3 0 0 D D
0 4 0 0 D D
0 5 0 0 D D
0 6 0 0 D R
0 7 0 0 D D
0 8 0 1 D L
0 9 0 1 D D
0 10 0 1 D D
0 11 0 1 D L
0 12 0 1 D L
0 13 0 1 D L
0 14 0 1 D L
0 15 0 1 D L
0 16 0 1 D L
0 17 0 1 D L
0 18 0 1 D L
0 19 0 1 D L
0 20 0 1 D L
0 21 0 1 D U
0 22 0 1 L L
0 23 0 1 D U
0 24 0 1 D R
0 25 0 1 L R
0 26 0 1 L R
0 27 0 1 L R
0 28 0 1 L R
0 29 0 1 R R
0 30 0 1 R R
0 31 0 1 R R
0 32 0 2 R R
0 33 0 2 R U
0 34 0 2 U U
0 35 0 2 U U
0 36 0 2 U U
0 37 0 2 U U
0 38 0 2 U U
0 39 0 2 U U
0 40 0 2 U U
0 41 0 2 U U
0 42 0 2 U U
0 43 0 2 U U
0 44 0 2 U U
0 45 0 2 U U
0 46 0 2 U R
0 47 0 2 U R
0 48 0 2 U R
0 49 0 2 U D
0 50 0 2 U D
0 51 0 2 U D
0 52 0 2 U D
0 53 0 2 U D
0 54 0 2 U D
0 55 0 2 U D
0 56 0 2 U D
0 57 0 2 U D
0 58 0 2 U D
0 59 0 2 U D
0 60 0 2 U D
0 61 0 2 R R
0 62 0 2 R D
0 63 0 2 U L
0 64 0 2 U L
0 65 0 2 U L
0 66 0 2 U L
0 67 0 2 U L
0 68 0 2 U L
0 69 0 2 U L
0 70 0 2 U L
0 71 0 2 U L
0 72 0 2 U L
0 73 0 2 U L
0 74 0 2 U L
0 75 0 2 U L
0 76 0 2 U L
0 77 0 2 U L
0 78 0 2 U L
0 79 0 2 U L
0 80 0 2 U L
0 81 0 2 U L
0 82 0 2 U L
0 83 0 2 U L
0 84 0 2 U L
0 85 0 2 U L
0 86 0 2 U L
0 87 0 2 U L
0 88 0 2 U L
0 89 0 2 U L
0 90 0 2 U L
0 91 0 2 U L
0 92 0 2 U L
0 93 0 2 U L
0 94 0 2 U L
0 95 0 2 U L
0 96 0 2 U L
0 97 0 2 U L
0 98 0 2 U L
0 99 0 2 U L
0 100 0 2 U L
0 101 0 2 U L
0 102 0 2 U L
0 103 0 2 U L
0 104 0 2 U L
0 105 0 2 U L
0 106 0 2 U L
0 107 0 2 U L
0 108 0 2 U L
0 109 0 2 U L
0 110 0 2 U L
0 111 0 2 U L
0 112 0 2 U L
0 113 0 2 U L
0 114 0 2 U L
0 115 0 2 U L
0 116 0 2 U L
0 117 0 2 U L
0 118 0 2 U L
0 119 0 2 U L
0 120 0 2 U L
0 121 0 2 U L
0 122 0 2 U L
0 123 0 2 U L
0 124 0 2 U L
0 125 0 2 U L
0 126 0 2 U L
0 127 0 2 U L
0 128 0 2 U L
0 129 0 2 U L
0 130 0 2 U L
0 131 0 2 U L
0 132 0 2 U L
0 133 0 2 U L
0 134 0 2 U L
0 135 0 2 U L
0 136 0 2 U L
0 137 0 2 U L
0 138 0 2 U L
0 139 0 2 U L
0 140 0 2 U L
0 141 0 2 U L
0 142 0 2 U L
0 143 0 2 U L
0 144 0 2 U L
0 145 0 2 U L
0 146 0 2 U L
0 147 0 2 U L
0 148 0 2 U L
0 149 0 2 U L
0 150 0 2 U L
0 151 0 2 U L
0 152 0 2 U L
0 153 0 2 U L
0 154 0 2 U L
0 155 0 2 U L
0 156 0 2 U L
0 157 0 2 U L
0 158 0 2 U L
0 159 0 2 U L
0 160 0 2 U L
0 161 0 2 U L
0 162 0 2 U L
0 163 0 2 U L
0 164 0 2 U L
0 165 0 2 U L
0 166 0 2 U L
0 167 0 2 U L
0 168 0 2 U L
0 169 0 2 U L
0 170 0 2 U L
0 171 0 2 U L
0 172 0 2 U L
0 173 0 2 U L
0 174 0 2 U L
0 175 0 2 U L
0 176 0 2 U L
0 177 0 2 U L
0 178 0 2 U L
0 179 0 2 U L
0 180 0 2 U L
0 181 0 2 U L
0 182 0 2 U L
0 183 0 2 U L
0 184 0 2 U L
0 185 0 2 U L
0 186 0 2 U L
0 187 0 2 U L
0 188 0 2 U L
0 189 0 2 U L
0 190 0 2 U L
0 191 0 2 U L
0 192 0 2 U L
0 193 0 2 U L
0 194 0 2 U L
0 195 0 2 U L
0 196 0 2 U L
0 197 0 2 U L
0 198 0 2 U L
0 199 0 2 U L
1 0 0 0 U U
1 1 0 0 U R
1 2 0 0 U R
1 3 0 0 U U
1 4 0 0 U D
1 5 0 0 U R
1 6 0 0 U R
1 7 0 0 U R
1 8 0 0 R R
1 9 0 0 R R
1 10 0 0 R R
1 11 0 0 R R
1 12 0 0 R R
1 13 0 0 R R
1 14 0 0 R D
1 15 0 0 R R
1 16 0 0 U D
1 17 0 0 L L
1 18 0 1 L L
1 19 0 1 L U
1 20 0 1 L U
1 21 0 1 L U
1 22 1 1 L U
1 23 1 1 U U
1 24 1 1 U U
1 25 1 1 U U
1 26 1 1 U U
1 27 1 1 R U
1 28 1 1 R U
1 29 1 1 R L
1 30 1 1 R U
1 31 1 1 R D
1 32 1 1 D R
1 33 1 1 D R
1 34 1 1 D R
1 35 1 1 D R
1 36 1 1 D R
1 37 1 1 D R
1 38 1 1 D R
1 39 1 1 D R
1 40 1 1 D R
1 41 1 1 D R
1 42 1 1 D R
1 43 1 1 D R
1 44 1 1 D R
1 45 1 1 D R
1 46 1 1 D R
1 47 1 1 D R
1 48 1 1 D R
1 49 1 1 D R
1 50 1 1 D R
1 51 1 1 D R
1 52 1 1 D R
1 53 1 1 D R
1 54 1 1 D R
1 55 1 1 D R
1 56 1 1 D R
1 57 1 1 D R
1 58 1 1 D R
1 59 1 1 D R
1 60 1 1 D R
1 61 1 1 D R
1 62 1 1 D R
1 63 1 1 D R
1 64 1 1 D R
1 65 1 1 D R
1 66 1 1 D R
1 67 1 1 D R
1 68 1 1 D R
1 69 1 1 D R
1 70 1 1 D R
1 71 1 1 D R
1 72 1 1 D R
1 73 1 1 D R
1 74 1 1 D R
1 75 1 1 D R
1 76 1 1 D R
1 77 1 1 D R
1 78 1 1 D R
1 79 1 1 D R
1 80 1 1 D R
1 81 1 1 D R
1 82 1 1 D R
1 83 1 1 D R
1 84 1 1 D R
1 85 1 1 D R
1 86 1 1 D R
1 87 1 1 D R
1 88 1 1 D R
1 89 1 1 D R
1 90 1 1 D R
1 91 1 1 D R
1 92 1 1 D R
1 93 1 1 D R
1 94 1 1 D R
1 95 1 1 D R
1 96 1 1 D R
1 97 1 1 D R
1 98 1 1 D R
1 99 1 1 D R
1 100 1 1 D R
1 101 1 1 D R
1 102 1 1 D R
1 103 1 1 D R
1 104 1 1 D R
1 105 1 1 D R
1 106 1 1 D R
1 107 1 1 D R
1 108 1 1 D R
1 109 1 1 D R
1 110 1 1 D R
1 111 1 1 D R
1 112 1 1 D R
1 113 1 1 D R
1 114 1 1 D R
1 115 1 1 D R
1 116 1 1 D R
1 117 1 1 D R
1 118 1 1 D R
1 119 1 1 D R
1 120 1 1 D R
1 121 1 1 D R
1 122 1 1 D R
1 123 1 1 D R
1 124 1 1 D R
1 125 1 1 D R
1 126 1 1 D R
1 127 1 1 D R
1 128 1 1 D R
1 129 1 1 D R
1 130 1 1 D R
1 131 1 1 D R
1 132 1 1 D R
1 133 1 1 D R
1 134 1 1 D R
1 135 1 1 D R
1 136 1 1 D R
1 137 1 1 D R
1 138 1 1 D R
1 139 1 1 D R
1 140 1 1 D R
1 141 1 1 D R
1 142 1 1 D R
1 143 1 1 D R
1 144 1 1 D R
1 145 1 1 D R
1 146 1 1 D R
1 147 1 1 D R
1 148 1 1 D R
1 149 1 1 D R
1 150 1 1 D R
1 151 1 1 D R
1 152 1 1 D R
1 153 1 1 D R
1 154 1 1 D R
1 155 1 1 D R
1 156 1 1 D R
1 157 1 1 D R
1 158 1 1 D R
1 159 1 1 D R
1 160 1 1 D R
1 161 1 1 D R
1 162 1 1 D R
1 163 1 1 D R
1 164 1 1 D R
1 165 1 1 D R
1 166 1 1 D R
1 167 1 1 D R
1 168 1 1 D R
1 169 1 1 D R
1 170 1 1 D R
1 171 1 1 D R
1 172 1 1 D R
1 173 1 1 D R
1 174 1 1 D R
1 175 1 1 D R
1 176 1 1 D R
1 177 1 1 D R
1 178 1 1 D R
1 179 1 1 D R
1 180 1 1 D R
1 181 1 1 D R
1 182 1 1 D R
1 183 1 1 D R
1 184 1 1 D R
1 185 1 1 D R
1 186 1 1 D R
1 187 1 1 D R
1 188 1 1 D R
1 189 1 1 D R
1 190 1 1 D R
1 191 1 1 D R
1 192 1 1 D R
1 193 1 1 D R
1 194 1 1 D R
1 195 1 1 D R
1 196 1 1 D R
1 197 1 1 D R
1 198 1 1 D R
1 199 1 1 D R
2 0 0 0 D U
2 1 0 0 L L
2 2 0 0 L U
2 3 0 0 L R
2 4 0 0 D R
2 5 0 0 R R
2 6 0 0 R R
2 7 1 0 R R
2 8 1 0 U U
2 9 1 0 U R
2 10 1 1 U D
2 11 1 1 U U
2 12 1 1 L U
2 13 1 1 L U
2 14 1 1 U U
2 15 1 1 R S
2 16 1 1 R S
2 17 1 1 R S
2 18 1 1 D S
2 19 1 1 R U
2 20 1 1 R U
2 21 1 1 U U
2 22 1 1 L S
2 23 1 1 L S
2 24 1 1 D S
2 25 1 1 L U
2 26 1 1 L U
2 27 1 1 U L
2 28 1 1 R S
2 29 1 1 R S
2 30 1 1 D S
2 31 1 1 R L
2 32 1 1 R L
2 33 1 1 U L
2 34 1 1 L S
2 35 1 1 L S
2 36 1 1 D S
2 37 1 1 L U
2 38 1 1 L L
2 39 1 1 U L
2 40 1 1 R S
2 41 1 1 R S
2 42 1 1 D S
2 43 1 1 R U
2 44 1 1 R U
2 45 1 1 U R
2 46 1 1 S S
2 47 1 1 S S
2 48 1 1 S S
2 49 1 1 S S
2 50 1 1 S S
2 51 1 1 S S
2 52 1 1 S S
2 53 1 1 S S
2 54 1 1 S S
2 55 1 1 S S
2 56 1 1 S S
2 57 1 1 S S
2 58 1 1 S S
2 59 1 1 S S
2 60 1 1 S S
2 61 1 1 S S
2 62 1 1 S S
2 63 1 1 S S
2 64 1 1 S S
2 65 1 1 S S
2 66 1 1 S S
2 67 1 1 S S
2 68 1 1 S S
2 69 1 1 S S
2 70 1 1 S S
2 71 1 1 S S
2 72 1 1 S S
2 73 1 1 S S
2 74 1 1 S S
2 75 1 1 S S
2 76 1 1 S S
2 77 1 1 S S
2 78 1 1 S S
2 79 1 1 S S
2 80 1 1 S S
2 81 1 1 S S
2 82 1 1 S S
2 83 1 1 S S
2 84 1 1 S S
2 85 1 1 S S
2 86 1 1 S S
2 87 1 1 S S
2 88 1 1 S S
2 89 1 1 S S
2 90 1 1 S S
2 91 1 1 S S
2 92 1 1 S S
2 93 1 1 S S
2 94 1 1 S S
2 95 1 1 S S
2 96 1 1 S S
2 97 1 1 S S
2 98 1 1 S S
2 99 1 1 S S
2 100 1 1 S S
2 101 1 1 S S
2 102 1 1 S S
2 103 1 1 S S
2 104 1 1 S S
2 105 1 1 S S
2 106 1 1 S S
2 107 1 1 S S
2 108 1 1 S S
2 109 1 1 S S
2 110 1 1 S S
2 111 1 1 S S
2 112 1 1 S S
2 113 1 1 S S
2 114 1 1 S S
2 115 1 1 S S
2 116 1 1 S S
2 117 1 1 S S
2 118 1 1 S S
2 119 1 1 S S
2 120 1 1 S S
2 121 1 1 S S
2 122 1 1 S S
2 123 1 1 S S
2 124 1 1 S S
2 125 1 1 S S
2 126 1 1 S S
2 127 1 1 S S
2 128 1 1 S S
2 129 1 1 S S
2 130 1 1 S S
2 131 1 1 S S
2 132 1 1 S S
2 133 1 1 S S
2 134 1 1 S S
2 135 1 1 S S
2 136 1 1 S S
2 137 1 1 S S
2 138 1 1 S S
2 139 1 1 S S
2 140 1 1 S S
2 141 1 1 S S
2 142 1 1 S S
2 143 1 1 S S
2 144 1 1 S S
2 145 1 1 S S
2 146 1 1 S S
2 147 1 1 S S
2 148 1 1 S S
2 149 1 1 S S
2 150 1 1 S S
2 151 1 1 S S
2 152 1 1 S S
2 153 1 1 S S
2 154 1 1 S S
2 155 1 1 S S
2 156 1 1 S S
2 157 1 1 S S
2 158 1 1 S S
2 159 1 1 S S
2 160 1 1 S S
2 161 1 1 S S
2 162 1 1 S S
2 163 1 1 S S
2 164 1 1 S S
2 165 1 1 S S
2 166 1 1 S S
2 167 1 1 S S
2 168 1 1 S S
2 169 1 1 S S
2 170 1 1 S S
2 171 1 1 S S
2 172 1 1 S S
2 173 1 1 S S
2 174 1 1 S S
2 175 1 1 S S
2 176 1 1 S S
2 177 1 1 S S
2 178 1 1 S S
2 179 1 1 S S
2 180 1 1 S S
2 181 1 1 S S
2 182 1 1 S S
2 183 1 1 S S
2 184 1 1 S S
2 185 1 1 S S
2 186 1 1 S S
2 187 1 1 S S
2 188 1 1 S S
2 189 1 1 S S
2 190 1 1 S S
2 191 1 1 S S
2 192 1 1 S S
2 193 1 1 S S
2 194 1 1 S S
2 195 1 1 S S
2 196 1 1 S S
2 197 1 1 S S
2 198 1 1 S S
2 199 1 1 S S
3 0 0 0 U U
3 1 0 0 U U
3 2 0 0 U U
3 3 0 0 U U
3 4 0 0 U U
3 5 0 0 U L
3 6 0 0 R L
3 7 0 0 U R
3 8 0 0 L D
3 9 0 0 L D
3 10 0 0 L D
3 11 0 0 L D
3 12 0 0 L D
3 13 0 0 L D
3 14 0 0 L D
3 15 0 0 L D
3 16 0 0 L D
3 17 0 0 L D
3 18 0 0 L D
3 19 0 0 L D
3 20 0 0 L D
3 21 0 0 L D
3 22 0 0 L D
3 23 0 0 L D
3 24 0 0 L D
3 25 0 0 L D
3 26 0 0 L D
3 27 0 0 L D
3 28 0 0 L D
3 29 0 0 L D
3 30 0 0 L D
3 31 0 0 L D
3 32 0 0 L D
3 33 0 0 L D
3 34 0 0 L D
3 35 0 0 L D
3 36 0 0 L D
3 37 0 0 L D
3 38 0 0 L D
3 39 0 0 L D
3 40 0 0 L D
3 41 0 0 L D
3 42 0 0 L D
3 43 0 0 L D
3 44 0 0 L D
3 45 0 0 L D
3 46 0 0 L D
3 47 0 0 L D
3 48 0 0 L D
3 49 0 0 L D
3 50 0 0 L D
3 51 0 0 L D
3 52 0 0 L D
3 53 0 0 L D
3 54 0 0 L D
3 55 0 0 L D
3 56 0 0 L D
3 57 0 0 L D
3 58 0 0 L D
3 59 0 0 L D
3 60 0 0 L D
3 61 0 0 L D
3 62 0 0 L D
3 63 0 0 L D
3 64 0 0 L D
3 65 0 0 L D
3 66 0 0 L D
3 67 0 0 L D
3 68 0 0 L D
3 69 0 0 L D
3 70 0 0 L D
3 71 0 0 L D
3 72 0 0 L D
3 73 0 0 L D
3 74 0 0 L D
3 75 0 0 L D
3 76 0 0 L D
3 77 0 0 L D
3 78 0 0 L D
3 79 0 0 L D
3 80 0 0 L D
3 81 0 0 L D
3 82 0 0 L D
3 83 0 0 L D
3 84 0 0 L D
3 85 0 0 L D
3 86 0 0 L D
3 87 0 0 L D
3 88 0 0 L D
3 89 0 0 L D
3 90 0 0 L D
3 91 0 0 L D
3 92 0 0 L D
3 93 0 0 L D
3 94 0 0 L D
3 95 0 0 L D
3 96 0 0 L D
3 97 0 0 L D
3 98 0 0 L D
3 99 0 0 L D
3 100 0 0 L D
3 101 0 0 L D
3 102 0 0 L D
3 103 0 0 L D
3 104 0 0 L D
3 105 0 0 L D
3 106 0 0 L D
3 107 0 0 L D
3 108 0 0 L D
3 109 0 0 L D
3 110 0 0 L D
3 111 0 0 L D
3 112 0 0 L D
3 113 0 0 L D
3 114 0 0 L D
3 115 0 0 L D
3 116 0 0 L D
3 117 0 0 L D
3 118 0 0 L D
3 119 0 0 L D
3 120 0 0 L D
3 121 0 0 L D
3 122 0 0 L D
3 123 0 0 L D
3 124 0 0 L D
3 125 0 0 L D
3 126 0 0 L D
3 127 0 0 L D
3 128 0 0 L D
3 129 0 0 L D
3 130 0 0 L D
3 131 0 0 L D
3 132 0 0 L D
3 133 0 0 L D
3 134 0 0 L D
3 135 0 0 L D
3 136 0 0 L D
3 137 0 0 L D
3 138 0 0 L D
3 139 0 0 L D
3 140 0 0 L D
3 141 0 0 L D
3 142 0 0 L D
3 143 0 0 L D
3 144 0 0 L D
3 145 0 0 L D
3 146 0 0 L D
3 147 0 0 L D
3 148 0 0 L D
3 149 0 0 L D
3 150 0 0 L D
3 151 0 0 L D
3 152 0 0 L D
3 153 0 0 L D
3 154 0 0 L D
3 155 0 0 L D
3 156 0 0 L D
3 157 0 0 L D
3 158 0 0 L D
3 159 0 0 L D
3 160 0 0 L D
3 161 0 0 L D
3 162 0 0 L D
3 163 0 0 L D
3 164 0 0 L D
3 165 0 0 L D
3 166 0 0 L D
3 167 0 0 L D
3 168 0 0 L D
3 169 0 0 L D
3 170 0 0 L D
3 171 0 0 L D
3 172 0 0 L D
3 173 0 0 L D
3 174 0 0 L D
3 175 0 0 L D
3 176 0 0 L D
3 177 0 0 L D
3 178 0 0 L D
3 179 0 0 L D
3 180 0 0 L D
3 181 0 0 L D
3 182 0 0 L D
3 183 0 0 L D
3 184 0 0 L D
3 185 0 0 L D
3 186 0 0 L D
3 187 0 0 L D
3 188 0 0 L D
3 189 0 0 L D
3 190 0 0 L D
3 191 0 0 L D
3 192 0 0 L D
3 193 0 0 L D
3 194 0 0 L D
3 195 0 0 L D
3 196 0 0 L D
3 197 0 0 L D
3 198 0 0 L D
3 199 0 0 L D
4 0 0 0 D U
4 1 0 0 D U
4 2 0 0 D U
4 3 0 0 D U
4 4 0 0 D U
4 5 0 0 D U
4 6 0 0 D L
4 7 0 0 D L
4 8 0 0 D L
4 9 0 0 D L
4 10 0 0 D D
4 11 0 0 D D
4 12 0 0 D D
4 13 0 0 D D
4 14 0 0 D D
4 15 0 0 D L
4 16 0 0 D D
4 17 0 0 D R
4 18 0 1 D R
4 19 0 1 D U
4 20 0 1 D U
4 21 0 1 D U
4 22 0 1 D L
4 23 0 1 D L
4 24 0 1 D L
4 25 0 1 D L
4 26 0 1 D L
4 27 0 1 D D
4 28 0 1 D D
4 29 0 1 D L
4 30 0 1 D D
4 31 0 1 D R
4 32 0 1 D R
4 33 0 1 D R
4 34 0 1 D R
4 35 0 1 D R
4 36 0 2 D R
4 37 0 2 D U
4 38 0 2 D U
4 39 0 2 D U
4 40 0 2 D U
4 41 0 2 D L
4 42 0 2 D L
4 43 0 2 D L
4 44 0 2 D L
4 45 0 2 D L
4 46 0 2 D L
4 47 0 2 D L
4 48 0 2 D L
4 49 0 2 D L
4 50 0 2 D L
4 51 0 2 D L
4 52 0 2 D L
4 53 0 2 D L
4 54 0 2 D L
4 55 0 2 D L
4 56 0 2 D L
4 57 0 2 D L
4 58 0 2 D L
4 59 0 2 D L
4 60 0 2 D L
4 61 0 2 D L
4 62 0 2 D L
4 63 0 2 D L
4 64 0 2 D L
4 65 0 2 D L
4 66 0 2 D L
4 67 0 2 D L
4 68 0 2 D L
4 69 0 2 D L
4 70 0 2 D L
4 71 0 2 D L
4 72 0 2 D L
4 73 0 2 D L
4 74 0 2 D L
4 75 0 2 D L
4 76 0 2 D L
4 77 0 2 D L
4 78 0 2 D L
4 79 0 2 D L
4 80 0 2 D L
4 81 0 2 D L
4 82 0 2 D L
4 83 0 2 D L
4 84 0 2 D L
4 85 0 2 D L
4 86 0 2 D L
4 87 0 2 D L
4 88 0 2 D L
4 89 0 2 D L
4 90 0 2 D L
4 91 0 2 D L
4 92 0 2 D L
4 93 0 2 D L
4 94 0 2 D L
4 95 0 2 D L
4 96 0 2 D L
4 97 0 2 D L
4 98 0 2 D L
4 99 0 2 D L
4 100 0 2 D L
4 101 0 2 D L
4 102 0 2 D L
4 103 0 2 D L
4 104 0 2 D L
4 105 0 2 D L
4 106 0 2 D L
4 107 0 2 D L
4 108 0 2 D L
4 109 0 2 D L
4 110 0 2 D L
4 111 0 2 D L
4 112 0 2 D L
4 113 0 2 D L
4 114 0 2 D L
4 115 0 2 D L
4 116 0 2 D L
4 117 0 2 D L
4 118 0 2 D L
4 119 0 2 D L
4 120 0 2 D L
4 121 0 2 D L
4 122 0 2 D L
4 123 0 2 D L
4 124 0 2 D L
4 125 0 2 D L
4 126 0 2 D L
4 127 0 2 D L
4 128 0 2 D L
4 129 0 2 D L
4 130 0 2 D L
4 131 0 2 D L
4 132 0 2 D L
4 133 0 2 D L
4 134 0 2 D L
4 135 0 2 D L
4 136 0 2 D L
4 137 0 2 D L
4 138 0 2 D L
4 139 0 2 D L
4 140 0 2 D L
4 141 0 2 D L
4 142 0 2 D L
4 143 0 2 D L
4 144 0 2 D L
4 145 0 2 D L
4 146 0 2 D L
4 147 0 2 D L
4 148 0 2 D L
4 149 0 2 D L
4 150 0 2 D L
4 151 0 2 D L
4 152 0 2 D L
4 153 0 2 D L
4 154 0 2 D L
4 155 0 2 D L
4 156 0 2 D L
4 157 0 2 D L
4 158 0 2 D L
4 159 0 2 D L
4 160 0 2 D L
4 161 0 2 D L
4 162 0 2 D L
4 163 0 2 D L
4 164 0 2 D L
4 165 0 2 D L
4 166 0 2 D L
4 167 0 2 D L
4 168 0 2 D L
4 169 0 2 D L
4 170 0 2 D L
4 171 0 2 D L
4 172 0 2 D L
4 173 0 2 D L
4 174 0 2 D L
4 175 0 2 D L
4 176 0 2 D L
4 177 0 2 D L
4 178 0 2 D L
4 179 0 2 D L
4 180 0 2 D L
4 181 0 2 D L
4 182 0 2 D L
4 183 0 2 D L
4 184 0 2 D L
4 185 0 2 D L
4 186 0 2 D L
4 187 0 2 D L
4 188 0 2 D L
4 189 0 2 D L
4 190 0 2 D L
4 191 0 2 D L
4 192 0 2 D L
4 193 0 2 D L
4 194 0 2 D L
4 195 0 2 D L
4 196 0 2 D L
4 197 0 2 D L
4 198 0 2 D L
4 199 0 2 D L
5 0 0 0 U U
5 1 0 0 L U
5 2 0 0 L U
5 3 0 0 L U
5 4 0 0 L U
5 5 1 0 L R
5 6 1 0 D R
5 7 1 0 D R
5 8 1 0 D R
5 9 1 0 D R
5 10 1 0 D D
5 11 1 0 D D
5 12 1 0 D D
5 13 1 0 L D
5 14 1 0 L L
5 15 1 0 L D
5 16 1 0 U D
5 17 2 0 U R
5 18 2 0 D U
5 19 2 0 D U
5 20 2 0 U L
5 21 2 0 D U
5 22 2 0 D U
5 23 2 0 R R
5 24 2 0 U D
5 25 2 0 R D
5 26 2 0 D L
5 27 2 0 D D
5 28 2 0 D D
5 29 2 0 S R
5 30 2 0 R U
5 31 2 0 U U
5 32 2 0 U L
5 33 2 0 D U
5 34 2 0 U U
5 35 2 0 R R
5 36 2 0 U D
5 37 2 0 R D
5 38 2 0 D L
5 39 2 0 D D
5 40 2 0 D D
5 41 2 0 S R
5 42 2 0 R U
5 43 2 0 U U
5 44 2 0 U L
5 45 2 0 D U
5 46 2 0 U U
5 47 2 0 R R
5 48 2 0 U D
5 49 2 0 R D
5 50 2 0 D L
5 51 2 0 D D
5 52 2 0 D D
5 53 2 0 S R
5 54 2 0 D U
5 55 2 0 D U
5 56 2 0 U L
5 57 2 0 D U
5 58 2 0 D U
5 59 2 0 D R
5 60 2 0 U D
5 61 2 0 D D
5 62 2 0 D L
5 63 2 0 D D
5 64 2 0 D D
5 65 2 0 S R
5 66 2 0 D U
5 67 2 0 D U
5 68 2 0 U L
5 69 2 0 D U
5 70 2 0 D U
5 71 2 0 D R
5 72 2 0 U D
5 73 2 0 D D
5 74 2 0 D L
5 75 2 0 D D
5 76 2 0 D D
5 77 2 0 S R
5 78 2 0 D U
5 79 2 0 D U
5 80 2 0 U L
5 81 2 0 D U
5 82 2 0 D U
5 83 2 0 D R
5 84 2 0 U D
5 85 2 0 D D
5 86 2 0 D L
5 87 2 0 D D
5 88 2 0 D D
5 89 2 0 S R
5 90 2 0 D U
5 91 2 0 D U
5 92 2 0 U L
5 93 2 0 D U
5 94 2 0 D U
5 95 2 0 D R
5 96 2 0 U D
5 97 2 0 D D
5 98 2 0 D L
5 99 2 0 D D
5 100 2 0 D D
5 101 2 0 S R
5 102 2 0 D U
5 103 2 0 D U
5 104 2 0 U L
5 105 2 0 D U
5 106 2 0 D U
5 107 2 0 D R
5 108 2 0 U D
5 109 2 0 D D
5 110 2 0 D L
5 111 2 0 D D
5 112 2 0 D D
5 113 2 0 S R
5 114 2 0 D U
5 115 2 0 D U
5 116 2 0 U L
5 117 2 0 D U
5 118 2 0 D U
5 119 2 0 D R
5 120 2 0 U D
5 121 2 0 D D
5 122 2 0 D L
5 123 2 0 D D
5 124 2 0 D D
5 125 2 0 S R
5 126 2 0 D U
5 127 2 0 D U
5 128 2 0 U L
5 129 2 0 D U
5 130 2 0 D U
5 131 2 0 D R
5 132 2 0 U D
5 133 2 0 D D
5 134 2 0 D L
5 135 2 0 D D
5 136 2 0 D D
5 137 2 0 S R
5 138 2 0 D U
5 139 2 0 D U
5 140 2 0 U L
5 141 2 0 D U
5 142 2 0 D U
5 143 2 0 D R
5 144 2 0 U D
5 145 2 0 D D
5 146 2 0 D L
5 147 2 0 D D
5 148 2 0 D D
5 149 2 0 S R
5 150 2 0 D U
5 151 2 0 D U
5 152 2 0 U L
5 153 2 0 D U
5 154 2 0 D U
5 155 2 0 D R
5 156 2 0 U D
5 157 2 0 D D
5 158 2 0 D L
5 159 2 0 D D
5 160 2 0 D D
5 161 2 0 S R
5 162 2 0 D U
5 163 2 0 D U
5 164 2 0 U L
5 165 2 0 D U
5 166 2 0 D U
5 167 2 0 D R
5 168 2 0 U D
5 169 2 0 D D
5 170 2 0 D L
5 171 2 0 D D
5 172 2 0 D D
5 173 2 0 S R
5 174 2 0 D U
5 175 2 0 D U
5 176 2 0 U L
5 177 2 0 D U
5 178 2 0 D U
5 179 2 0 D R
5 180 2 0 U D
5 181 2 0 D D
5 182 2 0 D L
5 183 2 0 D D
5 184 2 0 D D
5 185 2 0 S R
5 186 2 0 D U
5 187 2 0 D U
5 188 2 0 U L
5 189 2 0 D U
5 190 2 0 D U
5 191 2 0 D R
5 192 2 0 U D
5 193 2 0 D D
5 194 2 0 D L
5 195 2 0 D D
5 196 2 0 D D
5 197 2 0 S R
5 198 2 0 D U
5 199 2 0 D U
6 0 0 0 U D
6 1 0 0 U D
6 2 0 0 U D
6 3 0 0 U D
6 4 0 0 U D
6 5 0 0 U R
6 6 0 0 L D
6 7 0 0 U R
6 8 0 0 L R
6 9 0 0 U R
6 10 0 0 R R
6 11 1 0 R R
6 12 1 0 D R
6 13 1 0 D D
6 14 1 0 D D
6 15 1 0 D D
6 16 1 0 D D
6 17 1 0 D L
6 18 1 0 D D
6 19 1 0 D R
6 20 1 0 D R
6 21 1 0 D R
6 22 1 1 L R
6 23 1 1 L D
6 24 1 1 L L
6 25 1 1 L U
6 26 1 1 U L
6 27 1 1 U U
6 28 1 1 U U
6 29 1 1 U U
6 30 1 1 U U
6 31 1 1 L U
6 32 1 1 U L
6 33 1 1 R L
6 34 1 1 R L
6 35 2 1 R L
6 36 2 1 S S
6 37 2 1 S S
6 38 2 1 S S
6 39 2 1 S S
6 40 2 1 S S
6 41 2 1 S S
6 42 2 1 S S
6 43 2 1 S S
6 44 2 1 S S
6 45 2 1 S S
6 46 2 1 S S
6 47 2 1 S S
6 48 2 1 S S
6 49 2 1 S S
6 50 2 1 S S
6 51 2 1 S S
6 52 2 1 S S
6 53 2 1 S S
6 54 2 1 S S
6 55 2 1 S S
6 56 2 1 S S
6 57 2 1 S S
6 58 2 1 S S
6 59 2 1 S S
6 60 2 1 S S
6 61 2 1 S S
6 62 2 1 S S
6 63 2 1 S S
6 64 2 1 S S
6 65 2 1 S S
6 66 2 1 S S
6 67 2 1 S S
6 68 2 1 S S
6 69 2 1 S S
6 70 2 1 S S
6 71 2 1 S S
6 72 2 1 S S
6 73 2 1 S S
6 74 2 1 S S
6 75 2 1 S S
6 76 2 1 S S
6 77 2 1 S S
6 78 2 1 S S
6 79 2 1 S S
6 80 2 1 S S
6 81 2 1 S S
6 82 2 1 S S
6 83 2 1 S S
6 84 2 1 S S
6 85 2 1 S S
6 86 2 1 S S
6 87 2 1 S S
6 88 2 1 S S
6 89 2 1 S S
6 90 2 1 S S
6 91 2 1 S S
6 92 2 1 S S
6 93 2 1 S S
6 94 2 1 S S
6 95 2 1 S S
6 96 2 1 S S
6 97 2 1 S S
6 98 2 1 S S
6 99 2 1 S S
6 100 2 1 S S
6 101 2 1 S S
6 102 2 1 S S
6 103 2 1 S S
6 104 2 1 S S
6 105 2 1 S S
6 106 2 1 S S
6 107 2 1 S S
6 108 2 1 S S
6 109 2 1 S S
6 110 2 1 S S
6 111 2 1 S S
6 112 2 1 S S
6 113 2 1 S S
6 114 2 1 S S
6 115 2 1 S S
6 116 2 1 S S
6 117 2 1 S S
6 118 2 1 S S
6 119 2 1 S S
6 120 2 1 S S
6 121 2 1 S S
6 122 2 1 S S
6 123 2 1 S S
6 124 2 1 S S
6 125 2 1 S S
6 126 2 1 S S
6 127 2 1 S S
6 128 2 1 S S
6 129 2 1 S S
6 130 2 1 S S
6 131 2 1 S S
6 132 2 1 S S
6 133 2 1 S S
6 134 2 1 S S
6 135 2 1 S S
6 136 2 1 S S
6 137 2 1 S S
6 138 2 1 S S
6 139 2 1 S S
6 140 2 1 S S
6 141 2 1 S S
6 142 2 1 S S
6 143 2 1 S S
6 144 2 1 S S
6 145 2 1 S S
6 146 2 1 S S
6 147 2 1 S S
6 148 2 1 S S
6 149 2 1 S S
6 150 2 1 S S
6 151 2 1 S S
6 152 2 1 S S
6 153 2 1 S S
6 154 2 1 S S
6 155 2 1 S S
6 156 2 1 S S
6 157 2 1 S S
6 158 2 1 S S
6 159 2 1 S S
6 160 2 1 S S
6 161 2 1 S S
6 162 2 1 S S
6 163 2 1 S S
6 164 2 1 S S
6 165 2 1 S S
6 166 2 1 S S
6 167 2 1 S S
6 168 2 1 S S
6 169 2 1 S S
6 170 2 1 S S
6 171 2 1 S S
6 172 2 1 S S
6 173 2 1 S S
6 174 2 1 S S
6 175 2 1 S S
6 176 2 1 S S
6 177 2 1 S S
6 178 2 1 S S
6 179 2 1 S S
6 180 2 1 S S
6 181 2 1 S S
6 182 2 1 S S
6 183 2 1 S S
6 184 2 1 S S
6 185 2 1 S S
6 186 2 1 S S
6 187 2 1 S S
6 188 2 1 S S
6 189 2 1 S S
6 190 2 1 S S
6 191 2 1 S S
6 192 2 1 S S
6 193 2 1 S S
6 194 2 1 S S
6 195 2 1 S S
6 196 2 1 S S
6 197 2 1 S S
6 198 2 1 S S
6 199 2 1 S S
7 0 0 0 U D
7 1 0 0 U D
7 2 0 0 U D
7 3 0 0 U D
7 4 0 0 U D
7 5 0 0 U D
7 6 0 0 U D
7 7 0 0 U D
7 8 0 0 U D
7 9 0 0 U D
7 10 0 0 U D
7 11 0 0 U D
7 12 0 0 U D
7 13 0 0 U D
7 14 0 0 U D
7 15 0 0 U D
7 16 0 0 U D
7 17 0 0 U D
7 18 0 0 U D
7 19 0 0 U D
7 20 0 0 U D
7 21 0 0 U D
7 22 0 0 U D
7 23 0 0 U D
7 24 0 0 U D
7 25 0 0 U D
7 26 0 0 U D
7 27 0 0 U D
7 28 0 0 U D
7 29 0 0 U D
7 30 0 0 U D
7 31 0 0 U D
7 32 0 0 U D
7 33 0 0 U D
7 34 0 0 U D
7 35 0 0 U D
7 36 0 0 U D
7 37 0 0 U D
7 38 0 0 U D
7 39 0 0 U D
7 40 0 0 U D
7 41 0 0 U D
7 42 0 0 U D
7 43 0 0 U D
7 44 0 0 U D
7 45 0 0 U D
7 46 0 0 U D
7 47 0 0 U D
7 48 0 0 U D
7 49 0 0 U D
7 50 0 0 U D
7 51 0 0 U D
7 52 0 0 U D
7 53 0 0 U D
7 54 0 0 U D
7 55 0 0 U D
7 56 0 0 U D
7 57 0 0 U D
7 58 0 0 U D
7 59 0 0 U D
7 60 0 0 U D
7 61 0 0 U D
7 62 0 0 U D
7 63 0 0 U D
7 64 0 0 U D
7 65 0 0 U D
7 66 0 0 U D
7 67 0 0 U D
7 68 0 0 U D
7 69 0 0 U D
7 70 0 0 U D
7 71 0 0 U D
7 72 0 0 U D
7 73 0 0 U D
7 74 0 0 U D
7 75 0 0 U D
7 76 0 0 U D
7 77 0 0 U D
7 78 0 0 U D
7 79 0 0 U D
7 80 0 0 U D
7 81 0 0 U D
7 82 0 0 U D
7 83 0 0 U D
7 84 0 0 U D
7 85 0 0 U D
7 86 0 0 U D
7 87 0 0 U D
7 88 0 0 U D
7 89 0 0 U D
7 90 0 0 U D
7 91 0 0 U D
7 92 0 0 U D
7 93 0 0 U D
7 94 0 0 U D
7 95 0 0 U D
7 96 0 0 U D
7 97 0 0 U D
7 98 0 0 U D
7 99 0 0 U D
7 100 0 0 U D
7 101 0 0 U D
7 102 0 0 U D
7 103 0 0 U D
7 104 0 0 U D
7 105 0 0 U D
7 106 0 0 U D
7 107 0 0 U D
7 108 0 0 U D
7 109 0 0 U D
7 110 0 0 U D
7 111 0 0 U D
7 112 0 0 U D
7 113 0 0 U D
7 114 0 0 U D
7 115 0 0 U D
7 116 0 0 U D
7 117 0 0 U D
7 118 0 0 U D
7 119 0 0 U D
7 120 0 0 U D
7 121 0 0 U D
7 122 0 0 U D
7 123 0 0 U D
7 124 0 0 U D
7 125 0 0 U D
7 126 0 0 U D
7 127 0 0 U D
7 128 0 0 U D
7 129 0 0 U D
7 130 0 0 U D
7 131 0 0 U D
7 132 0 0 U D
7 133 0 0 U D
7 134 0 0 U D
7 135 0 0 U D
7 136 0 0 U D
7 137 0 0 U D
7 138 0 0 U D
7 139 0 0 U D
7 140 0 0 U D
7 141 0 0 U D
7 142 0 0 U D
7 143 0 0 U D
7 144 0 0 U D
7 145 0 0 U D
7 146 0 0 U D
7 147 0 0 U D
7 148 0 0 U D
7 149 0 0 U D
7 150 0 0 U D
7 151 0 0 U D
7 152 0 0 U D
7 153 0 0 U D
7 154 0 0 U D
7 155 0 0 U D
7 156 0 0 U D
7 157 0 0 U D
7 158 0 0 U D
7 159 0 0 U D
7 160 0 0 U D
7 161 0 0 U D
7 162 0 0 U D
7 163 0 0 U D
7 164 0 0 U D
7 165 0 0 U D
7 166 0 0 U D
7 167 0 0 U D
7 168 0 0 U D
7 169 0 0 U D
7 170 0 0 U D
7 171 0 0 U D
7 172 0 0 U D
7 173 0 0 U D
7 174 0 0 U D
7 175 0 0 U D
7 176 0 0 U D
7 177 0 0 U D
7 178 0 0 U D
7 179 0 0 U D
7 180 0 0 U D
7 181 0 0 U D
7 182 0 0 U D
7 183 0 0 U D
7 184 0 0 U D
7 185 0 0 U D
7 186 0 0 U D
7 187 0 0 U D
7 188 0 0 U D
7 189 0 0 U D
7 190 0 0 U D
7 191 0 0 U D
7 192 0 0 U D
7 193 0 0 U D
7 194 0 0 U D
7 195 0 0 U D
7 196 0 0 U D
7 197 0 0 U D
7 198 0 0 U D
7 199 0 0 U D
8 0 0 0 D R
8 1 0 0 D R
8 2 0 0 L U
8 3 0 0 L R
8 4 0 0 L L
8 5 0 0 D L
8 6 0 0 U D
8 7 0 0 D D
8 8 0 0 D L
8 9 0 0 D R
8 10 0 0 U L
8 11 0 0 D R
8 12 0 0 U L
8 13 0 0 D R
8 14 0 0 U L
8 15 0 0 D R
8 16 0 0 U L
8 17 0 0 D R
8 18 0 0 U L
8 19 0 0 D R
8 20 0 0 U L
8 21 0 0 D R
8 22 0 0 U L
8 23 0 0 D R
8 24 0 0 U L
8 25 0 0 D R
8 26 0 0 U L
8 27 0 0 D R
8 28 0 0 U L
8 29 0 0 D R
8 30 0 0 U L
8 31 0 0 D R
8 32 0 0 U L
8 33 0 0 D R
8 34 0 0 U L
8 35 0 0 D R
8 36 0 0 U L
8 37 0 0 D R
8 38 0 0 U L
8 39 0 0 D R
8 40 0 0 U L
8 41 0 0 D R
8 42 0 0 U L
8 43 0 0 D R
8 44 0 0 U L
8 45 0 0 D R
8 46 0 0 U L
8 47 0 0 D R
8 48 0 0 U L
8 49 0 0 D R
8 50 0 0 U L
8 51 0 0 D R
8 52 0 0 U L
8 53 0 0 D R
8 54 0 0 U L
8 55 0 0 D R
8 56 0 0 U L
8 57 0 0 D R
8 58 0 0 U L
8 59 0 0 D R
8 60 0 0 U L
8 61 0 0 D R
8 62 0 0 U L
8 63 0 0 D R
8 64 0 0 U L
8 65 0 0 D R
8 66 0 0 U L
8 67 0 0 D R
8 68 0 0 U L
8 69 0 0 D R
8 70 0 0 U L
8 71 0 0 D R
8 72 0 0 U L
8 73 0 0 D R
8 74 0 0 U L
8 75 0 0 D R
8 76 0 0 U L
8 77 0 0 D R
8 78 0 0 U L
8 79 0 0 D R
8 80 0 0 U L
8 81 0 0 D R
8 82 0 0 U L
8 83 0 0 D R
8 84 0 0 U L
8 85 0 0 D R
8 86 0 0 U L
8 87 0 0 D R
8 88 0 0 U L
8 89 0 0 D R
8 90 0 0 U L
8 91 0 0 D R
8 92 0 0 U L
8 93 0 0 D R
8 94 0 0 U L
8 95 0 0 D R
8 96 0 0 U L
8 97 0 0 D R
8 98 0 0 U L
8 99 0 0 D R
8 100 0 0 U L
8 101 0 0 D R
8 102 0 0 U L
8 103 0 0 D R
8 104 0 0 U L
8 105 0 0 D R
8 106 0 0 U L
8 107 0 0 D R
8 108 0 0 U L
8 109 0 0 D R
8 110 0 0 U L
8 111 0 0 D R
8 112 0 0 U L
8 113 0 0 D R
8 114 0 0 U L
8 115 0 0 D R
8 116 0 0 U L
8 117 0 0 D R
8 118 0 0 U L
8 119 0 0 D R
8 120 0 0 U L
8 121 0 0 D R
8 122 0 0 U L
8 123 0 0 D R
8 124 0 0 U L
8 125 0 0 D R
8 126 0 0 U L
8 127 0 0 D R
8 128 0 0 U L
8 129 0 0 D R
8 130 0 0 U L
8 131 0 0 D R
8 132 0 0 U L
8 133 0 0 D R
8 134 0 0 U L
8 135 0 0 D R
8 136 0 0 U L
8 137 0 0 D R
8 138 0 0 U L
8 139 0 0 D R
8 140 0 0 U L
8 141 0 0 D R
8 142 0 0 U L
8 143 0 0 D R
8 144 0 0 U L
8 145 0 0 D R
8 146 0 0 U L
8 147 0 0 D R
8 148 0 0 U L
8 149 0 0 D R
8 150 0 0 U L
8 151 0 0 D R
8 152 0 0 U L
8 153 0 0 D R
8 154 0 0 U L
8 155 0 0 D R
8 156 0 0 U L
8 157 0 0 D R
8 158 0 0 U L
8 159 0 0 D R
8 160 0 0 U L
8 161 0 0 D R
8 162 0 0 U L
8 163 0 0 D R
8 164 0 0 U L
8 165 0 0 D R
8 166 0 0 U L
8 167 0 0 D R
8 168 0 0 U L
8 169 0 0 D R
8 170 0 0 U L
8 171 0 0 D R
8 172 0 0 U L
8 173 0 0 D R
8 174 0 0 U L
8 175 0 0 D R
8 176 0 0 U L
8 177 0 0 D R
8 178 0 0 U L
8 179 0 0 D R
8 180 0 0 U L
8 181 0 0 D R
8 182 0 0 U L
8 183 0 0 D R
8 184 0 0 U L
8 185 0 0 D R
8 186 0 0 U L
8 187 0 0 D R
8 188 0 0 U L
8 189 0 0 D R
8 190 0 0 U L
8 191 0 0 D R
8 192 0 0 U L
8 193 0 0 D R
8 194 0 0 U L
8 195 0 0 D R
8 196 0 0 U L
8 197 0 0 D R
8 198 0 0 U L
8 199 0 0 D R
9 0 0 0 U R
9 1 0 0 U U
9 2 0 0 U R
9 3 0 0 U U
9 4 0 1 U L
9 5 0 1 U U
9 6 0 1 U U
9 7 0 1 U U
9 8 0 1 U U
9 9 0 1 U U
9 10 0 1 R U
9 11 0 1 D U
9 12 1 1 D U
9 13 1 1 L L
9 14 1 1 L L
9 15 1 1 L U
9 16 1 1 L U
9 17 1 1 D D
9 18 1 1 R L
9 19 1 1 R L
9 20 2 1 R L
9 21 2 1 S S
9 22 2 1 S S
9 23 2 1 S S
9 24 2 1 S S
9 25 2 1 S S
9 26 2 1 S S
9 27 2 1 S S
9 28 2 1 S S
9 29 2 1 S S
9 30 2 1 S S
9 31 2 1 S S
9 32 2 1 S S
9 33 2 1 S S
9 34 2 1 S S
9 35 2 1 S S
9 36 2 1 S S
9 37 2 1 S S
9 38 2 1 S S
9 39 2 1 S S
9 40 2 1 S S
9 41 2 1 S S
9 42 2 1 S S
9 43 2 1 S S
9 44 2 1 S S
9 45 2 1 S S
9 46 2 1 S S
9 47 2 1 S S
9 48 2 1 S S
9 49 2 1 S S
9 50 2 1 S S
9 51 2 1 S S
9 52 2 1 S S
9 53 2 1 S S
9 54 2 1 S S
9 55 2 1 S S
9 56 2 1 S S
9 57 2 1 S S
9 58 2 1 S S
9 59 2 1 S S
9 60 2 1 S S
9 61 2 1 S S
9 62 2 1 S S
9 63 2 1 S S
9 64 2 1 S S
9 65 2 1 S S
9 66 2 1 S S
9 67 2 1 S S
9 68 2 1 S S
9 69 2 1 S S
9 70 2 1 S S
9 71 2 1 S S
9 72 2 1 S S
9 73 2 1 S S
9 74 2 1 S S
9 75 2 1 S S
9 76 2 1 S S
9 77 2 1 S S
9 78 2 1 S S
9 79 2 1 S S
9 80 2 1 S S
9 81 2 1 S S
9 82 2 1 S S
9 83 2 1 S S
9 84 2 1 S S
9 85 2 1 S S
9 86 2 1 S S
9 87 2 1 S S
9 88 2 1 S S
9 89 2 1 S S
9 90 2 1 S S
9 91 2 1 S S
9 92 2 1 S S
9 93 2 1 S S
9 94 2 1 S S
9 95 2 1 S S
9 96 2 1 S S
9 97 2 1 S S
9 98 2 1 S S
9 99 2 1 S S
9 100 2 1 S S
9 101 2 1 S S
9 102 2 1 S S
9 103 2 1 S S
9 104 2 1 S S
9 105 2 1 S S
9 106 2 1 S S
9 107 2 1 S S
9 108 2 1 S S
9 109 2 1 S S
9 110 2 1 S S
9 111 2 1 S S
9 112 2 1 S S
9 113 2 1 S S
9 114 2 1 S S
9 115 2 1 S S
9 116 2 1 S S
9 117 2 1 S S
9 118 2 1 S S
9 119 2 1 S S
9 120 2 1 S S
9 121 2 1 S S
9 122 2 1 S S
9 123 2 1 S S
9 124 2 1 S S
9 125 2 1 S S
9 126 2 1 S S
9 127 2 1 S S
9 128 2 1 S S
9 129 2 1 S S
9 130 2 1 S S
9 131 2 1 S S
9 132 2 1 S S
9 133 2 1 S S
9 134 2 1 S S
9 135 2 1 S S
9 136 2 1 S S
9 137 2 1 S S
9 138 2 1 S S
9 139 2 1 S S
9 140 2 1 S S
9 141 2 1 S S
9 142 2 1 S S
9 143 2 1 S S
9 144 2 1 S S
9 145 2 1 S S
9 146 2 1 S S
9 147 2 1 S S
9 148 2 1 S S
9 149 2 1 S S
9 150 2 1 S S
9 151 2 1 S S
9 152 2 1 S S
9 153 2 1 S S
9 154 2 1 S S
9 155 2 1 S S
9 156 2 1 S S
9 157 2 1 S S
9 158 2 1 S S
9 159 2 1 S S
9 160 2 1 S S
9 161 2 1 S S
9 162 2 1 S S
9 163 2 1 S S
9 164 2 1 S S
9 165 2 1 S S
9 166 2 1 S S
9 167 2 1 S S
9 168 2 1 S S
9 169 2 1 S S
9 170 2 1 S S
9 171 2 1 S S
9 172 2 1 S S
9 173 2 1 S S
9 174 2 1 S S
9 175 2 1 S S
9 176 2 1 S S
9 177 2 1 S S
9 178 2 1 S S
9 179 2 1 S S
9 180 2 1 S S
9 181 2 1 S S
9 182 2 1 S S
9 183 2 1 S S
9 184 2 1 S S
9 185 2 1 S S
9 186 2 1 S S
9 187 2 1 S S
9 188 2 1 S S
9 189 2 1 S S
9 190 2 1 S S
9 191 2 1 S S
9 192 2 1 S S
9 193 2 1 S S
9 194 2 1 S S
9 195 2 1 S S
9 196 2 1 S S
9 197 2 1 S S
9 198 2 1 S S
9 199 2 1 S S
10 0 0 0 U D
10 1 0 0 R D
10 2 0 0 R D
10 3 0 0 R D
10 4 0 0 R D
10 5 0 0 R D
10 6 0 0 R D
10 7 0 0 R D
10 8 0 0 R D
10 9 0 0 R D
10 10 0 0 U D
10 11 0 0 R R
10 12 0 0 U D
10 13 0 0 L L
10 14 0 0 L L
10 15 0 1 L L
10 16 0 1 L D
10 17 0 1 L L
10 18 1 1 L L
10 19 1 1 D L
10 20 1 1 D D
10 21 1 1 D R
10 22 1 1 D R
10 23 1 1 D U
10 24 1 1 U R
10 25 1 1 R R
10 26 1 1 R D
10 27 1 1 D L
10 28 1 1 R L
10 29 1 1 D U
10 30 1 1 U L
10 31 1 1 U L
10 32 1 1 R D
10 33 1 1 D R
10 34 1 1 D R
10 35 1 1 U U
10 36 1 1 U R
10 37 1 1 R R
10 38 1 1 R D
10 39 1 1 D L
10 40 1 1 R L
10 41 1 1 L R
10 42 1 1 R U
10 43 1 1 D U
10 44 1 1 L S
10 45 1 1 L S
10 46 1 1 L S
10 47 1 1 L S
10 48 1 1 L S
10 49 1 1 L S
10 50 1 1 L S
10 51 1 1 U S
10 52 1 1 L L
10 53 1 1 L L
10 54 1 1 D L
10 55 1 1 R S
10 56 1 1 R S
10 57 1 1 U S
10 58 1 1 R L
10 59 1 1 R L
10 60 1 1 D L
10 61 1 1 L S
10 62 1 1 L S
10 63 1 1 U S
10 64 1 1 L L
10 65 1 1 L L
10 66 1 1 D L
10 67 1 1 R S
10 68 1 1 R S
10 69 1 1 U S
10 70 1 1 R L
10 71 1 1 R L
10 72 1 1 D L
10 73 1 1 L S
10 74 1 1 L S
10 75 1 1 U S
10 76 1 1 L L
10 77 1 1 L L
10 78 1 1 D L
10 79 1 1 R S
10 80 1 1 R S
10 81 1 1 U S
10 82 1 1 R L
10 83 1 1 R L
10 84 1 1 D L
10 85 1 1 L S
10 86 1 1 L S
10 87 1 1 U S
10 88 1 1 L L
10 89 1 1 L L
10 90 1 1 D L
10 91 1 1 R S
10 92 1 1 R S
10 93 1 1 U S
10 94 1 1 R L
10 95 1 1 R L
10 96 1 1 D L
10 97 1 1 L S
10 98 1 1 L S
10 99 1 1 U S
10 100 1 1 L L
10 101 1 1 L L
10 102 1 1 D L
10 103 1 1 R S
10 104 1 1 R S
10 105 1 1 U S
10 106 1 1 R L
10 107 1 1 R L
10 108 1 1 D L
10 109 1 1 L S
10 110 1 1 L S
10 111 1 1 U S
10 112 1 1 L L
10 113 1 1 L L
10 114 1 1 D L
10 115 1 1 R S
10 116 1 1 R S
10 117 1 1 U S
10 118 1 1 R L
10 119 1 1 R L
10 120 1 1 D L
10 121 1 1 L S
10 122 1 1 L S
10 123 1 1 U S
10 124 1 1 L L
10 125 1 1 L L
10 126 1 1 D L
10 127 1 1 R S
10 128 1 1 R S
10 129 1 1 U S
10 130 1 1 R L
10 131 1 1 R L
10 132 1 1 D L
10 133 1 1 L S
10 134 1 1 L S
10 135 1 1 U S
10 136 1 1 L L
10 137 1 1 L L
10 138 1 1 D L
10 139 1 1 R S
10 140 1 1 R S
10 141 1 1 U S
10 142 1 1 R L
10 143 1 1 R L
10 144 1 1 D L
10 145 1 1 L S
10 146 1 1 L S
10 147 1 1 U S
10 148 1 1 L L
10 149 1 1 L L
10 150 1 1 D L
10 151 1 1 R S
10 152 1 1 R S
10 153 1 1 U S
10 154 1 1 R L
10 155 1 1 R L
10 156 1 1 D L
10 157 1 1 L S
10 158 1 1 L S
10 159 1 1 U S
10 160 1 1 L L
10 161 1 1 L L
10 162 1 1 D L
10 163 1 1 R S
10 164 1 1 R S
10 165 1 1 U S
10 166 1 1 R L
10 167 1 1 R L
10 168 1 1 D L
10 169 1 1 L S
10 170 1 1 L S
10 171 1 1 U S
10 172 1 1 L L
10 173 1 1 L L
10 174 1 1 D L
10 175 1 1 R S
10 176 1 1 R S
10 177 1 1 U S
10 178 1 1 R L
10 179 1 1 R L
10 180 1 1 D L
10 181 1 1 L S
10 182 1 1 L S
10 183 1 1 U S
10 184 1 1 L L
10 185 1 1 L L
10 186 1 1 D L
10 187 1 1 R S
10 188 1 1 R S
10 189 1 1 U S
10 190 1 1 R L
10 191 1 1 R L
10 192 1 1 D L
10 193 1 1 L S
10 194 1 1 L S
10 195 1 1 U S
10 196 1 1 L L
10 197 1 1 L L
10 198 1 1 D L
10 199 1 1 R S
11 0 0 0 U U
11 1 0 0 U U
11 2 0 0 U U
11 3 0 0 U U
11 4 0 0 L U
11 5 0 0 L U
11 6 0 0 L U
11 7 0 0 L U
11 8 0 0 L U
11 9 1 0 L U
11 10 1 0 D U
11 11 1 0 D U
11 12 1 0 D U
11 13 1 0 D U
11 14 1 0 D U
11 15 1 0 D U
11 16 1 0 D U
11 17 1 0 R U
11 18 1 0 U U
11 19 1 0 U U
11 20 1 0 R U
11 21 1 0 U U
11 22 1 0 L U
11 23 1 0 L U
11 24 1 0 L U
11 25 2 0 L U
11 26 2 0 D U
11 27 2 0 D U
11 28 2 0 R U
11 29 2 0 R U
11 30 2 0 R U
11 31 2 0 R U
11 32 2 0 R U
11 33 2 0 U U
11 34 2 0 R U
11 35 2 0 U U
11 36 2 0 L U
11 37 2 0 L U
11 38 2 0 L U
11 39 2 0 L U
11 40 2 0 L U
11 41 3 0 L U
11 42 3 0 S S
11 43 3 0 S S
11 44 3 0 S S
11 45 3 0 S S
11 46 3 0 S S
11 47 3 0 S S
11 48 3 0 S S
11 49 3 0 S S
11 50 3 0 S S
11 51 3 0 S S
11 52 3 0 S S
11 53 3 0 S S
11 54 3 0 S S
11 55 3 0 S S
11 56 3 0 S S
11 57 3 0 S S
11 58 3 0 S S
11 59 3 0 S S
11 60 3 0 S S
11 61 3 0 S S
11 62 3 0 S S
11 63 3 0 S S
11 64 3 0 S S
11 65 3 0 S S
11 66 3 0 S S
11 67 3 0 S S
11 68 3 0 S S
11 69 3 0 S S
11 70 3 0 S S
11 71 3 0 S S
11 72 3 0 S S
11 73 3 0 S S
11 74 3 0 S S
11 75 3 0 S S
11 76 3 0 S S
11 77 3 0 S S
11 78 3 0 S S
11 79 3 0 S S
11 80 3 0 S S
11 81 3 0 S S
11 82 3 0 S S
11 83 3 0 S S
11 84 3 0 S S
11 85 3 0 S S
11 86 3 0 S S
11 87 3 0 S S
11 88 3 0 S S
11 89 3 0 S S
11 90 3 0 S S
11 91 3 0 S S
11 92 3 0 S S
11 93 3 0 S S
11 94 3 0 S S
11 95 3 0 S S
11 96 3 0 S S
11 97 3 0 S S
11 98 3 0 S S
11 99 3 0 S S
11 100 3 0 S S
11 101 3 0 S S
11 102 3 0 S S
11 103 3 0 S S
11 104 3 0 S S
11 105 3 0 S S
11 106 3 0 S S
11 107 3 0 S S
11 108 3 0 S S
11 109 3 0 S S
11 110 3 0 S S
11 111 3 0 S S
11 112 3 0 S S
11 113 3 0 S S
11 114 3 0 S S
11 115 3 0 S S
11 116 3 0 S S
11 117 3 0 S S
11 118 3 0 S S
11 119 3 0 S S
11 120 3 0 S S
11 121 3 0 S S
11 122 3 0 S S
11 123 3 0 S S
11 124 3 0 S S
11 125 3 0 S S
11 126 3 0 S S
11 127 3 0 S S
11 128 3 0 S S
11 129 3 0 S S
11 130 3 0 S S
11 131 3 0 S S
11 132 3 0 S S
11 133 3 0 S S
11 134 3 0 S S
11 135 3 0 S S
11 136 3 0 S S
11 137 3 0 S S
11 138 3 0 S S
11 139 3 0 S S
11 140 3 0 S S
11 141 3 0 S S
11 142 3 0 S S
11 143 3 0 S S
11 144 3 0 S S
11 145 3 0 S S
11 146 3 0 S S
11 147 3 0 S S
11 148 3 0 S S
11 149 3 0 S S
11 150 3 0 S S
11 151 3 0 S S
11 152 3 0 S S
11 153 3 0 S S
11 154 3 0 S S
11 155 3 0 S S
11 156 3 0 S S
11 157 3 0 S S
11 158 3 0 S S
11 159 3 0 S S
11 160 3 0 S S
11 161 3 0 S S
11 162 3 0 S S
11 163 3 0 S S
11 164 3 0 S S
11 165 3 0 S S
11 166 3 0 S S
11 167 3 0 S S
11 168 3 0 S S
11 169 3 0 S S
11 170 3 0 S S
11 171 3 0 S S
11 172 3 0 S S
11 173 3 0 S S
11 174 3 0 S S
11 175 3 0 S S
11 176 3 0 S S
11 177 3 0 S S
11 178 3 0 S S
11 179 3 0 S S
11 180 3 0 S S
11 181 3 0 S S
11 182 3 0 S S
11 183 3 0 S S
11 184 3 0 S S
11 185 3 0 S S
11 186 3 0 S S
11 187 3 0 S S
11 188 3 0 S S
11 189 3 0 S S
11 190 3 0 S S
11 191 3 0 S S
11 192 3 0 S S
11 193 3 0 S S
11 194 3 0 S S
11 195 3 0 S S
11 196 3 0 S S
11 197 3 0 S S
11 198 3 0 S S
11 199 3 0 S S
12 0 0 0 L U
12 1 0 0 U R
12 2 0 0 U U
12 3 0 0 L R
12 4 0 0 R R
12 5 0 0 L L
12 6 0 0 R R
12 7 0 0 L L
12 8 0 0 R R
12 9 0 0 L L
12 10 0 0 R R
12 11 0 0 L L
12 12 0 0 R R
12 13 0 0 L L
12 14 0 0 R R
12 15 0 0 L L
12 16 0 0 R R
12 17 0 0 L L
12 18 0 0 R R
12 19 0 0 L L
12 20 0 0 R R
12 21 0 0 L L
12 22 0 0 R R
12 23 0 0 L L
12 24 0 0 R R
12 25 0 0 L L
12 26 0 0 R R
12 27 0 0 L L
12 28 0 0 R R
12 29 0 0 L L
12 30 0 0 R R
12 31 0 0 L L
12 32 0 0 R R
12 33 0 0 L L
12 34 0 0 R R
12 35 0 0 L L
12 36 0 0 R R
12 37 0 0 L L
12 38 0 0 R R
12 39 0 0 L L
12 40 0 0 R R
12 41 0 0 L L
12 42 0 0 R R
12 43 0 0 L L
12 44 0 0 R R
12 45 0 0 L L
12 46 0 0 R R
12 47 0 0 L L
12 48 0 0 R R
12 49 0 0 L L
12 50 0 0 R R
12 51 0 0 L L
12 52 0 0 R R
12 53 0 0 L L
12 54 0 0 R R
12 55 0 0 L L
12 56 0 0 R R
12 57 0 0 L L
12 58 0 0 R R
12 59 0 0 L L
12 60 0 0 R R
12 61 0 0 L L
12 62 0 0 R R
12 63 0 0 L L
12 64 0 0 R R
12 65 0 0 L L
12 66 0 0 R R
12 67 0 0 L L
12 68 0 0 R R
12 69 0 0 L L
12 70 0 0 R R
12 71 0 0 L L
12 72 0 0 R R
12 73 0 0 L L
12 74 0 0 R R
12 75 0 0 L L
12 76 0 0 R R
12 77 0 0 L L
12 78 0 0 R R
12 79 0 0 L L
12 80 0 0 R R
12 81 0 0 L L
12 82 0 0 R R
12 83 0 0 L L
12 84 0 0 R R
12 85 0 0 L L
12 86 0 0 R R
12 87 0 0 L L
12 88 0 0 R R
12 89 0 0 L L
12 90 0 0 R R
12 91 0 0 L L
12 92 0 0 R R
12 93 0 0 L L
12 94 0 0 R R
12 95 0 0 L L
12 96 0 0 R R
12 97 0 0 L L
12 98 0 0 R R
12 99 0 0 L L
12 100 0 0 R R
12 101 0 0 L L
12 102 0 0 R R
12 103 0 0 L L
12 104 0 0 R R
12 105 0 0 L L
12 106 0 0 R R
12 107 0 0 L L
12 108 0 0 R R
12 109 0 0 L L
12 110 0 0 R R
12 111 0 0 L L
12 112 0 0 R R
12 113 0 0 L L
12 114 0 0 R R
12 115 0 0 L L
12 116 0 0 R R
12 117 0 0 L L
12 118 0 0 R R
12 119 0 0 L L
12 120 0 0 R R
12 121 0 0 L L
12 122 0 0 R R
12 123 0 0 L L
12 124 0 0 R R
12 125 0 0 L L
12 126 0 0 R R
12 127 0 0 L L
12 128 0 0 R R
12 129 0 0 L L
12 130 0 0 R R
12 131 0 0 L L
12 132 0 0 R R
12 133 0 0 L L
12 134 0 0 R R
12 135 0 0 L L
12 136 0 0 R R
12 137 0 0 L L
12 138 0 0 R R
12 139 0 0 L L
12 140 0 0 R R
12 141 0 0 L L
12 142 0 0 R R
12 143 0 0 L L
12 144 0 0 R R
12 145 0 0 L L
12 146 0 0 R R
12 147 0 0 L L
12 148 0 0 R R
12 149 0 0 L L
12 150 0 0 R R
12 151 0 0 L L
12 152 0 0 R R
12 153 0 0 L L
12 154 0 0 R R
12 155 0 0 L L
12 156 0 0 R R
12 157 0 0 L L
12 158 0 0 R R
12 159 0 0 L L
12 160 0 0 R R
12 161 0 0 L L
12 162 0 0 R R
12 163 0 0 L L
12 164 0 0 R R
12 165 0 0 L L
12 166 0 0 R R
12 167 0 0 L L
12 168 0 0 R R
12 169 0 0 L L
12 170 0 0 R R
12 171 0 0 L L
12 172 0 0 R R
12 173 0 0 L L
12 174 0 0 R R
12 175 0 0 L L
12 176 0 0 R R
12 177 0 0 L L
12 178 0 0 R R
12 179 0 0 L L
12 180 0 0 R R
12 181 0 0 L L
12 182 0 0 R R
12 183 0 0 L L
12 184 0 0 R R
12 185 0 0 L L
12 186 0 0 R R
12 187 0 0 L L
12 188 0 0 R R
12 189 0 0 L L
12 190 0 0 R R
12 191 0 0 L L
12 192 0 0 R R
12 193 0 0 L L
12 194 0 0 R R
12 195 0 0 L L
12 196 0 0 R R
12 197 0 0 L L
12 198 0 0 R R
12 199 0 0 L L
13 0 0 0 D U
13 1 0 0 D U
13 2 0 0 D U
13 3 0 0 D R
13 4 0 0 D R
13 5 0 0 D R
13 6 0 0 D R
13 7 0 0 D D
13 8 0 0 D R
13 9 0 0 L D
13 10 0 0 L L
13 11 0 0 L L
13 12 0 1 L L
13 13 0 1 L D
13 14 0 1 L D
13 15 0 1 L R
13 16 0 1 L R
13 17 0 1 L R
13 18 0 1 U U
13 19 0 1 U U
13 20 0 1 U L
13 21 0 1 U U
13 22 0 1 L U
13 23 0 1 U R
13 24 0 1 R D
13 25 0 1 R D
13 26 1 1 R L
13 27 1 1 D D
13 28 1 1 D D
13 29 1 1 S R
13 30 1 1 D U
13 31 1 1 D U
13 32 1 1 U L
13 33 1 1 D U
13 34 1 1 R U
13 35 1 1 R R
13 36 1 1 U D
13 37 1 1 R D
13 38 1 1 D L
13 39 1 1 D D
13 40 1 1 D D
13 41 1 1 S R
13 42 1 1 R U
13 43 1 1 U U
13 44 1 1 U L
13 45 1 1 D U
13 46 1 1 U U
13 47 1 1 R R
13 48 1 1 U D
13 49 1 1 R D
13 50 1 1 D L
13 51 1 1 D D
13 52 1 1 D D
13 53 1 1 S R
13 54 1 1 R U
13 55 1 1 U U
13 56 1 1 U L
13 57 1 1 D U
13 58 1 1 U U
13 59 1 1 R R
13 60 1 1 U D
13 61 1 1 R D
13 62 1 1 D L
13 63 1 1 D D
13 64 1 1 D D
13 65 1 1 S R
13 66 1 1 D U
13 67 1 1 D U
13 68 1 1 U L
13 69 1 1 D U
13 70 1 1 D U
13 71 1 1 D R
13 72 1 1 U D
13 73 1 1 D D
13 74 1 1 D L
13 75 1 1 D D
13 76 1 1 D D
13 77 1 1 S R
13 78 1 1 D U
13 79 1 1 D U
13 80 1 1 U L
13 81 1 1 D U
13 82 1 1 D U
13 83 1 1 D R
13 84 1 1 U D
13 85 1 1 D D
13 86 1 1 D L
13 87 1 1 D D
13 88 1 1 D D
13 89 1 1 S R
13 90 1 1 D U
13 91 1 1 D U
13 92 1 1 U L
13 93 1 1 D U
13 94 1 1 D U
13 95 1 1 D R
13 96 1 1 U D
13 97 1 1 D D
13 98 1 1 D L
13 99 1 1 D D
13 100 1 1 D D
13 101 1 1 S R
13 102 1 1 D U
13 103 1 1 D U
13 104 1 1 U L
13 105 1 1 D U
13 106 1 1 D U
13 107 1 1 D R
13 108 1 1 U D
13 109 1 1 D D
13 110 1 1 D L
13 111 1 1 D D
13 112 1 1 D D
13 113 1 1 S R
13 114 1 1 D U
13 115 1 1 D U
13 116 1 1 U L
13 117 1 1 D U
13 118 1 1 D U
13 119 1 1 D R
13 120 1 1 U D
13 121 1 1 D D
13 122 1 1 D L
13 123 1 1 D D
13 124 1 1 D D
13 125 1 1 S R
13 126 1 1 D U
13 127 1 1 D U
13 128 1 1 U L
13 129 1 1 D U
13 130 1 1 D U
13 131 1 1 D R
13 132 1 1 U D
13 133 1 1 D D
13 134 1 1 D L
13 135 1 1 D D
13 136 1 1 D D
13 137 1 1 S R
13 138 1 1 D U
13 139 1 1 D U
13 140 1 1 U L
13 141 1 1 D U
13 142 1 1 D U
13 143 1 1 D R
13 144 1 1 U D
13 145 1 1 D D
13 146 1 1 D L
13 147 1 1 D D
13 148 1 1 D D
13 149 1 1 S R
13 150 1 1 D U
13 151 1 1 D U
13 152 1 1 U L
13 153 1 1 D U
13 154 1 1 D U
13 155 1 1 D R
13 156 1 1 U D
13 157 1 1 D D
13 158 1 1 D L
13 159 1 1 D D
13 160 1 1 D D
13 161 1 1 S R
13 162 1 1 D U
13 163 1 1 D U
13 164 1 1 U L
13 165 1 1 D U
13 166 1 1 D U
13 167 1 1 D R
13 168 1 1 U D
13 169 1 1 D D
13 170 1 1 D L
13 171 1 1 D D
13 172 1 1 D D
13 173 1 1 S R
13 174 1 1 D U
13 175 1 1 D U
13 176 1 1 U L
13 177 1 1 D U
13 178 1 1 D U
13 179 1 1 D R
13 180 1 1 U D
13 181 1 1 D D
13 182 1 1 D L
13 183 1 1 D D
13 184 1 1 D D
13 185 1 1 S R
13 186 1 1 D U
13 187 1 1 D U
13 188 1 1 U L
13 189 1 1 D U
13 190 1 1 D U
13 191 1 1 D R
13 192 1 1 U D
13 193 1 1 D D
13 194 1 1 D L
13 195 1 1 D D
13 196 1 1 D D
13 197 1 1 S R
13 198 1 1 D U
13 199 1 1 D U
14 0 0 0 U D
14 1 0 0 U D
14 2 0 0 R D
14 3 0 0 R L
14 4 0 0 R L
14 5 0 0 U L
14 6 0 0 R L
14 7 1 0 D L
14 8 1 0 U L
14 9 1 0 U L
14 10 1 0 U L
14 11 1 0 L L
14 12 1 0 L L
14 13 1 0 L L
14 14 1 0 L D
14 15 1 0 L R
14 16 1 0 L D
14 17 1 0 D D
14 18 1 0 D L
14 19 1 0 D U
14 20 1 0 D U
14 21 1 0 D R
14 22 1 0 D U
14 23 1 0 D U
14 24 1 0 D L
14 25 1 0 R D
14 26 1 0 D D
14 27 1 0 D R
14 28 1 0 L D
14 29 1 0 U D
14 30 1 0 U L
14 31 1 0 R U
14 32 1 0 U U
14 33 1 0 U R
14 34 1 0 L U
14 35 1 0 D U
14 36 1 0 D L
14 37 1 0 R D
14 38 1 0 D D
14 39 1 0 D R
14 40 1 0 L D
14 41 1 0 U D
14 42 1 0 U L
14 43 1 0 R U
14 44 1 0 U U
14 45 1 0 U R
14 46 1 0 L U
14 47 1 0 D U
14 48 1 0 D L
14 49 1 0 R D
14 50 1 0 D D
14 51 1 0 D R
14 52 1 0 L D
14 53 1 0 U D
14 54 1 0 U L
14 55 1 0 R U
14 56 1 0 U U
14 57 1 0 U R
14 58 1 0 L U
14 59 1 0 D U
14 60 1 0 D L
14 61 1 0 R D
14 62 1 0 D D
14 63 1 0 D R
14 64 1 0 L D
14 65 1 0 U D
14 66 1 0 U L
14 67 1 0 R U
14 68 1 0 U U
14 69 1 0 U R
14 70 1 0 L U
14 71 1 0 D U
14 72 1 0 D L
14 73 1 0 R D
14 74 1 0 D D
14 75 1 0 D R
14 76 1 0 L D
14 77 1 0 U D
14 78 1 0 U L
14 79 1 0 R U
14 80 1 0 U U
14 81 1 0 U R
14 82 1 0 L U
14 83 1 0 D U
14 84 1 0 D L
14 85 1 0 R D
14 86 1 0 D D
14 87 1 0 D R
14 88 1 0 L D
14 89 1 0 U D
14 90 1 0 U L
14 91 1 0 R U
14 92 1 0 U U
14 93 1 0 U R
14 94 1 0 L U
14 95 1 0 D U
14 96 1 0 D L
14 97 1 0 R D
14 98 1 0 D D
14 99 1 0 D R
14 100 1 0 L D
14 101 1 0 U D
14 102 1 0 U L
14 103 1 0 R U
14 104 1 0 U U
14 105 1 0 U R
14 106 1 0 L U
14 107 1 0 D U
14 108 1 0 D L
14 109 1 0 R D
14 110 1 0 D D
14 111 1 0 D R
14 112 1 0 L D
14 113 1 0 U D
14 114 1 0 U L
14 115 1 0 R U
14 116 1 0 U U
14 117 1 0 U R
14 118 1 0 L U
14 119 1 0 D U
14 120 1 0 D L
14 121 1 0 R D
14 122 1 0 D D
14 123 1 0 D R
14 124 1 0 L D
14 125 1 0 U D
14 126 1 0 U L
14 127 1 0 R U
14 128 1 0 U U
14 129 1 0 U R
14 130 1 0 L U
14 131 1 0 D U
14 132 1 0 D L
14 133 1 0 R D
14 134 1 0 D D
14 135 1 0 D R
14 136 1 0 L D
14 137 1 0 U D
14 138 1 0 U L
14 139 1 0 R U
14 140 1 0 U U
14 141 1 0 U R
14 142 1 0 L U
14 143 1 0 D U
14 144 1 0 D L
14 145 1 0 R D
14 146 1 0 D D
14 147 1 0 D R
14 148 1 0 L D
14 149 1 0 U D
14 150 1 0 U L
14 151 1 0 R U
14 152 1 0 U U
14 153 1 0 U R
14 154 1 0 L U
14 155 1 0 D U
14 156 1 0 D L
14 157 1 0 R D
14 158 1 0 D D
14 159 1 0 D R
14 160 1 0 L D
14 161 1 0 U D
14 162 1 0 U L
14 163 1 0 R U
14 164 1 0 U U
14 165 1 0 U R
14 166 1 0 L U
14 167 1 0 D U
14 168 1 0 D L
14 169 1 0 R D
14 170 1 0 D D
14 171 1 0 D R
14 172 1 0 L D
14 173 1 0 U D
14 174 1 0 U L
14 175 1 0 R U
14 176 1 0 U U
14 177 1 0 U R
14 178 1 0 L U
14 179 1 0 D U
14 180 1 0 D L
14 181 1 0 R D
14 182 1 0 D D
14 183 1 0 D R
14 184 1 0 L D
14 185 1 0 U D
14 186 1 0 U L
14 187 1 0 R U
14 188 1 0 U U
14 189 1 0 U R
14 190 1 0 L U
14 191 1 0 D U
14 192 1 0 D L
14 193 1 0 R D
14 194 1 0 D D
14 195 1 0 D R
14 196 1 0 L D
14 197 1 0 U D
14 198 1 0 U L
14 199 1 0 R U
15 0 0 0 D D
15 1 0 0 D D
15 2 0 0 D D
15 3 0 0 D D
15 4 0 0 D D
15 5 0 0 R D
15 6 0 0 R D
15 7 0 0 R D
15 8 0 0 R D
15 9 0 0 D D
15 10 1 0 L L
15 11 1 0 D L
15 12 1 0 L U
15 13 1 0 D D
15 14 1 0 D L
15 15 1 0 R L
15 16 1 0 U L
15 17 1 0 U U
15 18 1 0 U U
15 19 1 0 L U
15 20 1 0 L L
15 21 1 0 R L
15 22 1 0 U R
15 23 1 0 L D
15 24 1 0 L D
15 25 1 0 L D
15 26 1 0 L D
15 27 1 0 L D
15 28 1 0 L D
15 29 1 0 L D
15 30 1 0 L D
15 31 1 0 L D
15 32 1 0 L D
15 33 1 0 L D
15 34 1 0 L D
15 35 1 0 L D
15 36 1 0 L D
15 37 1 0 L D
15 38 1 0 L D
15 39 1 0 L D
15 40 1 0 L D
15 41 1 0 L D
15 42 1 0 L D
15 43 1 0 L D
15 44 1 0 L D
15 45 1 0 L D
15 46 1 0 L D
15 47 1 0 L D
15 48 1 0 L D
15 49 1 0 L D
15 50 1 0 L D
15 51 1 0 L D
15 52 1 0 L D
15 53 1 0 L D
15 54 1 0 L D
15 55 1 0 L D
15 56 1 0 L D
15 57 1 0 L D
15 58 1 0 L D
15 59 1 0 L D
15 60 1 0 L D
15 61 1 0 L D
15 62 1 0 L D
15 63 1 0 L D
15 64 1 0 L D
15 65 1 0 L D
15 66 1 0 L D
15 67 1 0 L D
15 68 1 0 L D
15 69 1 0 L D
15 70 1 0 L D
15 71 1 0 L D
15 72 1 0 L D
15 73 1 0 L D
15 74 1 0 L D
15 75 1 0 L D
15 76 1 0 L D
15 77 1 0 L D
15 78 1 0 L D
15 79 1 0 L D
15 80 1 0 L D
15 81 1 0 L D
15 82 1 0 L D
15 83 1 0 L D
15 84 1 0 L D
15 85 1 0 L D
15 86 1 0 L D
15 87 1 0 L D
15 88 1 0 L D
15 89 1 0 L D
15 90 1 0 L D
15 91 1 0 L D
15 92 1 0 L D
15 93 1 0 L D
15 94 1 0 L D
15 95 1 0 L D
15 96 1 0 L D
15 97 1 0 L D
15 98 1 0 L D
15 99 1 0 L D
15 100 1 0 L D
15 101 1 0 L D
15 102 1 0 L D
15 103 1 0 L D
15 104 1 0 L D
15 105 1 0 L D
15 106 1 0 L D
15 107 1 0 L D
15 108 1 0 L D
15 109 1 0 L D
15 110 1 0 L D
15 111 1 0 L D
15 112 1 0 L D
15 113 1 0 L D
15 114 1 0 L D
15 115 1 0 L D
15 116 1 0 L D
15 117 1 0 L D
15 118 1 0 L D
15 119 1 0 L D
15 120 1 0 L D
15 121 1 0 L D
15 122 1 0 L D
15 123 1 0 L D
15 124 1 0 L D
15 125 1 0 L D
15 126 1 0 L D
15 127 1 0 L D
15 128 1 0 L D
15 129 1 0 L D
15 130 1 0 L D
15 131 1 0 L D
15 132 1 0 L D
15 133 1 0 L D
15 134 1 0 L D
15 135 1 0 L D
15 136 1 0 L D
15 137 1 0 L D
15 138 1 0 L D
15 139 1 0 L D
15 140 1 0 L D
15 141 1 0 L D
15 142 1 0 L D
15 143 1 0 L D
15 144 1 0 L D
15 145 1 0 L D
15 146 1 0 L D
15 147 1 0 L D
15 148 1 0 L D
15 149 1 0 L D
15 150 1 0 L D
15 151 1 0 L D
15 152 1 0 L D
15 153 1 0 L D
15 154 1 0 L D
15 155 1 0 L D
15 156 1 0 L D
15 157 1 0 L D
15 158 1 0 L D
15 159 1 0 L D
15 160 1 0 L D
15 161 1 0 L D
15 162 1 0 L D
15 163 1 0 L D
15 164 1 0 L D
15 165 1 0 L D
15 166 1 0 L D
15 167 1 0 L D
15 168 1 0 L D
15 169 1 0 L D
15 170 1 0 L D
15 171 1 0 L D
15 172 1 0 L D
15 173 1 0 L D
15 174 1 0 L D
15 175 1 0 L D
15 176 1 0 L D
15 177 1 0 L D
15 178 1 0 L D
15 179 1 0 L D
15 180 1 0 L D
15 181 1 0 L D
15 182 1 0 L D
15 183 1 0 L D
15 184 1 0 L D
15 185 1 0 L D
15 186 1 0 L D
15 187 1 0 L D
15 188 1 0 L D
15 189 1 0 L D
15 190 1 0 L D
15 191 1 0 L D
15 192 1 0 L D
15 193 1 0 L D
15 194 1 0 L D
15 195 1 0 L D
15 196 1 0 L D
15 197 1 0 L D
15 198 1 0 L D
15 199 1 0 L D
16 0 0 0 U D
16 1 0 0 U D
16 2 0 0 U D
16 3 0 0 U D
16 4 0 0 U D
16 5 0 0 R R
16 6 0 0 R R
16 7 0 0 R R
16 8 0 0 D R
16 9 0 0 R R
16 10 0 0 D R
16 11 0 0 L R
16 12 1 0 L R
16 13 1 0 U R
16 14 1 0 U R
16 15 1 0 R R
16 16 1 0 R U
16 17 1 0 R R
16 18 1 0 R R
16 19 1 0 R D
16 20 1 0 R L
16 21 1 0 R L
16 22 1 0 R U
16 23 1 0 D L
16 24 1 0 D L
16 25 1 0 L D
16 26 1 0 D R
16 27 1 0 D R
16 28 1 0 R U
16 29 1 0 U R
16 30 1 0 U R
16 31 1 0 L D
16 32 1 0 U L
16 33 1 0 U L
16 34 1 0 R U
16 35 1 0 D L
16 36 1 0 D L
16 37 1 0 L D
16 38 1 0 D R
16 39 1 0 D R
16 40 1 0 R U
16 41 1 0 U R
16 42 1 0 U R
16 43 1 0 L D
16 44 1 0 U L
16 45 1 0 U L
16 46 1 0 R U
16 47 1 0 D L
16 48 1 0 D L
16 49 1 0 L D
16 50 1 0 D R
16 51 1 0 D R
16 52 1 0 R U
16 53 1 0 U R
16 54 1 0 U R
16 55 1 0 L D
16 56 1 0 U L
16 57 1 0 U L
16 58 1 0 R U
16 59 1 0 D L
16 60 1 0 D L
16 61 1 0 L D
16 62 1 0 D R
16 63 1 0 D R
16 64 1 0 R U
16 65 1 0 U R
16 66 1 0 U R
16 67 1 0 L D
16 68 1 0 U L
16 69 1 0 U L
16 70 1 0 R U
16 71 1 0 D L
16 72 1 0 D L
16 73 1 0 L D
16 74 1 0 D R
16 75 1 0 D R
16 76 1 0 R U
16 77 1 0 U R
16 78 1 0 U R
16 79 1 0 L D
16 80 1 0 U L
16 81 1 0 U L
16 82 1 0 R U
16 83 1 0 D L
16 84 1 0 D L
16 85 1 0 L D
16 86 1 0 D R
16 87 1 0 D R
16 88 1 0 R U
16 89 1 0 U R
16 90 1 0 U R
16 91 1 0 L D
16 92 1 0 U L
16 93 1 0 U L
16 94 1 0 R U
16 95 1 0 D L
16 96 1 0 D L
16 97 1 0 L D
16 98 1 0 D R
16 99 1 0 D R
16 100 1 0 R U
16 101 1 0 U R
16 102 1 0 U R
16 103 1 0 L D
16 104 1 0 U L
16 105 1 0 U L
16 106 1 0 R U
16 107 1 0 D L
16 108 1 0 D L
16 109 1 0 L D
16 110 1 0 D R
16 111 1 0 D R
16 112 1 0 R U
16 113 1 0 U R
16 114 1 0 U R
16 115 1 0 L D
16 116 1 0 U L
16 117 1 0 U L
16 118 1 0 R U
16 119 1 0 D L
16 120 1 0 D L
16 121 1 0 L D
16 122 1 0 D R
16 123 1 0 D R
16 124 1 0 R U
16 125 1 0 U R
16 126 1 0 U R
16 127 1 0 L D
16 128 1 0 U L
16 129 1 0 U L
16 130 1 0 R U
16 131 1 0 D L
16 132 1 0 D L
16 133 1 0 L D
16 134 1 0 D R
16 135 1 0 D R
16 136 1 0 R U
16 137 1 0 U R
16 138 1 0 U R
16 139 1 0 L D
16 140 1 0 U L
16 141 1 0 U L
16 142 1 0 R U
16 143 1 0 D L
16 144 1 0 D L
16 145 1 0 L D
16 146 1 0 D R
16 147 1 0 D R
16 148 1 0 R U
16 149 1 0 U R
16 150 1 0 U R
16 151 1 0 L D
16 152 1 0 U L
16 153 1 0 U L
16 154 1 0 R U
16 155 1 0 D L
16 156 1 0 D L
16 157 1 0 L D
16 158 1 0 D R
16 159 1 0 D R
16 160 1 0 R U
16 161 1 0 U R
16 162 1 0 U R
16 163 1 0 L D
16 164 1 0 U L
16 165 1 0 U L
16 166 1 0 R U
16 167 1 0 D L
16 168 1 0 D L
16 169 1 0 L D
16 170 1 0 D R
16 171 1 0 D R
16 172 1 0 R U
16 173 1 0 U R
16 174 1 0 U R
16 175 1 0 L D
16 176 1 0 U L
16 177 1 0 U L
16 178 1 0 R U
16 179 1 0 D L
16 180 1 0 D L
16 181 1 0 L D
16 182 1 0 D R
16 183 1 0 D R
16 184 1 0 R U
16 185 1 0 U R
16 186 1 0 U R
16 187 1 0 L D
16 188 1 0 U L
16 189 1 0 U L
16 190 1 0 R U
16 191 1 0 D L
16 192 1 0 D L
16 193 1 0 L D
16 194 1 0 D R
16 195 1 0 D R
16 196 1 0 R U
16 197 1 0 U R
16 198 1 0 U R
16 199 1 0 L D
17 0 0 0 D D
17 1 0 0 D R
17 2 0 0 D R
17 3 0 0 D R
17 4 0 0 D R
17 5 0 0 D D
17 6 0 0 L D
17 7 0 0 L D
17 8 0 0 L R
17 9 0 0 L D
17 10 0 0 L L
17 11 0 0 L L
17 12 0 1 L L
17 13 0 1 L U
17 14 0 1 L U
17 15 0 1 D U
17 16 0 1 R L
17 17 0 1 D U
17 18 1 1 L U
17 19 1 1 U U
17 20 1 1 U U
17 21 1 1 U U
17 22 1 1 U U
17 23 1 1 U U
17 24 1 1 U U
17 25 1 1 U U
17 26 1 1 U U
17 27 1 1 U L
17 28 1 1 R L
17 29 1 1 D D
17 30 1 1 D U
17 31 1 1 D D
17 32 2 1 D L
17 33 2 1 S S
17 34 2 1 S S
17 35 2 1 S S
17 36 2 1 S S
17 37 2 1 S S
17 38 2 1 S S
17 39 2 1 S S
17 40 2 1 S S
17 41 2 1 S S
17 42 2 1 S S
17 43 2 1 S S
17 44 2 1 S S
17 45 2 1 S S
17 46 2 1 S S
17 47 2 1 S S
17 48 2 1 S S
17 49 2 1 S S
17 50 2 1 S S
17 51 2 1 S S
17 52 2 1 S S
17 53 2 1 S S
17 54 2 1 S S
17 55 2 1 S S
17 56 2 1 S S
17 57 2 1 S S
17 58 2 1 S S
17 59 2 1 S S
17 60 2 1 S S
17 61 2 1 S S
17 62 2 1 S S
17 63 2 1 S S
17 64 2 1 S S
17 65 2 1 S S
17 66 2 1 S S
17 67 2 1 S S
17 68 2 1 S S
17 69 2 1 S S
17 70 2 1 S S
17 71 2 1 S S
17 72 2 1 S S
17 73 2 1 S S
17 74 2 1 S S
17 75 2 1 S S
17 76 2 1 S S
17 77 2 1 S S
17 78 2 1 S S
17 79 2 1 S S
17 80 2 1 S S
17 81 2 1 S S
17 82 2 1 S S
17 83 2 1 S S
17 84 2 1 S S
17 85 2 1 S S
17 86 2 1 S S
17 87 2 1 S S
17 88 2 1 S S
17 89 2 1 S S
17 90 2 1 S S
17 91 2 1 S S
17 92 2 1 S S
17 93 2 1 S S
17 94 2 1 S S
17 95 2 1 S S
17 96 2 1 S S
17 97 2 1 S S
17 98 2 1 S S
17 99 2 1 S S
17 100 2 1 S S
17 101 2 1 S S
17 102 2 1 S S
17 103 2 1 S S
17 104 2 1 S S
17 105 2 1 S S
17 106 2 1 S S
17 107 2 1 S S
17 108 2 1 S S
17 109 2 1 S S
17 110 2 1 S S
17 111 2 1 S S
17 112 2 1 S S
17 113 2 1 S S
17 114 2 1 S S
17 115 2 1 S S
17 116 2 1 S S
17 117 2 1 S S
17 118 2 1 S S
17 119 2 1 S S
17 120 2 1 S S
17 121 2 1 S S
17 122 2 1 S S
17 123 2 1 S S
17 124 2 1 S S
17 125 2 1 S S
17 126 2 1 S S
17 127 2 1 S S
17 128 2 1 S S
17 129 2 1 S S
17 130 2 1 S S
17 131 2 1 S S
17 132 2 1 S S
17 133 2 1 S S
17 134 2 1 S S
17 135 2 1 S S
17 136 2 1 S S
17 137 2 1 S S
17 138 2 1 S S
17 139 2 1 S S
17 140 2 1 S S
17 141 2 1 S S
17 142 2 1 S S
17 143 2 1 S S
17 144 2 1 S S
17 145 2 1 S S
17 146 2 1 S S
17 147 2 1 S S
17 148 2 1 S S
17 149 2 1 S S
17 150 2 1 S S
17 151 2 1 S S
17 152 2 1 S S
17 153 2 1 S S
17 154 2 1 S S
17 155 2 1 S S
17 156 2 1 S S
17 157 2 1 S S
17 158 2 1 S S
17 159 2 1 S S
17 160 2 1 S S
17 161 2 1 S S
17 162 2 1 S S
17 163 2 1 S S
17 164 2 1 S S
17 165 2 1 S S
17 166 2 1 S S
17 167 2 1 S S
17 168 2 1 S S
17 169 2 1 S S
17 170 2 1 S S
17 171 2 1 S S
17 172 2 1 S S
17 173 2 1 S S
17 174 2 1 S S
17 175 2 1 S S
17 176 2 1 S S
17 177 2 1 S S
17 178 2 1 S S
17 179 2 1 S S
17 180 2 1 S S
17 181 2 1 S S
17 182 2 1 S S
17 183 2 1 S S
17 184 2 1 S S
17 185 2 1 S S
17 186 2 1 S S
17 187 2 1 S S
17 188 2 1 S S
17 189 2 1 S S
17 190 2 1 S S
17 191 2 1 S S
17 192 2 1 S S
17 193 2 1 S S
17 194 2 1 S S
17 195 2 1 S S
17 196 2 1 S S
17 197 2 1 S S
17 198 2 1 S S
17 199 2 1 S S
18 0 0 0 D D
18 1 0 0 D D
18 2 0 0 D D
18 3 0 0 D R
18 4 0 0 D R
18 5 0 0 D R
18 6 0 0 D R
18 7 0 0 D R
18 8 0 0 D R
18 9 0 0 D R
18 10 0 0 D R
18 11 0 0 D D
18 12 0 0 D R
18 13 0 0 D D
18 14 0 0 D L
18 15 0 0 D L
18 16 0 1 D L
18 17 0 1 D D
18 18 0 1 D D
18 19 0 1 D L
18 20 0 1 D L
18 21 0 1 D L
18 22 0 1 D L
18 23 0 1 D L
18 24 0 1 D L
18 25 0 1 D L
18 26 0 1 D L
18 27 0 1 D U
18 28 0 1 D L
18 29 0 1 D U
18 30 0 1 D R
18 31 0 1 D R
18 32 0 1 D R
18 33 0 1 D R
18 34 0 1 D R
18 35 0 1 D R
18 36 0 2 D R
18 37 0 2 D D
18 38 0 2 D D
18 39 0 2 D L
18 40 0 2 D L
18 41 0 2 D L
18 42 0 2 D L
18 43 0 2 D L
18 44 0 2 D L
18 45 0 2 D L
18 46 0 2 D L
18 47 0 2 D L
18 48 0 2 S L
18 49 0 2 D U
18 50 0 2 D U
18 51 0 2 U R
18 52 0 2 D U
18 53 0 2 D U
18 54 0 2 D L
18 55 0 2 U D
18 56 0 2 D D
18 57 0 2 D R
18 58 0 2 D D
18 59 0 2 D D
18 60 0 2 S L
18 61 0 2 D U
18 62 0 2 D U
18 63 0 2 U R
18 64 0 2 D U
18 65 0 2 D U
18 66 0 2 D L
18 67 0 2 U D
18 68 0 2 D D
18 69 0 2 D R
18 70 0 2 D D
18 71 0 2 D D
18 72 0 2 S L
18 73 0 2 D U
18 74 0 2 D U
18 75 0 2 U R
18 76 0 2 D U
18 77 0 2 D U
18 78 0 2 D L
18 79 0 2 U D
18 80 0 2 D D
18 81 0 2 D R
18 82 0 2 D D
18 83 0 2 D D
18 84 0 2 S L
18 85 0 2 D U
18 86 0 2 D U
18 87 0 2 U R
18 88 0 2 D U
18 89 0 2 D U
18 90 0 2 D L
18 91 0 2 U D
18 92 0 2 D D
18 93 0 2 D R
18 94 0 2 D D
18 95 0 2 D D
18 96 0 2 S L
18 97 0 2 D U
18 98 0 2 D U
18 99 0 2 U R
18 100 0 2 D U
18 101 0 2 D U
18 102 0 2 D L
18 103 0 2 U D
18 104 0 2 D D
18 105 0 2 D R
18 106 0 2 D D
18 107 0 2 D D
18 108 0 2 S L
18 109 0 2 D U
18 110 0 2 D U
18 111 0 2 U R
18 112 0 2 D U
18 113 0 2 D U
18 114 0 2 D L
18 115 0 2 U D
18 116 0 2 D D
18 117 0 2 D R
18 118 0 2 D D
18 119 0 2 D D
18 120 0 2 S L
18 121 0 2 D U
18 122 0 2 D U
18 123 0 2 U R
18 124 0 2 D U
18 125 0 2 D U
18 126 0 2 D L
18 127 0 2 U D
18 128 0 2 D D
18 129 0 2 D R
18 130 0 2 D D
18 131 0 2 D D
18 132 0 2 S L
18 133 0 2 D U
18 134 0 2 D U
18 135 0 2 U R
18 136 0 2 D U
18 137 0 2 D U
18 138 0 2 D L
18 139 0 2 U D
18 140 0 2 D D
18 141 0 2 D R
18 142 0 2 D D
18 143 0 2 D D
18 144 0 2 S L
18 145 0 2 D U
18 146 0 2 D U
18 147 0 2 U R
18 148 0 2 D U
18 149 0 2 D U
18 150 0 2 D L
18 151 0 2 U D
18 152 0 2 D D
18 153 0 2 D R
18 154 0 2 D D
18 155 0 2 D D
18 156 0 2 S L
18 157 0 2 D U
18 158 0 2 D U
18 159 0 2 U R
18 160 0 2 D U
18 161 0 2 D U
18 162 0 2 D L
18 163 0 2 U D
18 164 0 2 D D
18 165 0 2 D R
18 166 0 2 D D
18 167 0 2 D D
18 168 0 2 S L
18 169 0 2 D U
18 170 0 2 D U
18 171 0 2 U R
18 172 0 2 D U
18 173 0 2 D U
18 174 0 2 D L
18 175 0 2 U D
18 176 0 2 D D
18 177 0 2 D R
18 178 0 2 D D
18 179 0 2 D D
18 180 0 2 S L
18 181 0 2 D U
18 182 0 2 D U
18 183 0 2 U R
18 184 0 2 D U
18 185 0 2 D U
18 186 0 2 D L
18 187 0 2 U D
18 188 0 2 D D
18 189 0 2 D R
18 190 0 2 D D
18 191 0 2 D D
18 192 0 2 S L
18 193 0 2 D U
18 194 0 2 D U
18 195 0 2 U R
18 196 0 2 D U
18 197 0 2 D U
18 198 0 2 D L
18 199 0 2 U D
19 0 0 0 D U
19 1 0 0 D R
19 2 0 0 D R
19 3 0 0 D R
19 4 0 0 D R
19 5 0 0 D R
19 6 0 0 R R
19 7 0 0 R R
19 8 0 1 R R
19 9 0 1 U U
19 10 0 1 U U
19 11 0 1 R U
19 12 0 1 U U
19 13 0 1 L U
19 14 0 1 L R
19 15 0 1 L U
19 16 0 1 L D
19 17 0 1 L R
19 18 0 1 L R
19 19 1 1 L R
19 20 1 1 D R
19 21 1 1 D D
19 22 1 1 D D
19 23 1 1 D D
19 24 1 1 D D
19 25 1 1 D D
19 26 1 1 D L
19 27 1 1 D D
19 28 1 1 D D
19 29 1 1 S R
19 30 1 1 D U
19 31 1 1 U U
19 32 1 1 U L
19 33 1 1 D U
19 34 1 1 U U
19 35 1 1 R R
19 36 1 1 U D
19 37 1 1 R D
19 38 1 1 D L
19 39 1 1 D D
19 40 1 1 D D
19 41 1 1 S R
19 42 1 1 R U
19 43 1 1 U U
19 44 1 1 U L
19 45 1 1 D U
19 46 1 1 U U
19 47 1 1 R R
19 48 1 1 U D
19 49 1 1 R D
19 50 1 1 D L
19 51 1 1 D D
19 52 1 1 D D
19 53 1 1 S R
19 54 1 1 D U
19 55 1 1 D U
19 56 1 1 U L
19 57 1 1 D U
19 58 1 1 D U
19 59 1 1 D R
19 60 1 1 U D
19 61 1 1 D D
19 62 1 1 D L
19 63 1 1 D D
19 64 1 1 D D
19 65 1 1 S R
19 66 1 1 D U
19 67 1 1 D U
19 68 1 1 U L
19 69 1 1 D U
19 70 1 1 D U
19 71 1 1 D R
19 72 1 1 U D
19 73 1 1 D D
19 74 1 1 D L
19 75 1 1 D D
19 76 1 1 D D
19 77 1 1 S R
19 78 1 1 D U
19 79 1 1 D U
19 80 1 1 U L
19 81 1 1 D U
19 82 1 1 D U
19 83 1 1 D R
19 84 1 1 U D
19 85 1 1 D D
19 86 1 1 D L
19 87 1 1 D D
19 88 1 1 D D
19 89 1 1 S R
19 90 1 1 D U
19 91 1 1 D U
19 92 1 1 U L
19 93 1 1 D U
19 94 1 1 D U
19 95 1 1 D R
19 96 1 1 U D
19 97 1 1 D D
19 98 1 1 D L
19 99 1 1 D D
19 100 1 1 D D
19 101 1 1 S R
19 102 1 1 D U
19 103 1 1 D U
19 104 1 1 U L
19 105 1 1 D U
19 106 1 1 D U
19 107 1 1 D R
19 108 1 1 U D
19 109 1 1 D D
19 110 1 1 D L
19 111 1 1 D D
19 112 1 1 D D
19 113 1 1 S R
19 114 1 1 D U
19 115 1 1 D U
19 116 1 1 U L
19 117 1 1 D U
19 118 1 1 D U
19 119 1 1 D R
19 120 1 1 U D
19 121 1 1 D D
19 122 1 1 D L
19 123 1 1 D D
19 124 1 1 D D
19 125 1 1 S R
19 126 1 1 D U
19 127 1 1 D U
19 128 1 1 U L
19 129 1 1 D U
19 130 1 1 D U
19 131 1 1 D R
19 132 1 1 U D
19 133 1 1 D D
19 134 1 1 D L
19 135 1 1 D D
19 136 1 1 D D
19 137 1 1 S R
19 138 1 1 D U
19 139 1 1 D U
19 140 1 1 U L
19 141 1 1 D U
19 142 1 1 D U
19 143 1 1 D R
19 144 1 1 U D
19 145 1 1 D D
19 146 1 1 D L
19 147 1 1 D D
19 148 1 1 D D
19 149 1 1 S R
19 150 1 1 D U
19 151 1 1 D U
19 152 1 1 U L
19 153 1 1 D U
19 154 1 1 D U
19 155 1 1 D R
19 156 1 1 U D
19 157 1 1 D D
19 158 1 1 D L
19 159 1 1 D D
19 160 1 1 D D
19 161 1 1 S R
19 162 1 1 D U
19 163 1 1 D U
19 164 1 1 U L
19 165 1 1 D U
19 166 1 1 D U
19 167 1 1 D R
19 168 1 1 U D
19 169 1 1 D D
19 170 1 1 D L
19 171 1 1 D D
19 172 1 1 D D
19 173 1 1 S R
19 174 1 1 D U
19 175 1 1 D U
19 176 1 1 U L
19 177 1 1 D U
19 178 1 1 D U
19 179 1 1 D R
19 180 1 1 U D
19 181 1 1 D D
19 182 1 1 D L
19 183 1 1 D D
19 184 1 1 D D
19 185 1 1 S R
19 186 1 1 D U
19 187 1 1 D U
19 188 1 1 U L
19 189 1 1 D U
19 190 1 1 D U
19 191 1 1 D R
19 192 1 1 U D
19 193 1 1 D D
19 194 1 1 D L
19 195 1 1 D D
19 196 1 1 D D
19 197 1 1 S R
19 198 1 1 D U
19 199 1 1 D U
20 0 0 0 U D
20 1 0 0 U D
20 2 0 0 U D
20 3 0 0 U D
20 4 0 0 U D
20 5 0 0 U D
20 6 0 0 U D
20 7 0 0 R R
20 8 0 0 R R
20 9 0 0 R D
20 10 0 0 R D
20 11 0 0 R D
20 12 1 0 D D
20 13 1 0 U R
20 14 1 0 U D
20 15 1 0 U L
20 16 1 0 R L
20 17 1 1 R L
20 18 1 1 R U
20 19 1 1 R U
20 20 1 1 R U
20 21 1 1 R U
20 22 1 1 R U
20 23 1 1 R U
20 24 1 1 R U
20 25 1 1 D S
20 26 1 1 D S
20 27 1 1 D S
20 28 1 1 D S
20 29 1 1 L S
20 30 1 1 D U
20 31 1 1 D R
20 32 1 1 R R
20 33 1 1 U S
20 34 1 1 U S
20 35 1 1 D S
20 36 1 1 L U
20 37 1 1 U U
20 38 1 1 U R
20 39 1 1 U D
20 40 1 1 D D
20 41 1 1 D D
20 42 1 1 D D
20 43 1 1 D D
20 44 1 1 D D
20 45 1 1 D D
20 46 1 1 D D
20 47 1 1 D D
20 48 1 1 D D
20 49 1 1 D L
20 50 1 1 D L
20 51 1 1 D L
20 52 1 1 D L
20 53 1 1 D L
20 54 1 1 D L
20 55 1 1 D L
20 56 1 1 D L
20 57 1 1 D L
20 58 1 1 D L
20 59 1 1 D L
20 60 1 1 D L
20 61 1 1 D L
20 62 1 1 D L
20 63 1 1 D L
20 64 1 1 D L
20 65 1 1 D L
20 66 1 1 D L
20 67 1 1 D L
20 68 1 1 D L
20 69 1 1 D L
20 70 1 1 D L
20 71 1 1 D L
20 72 1 1 D L
20 73 1 1 D L
20 74 1 1 D L
20 75 1 1 D L
20 76 1 1 D L
20 77 1 1 D L
20 78 1 1 D L
20 79 1 1 D L
20 80 1 1 D L
20 81 1 1 D L
20 82 1 1 D L
20 83 1 1 D L
20 84 1 1 D L
20 85 1 1 D L
20 86 1 1 D L
20 87 1 1 D L
20 88 1 1 D L
20 89 1 1 D L
20 90 1 1 D L
20 91 1 1 D L
20 92 1 1 D L
20 93 1 1 D L
20 94 1 1 D L
20 95 1 1 D L
20 96 1 1 D L
20 97 1 1 D L
20 98 1 1 D L
20 99 1 1 D L
20 100 1 1 D L
20 101 1 1 D L
20 102 1 1 D L
20 103 1 1 D L
20 104 1 1 D L
20 105 1 1 D L
20 106 1 1 D L
20 107 1 1 D L
20 108 1 1 D L
20 109 1 1 D L
20 110 1 1 D L
20 111 1 1 D L
20 112 1 1 D L
20 113 1 1 D L
20 114 1 1 D L
20 115 1 1 D L
20 116 1 1 D L
20 117 1 1 D L
20 118 1 1 D L
20 119 1 1 D L
20 120 1 1 D L
20 121 1 1 D L
20 122 1 1 D L
20 123 1 1 D L
20 124 1 1 D L
20 125 1 1 D L
20 126 1 1 D L
20 127 1 1 D L
20 128 1 1 D L
20 129 1 1 D L
20 130 1 1 D L
20 131 1 1 D L
20 132 1 1 D L
20 133 1 1 D L
20 134 1 1 D L
20 135 1 1 D L
20 136 1 1 D L
20 137 1 1 D L
20 138 1 1 D L
20 139 1 1 D L
20 140 1 1 D L
20 141 1 1 D L
20 142 1 1 D L
20 143 1 1 D L
20 144 1 1 D L
20 145 1 1 D L
20 146 1 1 D L
20 147 1 1 D L
20 148 1 1 D L
20 149 1 1 D L
20 150 1 1 D L
20 151 1 1 D L
20 152 1 1 D L
20 153 1 1 D L
20 154 1 1 D L
20 155 1 1 D L
20 156 1 1 D L
20 157 1 1 D L
20 158 1 1 D L
20 159 1 1 D L
20 160 1 1 D L
20 161 1 1 D L
20 162 1 1 D L
20 163 1 1 D L
20 164 1 1 D L
20 165 1 1 D L
20 166 1 1 D L
20 167 1 1 D L
20 168 1 1 D L
20 169 1 1 D L
20 170 1 1 D L
20 171 1 1 D L
20 172 1 1 D L
20 173 1 1 D L
20 174 1 1 D L
20 175 1 1 D L
20 176 1 1 D L
20 177 1 1 D L
20 178 1 1 D L
20 179 1 1 D L
20 180 1 1 D L
20 181 1 1 D L
20 182 1 1 D L
20 183 1 1 D L
20 184 1 1 D L
20 185 1 1 D L
20 186 1 1 D L
20 187 1 1 D L
20 188 1 1 D L
20 189 1 1 D L
20 190 1 1 D L
20 191 1 1 D L
20 192 1 1 D L
20 193 1 1 D L
20 194 1 1 D L
20 195 1 1 D L
20 196 1 1 D L
20 197 1 1 D L
20 198 1 1 D L
20 199 1 1 D L
21 0 0 0 U U
21 1 0 0 U U
21 2 0 0 U U
21 3 0 0 U U
21 4 0 0 U U
21 5 0 0 U U
21 6 0 0 U U
21 7 0 0 L R
21 8 0 0 L R
21 9 0 0 L R
21 10 0 0 U R
21 11 0 0 R R
21 12 0 0 R R
21 13 0 0 R R
21 14 0 0 R R
21 15 0 0 D R
21 16 0 0 R D
21 17 0 0 R D
21 18 0 0 U D
21 19 0 0 L D
21 20 0 0 L D
21 21 0 0 D D
21 22 0 0 L D
21 23 0 0 L L
21 24 0 0 U D
21 25 0 0 R D
21 26 0 0 R R
21 27 0 0 D U
21 28 0 0 R U
21 29 0 0 R L
21 30 0 0 U U
21 31 0 0 L U
21 32 0 0 L R
21 33 0 0 D D
21 34 0 0 L D
21 35 0 0 L L
21 36 0 0 U D
21 37 0 0 R D
21 38 0 0 R R
21 39 0 0 D U
21 40 0 0 R U
21 41 0 0 R L
21 42 0 0 U U
21 43 0 0 L U
21 44 0 0 L R
21 45 0 0 D D
21 46 0 0 L D
21 47 0 0 L L
21 48 0 0 U D
21 49 0 0 R D
21 50 0 0 R R
21 51 0 0 D U
21 52 0 0 R U
21 53 0 0 R L
21 54 0 0 U U
21 55 0 0 L U
21 56 0 0 L R
21 57 0 0 D D
21 58 0 0 L D
21 59 0 0 L L
21 60 0 0 U D
21 61 0 0 R D
21 62 0 0 R R
21 63 0 0 D U
21 64 0 0 R U
21 65 0 0 R L
21 66 0 0 U U
21 67 0 0 L U
21 68 0 0 L R
21 69 0 0 D D
21 70 0 0 L D
21 71 0 0 L L
21 72 0 0 U D
21 73 0 0 R D
21 74 0 0 R R
21 75 0 0 D U
21 76 0 0 R U
21 77 0 0 R L
21 78 0 0 U U
21 79 0 0 L U
21 80 0 0 L R
21 81 0 0 D D
21 82 0 0 L D
21 83 0 0 L L
21 84 0 0 U D
21 85 0 0 R D
21 86 0 0 R R
21 87 0 0 D U
21 88 0 0 R U
21 89 0 0 R L
21 90 0 0 U U
21 91 0 0 L U
21 92 0 0 L R
21 93 0 0 D D
21 94 0 0 L D
21 95 0 0 L L
21 96 0 0 U D
21 97 0 0 R D
21 98 0 0 R R
21 99 0 0 D U
21 100 0 0 R U
21 101 0 0 R L
21 102 0 0 U U
21 103 0 0 L U
21 104 0 0 L R
21 105 0 0 D D
21 106 0 0 L D
21 107 0 0 L L
21 108 0 0 U D
21 109 0 0 R D
21 110 0 0 R R
21 111 0 0 D U
21 112 0 0 R U
21 113 0 0 R L
21 114 0 0 U U
21 115 0 0 L U
21 116 0 0 L R
21 117 0 0 D D
21 118 0 0 L D
21 119 0 0 L L
21 120 0 0 U D
21 121 0 0 R D
21 122 0 0 R R
21 123 0 0 D U
21 124 0 0 R U
21 125 0 0 R L
21 126 0 0 U U
21 127 0 0 L U
21 128 0 0 L R
21 129 0 0 D D
21 130 0 0 L D
21 131 0 0 L L
21 132 0 0 U D
21 133 0 0 R D
21 134 0 0 R R
21 135 0 0 D U
21 136 0 0 R U
21 137 0 0 R L
21 138 0 0 U U
21 139 0 0 L U
21 140 0 0 L R
21 141 0 0 D D
21 142 0 0 L D
21 143 0 0 L L
21 144 0 0 U D
21 145 0 0 R D
21 146 0 0 R R
21 147 0 0 D U
21 148 0 0 R U
21 149 0 0 R L
21 150 0 0 U U
21 151 0 0 L U
21 152 0 0 L R
21 153 0 0 D D
21 154 0 0 L D
21 155 0 0 L L
21 156 0 0 U D
21 157 0 0 R D
21 158 0 0 R R
21 159 0 0 D U
21 160 0 0 R U
21 161 0 0 R L
21 162 0 0 U U
21 163 0 0 L U
21 164 0 0 L R
21 165 0 0 D D
21 166 0 0 L D
21 167 0 0 L L
21 168 0 0 U D
21 169 0 0 R D
21 170 0 0 R R
21 171 0 0 D U
21 172 0 0 R U
21 173 0 0 R L
21 174 0 0 U U
21 175 0 0 L U
21 176 0 0 L R
21 177 0 0 D D
21 178 0 0 L D
21 179 0 0 L L
21 180 0 0 U D
21 181 0 0 R D
21 182 0 0 R R
21 183 0 0 D U
21 184 0 0 R U
21 185 0 0 R L
21 186 0 0 U U
21 187 0 0 L U
21 188 0 0 L R
21 189 0 0 D D
21 190 0 0 L D
21 191 0 0 L L
21 192 0 0 U D
21 193 0 0 R D
21 194 0 0 R R
21 195 0 0 D U
21 196 0 0 R U
21 197 0 0 R L
21 198 0 0 U U
21 199 0 0 L U
22 0 0 0 U D
22 1 0 0 R D
22 2 0 0 R D
22 3 0 0 R L
22 4 0 0 R L
22 5 0 0 R L
22 6 0 0 R L
22 7 0 0 U L
22 8 0 0 U U
22 9 0 0 U U
22 10 0 0 U L
22 11 0 0 L U
22 12 0 0 R R
22 13 0 0 R R
22 14 0 0 U U
22 15 0 0 L R
22 16 0 0 L D
22 17 1 0 L D
22 18 1 0 R D
22 19 1 1 D D
22 20 1 1 D U
22 21 1 1 U U
22 22 1 1 D U
22 23 1 1 R R
22 24 1 1 R R
22 25 1 1 R R
22 26 1 1 R R
22 27 1 1 U D
22 28 1 1 R D
22 29 1 1 D D
22 30 1 1 D D
22 31 1 1 D L
22 32 1 1 D D
22 33 1 1 D D
22 34 1 1 S R
22 35 1 1 D U
22 36 1 1 D U
22 37 1 1 U L
22 38 1 1 D U
22 39 1 1 D U
22 40 1 1 D R
22 41 1 1 U D
22 42 1 1 D D
22 43 1 1 D L
22 44 1 1 D D
22 45 1 1 D D
22 46 1 1 S R
22 47 1 1 D U
22 48 1 1 D U
22 49 1 1 U L
22 50 1 1 D U
22 51 1 1 D U
22 52 1 1 D R
22 53 1 1 U D
22 54 1 1 D D
22 55 1 1 D L
22 56 1 1 D D
22 57 1 1 D D
22 58 1 1 S R
22 59 1 1 D U
22 60 1 1 D U
22 61 1 1 U L
22 62 1 1 D U
22 63 1 1 D U
22 64 1 1 D R
22 65 1 1 U D
22 66 1 1 D D
22 67 1 1 D L
22 68 1 1 D D
22 69 1 1 D D
22 70 1 1 S R
22 71 1 1 D U
22 72 1 1 D U
22 73 1 1 U L
22 74 1 1 D U
22 75 1 1 D U
22 76 1 1 D R
22 77 1 1 U D
22 78 1 1 D D
22 79 1 1 D L
22 80 1 1 D D
22 81 1 1 D D
22 82 1 1 S R
22 83 1 1 D U
22 84 1 1 D U
22 85 1 1 U L
22 86 1 1 D U
22 87 1 1 D U
22 88 1 1 D R
22 89 1 1 U D
22 90 1 1 D D
22 91 1 1 D L
22 92 1 1 D D
22 93 1 1 D D
22 94 1 1 S R
22 95 1 1 D U
22 96 1 1 D U
22 97 1 1 U L
22 98 1 1 D U
22 99 1 1 D U
22 100 1 1 D R
22 101 1 1 U D
22 102 1 1 D D
22 103 1 1 D L
22 104 1 1 D D
22 105 1 1 D D
22 106 1 1 S R
22 107 1 1 D U
22 108 1 1 D U
22 109 1 1 U L
22 110 1 1 D U
22 111 1 1 D U
22 112 1 1 D R
22 113 1 1 U D
22 114 1 1 D D
22 115 1 1 D L
22 116 1 1 D D
22 117 1 1 D D
22 118 1 1 S R
22 119 1 1 D U
22 120 1 1 D U
22 121 1 1 U L
22 122 1 1 D U
22 123 1 1 D U
22 124 1 1 D R
22 125 1 1 U D
22 126 1 1 D D
22 127 1 1 D L
22 128 1 1 D D
22 129 1 1 D D
22 130 1 1 S R
22 131 1 1 D U
22 132 1 1 D U
22 133 1 1 U L
22 134 1 1 D U
22 135 1 1 D U
22 136 1 1 D R
22 137 1 1 U D
22 138 1 1 D D
22 139 1 1 D L
22 140 1 1 D D
22 141 1 1 D D
22 142 1 1 S R
22 143 1 1 D U
22 144 1 1 D U
22 145 1 1 U L
22 146 1 1 D U
22 147 1 1 D U
22 148 1 1 D R
22 149 1 1 U D
22 150 1 1 D D
22 151 1 1 D L
22 152 1 1 D D
22 153 1 1 D D
22 154 1 1 S R
22 155 1 1 D U
22 156 1 1 D U
22 157 1 1 U L
22 158 1 1 D U
22 159 1 1 D U
22 160 1 1 D R
22 161 1 1 U D
22 162 1 1 D D
22 163 1 1 D L
22 164 1 1 D D
22 165 1 1 D D
22 166 1 1 S R
22 167 1 1 D U
22 168 1 1 D U
22 169 1 1 U L
22 170 1 1 D U
22 171 1 1 D U
22 172 1 1 D R
22 173 1 1 U D
22 174 1 1 D D
22 175 1 1 D L
22 176 1 1 D D
22 177 1 1 D D
22 178 1 1 S R
22 179 1 1 D U
22 180 1 1 D U
22 181 1 1 U L
22 182 1 1 D U
22 183 1 1 D U
22 184 1 1 D R
22 185 1 1 U D
22 186 1 1 D D
22 187 1 1 D L
22 188 1 1 D D
22 189 1 1 D D
22 190 1 1 S R
22 191 1 1 D U
22 192 1 1 D U
22 193 1 1 U L
22 194 1 1 D U
22 195 1 1 D U
22 196 1 1 D R
22 197 1 1 U D
22 198 1 1 D D
22 199 1 1 D L
23 0 0 0 U D
23 1 0 0 U D
23 2 0 0 U D
23 3 0 0 U D
23 4 1 0 L D
23 5 1 0 R D
23 6 1 0 R D
23 7 1 0 U D
23 8 1 0 U D
23 9 1 0 U D
23 10 1 0 R D
23 11 1 0 U L
23 12 2 0 L L
23 13 2 1 D L
23 14 2 1 S S
23 15 2 1 S S
23 16 2 1 S S
23 17 2 1 S S
23 18 2 1 S S
23 19 2 1 S S
23 20 2 1 S S
23 21 2 1 S S
23 22 2 1 S S
23 23 2 1 S S
23 24 2 1 S S
23 25 2 1 S S
23 26 2 1 S S
23 27 2 1 S S
23 28 2 1 S S
23 29 2 1 S S
23 30 2 1 S S
23 31 2 1 S S
23 32 2 1 S S
23 33 2 1 S S
23 34 2 1 S S
23 35 2 1 S S
23 36 2 1 S S
23 37 2 1 S S
23 38 2 1 S S
23 39 2 1 S S
23 40 2 1 S S
23 41 2 1 S S
23 42 2 1 S S
23 43 2 1 S S
23 44 2 1 S S
23 45 2 1 S S
23 46 2 1 S S
23 47 2 1 S S
23 48 2 1 S S
23 49 2 1 S S
23 50 2 1 S S
23 51 2 1 S S
23 52 2 1 S S
23 53 2 1 S S
23 54 2 1 S S
23 55 2 1 S S
23 56 2 1 S S
23 57 2 1 S S
23 58 2 1 S S
23 59 2 1 S S
23 60 2 1 S S
23 61 2 1 S S
23 62 2 1 S S
23 63 2 1 S S
23 64 2 1 S S
23 65 2 1 S S
23 66 2 1 S S
23 67 2 1 S S
23 68 2 1 S S
23 69 2 1 S S
23 70 2 1 S S
23 71 2 1 S S
23 72 2 1 S S
23 73 2 1 S S
23 74 2 1 S S
23 75 2 1 S S
23 76 2 1 S S
23 77 2 1 S S
23 78 2 1 S S
23 79 2 1 S S
23 80 2 1 S S
23 81 2 1 S S
23 82 2 1 S S
23 83 2 1 S S
23 84 2 1 S S
23 85 2 1 S S
23 86 2 1 S S
23 87 2 1 S S
23 88 2 1 S S
23 89 2 1 S S
23 90 2 1 S S
23 91 2 1 S S
23 92 2 1 S S
23 93 2 1 S S
23 94 2 1 S S
23 95 2 1 S S
23 96 2 1 S S
23 97 2 1 S S
23 98 2 1 S S
23 99 2 1 S S
23 100 2 1 S S
23 101 2 1 S S
23 102 2 1 S S
23 103 2 1 S S
23 104 2 1 S S
23 105 2 1 S S
23 106 2 1 S S
23 107 2 1 S S
23 108 2 1 S S
23 109 2 1 S S
23 110 2 1 S S
23 111 2 1 S S
23 112 2 1 S S
23 113 2 1 S S
23 114 2 1 S S
23 115 2 1 S S
23 116 2 1 S S
23 117 2 1 S S
23 118 2 1 S S
23 119 2 1 S S
23 120 2 1 S S
23 121 2 1 S S
23 122 2 1 S S
23 123 2 1 S S
23 124 2 1 S S
23 125 2 1 S S
23 126 2 1 S S
23 127 2 1 S S
23 128 2 1 S S
23 129 2 1 S S
23 130 2 1 S S
23 131 2 1 S S
23 132 2 1 S S
23 133 2 1 S S
23 134 2 1 S S
23 135 2 1 S S
23 136 2 1 S S
23 137 2 1 S S
23 138 2 1 S S
23 139 2 1 S S
23 140 2 1 S S
23 141 2 1 S S
23 142 2 1 S S
23 143 2 1 S S
23 144 2 1 S S
23 145 2 1 S S
23 146 2 1 S S
23 147 2 1 S S
23 148 2 1 S S
23 149 2 1 S S
23 150 2 1 S S
23 151 2 1 S S
23 152 2 1 S S
23 153 2 1 S S
23 154 2 1 S S
23 155 2 1 S S
23 156 2 1 S S
23 157 2 1 S S
23 158 2 1 S S
23 159 2 1 S S
23 160 2 1 S S
23 161 2 1 S S
23 162 2 1 S S
23 163 2 1 S S
23 164 2 1 S S
23 165 2 1 S S
23 166 2 1 S S
23 167 2 1 S S
23 168 2 1 S S
23 169 2 1 S S
23 170 2 1 S S
23 171 2 1 S S
23 172 2 1 S S
23 173 2 1 S S
23 174 2 1 S S
23 175 2 1 S S
23 176 2 1 S S
23 177 2 1 S S
23 178 2 1 S S
23 179 2 1 S S
23 180 2 1 S S
23 181 2 1 S S
23 182 2 1 S S
23 183 2 1 S S
23 184 2 1 S S
23 185 2 1 S S
23 186 2 1 S S
23 187 2 1 S S
23 188 2 1 S S
23 189 2 1 S S
23 190 2 1 S S
23 191 2 1 S S
23 192 2 1 S S
23 193 2 1 S S
23 194 2 1 S S
23 195 2 1 S S
23 196 2 1 S S
23 197 2 1 S S
23 198 2 1 S S
23 199 2 1 S S
24 0 0 0 D D
24 1 0 0 D D
24 2 0 0 D D
24 3 0 0 D D
24 4 0 0 D D
24 5 0 0 L D
24 6 0 0 L D
24 7 0 0 L D
24 8 0 0 L D
24 9 0 0 L D
24 10 0 0 L D
24 11 0 0 L D
24 12 0 0 L D
24 13 0 0 L D
24 14 0 0 L D
24 15 0 0 U L
24 16 0 0 L L
24 17 0 0 U L
24 18 0 0 R L
24 19 0 0 R L
24 20 1 0 R L
24 21 1 0 D L
24 22 1 0 D L
24 23 1 0 D L
24 24 1 0 D L
24 25 1 0 D L
24 26 1 0 L L
24 27 1 0 U L
24 28 1 0 L U
24 29 1 0 L U
24 30 1 0 L U
24 31 1 0 L U
24 32 1 0 L U
24 33 1 0 L U
24 34 1 0 L U
24 35 1 0 L U
24 36 1 0 L U
24 37 1 0 L U
24 38 1 0 L U
24 39 1 0 L U
24 40 1 0 L U
24 41 1 0 L U
24 42 1 0 L U
24 43 1 0 L U
24 44 1 0 L U
24 45 1 0 L U
24 46 1 0 L U
24 47 1 0 L U
24 48 1 0 L U
24 49 1 0 L U
24 50 1 0 L U
24 51 1 0 L U
24 52 1 0 L U
24 53 1 0 L U
24 54 1 0 L U
24 55 1 0 L U
24 56 1 0 L U
24 57 1 0 L U
24 58 1 0 L U
24 59 1 0 L U
24 60 1 0 L U
24 61 1 0 L U
24 62 1 0 L U
24 63 1 0 L U
24 64 1 0 L U
24 65 1 0 L U
24 66 1 0 L U
24 67 1 0 L U
24 68 1 0 L U
24 69 1 0 L U
24 70 1 0 L U
24 71 1 0 L U
24 72 1 0 L U
24 73 1 0 L U
24 74 1 0 L U
24 75 1 0 L U
24 76 1 0 L U
24 77 1 0 L U
24 78 1 0 L U
24 79 1 0 L U
24 80 1 0 L U
24 81 1 0 L U
24 82 1 0 L U
24 83 1 0 L U
24 84 1 0 L U
24 85 1 0 L U
24 86 1 0 L U
24 87 1 0 L U
24 88 1 0 L U
24 89 1 0 L U
24 90 1 0 L U
24 91 1 0 L U
24 92 1 0 L U
24 93 1 0 L U
24 94 1 0 L U
24 95 1 0 L U
24 96 1 0 L U
24 97 1 0 L U
24 98 1 0 L U
24 99 1 0 L U
24 100 1 0 L U
24 101 1 0 L U
24 102 1 0 L U
24 103 1 0 L U
24 104 1 0 L U
24 105 1 0 L U
24 106 1 0 L U
24 107 1 0 L U
24 108 1 0 L U
24 109 1 0 L U
24 110 1 0 L U
24 111 1 0 L U
24 112 1 0 L U
24 113 1 0 L U
24 114 1 0 L U
24 115 1 0 L U
24 116 1 0 L U
24 117 1 0 L U
24 118 1 0 L U
24 119 1 0 L U
24 120 1 0 L U
24 121 1 0 L U
24 122 1 0 L U
24 123 1 0 L U
24 124 1 0 L U
24 125 1 0 L U
24 126 1 0 L U
24 127 1 0 L U
24 128 1 0 L U
24 129 1 0 L U
24 130 1 0 L U
24 131 1 0 L U
24 132 1 0 L U
24 133 1 0 L U
24 134 1 0 L U
24 135 1 0 L U
24 136 1 0 L U
24 137 1 0 L U
24 138 1 0 L U
24 139 1 0 L U
24 140 1 0 L U
24 141 1 0 L U
24 142 1 0 L U
24 143 1 0 L U
24 144 1 0 L U
24 145 1 0 L U
24 146 1 0 L U
24 147 1 0 L U
24 148 1 0 L U
24 149 1 0 L U
24 150 1 0 L U
24 151 1 0 L U
24 152 1 0 L U
24 153 1 0 L U
24 154 1 0 L U
24 155 1 0 L U
24 156 1 0 L U
24 157 1 0 L U
24 158 1 0 L U
24 159 1 0 L U
24 160 1 0 L U
24 161 1 0 L U
24 162 1 0 L U
24 163 1 0 L U
24 164 1 0 L U
24 165 1 0 L U
24 166 1 0 L U
24 167 1 0 L U
24 168 1 0 L U
24 169 1 0 L U
24 170 1 0 L U
24 171 1 0 L U
24 172 1 0 L U
24 173 1 0 L U
24 174 1 0 L U
24 175 1 0 L U
24 176 1 0 L U
24 177 1 0 L U
24 178 1 0 L U
24 179 1 0 L U
24 180 1 0 L U
24 181 1 0 L U
24 182 1 0 L U
24 183 1 0 L U
24 184 1 0 L U
24 185 1 0 L U
24 186 1 0 L U
24 187 1 0 L U
24 188 1 0 L U
24 189 1 0 L U
24 190 1 0 L U
24 191 1 0 L U
24 192 1 0 L U
24 193 1 0 L U
24 194 1 0 L U
24 195 1 0 L U
24 196 1 0 L U
24 197 1 0 L U
24 198 1 0 L U
24 199 1 0 L U
25 0 0 0 D U
25 1 0 0 D U
25 2 0 0 D U
25 3 0 0 D L
25 4 0 1 D D
25 5 0 1 D U
25 6 0 1 D U
25 7 0 1 D U
25 8 0 1 D L
25 9 0 1 D L
25 10 0 1 D L
25 11 0 1 D L
25 12 0 1 D L
25 13 0 1 D L
25 14 0 1 D L
25 15 0 1 D L
25 16 0 1 D L
25 17 0 1 D L
25 18 0 1 D L
25 19 0 1 D L
25 20 0 1 D L
25 21 0 1 D L
25 22 0 1 D L
25 23 0 1 D L
25 24 0 1 D L
25 25 0 1 D L
25 26 0 1 D L
25 27 0 1 D L
25 28 0 1 D L
25 29 0 1 D L
25 30 0 1 D L
25 31 0 1 D L
25 32 0 1 D L
25 33 0 1 D L
25 34 0 1 D L
25 35 0 1 D L
25 36 0 1 D L
25 37 0 1 D L
25 38 0 1 D L
25 39 0 1 D L
25 40 0 1 D L
25 41 0 1 D L
25 42 0 1 D L
25 43 0 1 D L
25 44 0 1 D L
25 45 0 1 D L
25 46 0 1 D L
25 47 0 1 D L
25 48 0 1 D L
25 49 0 1 D L
25 50 0 1 D L
25 51 0 1 D L
25 52 0 1 D L
25 53 0 1 D L
25 54 0 1 D L
25 55 0 1 D L
25 56 0 1 D L
25 57 0 1 D L
25 58 0 1 D L
25 59 0 1 D L
25 60 0 1 D L
25 61 0 1 D L
25 62 0 1 D L
25 63 0 1 D L
25 64 0 1 D L
25 65 0 1 D L
25 66 0 1 D L
25 67 0 1 D L
25 68 0 1 D L
25 69 0 1 D L
25 70 0 1 D L
25 71 0 1 D L
25 72 0 1 D L
25 73 0 1 D L
25 74 0 1 D L
25 75 0 1 D L
25 76 0 1 D L
25 77 0 1 D L
25 78 0 1 D L
25 79 0 1 D L
25 80 0 1 D L
25 81 0 1 D L
25 82 0 1 D L
25 83 0 1 D L
25 84 0 1 D L
25 85 0 1 D L
25 86 0 1 D L
25 87 0 1 D L
25 88 0 1 D L
25 89 0 1 D L
25 90 0 1 D L
25 91 0 1 D L
25 92 0 1 D L
25 93 0 1 D L
25 94 0 1 D L
25 95 0 1 D L
25 96 0 1 D L
25 97 0 1 D L
25 98 0 1 D L
25 99 0 1 D L
25 100 0 1 D L
25 101 0 1 D L
25 102 0 1 D L
25 103 0 1 D L
25 104 0 1 D L
25 105 0 1 D L
25 106 0 1 D L
25 107 0 1 D L
25 108 0 1 D L
25 109 0 1 D L
25 110 0 1 D L
25 111 0 1 D L
25 112 0 1 D L
25 113 0 1 D L
25 114 0 1 D L
25 115 0 1 D L
25 116 0 1 D L
25 117 0 1 D L
25 118 0 1 D L
25 119 0 1 D L
25 120 0 1 D L
25 121 0 1 D L
25 122 0 1 D L
25 123 0 1 D L
25 124 0 1 D L
25 125 0 1 D L
25 126 0 1 D L
25 127 0 1 D L
25 128 0 1 D L
25 129 0 1 D L
25 130 0 1 D L
25 131 0 1 D L
25 132 0 1 D L
25 133 0 1 D L
25 134 0 1 D L
25 135 0 1 D L
25 136 0 1 D L
25 137 0 1 D L
25 138 0 1 D L
25 139 0 1 D L
25 140 0 1 D L
25 141 0 1 D L
25 142 0 1 D L
25 143 0 1 D L
25 144 0 1 D L
25 145 0 1 D L
25 146 0 1 D L
25 147 0 1 D L
25 148 0 1 D L
25 149 0 1 D L
25 150 0 1 D L
25 151 0 1 D L
25 152 0 1 D L
25 153 0 1 D L
25 154 0 1 D L
25 155 0 1 D L
25 156 0 1 D L
25 157 0 1 D L
25 158 0 1 D L
25 159 0 1 D L
25 160 0 1 D L
25 161 0 1 D L
25 162 0 1 D L
25 163 0 1 D L
25 164 0 1 D L
25 165 0 1 D L
25 166 0 1 D L
25 167 0 1 D L
25 168 0 1 D L
25 169 0 1 D L
25 170 0 1 D L
25 171 0 1 D L
25 172 0 1 D L
25 173 0 1 D L
25 174 0 1 D L
25 175 0 1 D L
25 176 0 1 D L
25 177 0 1 D L
25 178 0 1 D L
25 179 0 1 D L
25 180 0 1 D L
25 181 0 1 D L
25 182 0 1 D L
25 183 0 1 D L
25 184 0 1 D L
25 185 0 1 D L
25 186 0 1 D L
25 187 0 1 D L
25 188 0 1 D L
25 189 0 1 D L
25 190 0 1 D L
25 191 0 1 D L
25 192 0 1 D L
25 193 0 1 D L
25 194 0 1 D L
25 195 0 1 D L
25 196 0 1 D L
25 197 0 1 D L
25 198 0 1 D L
25 199 0 1 D L
26 0 0 0 U D
26 1 0 0 L D
26 2 0 0 L R
26 3 0 0 D R
26 4 0 0 D R
26 5 0 0 D R
26 6 0 0 L R
26 7 0 0 D R
26 8 0 0 R R
26 9 0 0 R R
26 10 1 0 R R
26 11 1 0 U R
26 12 1 0 U R
26 13 1 0 U R
26 14 1 0 U R
26 15 1 0 R U
26 16 1 0 R R
26 17 1 0 R U
26 18 1 0 R L
26 19 1 0 R L
26 20 1 1 R L
26 21 1 1 U U
26 22 1 1 L S
26 23 1 1 L S
26 24 1 1 L S
26 25 1 1 L S
26 26 1 1 L S
26 27 1 1 D S
26 28 1 1 L U
26 29 1 1 L U
26 30 1 1 U U
26 31 1 1 R S
26 32 1 1 R S
26 33 1 1 D S
26 34 1 1 R U
26 35 1 1 R U
26 36 1 1 U U
26 37 1 1 L S
26 38 1 1 L S
26 39 1 1 D S
26 40 1 1 L U
26 41 1 1 L U
26 42 1 1 U U
26 43 1 1 R S
26 44 1 1 R S
26 45 1 1 D S
26 46 1 1 R L
26 47 1 1 R L
26 48 1 1 U L
26 49 1 1 L S
26 50 1 1 L S
26 51 1 1 D S
26 52 1 1 L L
26 53 1 1 L L
26 54 1 1 U U
26 55 1 1 R S
26 56 1 1 R S
26 57 1 1 D S
26 58 1 1 R L
26 59 1 1 R U
26 60 1 1 U U
26 61 1 1 S S
26 62 1 1 S S
26 63 1 1 S S
26 64 1 1 S S
26 65 1 1 S S
26 66 1 1 S S
26 67 1 1 S S
26 68 1 1 S S
26 69 1 1 S S
26 70 1 1 S S
26 71 1 1 S S
26 72 1 1 S S
26 73 1 1 S S
26 74 1 1 S S
26 75 1 1 S S
26 76 1 1 S S
26 77 1 1 S S
26 78 1 1 S S
26 79 1 1 S S
26 80 1 1 S S
26 81 1 1 S S
26 82 1 1 S S
26 83 1 1 S S
26 84 1 1 S S
26 85 1 1 S S
26 86 1 1 S S
26 87 1 1 S S
26 88 1 1 S S
26 89 1 1 S S
26 90 1 1 S S
26 91 1 1 S S
26 92 1 1 S S
26 93 1 1 S S
26 94 1 1 S S
26 95 1 1 S S
26 96 1 1 S S
26 97 1 1 S S
26 98 1 1 S S
26 99 1 1 S S
26 100 1 1 S S
26 101 1 1 S S
26 102 1 1 S S
26 103 1 1 S S
26 104 1 1 S S
26 105 1 1 S S
26 106 1 1 S S
26 107 1 1 S S
26 108 1 1 S S
26 109 1 1 S S
26 110 1 1 S S
26 111 1 1 S S
26 112 1 1 S S
26 113 1 1 S S
26 114 1 1 S S
26 115 1 1 S S
26 116 1 1 S S
26 117 1 1 S S
26 118 1 1 S S
26 119 1 1 S S
26 120 1 1 S S
26 121 1 1 S S
26 122 1 1 S S
26 123 1 1 S S
26 124 1 1 S S
26 125 1 1 S S
26 126 1 1 S S
26 127 1 1 S S
26 128 1 1 S S
26 129 1 1 S S
26 130 1 1 S S
26 131 1 1 S S
26 132 1 1 S S
26 133 1 1 S S
26 134 1 1 S S
26 135 1 1 S S
26 136 1 1 S S
26 137 1 1 S S
26 138 1 1 S S
26 139 1 1 S S
26 140 1 1 S S
26 141 1 1 S S
26 142 1 1 S S
26 143 1 1 S S
26 144 1 1 S S
26 145 1 1 S S
26 146 1 1 S S
26 147 1 1 S S
26 148 1 1 S S
26 149 1 1 S S
26 150 1 1 S S
26 151 1 1 S S
26 152 1 1 S S
26 153 1 1 S S
26 154 1 1 S S
26 155 1 1 S S
26 156 1 1 S S
26 157 1 1 S S
26 158 1 1 S S
26 159 1 1 S S
26 160 1 1 S S
26 161 1 1 S S
26 162 1 1 S S
26 163 1 1 S S
26 164 1 1 S S
26 165 1 1 S S
26 166 1 1 S S
26 167 1 1 S S
26 168 1 1 S S
26 169 1 1 S S
26 170 1 1 S S
26 171 1 1 S S
26 172 1 1 S S
26 173 1 1 S S
26 174 1 1 S S
26 175 1 1 S S
26 176 1 1 S S
26 177 1 1 S S
26 178 1 1 S S
26 179 1 1 S S
26 180 1 1 S S
26 181 1 1 S S
26 182 1 1 S S
26 183 1 1 S S
26 184 1 1 S S
26 185 1 1 S S
26 186 1 1 S S
26 187 1 1 S S
26 188 1 1 S S
26 189 1 1 S S
26 190 1 1 S S
26 191 1 1 S S
26 192 1 1 S S
26 193 1 1 S S
26 194 1 1 S S
26 195 1 1 S S
26 196 1 1 S S
26 197 1 1 S S
26 198 1 1 S S
26 199 1 1 S S
27 0 0 0 U D
27 1 0 0 L D
27 2 0 0 U D
27 3 0 0 U D
27 4 0 0 R R
27 5 0 0 U R
27 6 0 0 L D
27 7 0 0 L D
27 8 0 0 L R
27 9 1 0 L R
27 10 1 0 U R
27 11 1 0 U R
27 12 1 0 U R
27 13 1 0 U R
27 14 1 0 U R
27 15 1 0 U R
27 16 1 0 R R
27 17 1 0 R D
27 18 1 0 R D
27 19 1 0 R R
27 20 1 0 R D
27 21 1 1 R L
27 22 1 1 R U
27 23 1 1 R U
27 24 1 1 R U
27 25 1 1 D U
27 26 1 1 R U
27 27 1 1 D U
27 28 1 1 L U
27 29 1 1 L U
27 30 1 1 L U
27 31 1 1 L U
27 32 1 1 L U
27 33 1 1 L U
27 34 1 1 L U
27 35 1 1 L U
27 36 1 1 L U
27 37 1 1 L U
27 38 1 1 L U
27 39 1 1 L U
27 40 1 1 L U
27 41 1 1 L U
27 42 1 1 L U
27 43 1 1 L U
27 44 1 1 L U
27 45 1 1 L U
27 46 1 1 L U
27 47 1 1 L U
27 48 1 1 L U
27 49 1 1 L U
27 50 1 1 L U
27 51 1 1 L U
27 52 1 1 L U
27 53 1 1 L U
27 54 1 1 L U
27 55 1 1 L U
27 56 1 1 L U
27 57 1 1 L U
27 58 1 1 L U
27 59 1 1 L U
27 60 1 1 L U
27 61 1 1 L U
27 62 1 1 L U
27 63 1 1 L U
27 64 1 1 L U
27 65 1 1 L U
27 66 1 1 L U
27 67 1 1 L U
27 68 1 1 L U
27 69 1 1 L U
27 70 1 1 L U
27 71 1 1 L U
27 72 1 1 L U
27 73 1 1 L U
27 74 1 1 L U
27 75 1 1 L U
27 76 1 1 L U
27 77 1 1 L U
27 78 1 1 L U
27 79 1 1 L U
27 80 1 1 L U
27 81 1 1 L U
27 82 1 1 L U
27 83 1 1 L U
27 84 1 1 L U
27 85 1 1 L U
27 86 1 1 L U
27 87 1 1 L U
27 88 1 1 L U
27 89 1 1 L U
27 90 1 1 L U
27 91 1 1 L U
27 92 1 1 L U
27 93 1 1 L U
27 94 1 1 L U
27 95 1 1 L U
27 96 1 1 L U
27 97 1 1 L U
27 98 1 1 L U
27 99 1 1 L U
27 100 1 1 L U
27 101 1 1 L U
27 102 1 1 L U
27 103 1 1 L U
27 104 1 1 L U
27 105 1 1 L U
27 106 1 1 L U
27 107 1 1 L U
27 108 1 1 L U
27 109 1 1 L U
27 110 1 1 L U
27 111 1 1 L U
27 112 1 1 L U
27 113 1 1 L U
27 114 1 1 L U
27 115 1 1 L U
27 116 1 1 L U
27 117 1 1 L U
27 118 1 1 L U
27 119 1 1 L U
27 120 1 1 L U
27 121 1 1 L U
27 122 1 1 L U
27 123 1 1 L U
27 124 1 1 L U
27 125 1 1 L U
27 126 1 1 L U
27 127 1 1 L U
27 128 1 1 L U
27 129 1 1 L U
27 130 1 1 L U
27 131 1 1 L U
27 132 1 1 L U
27 133 1 1 L U
27 134 1 1 L U
27 135 1 1 L U
27 136 1 1 L U
27 137 1 1 L U
27 138 1 1 L U
27 139 1 1 L U
27 140 1 1 L U
27 141 1 1 L U
27 142 1 1 L U
27 143 1 1 L U
27 144 1 1 L U
27 145 1 1 L U
27 146 1 1 L U
27 147 1 1 L U
27 148 1 1 L U
27 149 1 1 L U
27 150 1 1 L U
27 151 1 1 L U
27 152 1 1 L U
27 153 1 1 L U
27 154 1 1 L U
27 155 1 1 L U
27 156 1 1 L U
27 157 1 1 L U
27 158 1 1 L U
27 159 1 1 L U
27 160 1 1 L U
27 161 1 1 L U
27 162 1 1 L U
27 163 1 1 L U
27 164 1 1 L U
27 165 1 1 L U
27 166 1 1 L U
27 167 1 1 L U
27 168 1 1 L U
27 169 1 1 L U
27 170 1 1 L U
27 171 1 1 L U
27 172 1 1 L U
27 173 1 1 L U
27 174 1 1 L U
27 175 1 1 L U
27 176 1 1 L U
27 177 1 1 L U
27 178 1 1 L U
27 179 1 1 L U
27 180 1 1 L U
27 181 1 1 L U
27 182 1 1 L U
27 183 1 1 L U
27 184 1 1 L U
27 185 1 1 L U
27 186 1 1 L U
27 187 1 1 L U
27 188 1 1 L U
27 189 1 1 L U
27 190 1 1 L U
27 191 1 1 L U
27 192 1 1 L U
27 193 1 1 L U
27 194 1 1 L U
27 195 1 1 L U
27 196 1 1 L U
27 197 1 1 L U
27 198 1 1 L U
27 199 1 1 L U
28 0 0 0 D U
28 1 0 0 D U
28 2 0 0 D U
28 3 0 0 D L
28 4 0 0 D L
28 5 0 0 D L
28 6 0 0 D L
28 7 0 0 D L
28 8 0 0 D L
28 9 0 0 R L
28 10 0 0 R L
28 11 1 0 U U
28 12 1 0 U R
28 13 1 0 U R
28 14 1 0 U R
28 15 1 0 U R
28 16 1 0 U R
28 17 1 0 U R
28 18 1 0 U R
28 19 1 0 U R
28 20 1 0 U R
28 21 1 0 U R
28 22 1 0 U D
28 23 1 0 U D
28 24 1 0 U D
28 25 1 0 U D
28 26 1 0 U D
28 27 1 0 U L
28 28 1 0 U D
28 29 1 0 U D
28 30 1 0 U R
28 31 1 0 U U
28 32 1 0 U U
28 33 1 0 U L
28 34 1 0 U U
28 35 1 0 U U
28 36 1 0 U R
28 37 1 0 U D
28 38 1 0 U D
28 39 1 0 U L
28 40 1 0 U D
28 41 1 0 U D
28 42 1 0 U R
28 43 1 0 U U
28 44 1 0 U U
28 45 1 0 U L
28 46 1 0 U U
28 47 1 0 U U
28 48 1 0 U R
28 49 1 0 U D
28 50 1 0 U D
28 51 1 0 U L
28 52 1 0 U D
28 53 1 0 U D
28 54 1 0 U R
28 55 1 0 U U
28 56 1 0 U U
28 57 1 0 U L
28 58 1 0 U U
28 59 1 0 U U
28 60 1 0 U R
28 61 1 0 U D
28 62 1 0 U D
28 63 1 0 U L
28 64 1 0 U D
28 65 1 0 U D
28 66 1 0 U R
28 67 1 0 U U
28 68 1 0 U U
28 69 1 0 U L
28 70 1 0 U U
28 71 1 0 U U
28 72 1 0 U R
28 73 1 0 U D
28 74 1 0 U D
28 75 1 0 U L
28 76 1 0 U D
28 77 1 0 U D
28 78 1 0 U R
28 79 1 0 U U
28 80 1 0 U U
28 81 1 0 U L
28 82 1 0 U U
28 83 1 0 U U
28 84 1 0 U R
28 85 1 0 U D
28 86 1 0 U D
28 87 1 0 U L
28 88 1 0 U D
28 89 1 0 U D
28 90 1 0 U R
28 91 1 0 U U
28 92 1 0 U U
28 93 1 0 U L
28 94 1 0 U U
28 95 1 0 U U
28 96 1 0 U R
28 97 1 0 U D
28 98 1 0 U D
28 99 1 0 U L
28 100 1 0 U D
28 101 1 0 U D
28 102 1 0 U R
28 103 1 0 U U
28 104 1 0 U U
28 105 1 0 U L
28 106 1 0 U U
28 107 1 0 U U
28 108 1 0 U R
28 109 1 0 U D
28 110 1 0 U D
28 111 1 0 U L
28 112 1 0 U D
28 113 1 0 U D
28 114 1 0 U R
28 115 1 0 U U
28 116 1 0 U U
28 117 1 0 U L
28 118 1 0 U U
28 119 1 0 U U
28 120 1 0 U R
28 121 1 0 U D
28 122 1 0 U D
28 123 1 0 U L
28 124 1 0 U D
28 125 1 0 U D
28 126 1 0 U R
28 127 1 0 U U
28 128 1 0 U U
28 129 1 0 U L
28 130 1 0 U U
28 131 1 0 U U
28 132 1 0 U R
28 133 1 0 U D
28 134 1 0 U D
28 135 1 0 U L
28 136 1 0 U D
28 137 1 0 U D
28 138 1 0 U R
28 139 1 0 U U
28 140 1 0 U U
28 141 1 0 U L
28 142 1 0 U U
28 143 1 0 U U
28 144 1 0 U R
28 145 1 0 U D
28 146 1 0 U D
28 147 1 0 U L
28 148 1 0 U D
28 149 1 0 U D
28 150 1 0 U R
28 151 1 0 U U
28 152 1 0 U U
28 153 1 0 U L
28 154 1 0 U U
28 155 1 0 U U
28 156 1 0 U R
28 157 1 0 U D
28 158 1 0 U D
28 159 1 0 U L
28 160 1 0 U D
28 161 1 0 U D
28 162 1 0 U R
28 163 1 0 U U
28 164 1 0 U U
28 165 1 0 U L
28 166 1 0 U U
28 167 1 0 U U
28 168 1 0 U R
28 169 1 0 U D
28 170 1 0 U D
28 171 1 0 U L
28 172 1 0 U D
28 173 1 0 U D
28 174 1 0 U R
28 175 1 0 U U
28 176 1 0 U U
28 177 1 0 U L
28 178 1 0 U U
28 179 1 0 U U
28 180 1 0 U R
28 181 1 0 U D
28 182 1 0 U D
28 183 1 0 U L
28 184 1 0 U D
28 185 1 0 U D
28 186 1 0 U R
28 187 1 0 U U
28 188 1 0 U U
28 189 1 0 U L
28 190 1 0 U U
28 191 1 0 U U
28 192 1 0 U R
28 193 1 0 U D
28 194 1 0 U D
28 195 1 0 U L
28 196 1 0 U D
28 197 1 0 U D
28 198 1 0 U R
28 199 1 0 U U
29 0 0 0 D D
29 1 0 0 D D
29 2 0 0 D D
29 3 0 0 D D
29 4 0 0 D D
29 5 0 0 D D
29 6 0 0 D D
29 7 0 0 D D
29 8 0 0 R D
29 9 0 0 R D
29 10 0 0 R D
29 11 0 0 R D
29 12 0 0 R D
29 13 0 0 U D
29 14 0 0 U D
29 15 0 0 R D
29 16 0 0 U R
29 17 0 0 L D
29 18 0 0 L D
29 19 0 0 L D
29 20 0 0 L D
29 21 0 0 L D
29 22 0 0 L D
29 23 0 0 L D
29 24 0 0 L D
29 25 0 0 L D
29 26 0 0 L D
29 27 0 0 L D
29 28 0 0 L D
29 29 0 0 L D
29 30 0 0 L D
29 31 0 0 L D
29 32 0 0 L D
29 33 0 0 L D
29 34 0 0 L D
29 35 0 0 L D
29 36 0 0 L D
29 37 0 0 L D
29 38 0 0 L D
29 39 0 0 L D
29 40 0 0 L D
29 41 0 0 L D
29 42 0 0 L D
29 43 0 0 L D
29 44 0 0 L D
29 45 0 0 L D
29 46 0 0 L D
29 47 0 0 L D
29 48 0 0 L D
29 49 0 0 L D
29 50 0 0 L D
29 51 0 0 L D
29 52 0 0 L D
29 53 0 0 L D
29 54 0 0 L D
29 55 0 0 L D
29 56 0 0 L D
29 57 0 0 L D
29 58 0 0 L D
29 59 0 0 L D
29 60 0 0 L D
29 61 0 0 L D
29 62 0 0 L D
29 63 0 0 L D
29 64 0 0 L D
29 65 0 0 L D
29 66 0 0 L D
29 67 0 0 L D
29 68 0 0 L D
29 69 0 0 L D
29 70 0 0 L D
29 71 0 0 L D
29 72 0 0 L D
29 73 0 0 L D
29 74 0 0 L D
29 75 0 0 L D
29 76 0 0 L D
29 77 0 0 L D
29 78 0 0 L D
29 79 0 0 L D
29 80 0 0 L D
29 81 0 0 L D
29 82 0 0 L D
29 83 0 0 L D
29 84 0 0 L D
29 85 0 0 L D
29 86 0 0 L D
29 87 0 0 L D
29 88 0 0 L D
29 89 0 0 L D
29 90 0 0 L D
29 91 0 0 L D
29 92 0 0 L D
29 93 0 0 L D
29 94 0 0 L D
29 95 0 0 L D
29 96 0 0 L D
29 97 0 0 L D
29 98 0 0 L D
29 99 0 0 L D
29 100 0 0 L D
29 101 0 0 L D
29 102 0 0 L D
29 103 0 0 L D
29 104 0 0 L D
29 105 0 0 L D
29 106 0 0 L D
29 107 0 0 L D
29 108 0 0 L D
29 109 0 0 L D
29 110 0 0 L D
29 111 0 0 L D
29 112 0 0 L D
29 113 0 0 L D
29 114 0 0 L D
29 115 0 0 L D
29 116 0 0 L D
29 117 0 0 L D
29 118 0 0 L D
29 119 0 0 L D
29 120 0 0 L D
29 121 0 0 L D
29 122 0 0 L D
29 123 0 0 L D
29 124 0 0 L D
29 125 0 0 L D
29 126 0 0 L D
29 127 0 0 L D
29 128 0 0 L D
29 129 0 0 L D
29 130 0 0 L D
29 131 0 0 L D
29 132 0 0 L D
29 133 0 0 L D
29 134 0 0 L D
29 135 0 0 L D
29 136 0 0 L D
29 137 0 0 L D
29 138 0 0 L D
29 139 0 0 L D
29 140 0 0 L D
29 141 0 0 L D
29 142 0 0 L D
29 143 0 0 L D
29 144 0 0 L D
29 145 0 0 L D
29 146 0 0 L D
29 147 0 0 L D
29 148 0 0 L D
29 149 0 0 L D
29 150 0 0 L D
29 151 0 0 L D
29 152 0 0 L D
29 153 0 0 L D
29 154 0 0 L D
29 155 0 0 L D
29 156 0 0 L D
29 157 0 0 L D
29 158 0 0 L D
29 159 0 0 L D
29 160 0 0 L D
29 161 0 0 L D
29 162 0 0 L D
29 163 0 0 L D
29 164 0 0 L D
29 165 0 0 L D
29 166 0 0 L D
29 167 0 0 L D
29 168 0 0 L D
29 169 0 0 L D
29 170 0 0 L D
29 171 0 0 L D
29 172 0 0 L D
29 173 0 0 L D
29 174 0 0 L D
29 175 0 0 L D
29 176 0 0 L D
29 177 0 0 L D
29 178 0 0 L D
29 179 0 0 L D
29 180 0 0 L D
29 181 0 0 L D
29 182 0 0 L D
29 183 0 0 L D
29 184 0 0 L D
29 185 0 0 L D
29 186 0 0 L D
29 187 0 0 L D
29 188 0 0 L D
29 189 0 0 L D
29 190 0 0 L D
29 191 0 0 L D
29 192 0 0 L D
29 193 0 0 L D
29 194 0 0 L D
29 195 0 0 L D
29 196 0 0 L D
29 197 0 0 L D
29 198 0 0 L D
29 199 0 0 L D
0 0 0 0 U U
0 1 0 0 U U
0 2 0 0 U L
0 3 0 0 R S
0 4 0 0 U S
0 5 0 0 U S
0 6 0 0 R S
0 7 0 0 U S
0 8 1 0 L S
0 9 1 0 U S
0 10 1 0 U S
0 11 1 0 U S
0 12 1 0 U S
0 13 1 0 U S
0 14 1 0 U S
0 15 1 0 L S
0 16 1 0 U S
0 17 1 0 U S
0 18 1 0 R S
0 19 1 0 D S
0 20 1 0 D D
0 21 1 0 D S
0 22 1 0 L L
0 23 1 0 D L
0 24 2 0 R L
0 25 2 0 U S
0 26 2 0 U S
0 27 2 0 U S
0 28 2 0 L S
0 29 2 0 L S
0 30 2 0 L S
0 31 2 0 D S
0 32 2 0 D D
0 33 2 0 L D
0 34 2 0 R S
0 35 2 0 D S
0 36 2 0 D D
0 37 2 0 D D
0 38 2 0 D D
0 39 2 0 L D
0 40 2 0 R S
0 41 2 0 D S
0 42 2 0 L D
0 43 2 0 D S
0 44 2 0 D S
0 45 2 0 R S
0 46 2 0 U S
0 47 2 0 L U
0 48 2 0 R S
0 49 2 0 U S
0 50 2 0 L U
0 51 2 0 U S
0 52 2 0 U S
0 53 2 0 R S
0 54 2 0 D S
0 55 2 0 L D
0 56 2 0 R S
0 57 2 0 D S
0 58 2 0 L D
0 59 2 0 D S
0 60 2 0 D S
0 61 2 0 R S
0 62 2 0 U S
0 63 2 0 L U
0 64 2 0 R S
0 65 2 0 U S
0 66 2 0 L U
0 67 2 0 U S
0 68 2 0 U S
0 69 2 0 R S
0 70 2 0 D S
0 71 2 0 L D
0 72 2 0 R S
0 73 2 0 D S
0 74 2 0 L D
0 75 2 0 D S
0 76 2 0 D S
0 77 2 0 R S
0 78 2 0 U S
0 79 2 0 L U
0 80 2 0 R S
0 81 2 0 U S
0 82 2 0 L U
0 83 2 0 U S
0 84 2 0 U S
0 85 2 0 R S
0 86 2 0 D S
0 87 2 0 L D
0 88 2 0 R S
0 89 2 0 D S
0 90 2 0 L D
0 91 2 0 D S
0 92 2 0 D S
0 93 2 0 R S
0 94 2 0 U S
0 95 2 0 L U
0 96 2 0 R S
0 97 2 0 U S
0 98 2 0 L U
0 99 2 0 U S
0 100 2 0 U S
0 101 2 0 R S
0 102 2 0 D S
0 103 2 0 L D
0 104 2 0 R S
0 105 2 0 D S
0 106 2 0 L D
0 107 2 0 D S
0 108 2 0 D S
0 109 2 0 R S
0 110 2 0 U S
0 111 2 0 L U
0 112 2 0 R S
0 113 2 0 U S
0 114 2 0 L U
0 115 2 0 U S
0 116 2 0 U S
0 117 2 0 R S
0 118 2 0 D S
0 119 2 0 L D
0 120 2 0 R S
0 121 2 0 D S
0 122 2 0 L D
0 123 2 0 D S
0 124 2 0 D S
0 125 2 0 R S
0 126 2 0 U S
0 127 2 0 L U
0 128 2 0 R S
0 129 2 0 U S
0 130 2 0 L U
0 131 2 0 U S
0 132 2 0 U S
0 133 2 0 R S
0 134 2 0 D S
0 135 2 0 L D
0 136 2 0 R S
0 137 2 0 D S
0 138 2 0 L D
0 139 2 0 D S
0 140 2 0 D S
0 141 2 0 R S
0 142 2 0 U S
0 143 2 0 L U
0 144 2 0 R S
0 145 2 0 U S
0 146 2 0 L U
0 147 2 0 U S
0 148 2 0 U S
0 149 2 0 R S
0 150 2 0 D S
0 151 2 0 L D
0 152 2 0 R S
0 153 2 0 D S
0 154 2 0 L D
0 155 2 0 D S
0 156 2 0 D S
0 157 2 0 R S
0 158 2 0 U S
0 159 2 0 L U
0 160 2 0 R S
0 161 2 0 U S
0 162 2 0 L U
0 163 2 0 U S
0 164 2 0 U S
0 165 2 0 R S
0 166 2 0 D S
0 167 2 0 L D
0 168 2 0 R S
0 169 2 0 D S
0 170 2 0 L D
0 171 2 0 D S
0 172 2 0 D S
0 173 2 0 R S
0 174 2 0 U S
0 175 2 0 L U
0 176 2 0 R S
0 177 2 0 U S
0 178 2 0 L U
0 179 2 0 U S
0 180 2 0 U S
0 181 2 0 R S
0 182 2 0 D S
0 183 2 0 L D
0 184 2 0 R S
0 185 2 0 D S
0 186 2 0 L D
0 187 2 0 D S
0 188 2 0 D S
0 189 2 0 R S
0 190 2 0 U S
0 191 2 0 L U
0 192 2 0 R S
0 193 2 0 U S
0 194 2 0 L U
0 195 2 0 U S
0 196 2 0 U S
0 197 2 0 R S
0 198 2 0 D S
0 199 2 0 L D
1 0 0 0 U U
1 1 0 0 U U
1 2 0 0 U U
1 3 0 0 U U
1 4 0 0 U U
1 5 0 0 U U
1 6 0 0 U U
1 7 0 0 U U
1 8 0 0 U L
1 9 0 0 U S
1 10 0 0 U S
1 11 0 0 R S
1 12 0 0 R S
1 13 0 0 R S
1 14 0 0 R S
1 15 0 0 R S
1 16 0 0 U S
1 17 0 0 R S
1 18 1 0 D S
1 19 1 0 U S
1 20 1 0 U S
1 21 1 0 U S
1 22 1 0 R S
1 23 1 0 R S
1 24 1 0 R S
1 25 1 0 D S
1 26 1 0 D S
1 27 1 0 D S
1 28 1 0 R S
1 29 1 0 D S
1 30 1 0 L S
1 31 1 0 L S
1 32 2 0 L S
1 33 2 0 U S
1 34 2 0 U S
1 35 2 0 U S
1 36 2 0 U S
1 37 2 0 L S
1 38 2 0 L S
1 39 2 0 L S
1 40 2 0 L S
1 41 2 0 L S
1 42 2 0 L S
1 43 2 0 U S
1 44 2 0 S S
1 45 2 0 S S
1 46 2 0 S S
1 47 2 0 S S
1 48 2 0 S S
1 49 2 0 S S
1 50 2 0 S S
1 51 2 0 S S
1 52 2 0 S S
1 53 2 0 S S
1 54 2 0 S S
1 55 2 0 S S
1 56 2 0 S S
1 57 2 0 S S
1 58 2 0 S S
1 59 2 0 S S
1 60 2 0 S S
1 61 2 0 S S
1 62 2 0 S S
1 63 2 0 S S
1 64 2 0 S S
1 65 2 0 S S
1 66 2 0 S S
1 67 2 0 S S
1 68 2 0 S S
1 69 2 0 S S
1 70 2 0 S S
1 71 2 0 S S
1 72 2 0 S S
1 73 2 0 S S
1 74 2 0 S S
1 75 2 0 S S
1 76 2 0 S S
1 77 2 0 S S
1 78 2 0 S S
1 79 2 0 S S
1 80 2 0 S S
1 81 2 0 S S
1 82 2 0 S S
1 83 2 0 S S
1 84 2 0 S S
1 85 2 0 S S
1 86 2 0 S S
1 87 2 0 S S
1 88 2 0 S S
1 89 2 0 S S
1 90 2 0 S S
1 91 2 0 S S
1 92 2 0 S S
1 93 2 0 S S
1 94 2 0 S S
1 95 2 0 S S
1 96 2 0 S S
1 97 2 0 S S
1 98 2 0 S S
1 99 2 0 S S
1 100 2 0 S S
1 101 2 0 S S
1 102 2 0 S S
1 103 2 0 S S
1 104 2 0 S S
1 105 2 0 S S
1 106 2 0 S S
1 107 2 0 S S
1 108 2 0 S S
1 109 2 0 S S
1 110 2 0 S S
1 111 2 0 S S
1 112 2 0 S S
1 113 2 0 S S
1 114 2 0 S S
1 115 2 0 S S
1 116 2 0 S S
1 117 2 0 S S
1 118 2 0 S S
1 119 2 0 S S
1 120 2 0 S S
1 121 2 0 S S
1 122 2 0 S S
1 123 2 0 S S
1 124 2 0 S S
1 125 2 0 S S
1 126 2 0 S S
1 127 2 0 S S
1 128 2 0 S S
1 129 2 0 S S
1 130 2 0 S S
1 131 2 0 S S
1 132 2 0 S S
1 133 2 0 S S
1 134 2 0 S S
1 135 2 0 S S
1 136 2 0 S S
1 137 2 0 S S
1 138 2 0 S S
1 139 2 0 S S
1 140 2 0 S S
1 141 2 0 S S
1 142 2 0 S S
1 143 2 0 S S
1 144 2 0 S S
1 145 2 0 S S
1 146 2 0 S S
1 147 2 0 S S
1 148 2 0 S S
1 149 2 0 S S
1 150 2 0 S S
1 151 2 0 S S
1 152 2 0 S S
1 153 2 0 S S
1 154 2 0 S S
1 155 2 0 S S
1 156 2 0 S S
1 157 2 0 S S
1 158 2 0 S S
1 159 2 0 S S
1 160 2 0 S S
1 161 2 0 S S
1 162 2 0 S S
1 163 2 0 S S
1 164 2 0 S S
1 165 2 0 S S
1 166 2 0 S S
1 167 2 0 S S
1 168 2 0 S S
1 169 2 0 S S
1 170 2 0 S S
1 171 2 0 S S
1 172 2 0 S S
1 173 2 0 S S
1 174 2 0 S S
1 175 2 0 S S
1 176 2 0 S S
1 177 2 0 S S
1 178 2 0 S S
1 179 2 0 S S
1 180 2 0 S S
1 181 2 0 S S
1 182 2 0 S S
1 183 2 0 S S
1 184 2 0 S S
1 185 2 0 S S
1 186 2 0 S S
1 187 2 0 S S
1 188 2 0 S S
1 189 2 0 S S
1 190 2 0 S S
1 191 2 0 S S
1 192 2 0 S S
1 193 2 0 S S
1 194 2 0 S S
1 195 2 0 S S
1 196 2 0 S S
1 197 2 0 S S
1 198 2 0 S S
1 199 2 0 S S
2 0 0 0 L U
2 1 0 0 L U
2 2 0 0 L U
2 3 0 0 L U
2 4 0 0 D U
2 5 0 0 L U
2 6 0 0 U U
2 7 0 0 R U
2 8 0 0 U U
2 9 0 0 L U
2 10 0 0 D U
2 11 0 0 L U
2 12 0 0 U U
2 13 0 0 U U
2 14 0 0 L U
2 15 0 0 U U
2 16 1 0 R U
2 17 1 0 U U
2 18 1 0 U U
2 19 1 0 U U
2 20 1 0 U U
2 21 1 0 U U
2 22 1 0 U U
2 23 1 0 U U
2 24 1 0 U U
2 25 1 0 R U
2 26 1 0 R U
2 27 1 0 R U
2 28 1 0 D U
2 29 1 0 D U
2 30 2 0 D U
2 31 2 0 U U
2 32 2 0 R U
2 33 2 0 R U
2 34 2 0 R U
2 35 2 0 R U
2 36 2 0 R U
2 37 2 0 R U
2 38 2 0 R U
2 39 2 0 R U
2 40 2 0 D U
2 41 2 0 R U
2 42 2 0 D U
2 43 2 0 L U
2 44 2 0 L U
2 45 2 0 L U
2 46 2 0 L U
2 47 2 0 L U
2 48 2 0 L U
2 49 2 0 L U
2 50 3 0 L U
2 51 3 0 S U
2 52 3 0 S U
2 53 3 0 S U
2 54 3 0 S U
2 55 3 0 S U
2 56 3 0 S U
2 57 3 0 S U
2 58 3 0 S U
2 59 3 0 S U
2 60 3 0 S U
2 61 3 0 S U
2 62 3 0 S U
2 63 3 0 S U
2 64 3 0 S U
2 65 3 0 S U
2 66 3 0 S U
2 67 3 0 S U
2 68 3 0 S U
2 69 3 0 S U
2 70 3 0 S U
2 71 3 0 S U
2 72 3 0 S U
2 73 3 0 S U
2 74 3 0 S U
2 75 3 0 S U
2 76 3 0 S U
2 77 3 0 S U
2 78 3 0 S U
2 79 3 0 S U
2 80 3 0 S U
2 81 3 0 S U
2 82 3 0 S U
2 83 3 0 S U
2 84 3 0 S U
2 85 3 0 S U
2 86 3 0 S U
2 87 3 0 S U
2 88 3 0 S U
2 89 3 0 S U
2 90 3 0 S U
2 91 3 0 S U
2 92 3 0 S U
2 93 3 0 S U
2 94 3 0 S U
2 95 3 0 S U
2 96 3 0 S U
2 97 3 0 S U
2 98 3 0 S U
2 99 3 0 S U
2 100 3 0 S U
2 101 3 0 S U
2 102 3 0 S U
2 103 3 0 S U
2 104 3 0 S U
2 105 3 0 S U
2 106 3 0 S U
2 107 3 0 S U
2 108 3 0 S U
2 109 3 0 S U
2 110 3 0 S U
2 111 3 0 S U
2 112 3 0 S U
2 113 3 0 S U
2 114 3 0 S U
2 115 3 0 S U
2 116 3 0 S U
2 117 3 0 S U
2 118 3 0 S U
2 119 3 0 S U
2 120 3 0 S U
2 121 3 0 S U
2 122 3 0 S U
2 123 3 0 S U
2 124 3 0 S U
2 125 3 0 S U
2 126 3 0 S U
2 127 3 0 S U
2 128 3 0 S U
2 129 3 0 S U
2 130 3 0 S U
2 131 3 0 S U
2 132 3 0 S U
2 133 3 0 S U
2 134 3 0 S U
2 135 3 0 S U
2 136 3 0 S U
2 137 3 0 S U
2 138 3 0 S U
2 139 3 0 S U
2 140 3 0 S U
2 141 3 0 S U
2 142 3 0 S U
2 143 3 0 S U
2 144 3 0 S U
2 145 3 0 S U
2 146 3 0 S U
2 147 3 0 S U
2 148 3 0 S U
2 149 3 0 S U
2 150 3 0 S U
2 151 3 0 S U
2 152 3 0 S U
2 153 3 0 S U
2 154 3 0 S U
2 155 3 0 S U
2 156 3 0 S U
2 157 3 0 S U
2 158 3 0 S U
2 159 3 0 S U
2 160 3 0 S U
2 161 3 0 S U
2 162 3 0 S U
2 163 3 0 S U
2 164 3 0 S U
2 165 3 0 S U
2 166 3 0 S U
2 167 3 0 S U
2 168 3 0 S U
2 169 3 0 S U
2 170 3 0 S U
2 171 3 0 S U
2 172 3 0 S U
2 173 3 0 S U
2 174 3 0 S U
2 175 3 0 S U
2 176 3 0 S U
2 177 3 0 S U
2 178 3 0 S U
2 179 3 0 S U
2 180 3 0 S U
2 181 3 0 S U
2 182 3 0 S U
2 183 3 0 S U
2 184 3 0 S U
2 185 3 0 S U
2 186 3 0 S U
2 187 3 0 S U
2 188 3 0 S U
2 189 3 0 S U
2 190 3 0 S U
2 191 3 0 S U
2 192 3 0 S U
2 193 3 0 S U
2 194 3 0 S U
2 195 3 0 S U
2 196 3 0 S U
2 197 3 0 S U
2 198 3 0 S U
2 199 3 0 S U
3 0 0 0 D U
3 1 0 0 D U
3 2 0 0 D U
3 3 0 0 D U
3 4 0 0 L U
3 5 0 0 L L
3 6 0 0 D L
3 7 0 0 R L
3 8 1 0 R L
3 9 1 0 U L
3 10 1 0 U L
3 11 1 0 U L
3 12 1 0 U L
3 13 1 0 U L
3 14 1 0 L L
3 15 1 0 L L
3 16 1 0 L L
3 17 1 0 L L
3 18 1 0 L L
3 19 1 0 D S
3 20 1 0 D D
3 21 1 0 D D
3 22 1 0 D D
3 23 1 0 D D
3 24 1 0 D D
3 25 1 0 D D
3 26 1 0 D D
3 27 1 0 D D
3 28 1 0 U D
3 29 1 0 D S
3 30 1 0 R S
3 31 1 0 R S
3 32 1 0 D S
3 33 1 0 D S
3 34 1 0 L S
3 35 1 0 L S
3 36 1 0 U S
3 37 1 0 U U
3 38 1 0 D U
3 39 1 0 U S
3 40 1 0 R S
3 41 1 0 R S
3 42 1 0 U S
3 43 1 0 U S
3 44 1 0 L S
3 45 1 0 L S
3 46 1 0 D S
3 47 1 0 D D
3 48 1 0 U D
3 49 1 0 D S
3 50 1 0 R S
3 51 1 0 R S
3 52 1 0 D S
3 53 1 0 D S
3 54 1 0 L S
3 55 1 0 L S
3 56 1 0 U S
3 57 1 0 U U
3 58 1 0 D U
3 59 1 0 U S
3 60 1 0 R S
3 61 1 0 R S
3 62 1 0 U S
3 63 1 0 U S
3 64 1 0 L S
3 65 1 0 L S
3 66 1 0 D S
3 67 1 0 D D
3 68 1 0 U D
3 69 1 0 D S
3 70 1 0 R S
3 71 1 0 R S
3 72 1 0 D S
3 73 1 0 D S
3 74 1 0 L S
3 75 1 0 L S
3 76 1 0 U S
3 77 1 0 U U
3 78 1 0 D U
3 79 1 0 U S
3 80 1 0 R S
3 81 1 0 R S
3 82 1 0 U S
3 83 1 0 U S
3 84 1 0 L S
3 85 1 0 L S
3 86 1 0 D S
3 87 1 0 D D
3 88 1 0 U D
3 89 1 0 D S
3 90 1 0 R S
3 91 1 0 R S
3 92 1 0 D S
3 93 1 0 D S
3 94 1 0 L S
3 95 1 0 L S
3 96 1 0 U S
3 97 1 0 U U
3 98 1 0 D U
3 99 1 0 U S
3 100 1 0 R S
3 101 1 0 R S
3 102 1 0 U S
3 103 1 0 U S
3 104 1 0 L S
3 105 1 0 L S
3 106 1 0 D S
3 107 1 0 D D
3 108 1 0 U D
3 109 1 0 D S
3 110 1 0 R S
3 111 1 0 R S
3 112 1 0 D S
3 113 1 0 D S
3 114 1 0 L S
3 115 1 0 L S
3 116 1 0 U S
3 117 1 0 U U
3 118 1 0 D U
3 119 1 0 U S
3 120 1 0 R S
3 121 1 0 R S
3 122 1 0 U S
3 123 1 0 U S
3 124 1 0 L S
3 125 1 0 L S
3 126 1 0 D S
3 127 1 0 D D
3 128 1 0 U D
3 129 1 0 D S
3 130 1 0 R S
3 131 1 0 R S
3 132 1 0 D S
3 133 1 0 D S
3 134 1 0 L S
3 135 1 0 L S
3 136 1 0 U S
3 137 1 0 U U
3 138 1 0 D U
3 139 1 0 U S
3 140 1 0 R S
3 141 1 0 R S
3 142 1 0 U S
3 143 1 0 U S
3 144 1 0 L S
3 145 1 0 L S
3 146 1 0 D S
3 147 1 0 D D
3 148 1 0 U D
3 149 1 0 D S
3 150 1 0 R S
3 151 1 0 R S
3 152 1 0 D S
3 153 1 0 D S
3 154 1 0 L S
3 155 1 0 L S
3 156 1 0 U S
3 157 1 0 U U
3 158 1 0 D U
3 159 1 0 U S
3 160 1 0 R S
3 161 1 0 R S
3 162 1 0 U S
3 163 1 0 U S
3 164 1 0 L S
3 165 1 0 L S
3 166 1 0 D S
3 167 1 0 D D
3 168 1 0 U D
3 169 1 0 D S
3 170 1 0 R S
3 171 1 0 R S
3 172 1 0 D S
3 173 1 0 D S
3 174 1 0 L S
3 175 1 0 L S
3 176 1 0 U S
3 177 1 0 U U
3 178 1 0 D U
3 179 1 0 U S
3 180 1 0 R S
3 181 1 0 R S
3 182 1 0 U S
3 183 1 0 U S
3 184 1 0 L S
3 185 1 0 L S
3 186 1 0 D S
3 187 1 0 D D
3 188 1 0 U D
3 189 1 0 D S
3 190 1 0 R S
3 191 1 0 R S
3 192 1 0 D S
3 193 1 0 D S
3 194 1 0 L S
3 195 1 0 L S
3 196 1 0 U S
3 197 1 0 U U
3 198 1 0 D U
3 199 1 0 U S
4 0 0 0 D U
4 1 0 0 L U
4 2 0 0 L U
4 3 0 0 L U
4 4 0 0 L U
4 5 0 0 L U
4 6 0 0 L U
4 7 0 0 L S
4 8 0 0 L U
4 9 0 0 L U
4 10 0 0 L U
4 11 0 0 L U
4 12 0 0 L U
4 13 0 0 L U
4 14 0 0 U S
4 15 0 0 L S
4 16 0 0 U S
4 17 0 0 R S
4 18 0 0 R S
4 19 0 0 R S
4 20 1 0 R S
4 21 1 0 U S
4 22 1 0 U S
4 23 1 0 R S
4 24 1 0 R S
4 25 1 0 R S
4 26 1 0 R S
4 27 1 0 R S
4 28 1 0 U S
4 29 1 0 U S
4 30 1 0 L S
4 31 1 0 L S
4 32 1 0 L U
4 33 1 0 U L
4 34 1 0 L L
4 35 1 0 D S
4 36 1 0 D D
4 37 1 0 D D
4 38 2 0 D D
4 39 2 0 D D
4 40 2 0 D D
4 41 2 0 D D
4 42 2 0 D D
4 43 2 0 D D
4 44 2 0 D D
4 45 2 0 D D
4 46 2 0 D D
4 47 2 0 D D
4 48 2 0 D D
4 49 2 0 D R
4 50 2 0 D R
4 51 2 0 D R
4 52 2 0 D S
4 53 2 0 D S
4 54 2 0 D S
4 55 2 0 D S
4 56 2 0 D S
4 57 2 0 D S
4 58 2 0 D S
4 59 2 0 D S
4 60 2 0 D S
4 61 2 0 D S
4 62 2 0 D S
4 63 2 0 D S
4 64 2 0 D S
4 65 2 0 D S
4 66 2 0 D S
4 67 2 0 D S
4 68 2 0 D S
4 69 2 0 D S
4 70 2 0 D S
4 71 2 0 D S
4 72 2 0 D S
4 73 2 0 D S
4 74 2 0 D S
4 75 2 0 D S
4 76 2 0 D S
4 77 2 0 D S
4 78 2 0 D S
4 79 2 0 D S
4 80 2 0 D S
4 81 2 0 D S
4 82 2 0 D S
4 83 2 0 D S
4 84 2 0 D S
4 85 2 0 D S
4 86 2 0 D S
4 87 2 0 D S
4 88 2 0 D S
4 89 2 0 D S
4 90 2 0 D S
4 91 2 0 D S
4 92 2 0 D S
4 93 2 0 D S
4 94 2 0 D S
4 95 2 0 D S
4 96 2 0 D S
4 97 2 0 D S
4 98 2 0 D S
4 99 2 0 D S
4 100 2 0 D S
4 101 2 0 D S
4 102 2 0 D S
4 103 2 0 D S
4 104 2 0 D S
4 105 2 0 D S
4 106 2 0 D S
4 107 2 0 D S
4 108 2 0 D S
4 109 2 0 D S
4 110 2 0 D S
4 111 2 0 D S
4 112 2 0 D S
4 113 2 0 D S
4 114 2 0 D S
4 115 2 0 D S
4 116 2 0 D S
4 117 2 0 D S
4 118 2 0 D S
4 119 2 0 D S
4 120 2 0 D S
4 121 2 0 D S
4 122 2 0 D S
4 123 2 0 D S
4 124 2 0 D S
4 125 2 0 D S
4 126 2 0 D S
4 127 2 0 D S
4 128 2 0 D S
4 129 2 0 D S
4 130 2 0 D S
4 131 2 0 D S
4 132 2 0 D S
4 133 2 0 D S
4 134 2 0 D S
4 135 2 0 D S
4 136 2 0 D S
4 137 2 0 D S
4 138 2 0 D S
4 139 2 0 D S
4 140 2 0 D S
4 141 2 0 D S
4 142 2 0 D S
4 143 2 0 D S
4 144 2 0 D S
4 145 2 0 D S
4 146 2 0 D S
4 147 2 0 D S
4 148 2 0 D S
4 149 2 0 D S
4 150 2 0 D S
4 151 2 0 D S
4 152 2 0 D S
4 153 2 0 D S
4 154 2 0 D S
4 155 2 0 D S
4 156 2 0 D S
4 157 2 0 D S
4 158 2 0 D S
4 159 2 0 D S
4 160 2 0 D S
4 161 2 0 D S
4 162 2 0 D S
4 163 2 0 D S
4 164 2 0 D S
4 165 2 0 D S
4 166 2 0 D S
4 167 2 0 D S
4 168 2 0 D S
4 169 2 0 D S
4 170 2 0 D S
4 171 2 0 D S
4 172 2 0 D S
4 173 2 0 D S
4 174 2 0 D S
4 175 2 0 D S
4 176 2 0 D S
4 177 2 0 D S
4 178 2 0 D S
4 179 2 0 D S
4 180 2 0 D S
4 181 2 0 D S
4 182 2 0 D S
4 183 2 0 D S
4 184 2 0 D S
4 185 2 0 D S
4 186 2 0 D S
4 187 2 0 D S
4 188 2 0 D S
4 189 2 0 D S
4 190 2 0 D S
4 191 2 0 D S
4 192 2 0 D S
4 193 2 0 D S
4 194 2 0 D S
4 195 2 0 D S
4 196 2 0 D S
4 197 2 0 D S
4 198 2 0 D S
4 199 2 0 D S
5 0 0 0 D D
5 1 0 0 D D
5 2 0 0 D D
5 3 0 0 D D
5 4 0 0 D D
5 5 0 0 D L
5 6 0 0 D L
5 7 0 0 D S
5 8 0 0 D S
5 9 0 0 D S
5 10 0 0 D S
5 11 0 0 D S
5 12 0 0 D S
5 13 0 0 D S
5 14 0 0 D S
5 15 0 0 D S
5 16 0 0 D S
5 17 0 0 D S
5 18 0 0 D S
5 19 0 0 D S
5 20 0 0 D S
5 21 0 0 D S
5 22 0 0 D S
5 23 0 0 D S
5 24 0 0 D S
5 25 0 0 D S
5 26 0 0 D S
5 27 0 0 D S
5 28 0 0 D S
5 29 0 0 D S
5 30 0 0 D S
5 31 0 0 D S
5 32 0 0 D S
5 33 0 0 D S
5 34 0 0 D S
5 35 0 0 D S
5 36 0 0 D S
5 37 0 0 D S
5 38 0 0 D S
5 39 0 0 D S
5 40 0 0 D S
5 41 0 0 D S
5 42 0 0 D S
5 43 0 0 D S
5 44 0 0 D S
5 45 0 0 D S
5 46 0 0 D S
5 47 0 0 D S
5 48 0 0 D S
5 49 0 0 D S
5 50 0 0 D S
5 51 0 0 D S
5 52 0 0 D S
5 53 0 0 D S
5 54 0 0 D S
5 55 0 0 D S
5 56 0 0 D S
5 57 0 0 D S
5 58 0 0 D S
5 59 0 0 D S
5 60 0 0 D S
5 61 0 0 D S
5 62 0 0 D S
5 63 0 0 D S
5 64 0 0 D S
5 65 0 0 D S
5 66 0 0 D S
5 67 0 0 D S
5 68 0 0 D S
5 69 0 0 D S
5 70 0 0 D S
5 71 0 0 D S
5 72 0 0 D S
5 73 0 0 D S
5 74 0 0 D S
5 75 0 0 D S
5 76 0 0 D S
5 77 0 0 D S
5 78 0 0 D S
5 79 0 0 D S
5 80 0 0 D S
5 81 0 0 D S
5 82 0 0 D S
5 83 0 0 D S
5 84 0 0 D S
5 85 0 0 D S
5 86 0 0 D S
5 87 0 0 D S
5 88 0 0 D S
5 89 0 0 D S
5 90 0 0 D S
5 91 0 0 D S
5 92 0 0 D S
5 93 0 0 D S
5 94 0 0 D S
5 95 0 0 D S
5 96 0 0 D S
5 97 0 0 D S
5 98 0 0 D S
5 99 0 0 D S
5 100 0 0 D S
5 101 0 0 D S
5 102 0 0 D S
5 103 0 0 D S
5 104 0 0 D S
5 105 0 0 D S
5 106 0 0 D S
5 107 0 0 D S
5 108 0 0 D S
5 109 0 0 D S
5 110 0 0 D S
5 111 0 0 D S
5 112 0 0 D S
5 113 0 0 D S
5 114 0 0 D S
5 115 0 0 D S
5 116 0 0 D S
5 117 0 0 D S
5 118 0 0 D S
5 119 0 0 D S
5 120 0 0 D S
5 121 0 0 D S
5 122 0 0 D S
5 123 0 0 D S
5 124 0 0 D S
5 125 0 0 D S
5 126 0 0 D S
5 127 0 0 D S
5 128 0 0 D S
5 129 0 0 D S
5 130 0 0 D S
5 131 0 0 D S
5 132 0 0 D S
5 133 0 0 D S
5 134 0 0 D S
5 135 0 0 D S
5 136 0 0 D S
5 137 0 0 D S
5 138 0 0 D S
5 139 0 0 D S
5 140 0 0 D S
5 141 0 0 D S
5 142 0 0 D S
5 143 0 0 D S
5 144 0 0 D S
5 145 0 0 D S
5 146 0 0 D S
5 147 0 0 D S
5 148 0 0 D S
5 149 0 0 D S
5 150 0 0 D S
5 151 0 0 D S
5 152 0 0 D S
5 153 0 0 D S
5 154 0 0 D S
5 155 0 0 D S
5 156 0 0 D S
5 157 0 0 D S
5 158 0 0 D S
5 159 0 0 D S
5 160 0 0 D S
5 161 0 0 D S
5 162 0 0 D S
5 163 0 0 D S
5 164 0 0 D S
5 165 0 0 D S
5 166 0 0 D S
5 167 0 0 D S
5 168 0 0 D S
5 169 0 0 D S
5 170 0 0 D S
5 171 0 0 D S
5 172 0 0 D S
5 173 0 0 D S
5 174 0 0 D S
5 175 0 0 D S
5 176 0 0 D S
5 177 0 0 D S
5 178 0 0 D S
5 179 0 0 D S
5 180 0 0 D S
5 181 0 0 D S
5 182 0 0 D S
5 183 0 0 D S
5 184 0 0 D S
5 185 0 0 D S
5 186 0 0 D S
5 187 0 0 D S
5 188 0 0 D S
5 189 0 0 D S
5 190 0 0 D S
5 191 0 0 D S
5 192 0 0 D S
5 193 0 0 D S
5 194 0 0 D S
5 195 0 0 D S
5 196 0 0 D S
5 197 0 0 D S
5 198 0 0 D S
5 199 0 0 D S
6 0 0 0 D U
6 1 0 0 R U
6 2 0 0 D U
6 3 0 0 D U
6 4 0 0 U U
6 5 0 0 U U
6 6 0 0 U S
6 7 0 0 L S
6 8 0 0 L S
6 9 0 0 L L
6 10 0 0 U L
6 11 0 0 L U
6 12 1 0 D S
6 13 1 0 D R
6 14 1 0 D R
6 15 1 0 D R
6 16 1 0 D R
6 17 1 0 D R
6 18 1 0 D S
6 19 1 0 D S
6 20 1 0 D S
6 21 1 0 D S
6 22 1 0 D S
6 23 1 0 D S
6 24 1 0 D S
6 25 1 0 D S
6 26 1 0 D S
6 27 1 0 D S
6 28 1 0 D S
6 29 1 0 D S
6 30 1 0 D S
6 31 1 0 D S
6 32 1 0 D S
6 33 1 0 D S
6 34 1 0 D S
6 35 1 0 D S
6 36 1 0 D S
6 37 1 0 D S
6 38 1 0 D S
6 39 1 0 D S
6 40 1 0 D S
6 41 1 0 D S
6 42 1 0 D S
6 43 1 0 D S
6 44 1 0 D S
6 45 1 0 D S
6 46 1 0 D S
6 47 1 0 D S
6 48 1 0 D S
6 49 1 0 D S
6 50 1 0 D S
6 51 1 0 D S
6 52 1 0 D S
6 53 1 0 D S
6 54 1 0 D S
6 55 1 0 D S
6 56 1 0 D S
6 57 1 0 D S
6 58 1 0 D S
6 59 1 0 D S
6 60 1 0 D S
6 61 1 0 D S
6 62 1 0 D S
6 63 1 0 D S
6 64 1 0 D S
6 65 1 0 D S
6 66 1 0 D S
6 67 1 0 D S
6 68 1 0 D S
6 69 1 0 D S
6 70 1 0 D S
6 71 1 0 D S
6 72 1 0 D S
6 73 1 0 D S
6 74 1 0 D S
6 75 1 0 D S
6 76 1 0 D S
6 77 1 0 D S
6 78 1 0 D S
6 79 1 0 D S
6 80 1 0 D S
6 81 1 0 D S
6 82 1 0 D S
6 83 1 0 D S
6 84 1 0 D S
6 85 1 0 D S
6 86 1 0 D S
6 87 1 0 D S
6 88 1 0 D S
6 89 1 0 D S
6 90 1 0 D S
6 91 1 0 D S
6 92 1 0 D S
6 93 1 0 D S
6 94 1 0 D S
6 95 1 0 D S
6 96 1 0 D S
6 97 1 0 D S
6 98 1 0 D S
6 99 1 0 D S
6 100 1 0 D S
6 101 1 0 D S
6 102 1 0 D S
6 103 1 0 D S
6 104 1 0 D S
6 105 1 0 D S
6 106 1 0 D S
6 107 1 0 D S
6 108 1 0 D S
6 109 1 0 D S
6 110 1 0 D S
6 111 1 0 D S
6 112 1 0 D S
6 113 1 0 D S
6 114 1 0 D S
6 115 1 0 D S
6 116 1 0 D S
6 117 1 0 D S
6 118 1 0 D S
6 119 1 0 D S
6 120 1 0 D S
6 121 1 0 D S
6 122 1 0 D S
6 123 1 0 D S
6 124 1 0 D S
6 125 1 0 D S
6 126 1 0 D S
6 127 1 0 D S
6 128 1 0 D S
6 129 1 0 D S
6 130 1 0 D S
6 131 1 0 D S
6 132 1 0 D S
6 133 1 0 D S
6 134 1 0 D S
6 135 1 0 D S
6 136 1 0 D S
6 137 1 0 D S
6 138 1 0 D S
6 139 1 0 D S
6 140 1 0 D S
6 141 1 0 D S
6 142 1 0 D S
6 143 1 0 D S
6 144 1 0 D S
6 145 1 0 D S
6 146 1 0 D S
6 147 1 0 D S
6 148 1 0 D S
6 149 1 0 D S
6 150 1 0 D S
6 151 1 0 D S
6 152 1 0 D S
6 153 1 0 D S
6 154 1 0 D S
6 155 1 0 D S
6 156 1 0 D S
6 157 1 0 D S
6 158 1 0 D S
6 159 1 0 D S
6 160 1 0 D S
6 161 1 0 D S
6 162 1 0 D S
6 163 1 0 D S
6 164 1 0 D S
6 165 1 0 D S
6 166 1 0 D S
6 167 1 0 D S
6 168 1 0 D S
6 169 1 0 D S
6 170 1 0 D S
6 171 1 0 D S
6 172 1 0 D S
6 173 1 0 D S
6 174 1 0 D S
6 175 1 0 D S
6 176 1 0 D S
6 177 1 0 D S
6 178 1 0 D S
6 179 1 0 D S
6 180 1 0 D S
6 181 1 0 D S
6 182 1 0 D S
6 183 1 0 D S
6 184 1 0 D S
6 185 1 0 D S
6 186 1 0 D S
6 187 1 0 D S
6 188 1 0 D S
6 189 1 0 D S
6 190 1 0 D S
6 191 1 0 D S
6 192 1 0 D S
6 193 1 0 D S
6 194 1 0 D S
6 195 1 0 D S
6 196 1 0 D S
6 197 1 0 D S
6 198 1 0 D S
6 199 1 0 D S
7 0 0 0 U U
7 1 0 0 U R
7 2 0 0 U R
7 3 0 0 U R
7 4 0 0 U U
7 5 0 0 U R
7 6 0 0 U R
7 7 0 0 U R
7 8 0 0 U R
7 9 0 0 U S
7 10 0 0 U S
7 11 0 0 U S
7 12 0 0 U S
7 13 0 0 U S
7 14 0 0 U S
7 15 0 0 U S
7 16 0 0 U S
7 17 0 0 U S
7 18 0 0 U S
7 19 0 0 U S
7 20 0 0 U S
7 21 0 0 U S
7 22 0 0 U S
7 23 0 0 U S
7 24 0 0 U S
7 25 0 0 U S
7 26 0 0 U S
7 27 0 0 U S
7 28 0 0 U S
7 29 0 0 U S
7 30 0 0 U S
7 31 0 0 U S
7 32 0 0 U S
7 33 0 0 U S
7 34 0 0 U S
7 35 0 0 U S
7 36 0 0 U S
7 37 0 0 U S
7 38 0 0 U S
7 39 0 0 U S
7 40 0 0 U S
7 41 0 0 U S
7 42 0 0 U S
7 43 0 0 U S
7 44 0 0 U S
7 45 0 0 U S
7 46 0 0 U S
7 47 0 0 U S
7 48 0 0 U S
7 49 0 0 U S
7 50 0 0 U S
7 51 0 0 U S
7 52 0 0 U S
7 53 0 0 U S
7 54 0 0 U S
7 55 0 0 U S
7 56 0 0 U S
7 57 0 0 U S
7 58 0 0 U S
7 59 0 0 U S
7 60 0 0 U S
7 61 0 0 U S
7 62 0 0 U S
7 63 0 0 U S
7 64 0 0 U S
7 65 0 0 U S
7 66 0 0 U S
7 67 0 0 U S
7 68 0 0 U S
7 69 0 0 U S
7 70 0 0 U S
7 71 0 0 U S
7 72 0 0 U S
7 73 0 0 U S
7 74 0 0 U S
7 75 0 0 U S
7 76 0 0 U S
7 77 0 0 U S
7 78 0 0 U S
7 79 0 0 U S
7 80 0 0 U S
7 81 0 0 U S
7 82 0 0 U S
7 83 0 0 U S
7 84 0 0 U S
7 85 0 0 U S
7 86 0 0 U S
7 87 0 0 U S
7 88 0 0 U S
7 89 0 0 U S
7 90 0 0 U S
7 91 0 0 U S
7 92 0 0 U S
7 93 0 0 U S
7 94 0 0 U S
7 95 0 0 U S
7 96 0 0 U S
7 97 0 0 U S
7 98 0 0 U S
7 99 0 0 U S
7 100 0 0 U S
7 101 0 0 U S
7 102 0 0 U S
7 103 0 0 U S
7 104 0 0 U S
7 105 0 0 U S
7 106 0 0 U S
7 107 0 0 U S
7 108 0 0 U S
7 109 0 0 U S
7 110 0 0 U S
7 111 0 0 U S
7 112 0 0 U S
7 113 0 0 U S
7 114 0 0 U S
7 115 0 0 U S
7 116 0 0 U S
7 117 0 0 U S
7 118 0 0 U S
7 119 0 0 U S
7 120 0 0 U S
7 121 0 0 U S
7 122 0 0 U S
7 123 0 0 U S
7 124 0 0 U S
7 125 0 0 U S
7 126 0 0 U S
7 127 0 0 U S
7 128 0 0 U S
7 129 0 0 U S
7 130 0 0 U S
7 131 0 0 U S
7 132 0 0 U S
7 133 0 0 U S
7 134 0 0 U S
7 135 0 0 U S
7 136 0 0 U S
7 137 0 0 U S
7 138 0 0 U S
7 139 0 0 U S
7 140 0 0 U S
7 141 0 0 U S
7 142 0 0 U S
7 143 0 0 U S
7 144 0 0 U S
7 145 0 0 U S
7 146 0 0 U S
7 147 0 0 U S
7 148 0 0 U S
7 149 0 0 U S
7 150 0 0 U S
7 151 0 0 U S
7 152 0 0 U S
7 153 0 0 U S
7 154 0 0 U S
7 155 0 0 U S
7 156 0 0 U S
7 157 0 0 U S
7 158 0 0 U S
7 159 0 0 U S
7 160 0 0 U S
7 161 0 0 U S
7 162 0 0 U S
7 163 0 0 U S
7 164 0 0 U S
7 165 0 0 U S
7 166 0 0 U S
7 167 0 0 U S
7 168 0 0 U S
7 169 0 0 U S
7 170 0 0 U S
7 171 0 0 U S
7 172 0 0 U S
7 173 0 0 U S
7 174 0 0 U S
7 175 0 0 U S
7 176 0 0 U S
7 177 0 0 U S
7 178 0 0 U S
7 179 0 0 U S
7 180 0 0 U S
7 181 0 0 U S
7 182 0 0 U S
7 183 0 0 U S
7 184 0 0 U S
7 185 0 0 U S
7 186 0 0 U S
7 187 0 0 U S
7 188 0 0 U S
7 189 0 0 U S
7 190 0 0 U S
7 191 0 0 U S
7 192 0 0 U S
7 193 0 0 U S
7 194 0 0 U S
7 195 0 0 U S
7 196 0 0 U S
7 197 0 0 U S
7 198 0 0 U S
7 199 0 0 U S
8 0 0 0 D U
8 1 0 0 D U
8 2 0 0 L U
8 3 0 0 U U
8 4 0 0 D U
8 5 0 0 L U
8 6 0 0 L U
8 7 0 0 L U
8 8 0 0 U U
8 9 0 0 L U
8 10 0 0 U S
8 11 1 0 R S
8 12 1 0 D S
8 13 1 0 L S
8 14 1 0 L S
8 15 1 0 L S
8 16 1 0 D S
8 17 1 0 D S
8 18 1 0 L S
8 19 1 0 D S
8 20 1 0 R S
8 21 2 0 R S
8 22 2 0 U S
8 23 2 0 U S
8 24 2 0 U S
8 25 2 0 U S
8 26 2 0 U S
8 27 2 0 U S
8 28 2 0 U S
8 29 2 0 U S
8 30 2 0 U S
8 31 2 0 R S
8 32 2 0 R S
8 33 2 0 S S
8 34 2 0 S S
8 35 2 0 S S
8 36 2 0 S S
8 37 2 0 S S
8 38 2 0 S S
8 39 2 0 S S
8 40 2 0 S S
8 41 2 0 S S
8 42 2 0 S S
8 43 2 0 S S
8 44 2 0 S S
8 45 2 0 S S
8 46 2 0 S S
8 47 2 0 S S
8 48 2 0 S S
8 49 2 0 S S
8 50 2 0 S S
8 51 2 0 S S
8 52 2 0 S S
8 53 2 0 S S
8 54 2 0 S S
8 55 2 0 S S
8 56 2 0 S S
8 57 2 0 S S
8 58 2 0 S S
8 59 2 0 S S
8 60 2 0 S S
8 61 2 0 S S
8 62 2 0 S S
8 63 2 0 S S
8 64 2 0 S S
8 65 2 0 S S
8 66 2 0 S S
8 67 2 0 S S
8 68 2 0 S S
8 69 2 0 S S
8 70 2 0 S S
8 71 2 0 S S
8 72 2 0 S S
8 73 2 0 S S
8 74 2 0 S S
8 75 2 0 S S
8 76 2 0 S S
8 77 2 0 S S
8 78 2 0 S S
8 79 2 0 S S
8 80 2 0 S S
8 81 2 0 S S
8 82 2 0 S S
8 83 2 0 S S
8 84 2 0 S S
8 85 2 0 S S
8 86 2 0 S S
8 87 2 0 S S
8 88 2 0 S S
8 89 2 0 S S
8 90 2 0 S S
8 91 2 0 S S
8 92 2 0 S S
8 93 2 0 S S
8 94 2 0 S S
8 95 2 0 S S
8 96 2 0 S S
8 97 2 0 S S
8 98 2 0 S S
8 99 2 0 S S
8 100 2 0 S S
8 101 2 0 S S
8 102 2 0 S S
8 103 2 0 S S
8 104 2 0 S S
8 105 2 0 S S
8 106 2 0 S S
8 107 2 0 S S
8 108 2 0 S S
8 109 2 0 S S
8 110 2 0 S S
8 111 2 0 S S
8 112 2 0 S S
8 113 2 0 S S
8 114 2 0 S S
8 115 2 0 S S
8 116 2 0 S S
8 117 2 0 S S
8 118 2 0 S S
8 119 2 0 S S
8 120 2 0 S S
8 121 2 0 S S
8 122 2 0 S S
8 123 2 0 S S
8 124 2 0 S S
8 125 2 0 S S
8 126 2 0 S S
8 127 2 0 S S
8 128 2 0 S S
8 129 2 0 S S
8 130 2 0 S S
8 131 2 0 S S
8 132 2 0 S S
8 133 2 0 S S
8 134 2 0 S S
8 135 2 0 S S
8 136 2 0 S S
8 137 2 0 S S
8 138 2 0 S S
8 139 2 0 S S
8 140 2 0 S S
8 141 2 0 S S
8 142 2 0 S S
8 143 2 0 S S
8 144 2 0 S S
8 145 2 0 S S
8 146 2 0 S S
8 147 2 0 S S
8 148 2 0 S S
8 149 2 0 S S
8 150 2 0 S S
8 151 2 0 S S
8 152 2 0 S S
8 153 2 0 S S
8 154 2 0 S S
8 155 2 0 S S
8 156 2 0 S S
8 157 2 0 S S
8 158 2 0 S S
8 159 2 0 S S
8 160 2 0 S S
8 161 2 0 S S
8 162 2 0 S S
8 163 2 0 S S
8 164 2 0 S S
8 165 2 0 S S
8 166 2 0 S S
8 167 2 0 S S
8 168 2 0 S S
8 169 2 0 S S
8 170 2 0 S S
8 171 2 0 S S
8 172 2 0 S S
8 173 2 0 S S
8 174 2 0 S S
8 175 2 0 S S
8 176 2 0 S S
8 177 2 0 S S
8 178 2 0 S S
8 179 2 0 S S
8 180 2 0 S S
8 181 2 0 S S
8 182 2 0 S S
8 183 2 0 S S
8 184 2 0 S S
8 185 2 0 S S
8 186 2 0 S S
8 187 2 0 S S
8 188 2 0 S S
8 189 2 0 S S
8 190 2 0 S S
8 191 2 0 S S
8 192 2 0 S S
8 193 2 0 S S
8 194 2 0 S S
8 195 2 0 S S
8 196 2 0 S S
8 197 2 0 S S
8 198 2 0 S S
8 199 2 0 S S
9 0 0 0 D D
9 1 0 0 D D
9 2 0 0 R D
9 3 0 0 R D
9 4 0 0 U R
9 5 0 0 U R
9 6 0 0 U R
9 7 0 0 U R
9 8 0 0 U R
9 9 0 0 U R
9 10 0 0 U R
9 11 0 0 U R
9 12 0 0 U R
9 13 0 0 U R
9 14 0 0 U R
9 15 0 0 U R
9 16 0 0 U R
9 17 0 0 U R
9 18 0 0 U R
9 19 0 0 U R
9 20 0 0 U R
9 21 0 0 U R
9 22 0 0 U R
9 23 0 0 U R
9 24 0 0 U R
9 25 0 0 U R
9 26 0 0 U R
9 27 0 0 U R
9 28 0 0 U R
9 29 0 0 U R
9 30 0 0 U R
9 31 0 0 U R
9 32 0 0 U R
9 33 0 0 U R
9 34 0 0 U R
9 35 0 0 U R
9 36 0 0 U R
9 37 0 0 U R
9 38 0 0 U R
9 39 0 0 U R
9 40 0 0 U R
9 41 0 0 U R
9 42 0 0 U R
9 43 0 0 U R
9 44 0 0 U R
9 45 0 0 U R
9 46 0 0 U R
9 47 0 0 U R
9 48 0 0 U R
9 49 0 0 U R
9 50 0 0 U R
9 51 0 0 U R
9 52 0 0 U R
9 53 0 0 U R
9 54 0 0 U R
9 55 0 0 U R
9 56 0 0 U R
9 57 0 0 U R
9 58 0 0 U R
9 59 0 0 U R
9 60 0 0 U R
9 61 0 0 U R
9 62 0 0 U R
9 63 0 0 U R
9 64 0 0 U R
9 65 0 0 U R
9 66 0 0 U R
9 67 0 0 U R
9 68 0 0 U R
9 69 0 0 U R
9 70 0 0 U R
9 71 0 0 U R
9 72 0 0 U R
9 73 0 0 U R
9 74 0 0 U R
9 75 0 0 U R
9 76 0 0 U R
9 77 0 0 U R
9 78 0 0 U R
9 79 0 0 U R
9 80 0 0 U R
9 81 0 0 U R
9 82 0 0 U R
9 83 0 0 U R
9 84 0 0 U R
9 85 0 0 U R
9 86 0 0 U R
9 87 0 0 U R
9 88 0 0 U R
9 89 0 0 U R
9 90 0 0 U R
9 91 0 0 U R
9 92 0 0 U R
9 93 0 0 U R
9 94 0 0 U R
9 95 0 0 U R
9 96 0 0 U R
9 97 0 0 U R
9 98 0 0 U R
9 99 0 0 U R
9 100 0 0 U R
9 101 0 0 U R
9 102 0 0 U R
9 103 0 0 U R
9 104 0 0 U R
9 105 0 0 U R
9 106 0 0 U R
9 107 0 0 U R
9 108 0 0 U R
9 109 0 0 U R
9 110 0 0 U R
9 111 0 0 U R
9 112 0 0 U R
9 113 0 0 U R
9 114 0 0 U R
9 115 0 0 U R
9 116 0 0 U R
9 117 0 0 U R
9 118 0 0 U R
9 119 0 0 U R
9 120 0 0 U R
9 121 0 0 U R
9 122 0 0 U R
9 123 0 0 U R
9 124 0 0 U R
9 125 0 0 U R
9 126 0 0 U R
9 127 0 0 U R
9 128 0 0 U R
9 129 0 0 U R
9 130 0 0 U R
9 131 0 0 U R
9 132 0 0 U R
9 133 0 0 U R
9 134 0 0 U R
9 135 0 0 U R
9 136 0 0 U R
9 137 0 0 U R
9 138 0 0 U R
9 139 0 0 U R
9 140 0 0 U R
9 141 0 0 U R
9 142 0 0 U R
9 143 0 0 U R
9 144 0 0 U R
9 145 0 0 U R
9 146 0 0 U R
9 147 0 0 U R
9 148 0 0 U R
9 149 0 0 U R
9 150 0 0 U R
9 151 0 0 U R
9 152 0 0 U R
9 153 0 0 U R
9 154 0 0 U R
9 155 0 0 U R
9 156 0 0 U R
9 157 0 0 U R
9 158 0 0 U R
9 159 0 0 U R
9 160 0 0 U R
9 161 0 0 U R
9 162 0 0 U R
9 163 0 0 U R
9 164 0 0 U R
9 165 0 0 U R
9 166 0 0 U R
9 167 0 0 U R
9 168 0 0 U R
9 169 0 0 U R
9 170 0 0 U R
9 171 0 0 U R
9 172 0 0 U R
9 173 0 0 U R
9 174 0 0 U R
9 175 0 0 U R
9 176 0 0 U R
9 177 0 0 U R
9 178 0 0 U R
9 179 0 0 U R
9 180 0 0 U R
9 181 0 0 U R
9 182 0 0 U R
9 183 0 0 U R
9 184 0 0 U R
9 185 0 0 U R
9 186 0 0 U R
9 187 0 0 U R
9 188 0 0 U R
9 189 0 0 U R
9 190 0 0 U R
9 191 0 0 U R
9 192 0 0 U R
9 193 0 0 U R
9 194 0 0 U R
9 195 0 0 U R
9 196 0 0 U R
9 197 0 0 U R
9 198 0 0 U R
9 199 0 0 U R
10 0 0 0 D U
10 1 0 0 D U
10 2 0 0 D U
10 3 0 0 D U
10 4 0 0 D U
10 5 0 0 D U
10 6 0 0 D U
10 7 0 0 D U
10 8 0 0 R U
10 9 0 0 R U
10 10 0 0 R U
10 11 0 0 R U
10 12 0 0 U U
10 13 0 0 U U
10 14 0 0 U U
10 15 0 0 U U
10 16 0 0 R U
10 17 0 0 U U
10 18 1 0 L U
10 19 1 0 U U
10 20 1 0 U U
10 21 1 0 R U
10 22 1 0 R U
10 23 1 0 U U
10 24 1 0 R U
10 25 1 0 R U
10 26 1 0 R U
10 27 1 0 R U
10 28 1 0 R U
10 29 1 0 R U
10 30 1 0 U U
10 31 1 0 L U
10 32 1 0 L U
10 33 1 0 L U
10 34 1 0 L U
10 35 1 0 L U
10 36 2 0 L U
10 37 2 0 D D
10 38 2 0 D D
10 39 2 0 D D
10 40 2 0 D D
10 41 2 0 D D
10 42 2 0 D R
10 43 2 0 D R
10 44 2 0 D R
10 45 2 0 D R
10 46 2 0 D R
10 47 2 0 D R
10 48 2 0 D R
10 49 2 0 D R
10 50 2 0 D R
10 51 2 0 D R
10 52 2 0 D R
10 53 2 0 D R
10 54 2 0 D R
10 55 2 0 D R
10 56 2 0 D R
10 57 2 0 D R
10 58 2 0 D R
10 59 2 0 D R
10 60 2 0 D R
10 61 2 0 D R
10 62 2 0 D R
10 63 2 0 D R
10 64 2 0 D R
10 65 2 0 D R
10 66 2 0 D R
10 67 2 0 D R
10 68 2 0 D R
10 69 2 0 D R
10 70 2 0 D R
10 71 2 0 D R
10 72 2 0 D R
10 73 2 0 D R
10 74 2 0 D R
10 75 2 0 D R
10 76 2 0 D R
10 77 2 0 D R
10 78 2 0 D R
10 79 2 0 D R
10 80 2 0 D R
10 81 2 0 D R
10 82 2 0 D R
10 83 2 0 D R
10 84 2 0 D R
10 85 2 0 D R
10 86 2 0 D R
10 87 2 0 D R
10 88 2 0 D R
10 89 2 0 D R
10 90 2 0 D R
10 91 2 0 D R
10 92 2 0 D R
10 93 2 0 D R
10 94 2 0 D R
10 95 2 0 D R
10 96 2 0 D R
10 97 2 0 D R
10 98 2 0 D R
10 99 2 0 D R
10 100 2 0 D R
10 101 2 0 D R
10 102 2 0 D R
10 103 2 0 D R
10 104 2 0 D R
10 105 2 0 D R
10 106 2 0 D R
10 107 2 0 D R
10 108 2 0 D R
10 109 2 0 D R
10 110 2 0 D R
10 111 2 0 D R
10 112 2 0 D R
10 113 2 0 D R
10 114 2 0 D R
10 115 2 0 D R
10 116 2 0 D R
10 117 2 0 D R
10 118 2 0 D R
10 119 2 0 D R
10 120 2 0 D R
10 121 2 0 D R
10 122 2 0 D R
10 123 2 0 D R
10 124 2 0 D R
10 125 2 0 D R
10 126 2 0 D R
10 127 2 0 D R
10 128 2 0 D R
10 129 2 0 D R
10 130 2 0 D R
10 131 2 0 D R
10 132 2 0 D R
10 133 2 0 D R
10 134 2 0 D R
10 135 2 0 D R
10 136 2 0 D R
10 137 2 0 D R
10 138 2 0 D R
10 139 2 0 D R
10 140 2 0 D R
10 141 2 0 D R
10 142 2 0 D R
10 143 2 0 D R
10 144 2 0 D R
10 145 2 0 D R
10 146 2 0 D R
10 147 2 0 D R
10 148 2 0 D R
10 149 2 0 D R
10 150 2 0 D R
10 151 2 0 D R
10 152 2 0 D R
10 153 2 0 D R
10 154 2 0 D R
10 155 2 0 D R
10 156 2 0 D R
10 157 2 0 D R
10 158 2 0 D R
10 159 2 0 D R
10 160 2 0 D R
10 161 2 0 D R
10 162 2 0 D R
10 163 2 0 D R
10 164 2 0 D R
10 165 2 0 D R
10 166 2 0 D R
10 167 2 0 D R
10 168 2 0 D R
10 169 2 0 D R
10 170 2 0 D R
10 171 2 0 D R
10 172 2 0 D R
10 173 2 0 D R
10 174 2 0 D R
10 175 2 0 D R
10 176 2 0 D R
10 177 2 0 D R
10 178 2 0 D R
10 179 2 0 D R
10 180 2 0 D R
10 181 2 0 D R
10 182 2 0 D R
10 183 2 0 D R
10 184 2 0 D R
10 185 2 0 D R
10 186 2 0 D R
10 187 2 0 D R
10 188 2 0 D R
10 189 2 0 D R
10 190 2 0 D R
10 191 2 0 D R
10 192 2 0 D R
10 193 2 0 D R
10 194 2 0 D R
10 195 2 0 D R
10 196 2 0 D R
10 197 2 0 D R
10 198 2 0 D R
10 199 2 0 D R
11 0 0 0 U D
11 1 0 0 U D
11 2 0 0 U R
11 3 0 0 L R
11 4 0 0 U S
11 5 0 0 L R
11 6 0 0 R R
11 7 0 0 R R
11 8 0 0 L S
11 9 0 0 D S
11 10 0 0 D S
11 11 0 0 D S
11 12 0 0 D S
11 13 0 0 D S
11 14 0 0 D S
11 15 0 0 D S
11 16 0 0 D S
11 17 0 0 L S
11 18 0 0 L S
11 19 0 0 L S
11 20 0 0 L S
11 21 0 0 D S
11 22 0 0 L S
11 23 0 0 U S
11 24 1 0 U S
11 25 1 0 U S
11 26 1 0 U S
11 27 1 0 U S
11 28 1 0 U S
11 29 1 0 U S
11 30 1 0 U S
11 31 1 0 U S
11 32 1 0 U S
11 33 1 0 U S
11 34 1 0 U S
11 35 1 0 U S
11 36 1 0 U S
11 37 1 0 U S
11 38 1 0 U S
11 39 1 0 U S
11 40 1 0 U S
11 41 1 0 U S
11 42 1 0 U S
11 43 1 0 U S
11 44 1 0 U S
11 45 1 0 U S
11 46 1 0 U S
11 47 1 0 U S
11 48 1 0 U S
11 49 1 0 U S
11 50 1 0 U S
11 51 1 0 U S
11 52 1 0 U S
11 53 1 0 U S
11 54 1 0 U S
11 55 1 0 U S
11 56 1 0 U S
11 57 1 0 U S
11 58 1 0 U S
11 59 1 0 U S
11 60 1 0 U S
11 61 1 0 U S
11 62 1 0 U S
11 63 1 0 U S
11 64 1 0 U S
11 65 1 0 U S
11 66 1 0 U S
11 67 1 0 U S
11 68 1 0 U S
11 69 1 0 U S
11 70 1 0 U S
11 71 1 0 U S
11 72 1 0 U S
11 73 1 0 U S
11 74 1 0 U S
11 75 1 0 U S
11 76 1 0 U S
11 77 1 0 U S
11 78 1 0 U S
11 79 1 0 U S
11 80 1 0 U S
11 81 1 0 U S
11 82 1 0 U S
11 83 1 0 U S
11 84 1 0 U S
11 85 1 0 U S
11 86 1 0 U S
11 87 1 0 U S
11 88 1 0 U S
11 89 1 0 U S
11 90 1 0 U S
11 91 1 0 U S
11 92 1 0 U S
11 93 1 0 U S
11 94 1 0 U S
11 95 1 0 U S
11 96 1 0 U S
11 97 1 0 U S
11 98 1 0 U S
11 99 1 0 U S
11 100 1 0 U S
11 101 1 0 U S
11 102 1 0 U S
11 103 1 0 U S
11 104 1 0 U S
11 105 1 0 U S
11 106 1 0 U S
11 107 1 0 U S
11 108 1 0 U S
11 109 1 0 U S
11 110 1 0 U S
11 111 1 0 U S
11 112 1 0 U S
11 113 1 0 U S
11 114 1 0 U S
11 115 1 0 U S
11 116 1 0 U S
11 117 1 0 U S
11 118 1 0 U S
11 119 1 0 U S
11 120 1 0 U S
11 121 1 0 U S
11 122 1 0 U S
11 123 1 0 U S
11 124 1 0 U S
11 125 1 0 U S
11 126 1 0 U S
11 127 1 0 U S
11 128 1 0 U S
11 129 1 0 U S
11 130 1 0 U S
11 131 1 0 U S
11 132 1 0 U S
11 133 1 0 U S
11 134 1 0 U S
11 135 1 0 U S
11 136 1 0 U S
11 137 1 0 U S
11 138 1 0 U S
11 139 1 0 U S
11 140 1 0 U S
11 141 1 0 U S
11 142 1 0 U S
11 143 1 0 U S
11 144 1 0 U S
11 145 1 0 U S
11 146 1 0 U S
11 147 1 0 U S
11 148 1 0 U S
11 149 1 0 U S
11 150 1 0 U S
11 151 1 0 U S
11 152 1 0 U S
11 153 1 0 U S
11 154 1 0 U S
11 155 1 0 U S
11 156 1 0 U S
11 157 1 0 U S
11 158 1 0 U S
11 159 1 0 U S
11 160 1 0 U S
11 161 1 0 U S
11 162 1 0 U S
11 163 1 0 U S
11 164 1 0 U S
11 165 1 0 U S
11 166 1 0 U S
11 167 1 0 U S
11 168 1 0 U S
11 169 1 0 U S
11 170 1 0 U S
11 171 1 0 U S
11 172 1 0 U S
11 173 1 0 U S
11 174 1 0 U S
11 175 1 0 U S
11 176 1 0 U S
11 177 1 0 U S
11 178 1 0 U S
11 179 1 0 U S
11 180 1 0 U S
11 181 1 0 U S
11 182 1 0 U S
11 183 1 0 U S
11 184 1 0 U S
11 185 1 0 U S
11 186 1 0 U S
11 187 1 0 U S
11 188 1 0 U S
11 189 1 0 U S
11 190 1 0 U S
11 191 1 0 U S
11 192 1 0 U S
11 193 1 0 U S
11 194 1 0 U S
11 195 1 0 U S
11 196 1 0 U S
11 197 1 0 U S
11 198 1 0 U S
11 199 1 0 U S
12 0 0 0 U U
12 1 0 0 U U
12 2 0 0 U U
12 3 0 0 R U
12 4 0 0 R U
12 5 0 0 R U
12 6 0 0 R U
12 7 0 0 R L
12 8 0 0 R L
12 9 0 0 R L
12 10 0 0 R S
12 11 0 0 R S
12 12 0 0 D S
12 13 0 0 U D
12 14 0 0 D S
12 15 0 0 D S
12 16 0 0 L D
12 17 0 0 D S
12 18 0 0 D S
12 19 0 0 R S
12 20 0 0 U S
12 21 0 0 D U
12 22 0 0 U S
12 23 0 0 U S
12 24 0 0 L U
12 25 0 0 U S
12 26 0 0 U S
12 27 0 0 R S
12 28 0 0 D S
12 29 0 0 U D
12 30 0 0 D S
12 31 0 0 D S
12 32 0 0 L D
12 33 0 0 D S
12 34 0 0 D S
12 35 0 0 R S
12 36 0 0 U S
12 37 0 0 D U
12 38 0 0 U S
12 39 0 0 U S
12 40 0 0 L U
12 41 0 0 U S
12 42 0 0 U S
12 43 0 0 R S
12 44 0 0 D S
12 45 0 0 U D
12 46 0 0 D S
12 47 0 0 D S
12 48 0 0 L D
12 49 0 0 D S
12 50 0 0 D S
12 51 0 0 R S
12 52 0 0 U S
12 53 0 0 D U
12 54 0 0 U S
12 55 0 0 U S
12 56 0 0 L U
12 57 0 0 U S
12 58 0 0 U S
12 59 0 0 R S
12 60 0 0 D S
12 61 0 0 U D
12 62 0 0 D S
12 63 0 0 D S
12 64 0 0 L D
12 65 0 0 D S
12 66 0 0 D S
12 67 0 0 R S
12 68 0 0 U S
12 69 0 0 D U
12 70 0 0 U S
12 71 0 0 U S
12 72 0 0 L U
12 73 0 0 U S
12 74 0 0 U S
12 75 0 0 R S
12 76 0 0 D S
12 77 0 0 U D
12 78 0 0 D S
12 79 0 0 D S
12 80 0 0 L D
12 81 0 0 D S
12 82 0 0 D S
12 83 0 0 R S
12 84 0 0 U S
12 85 0 0 D U
12 86 0 0 U S
12 87 0 0 U S
12 88 0 0 L U
12 89 0 0 U S
12 90 0 0 U S
12 91 0 0 R S
12 92 0 0 D S
12 93 0 0 U D
12 94 0 0 D S
12 95 0 0 D S
12 96 0 0 L D
12 97 0 0 D S
12 98 0 0 D S
12 99 0 0 R S
12 100 0 0 U S
12 101 0 0 D U
12 102 0 0 U S
12 103 0 0 U S
12 104 0 0 L U
12 105 0 0 U S
12 106 0 0 U S
12 107 0 0 R S
12 108 0 0 D S
12 109 0 0 U D
12 110 0 0 D S
12 111 0 0 D S
12 112 0 0 L D
12 113 0 0 D S
12 114 0 0 D S
12 115 0 0 R S
12 116 0 0 U S
12 117 0 0 D U
12 118 0 0 U S
12 119 0 0 U S
12 120 0 0 L U
12 121 0 0 U S
12 122 0 0 U S
12 123 0 0 R S
12 124 0 0 D S
12 125 0 0 U D
12 126 0 0 D S
12 127 0 0 D S
12 128 0 0 L D
12 129 0 0 D S
12 130 0 0 D S
12 131 0 0 R S
12 132 0 0 U S
12 133 0 0 D U
12 134 0 0 U S
12 135 0 0 U S
12 136 0 0 L U
12 137 0 0 U S
12 138 0 0 U S
12 139 0 0 R S
12 140 0 0 D S
12 141 0 0 U D
12 142 0 0 D S
12 143 0 0 D S
12 144 0 0 L D
12 145 0 0 D S
12 146 0 0 D S
12 147 0 0 R S
12 148 0 0 U S
12 149 0 0 D U
12 150 0 0 U S
12 151 0 0 U S
12 152 0 0 L U
12 153 0 0 U S
12 154 0 0 U S
12 155 0 0 R S
12 156 0 0 D S
12 157 0 0 U D
12 158 0 0 D S
12 159 0 0 D S
12 160 0 0 L D
12 161 0 0 D S
12 162 0 0 D S
12 163 0 0 R S
12 164 0 0 U S
12 165 0 0 D U
12 166 0 0 U S
12 167 0 0 U S
12 168 0 0 L U
12 169 0 0 U S
12 170 0 0 U S
12 171 0 0 R S
12 172 0 0 D S
12 173 0 0 U D
12 174 0 0 D S
12 175 0 0 D S
12 176 0 0 L D
12 177 0 0 D S
12 178 0 0 D S
12 179 0 0 R S
12 180 0 0 U S
12 181 0 0 D U
12 182 0 0 U S
12 183 0 0 U S
12 184 0 0 L U
12 185 0 0 U S
12 186 0 0 U S
12 187 0 0 R S
12 188 0 0 D S
12 189 0 0 U D
12 190 0 0 D S
12 191 0 0 D S
12 192 0 0 L D
12 193 0 0 D S
12 194 0 0 D S
12 195 0 0 R S
12 196 0 0 U S
12 197 0 0 D U
12 198 0 0 U S
12 199 0 0 U S
13 0 0 0 D U
13 1 0 0 L U
13 2 0 0 L U
13 3 0 0 L U
13 4 0 0 L U
13 5 0 0 L U
13 6 0 0 L U
13 7 0 0 L U
13 8 0 0 D U
13 9 0 0 L U
13 10 0 0 D U
13 11 0 0 R U
13 12 0 0 R U
13 13 1 0 R U
13 14 1 0 D D
13 15 1 0 D D
13 16 1 0 L L
13 17 1 0 L L
13 18 1 0 L L
13 19 1 0 D S
13 20 1 0 L R
13 21 1 0 D R
13 22 1 0 R R
13 23 2 0 R R
13 24 2 0 R R
13 25 2 0 R R
13 26 2 0 R R
13 27 2 0 R R
13 28 2 0 R R
13 29 2 0 R S
13 30 2 0 R S
13 31 2 0 R S
13 32 2 0 R S
13 33 2 0 R S
13 34 2 0 R S
13 35 2 0 R S
13 36 2 0 R S
13 37 2 0 R S
13 38 2 0 R S
13 39 2 0 R S
13 40 2 0 R S
13 41 2 0 R S
13 42 2 0 R S
13 43 2 0 R S
13 44 2 0 R S
13 45 2 0 R S
13 46 2 0 R S
13 47 2 0 R S
13 48 2 0 R S
13 49 2 0 R S
13 50 2 0 R S
13 51 2 0 R S
13 52 2 0 R S
13 53 2 0 R S
13 54 2 0 R S
13 55 2 0 R S
13 56 2 0 R S
13 57 2 0 R S
13 58 2 0 R S
13 59 2 0 R S
13 60 2 0 R S
13 61 2 0 R S
13 62 2 0 R S
13 63 2 0 R S
13 64 2 0 R S
13 65 2 0 R S
13 66 2 0 R S
13 67 2 0 R S
13 68 2 0 R S
13 69 2 0 R S
13 70 2 0 R S
13 71 2 0 R S
13 72 2 0 R S
13 73 2 0 R S
13 74 2 0 R S
13 75 2 0 R S
13 76 2 0 R S
13 77 2 0 R S
13 78 2 0 R S
13 79 2 0 R S
13 80 2 0 R S
13 81 2 0 R S
13 82 2 0 R S
13 83 2 0 R S
13 84 2 0 R S
13 85 2 0 R S
13 86 2 0 R S
13 87 2 0 R S
13 88 2 0 R S
13 89 2 0 R S
13 90 2 0 R S
13 91 2 0 R S
13 92 2 0 R S
13 93 2 0 R S
13 94 2 0 R S
13 95 2 0 R S
13 96 2 0 R S
13 97 2 0 R S
13 98 2 0 R S
13 99 2 0 R S
13 100 2 0 R S
13 101 2 0 R S
13 102 2 0 R S
13 103 2 0 R S
13 104 2 0 R S
13 105 2 0 R S
13 106 2 0 R S
13 107 2 0 R S
13 108 2 0 R S
13 109 2 0 R S
13 110 2 0 R S
13 111 2 0 R S
13 112 2 0 R S
13 113 2 0 R S
13 114 2 0 R S
13 115 2 0 R S
13 116 2 0 R S
13 117 2 0 R S
13 118 2 0 R S
13 119 2 0 R S
13 120 2 0 R S
13 121 2 0 R S
13 122 2 0 R S
13 123 2 0 R S
13 124 2 0 R S
13 125 2 0 R S
13 126 2 0 R S
13 127 2 0 R S
13 128 2 0 R S
13 129 2 0 R S
13 130 2 0 R S
13 131 2 0 R S
13 132 2 0 R S
13 133 2 0 R S
13 134 2 0 R S
13 135 2 0 R S
13 136 2 0 R S
13 137 2 0 R S
13 138 2 0 R S
13 139 2 0 R S
13 140 2 0 R S
13 141 2 0 R S
13 142 2 0 R S
13 143 2 0 R S
13 144 2 0 R S
13 145 2 0 R S
13 146 2 0 R S
13 147 2 0 R S
13 148 2 0 R S
13 149 2 0 R S
13 150 2 0 R S
13 151 2 0 R S
13 152 2 0 R S
13 153 2 0 R S
13 154 2 0 R S
13 155 2 0 R S
13 156 2 0 R S
13 157 2 0 R S
13 158 2 0 R S
13 159 2 0 R S
13 160 2 0 R S
13 161 2 0 R S
13 162 2 0 R S
13 163 2 0 R S
13 164 2 0 R S
13 165 2 0 R S
13 166 2 0 R S
13 167 2 0 R S
13 168 2 0 R S
13 169 2 0 R S
13 170 2 0 R S
13 171 2 0 R S
13 172 2 0 R S
13 173 2 0 R S
13 174 2 0 R S
13 175 2 0 R S
13 176 2 0 R S
13 177 2 0 R S
13 178 2 0 R S
13 179 2 0 R S
13 180 2 0 R S
13 181 2 0 R S
13 182 2 0 R S
13 183 2 0 R S
13 184 2 0 R S
13 185 2 0 R S
13 186 2 0 R S
13 187 2 0 R S
13 188 2 0 R S
13 189 2 0 R S
13 190 2 0 R S
13 191 2 0 R S
13 192 2 0 R S
13 193 2 0 R S
13 194 2 0 R S
13 195 2 0 R S
13 196 2 0 R S
13 197 2 0 R S
13 198 2 0 R S
13 199 2 0 R S
14 0 0 0 U D
14 1 0 0 U L
14 2 0 0 U S
14 3 0 0 U S
14 4 0 0 L S
14 5 0 0 U S
14 6 0 0 R S
14 7 1 0 R S
14 8 1 0 D S
14 9 1 0 D S
14 10 1 0 R S
14 11 1 0 R S
14 12 1 0 U S
14 13 1 0 R S
14 14 1 0 U S
14 15 2 0 L S
14 16 2 0 U S
14 17 2 0 U S
14 18 2 0 U S
14 19 2 0 R S
14 20 2 0 R S
14 21 2 0 R S
14 22 2 0 R S
14 23 2 0 R S
14 24 2 0 U S
14 25 2 0 L U
14 26 2 0 U S
14 27 2 0 U S
14 28 2 0 R S
14 29 2 0 D S
14 30 2 0 U D
14 31 2 0 D S
14 32 2 0 D S
14 33 2 0 L D
14 34 2 0 D S
14 35 2 0 D S
14 36 2 0 R S
14 37 2 0 U S
14 38 2 0 D U
14 39 2 0 U S
14 40 2 0 U S
14 41 2 0 L U
14 42 2 0 U S
14 43 2 0 U S
14 44 2 0 R S
14 45 2 0 D S
14 46 2 0 U D
14 47 2 0 D S
14 48 2 0 D S
14 49 2 0 L D
14 50 2 0 D S
14 51 2 0 D S
14 52 2 0 R S
14 53 2 0 U S
14 54 2 0 D U
14 55 2 0 U S
14 56 2 0 U S
14 57 2 0 L U
14 58 2 0 U S
14 59 2 0 U S
14 60 2 0 R S
14 61 2 0 D S
14 62 2 0 U D
14 63 2 0 D S
14 64 2 0 D S
14 65 2 0 L D
14 66 2 0 D S
14 67 2 0 D S
14 68 2 0 R S
14 69 2 0 U S
14 70 2 0 D U
14 71 2 0 U S
14 72 2 0 U S
14 73 2 0 L U
14 74 2 0 U S
14 75 2 0 U S
14 76 2 0 R S
14 77 2 0 D S
14 78 2 0 U D
14 79 2 0 D S
14 80 2 0 D S
14 81 2 0 L D
14 82 2 0 D S
14 83 2 0 D S
14 84 2 0 R S
14 85 2 0 U S
14 86 2 0 D U
14 87 2 0 U S
14 88 2 0 U S
14 89 2 0 L U
14 90 2 0 U S
14 91 2 0 U S
14 92 2 0 R S
14 93 2 0 D S
14 94 2 0 U D
14 95 2 0 D S
14 96 2 0 D S
14 97 2 0 L D
14 98 2 0 D S
14 99 2 0 D S
14 100 2 0 R S
14 101 2 0 U S
14 102 2 0 D U
14 103 2 0 U S
14 104 2 0 U S
14 105 2 0 L U
14 106 2 0 U S
14 107 2 0 U S
14 108 2 0 R S
14 109 2 0 D S
14 110 2 0 U D
14 111 2 0 D S
14 112 2 0 D S
14 113 2 0 L D
14 114 2 0 D S
14 115 2 0 D S
14 116 2 0 R S
14 117 2 0 U S
14 118 2 0 D U
14 119 2 0 U S
14 120 2 0 U S
14 121 2 0 L U
14 122 2 0 U S
14 123 2 0 U S
14 124 2 0 R S
14 125 2 0 D S
14 126 2 0 U D
14 127 2 0 D S
14 128 2 0 D S
14 129 2 0 L D
14 130 2 0 D S
14 131 2 0 D S
14 132 2 0 R S
14 133 2 0 U S
14 134 2 0 D U
14 135 2 0 U S
14 136 2 0 U S
14 137 2 0 L U
14 138 2 0 U S
14 139 2 0 U S
14 140 2 0 R S
14 141 2 0 D S
14 142 2 0 U D
14 143 2 0 D S
14 144 2 0 D S
14 145 2 0 L D
14 146 2 0 D S
14 147 2 0 D S
14 148 2 0 R S
14 149 2 0 U S
14 150 2 0 D U
14 151 2 0 U S
14 152 2 0 U S
14 153 2 0 L U
14 154 2 0 U S
14 155 2 0 U S
14 156 2 0 R S
14 157 2 0 D S
14 158 2 0 U D
14 159 2 0 D S
14 160 2 0 D S
14 161 2 0 L D
14 162 2 0 D S
14 163 2 0 D S
14 164 2 0 R S
14 165 2 0 U S
14 166 2 0 D U
14 167 2 0 U S
14 168 2 0 U S
14 169 2 0 L U
14 170 2 0 U S
14 171 2 0 U S
14 172 2 0 R S
14 173 2 0 D S
14 174 2 0 U D
14 175 2 0 D S
14 176 2 0 D S
14 177 2 0 L D
14 178 2 0 D S
14 179 2 0 D S
14 180 2 0 R S
14 181 2 0 U S
14 182 2 0 D U
14 183 2 0 U S
14 184 2 0 U S
14 185 2 0 L U
14 186 2 0 U S
14 187 2 0 U S
14 188 2 0 R S
14 189 2 0 D S
14 190 2 0 U D
14 191 2 0 D S
14 192 2 0 D S
14 193 2 0 L D
14 194 2 0 D S
14 195 2 0 D S
14 196 2 0 R S
14 197 2 0 U S
14 198 2 0 D U
14 199 2 0 U S
0 0 0 0 D D
0 1 0 0 D D
0 2 0 0 L D
0 3 0 0 L D
0 4 0 0 L D
0 5 0 0 L D
0 6 0 0 L D
0 7 0 0 L R
0 8 0 0 L R
0 9 0 0 L R
0 10 0 0 L R
0 11 0 0 L R
0 12 0 0 D R
0 13 1 0 D R
0 14 1 0 U R
0 15 1 1 U R
0 16 1 1 U U
0 17 1 1 U U
0 18 1 1 U U
0 19 1 1 U U
0 20 1 1 U U
0 21 1 1 U U
0 22 1 1 L U
0 23 1 1 L U
0 24 1 1 L U
0 25 1 1 L S
0 26 1 1 D S
0 27 1 1 D S
0 28 1 1 D S
0 29 1 1 D S
0 30 1 1 D S
0 31 1 1 D S
0 32 1 1 D S
0 33 1 1 D S
0 34 1 1 D S
0 35 1 1 R S
0 36 1 1 D D
0 37 1 1 D D
0 38 1 1 L D
0 39 1 1 U S
0 40 1 1 U S
0 41 1 1 R S
0 42 1 1 U L
0 43 1 1 U L
0 44 1 1 L U
0 45 1 1 D S
0 46 1 1 D S
0 47 1 1 R S
0 48 1 1 D D
0 49 1 1 D D
0 50 1 1 L D
0 51 1 1 U S
0 52 1 1 U S
0 53 1 1 R S
0 54 1 1 U U
0 55 1 1 U U
0 56 1 1 L U
0 57 1 1 D S
0 58 1 1 D S
0 59 1 1 R S
0 60 1 1 D D
0 61 1 1 D D
0 62 1 1 L D
0 63 1 1 U S
0 64 1 1 U S
0 65 1 1 R S
0 66 1 1 U U
0 67 1 1 U U
0 68 1 1 L U
0 69 1 1 D S
0 70 1 1 D S
0 71 1 1 R S
0 72 1 1 D D
0 73 1 1 D D
0 74 1 1 L D
0 75 1 1 U S
0 76 1 1 U S
0 77 1 1 R S
0 78 1 1 U U
0 79 1 1 U U
0 80 1 1 L U
0 81 1 1 D S
0 82 1 1 D S
0 83 1 1 R S
0 84 1 1 D D
0 85 1 1 D D
0 86 1 1 L D
0 87 1 1 U S
0 88 1 1 U S
0 89 1 1 R S
0 90 1 1 U U
0 91 1 1 U U
0 92 1 1 L U
0 93 1 1 D S
0 94 1 1 D S
0 95 1 1 R S
0 96 1 1 D D
0 97 1 1 D D
0 98 1 1 L D
0 99 1 1 U S
0 100 1 1 U S
0 101 1 1 R S
0 102 1 1 U U
0 103 1 1 U U
0 104 1 1 L U
0 105 1 1 D S
0 106 1 1 D S
0 107 1 1 R S
0 108 1 1 D D
0 109 1 1 D D
0 110 1 1 L D
0 111 1 1 U S
0 112 1 1 U S
0 113 1 1 R S
0 114 1 1 U U
0 115 1 1 U U
0 116 1 1 L U
0 117 1 1 D S
0 118 1 1 D S
0 119 1 1 R S
0 120 1 1 D D
0 121 1 1 D D
0 122 1 1 L D
0 123 1 1 U S
0 124 1 1 U S
0 125 1 1 R S
0 126 1 1 U U
0 127 1 1 U U
0 128 1 1 L U
0 129 1 1 D S
0 130 1 1 D S
0 131 1 1 R S
0 132 1 1 D D
0 133 1 1 D D
0 134 1 1 L D
0 135 1 1 U S
0 136 1 1 U S
0 137 1 1 R S
0 138 1 1 U U
0 139 1 1 U U
0 140 1 1 L U
0 141 1 1 D S
0 142 1 1 D S
0 143 1 1 R S
0 144 1 1 D D
0 145 1 1 D D
0 146 1 1 L D
0 147 1 1 U S
0 148 1 1 U S
0 149 1 1 R S
0 150 1 1 U U
0 151 1 1 U U
0 152 1 1 L U
0 153 1 1 D S
0 154 1 1 D S
0 155 1 1 R S
0 156 1 1 D D
0 157 1 1 D D
0 158 1 1 L D
0 159 1 1 U S
0 160 1 1 U S
0 161 1 1 R S
0 162 1 1 U U
0 163 1 1 U U
0 164 1 1 L U
0 165 1 1 D S
0 166 1 1 D S
0 167 1 1 R S
0 168 1 1 D D
0 169 1 1 D D
0 170 1 1 L D
0 171 1 1 U S
0 172 1 1 U S
0 173 1 1 R S
0 174 1 1 U U
0 175 1 1 U U
0 176 1 1 L U
0 177 1 1 D S
0 178 1 1 D S
0 179 1 1 R S
0 180 1 1 D D
0 181 1 1 D D
0 182 1 1 L D
0 183 1 1 U S
0 184 1 1 U S
0 185 1 1 R S
0 186 1 1 U U
0 187 1 1 U U
0 188 1 1 L U
0 189 1 1 D S
0 190 1 1 D S
0 191 1 1 R S
0 192 1 1 D D
0 193 1 1 D D
0 194 1 1 L D
0 195 1 1 U S
0 196 1 1 U S
0 197 1 1 R S
0 198 1 1 U U
0 199 1 1 U U
1 0 0 0 L U
1 1 0 0 L U
1 2 0 0 L U
1 3 0 0 L U
1 4 0 0 L U
1 5 0 0 L U
1 6 0 0 L U
1 7 0 0 L U
1 8 0 0 L U
1 9 0 0 L U
1 10 0 0 L U
1 11 0 0 L U
1 12 0 0 L U
1 13 0 0 L U
1 14 0 0 L U
1 15 0 0 L U
1 16 0 0 L U
1 17 0 0 L U
1 18 0 0 L U
1 19 0 0 L U
1 20 0 0 L U
1 21 0 0 L U
1 22 0 0 L U
1 23 0 0 L U
1 24 0 0 L U
1 25 0 0 L U
1 26 0 0 L U
1 27 0 0 L U
1 28 0 0 L U
1 29 0 0 L U
1 30 0 0 L U
1 31 0 0 L U
1 32 0 0 L U
1 33 0 0 L U
1 34 0 0 L U
1 35 0 0 L U
1 36 0 0 L U
1 37 0 0 L U
1 38 0 0 L U
1 39 0 0 L U
1 40 0 0 L U
1 41 0 0 L U
1 42 0 0 L U
1 43 0 0 L U
1 44 0 0 L U
1 45 0 0 L U
1 46 0 0 L U
1 47 0 0 L U
1 48 0 0 L U
1 49 0 0 L U
1 50 0 0 L U
1 51 0 0 L U
1 52 0 0 L U
1 53 0 0 L U
1 54 0 0 L U
1 55 0 0 L U
1 56 0 0 L U
1 57 0 0 L U
1 58 0 0 L U
1 59 0 0 L U
1 60 0 0 L U
1 61 0 0 L U
1 62 0 0 L U
1 63 0 0 L U
1 64 0 0 L U
1 65 0 0 L U
1 66 0 0 L U
1 67 0 0 L U
1 68 0 0 L U
1 69 0 0 L U
1 70 0 0 L U
1 71 0 0 L U
1 72 0 0 L U
1 73 0 0 L U
1 74 0 0 L U
1 75 0 0 L U
1 76 0 0 L U
1 77 0 0 L U
1 78 0 0 L U
1 79 0 0 L U
1 80 0 0 L U
1 81 0 0 L U
1 82 0 0 L U
1 83 0 0 L U
1 84 0 0 L U
1 85 0 0 L U
1 86 0 0 L U
1 87 0 0 L U
1 88 0 0 L U
1 89 0 0 L U
1 90 0 0 L U
1 91 0 0 L U
1 92 0 0 L U
1 93 0 0 L U
1 94 0 0 L U
1 95 0 0 L U
1 96 0 0 L U
1 97 0 0 L U
1 98 0 0 L U
1 99 0 0 L U
1 100 0 0 L U
1 101 0 0 L U
1 102 0 0 L U
1 103 0 0 L U
1 104 0 0 L U
1 105 0 0 L U
1 106 0 0 L U
1 107 0 0 L U
1 108 0 0 L U
1 109 0 0 L U
1 110 0 0 L U
1 111 0 0 L U
1 112 0 0 L U
1 113 0 0 L U
1 114 0 0 L U
1 115 0 0 L U
1 116 0 0 L U
1 117 0 0 L U
1 118 0 0 L U
1 119 0 0 L U
1 120 0 0 L U
1 121 0 0 L U
1 122 0 0 L U
1 123 0 0 L U
1 124 0 0 L U
1 125 0 0 L U
1 126 0 0 L U
1 127 0 0 L U
1 128 0 0 L U
1 129 0 0 L U
1 130 0 0 L U
1 131 0 0 L U
1 132 0 0 L U
1 133 0 0 L U
1 134 0 0 L U
1 135 0 0 L U
1 136 0 0 L U
1 137 0 0 L U
1 138 0 0 L U
1 139 0 0 L U
1 140 0 0 L U
1 141 0 0 L U
1 142 0 0 L U
1 143 0 0 L U
1 144 0 0 L U
1 145 0 0 L U
1 146 0 0 L U
1 147 0 0 L U
1 148 0 0 L U
1 149 0 0 L U
1 150 0 0 L U
1 151 0 0 L U
1 152 0 0 L U
1 153 0 0 L U
1 154 0 0 L U
1 155 0 0 L U
1 156 0 0 L U
1 157 0 0 L U
1 158 0 0 L U
1 159 0 0 L U
1 160 0 0 L U
1 161 0 0 L U
1 162 0 0 L U
1 163 0 0 L U
1 164 0 0 L U
1 165 0 0 L U
1 166 0 0 L U
1 167 0 0 L U
1 168 0 0 L U
1 169 0 0 L U
1 170 0 0 L U
1 171 0 0 L U
1 172 0 0 L U
1 173 0 0 L U
1 174 0 0 L U
1 175 0 0 L U
1 176 0 0 L U
1 177 0 0 L U
1 178 0 0 L U
1 179 0 0 L U
1 180 0 0 L U
1 181 0 0 L U
1 182 0 0 L U
1 183 0 0 L U
1 184 0 0 L U
1 185 0 0 L U
1 186 0 0 L U
1 187 0 0 L U
1 188 0 0 L U
1 189 0 0 L U
1 190 0 0 L U
1 191 0 0 L U
1 192 0 0 L U
1 193 0 0 L U
1 194 0 0 L U
1 195 0 0 L U
1 196 0 0 L U
1 197 0 0 L U
1 198 0 0 L U
1 199 0 0 L U
2 0 0 0 D D
2 1 0 0 D D
2 2 0 0 D D
2 3 0 0 D L
2 4 0 0 D D
2 5 0 0 D D
2 6 0 0 D D
2 7 0 0 D D
2 8 0 0 L D
2 9 0 0 D D
2 10 0 0 L D
2 11 0 0 L D
2 12 0 0 L D
2 13 0 0 L D
2 14 0 0 L D
2 15 0 0 L D
2 16 0 0 L D
2 17 0 0 L D
2 18 1 0 L D
2 19 1 0 D D
2 20 1 0 D D
2 21 1 0 D D
2 22 1 0 L D
2 23 1 0 U D
2 24 2 0 U R
2 25 2 0 R R
2 26 2 0 R R
2 27 2 0 R R
2 28 2 0 R R
2 29 2 0 R R
2 30 2 0 R R
2 31 2 0 R R
2 32 2 0 R R
2 33 2 0 R R
2 34 2 0 R R
2 35 2 0 U D
2 36 2 0 S D
2 37 2 0 D D
2 38 2 0 D D
2 39 2 0 D D
2 40 2 0 D L
2 41 2 0 D L
2 42 2 0 D L
2 43 2 0 D L
2 44 2 0 D L
2 45 2 0 D L
2 46 2 0 D L
2 47 2 0 D L
2 48 2 0 D L
2 49 2 0 D L
2 50 2 0 D L
2 51 2 0 D L
2 52 2 0 D L
2 53 2 0 D L
2 54 2 0 D L
2 55 2 0 D L
2 56 2 0 D L
2 57 2 0 D L
2 58 2 0 D L
2 59 2 0 D L
2 60 2 0 D L
2 61 2 0 D L
2 62 2 0 D L
2 63 2 0 D L
2 64 2 0 D L
2 65 2 0 D L
2 66 2 0 D L
2 67 2 0 D L
2 68 2 0 D L
2 69 2 0 D L
2 70 2 0 D L
2 71 2 0 D L
2 72 2 0 D L
2 73 2 0 D L
2 74 2 0 D L
2 75 2 0 D L
2 76 2 0 D L
2 77 2 0 D L
2 78 2 0 D L
2 79 2 0 D L
2 80 2 0 D L
2 81 2 0 D L
2 82 2 0 D L
2 83 2 0 D L
2 84 2 0 D L
2 85 2 0 D L
2 86 2 0 D L
2 87 2 0 D L
2 88 2 0 D L
2 89 2 0 D L
2 90 2 0 D L
2 91 2 0 D L
2 92 2 0 D L
2 93 2 0 D L
2 94 2 0 D L
2 95 2 0 D L
2 96 2 0 D L
2 97 2 0 D L
2 98 2 0 D L
2 99 2 0 D L
2 100 2 0 D L
2 101 2 0 D L
2 102 2 0 D L
2 103 2 0 D L
2 104 2 0 D L
2 105 2 0 D L
2 106 2 0 D L
2 107 2 0 D L
2 108 2 0 D L
2 109 2 0 D L
2 110 2 0 D L
2 111 2 0 D L
2 112 2 0 D L
2 113 2 0 D L
2 114 2 0 D L
2 115 2 0 D L
2 116 2 0 D L
2 117 2 0 D L
2 118 2 0 D L
2 119 2 0 D L
2 120 2 0 D L
2 121 2 0 D L
2 122 2 0 D L
2 123 2 0 D L
2 124 2 0 D L
2 125 2 0 D L
2 126 2 0 D L
2 127 2 0 D L
2 128 2 0 D L
2 129 2 0 D L
2 130 2 0 D L
2 131 2 0 D L
2 132 2 0 D L
2 133 2 0 D L
2 134 2 0 D L
2 135 2 0 D L
2 136 2 0 D L
2 137 2 0 D L
2 138 2 0 D L
2 139 2 0 D L
2 140 2 0 D L
2 141 2 0 D L
2 142 2 0 D L
2 143 2 0 D L
2 144 2 0 D L
2 145 2 0 D L
2 146 2 0 D L
2 147 2 0 D L
2 148 2 0 D L
2 149 2 0 D L
2 150 2 0 D L
2 151 2 0 D L
2 152 2 0 D L
2 153 2 0 D L
2 154 2 0 D L
2 155 2 0 D L
2 156 2 0 D L
2 157 2 0 D L
2 158 2 0 D L
2 159 2 0 D L
2 160 2 0 D L
2 161 2 0 D L
2 162 2 0 D L
2 163 2 0 D L
2 164 2 0 D L
2 165 2 0 D L
2 166 2 0 D L
2 167 2 0 D L
2 168 2 0 D L
2 169 2 0 D L
2 170 2 0 D L
2 171 2 0 D L
2 172 2 0 D L
2 173 2 0 D L
2 174 2 0 D L
2 175 2 0 D L
2 176 2 0 D L
2 177 2 0 D L
2 178 2 0 D L
2 179 2 0 D L
2 180 2 0 D L
2 181 2 0 D L
2 182 2 0 D L
2 183 2 0 D L
2 184 2 0 D L
2 185 2 0 D L
2 186 2 0 D L
2 187 2 0 D L
2 188 2 0 D L
2 189 2 0 D L
2 190 2 0 D L
2 191 2 0 D L
2 192 2 0 D L
2 193 2 0 D L
2 194 2 0 D L
2 195 2 0 D L
2 196 2 0 D L
2 197 2 0 D L
2 198 2 0 D L
2 199 2 0 D L
3 0 0 0 R D
3 1 0 0 R D
3 2 0 0 R D
3 3 0 0 R D
3 4 0 0 R R
3 5 0 0 R D
3 6 0 0 D D
3 7 0 0 U D
3 8 0 0 U L
3 9 0 0 U D
3 10 0 1 U R
3 11 0 1 U U
3 12 0 1 U U
3 13 0 1 R U
3 14 0 1 R U
3 15 0 1 R U
3 16 0 1 R U
3 17 0 1 R R
3 18 0 1 R R
3 19 0 1 R R
3 20 0 1 R L
3 21 0 1 R R
3 22 0 1 U U
3 23 0 1 L U
3 24 0 1 L U
3 25 0 1 L U
3 26 0 1 L U
3 27 0 1 L U
3 28 0 1 L U
3 29 0 1 L U
3 30 0 1 L U
3 31 0 1 L U
3 32 0 1 L U
3 33 0 1 L U
3 34 0 1 L U
3 35 0 1 L U
3 36 0 1 L U
3 37 0 1 L U
3 38 0 1 L U
3 39 0 1 L U
3 40 0 1 L U
3 41 0 1 L U
3 42 0 1 L U
3 43 0 1 L U
3 44 0 1 L U
3 45 0 1 L U
3 46 0 1 L U
3 47 0 1 L U
3 48 0 1 L U
3 49 0 1 L U
3 50 0 1 L U
3 51 0 1 L U
3 52 0 1 L U
3 53 0 1 L U
3 54 0 1 L U
3 55 0 1 L U
3 56 0 1 L U
3 57 0 1 L U
3 58 0 1 L U
3 59 0 1 L U
3 60 0 1 L U
3 61 0 1 L U
3 62 0 1 L U
3 63 0 1 L U
3 64 0 1 L U
3 65 0 1 L U
3 66 0 1 L U
3 67 0 1 L U
3 68 0 1 L U
3 69 0 1 L U
3 70 0 1 L U
3 71 0 1 L U
3 72 0 1 L U
3 73 0 1 L U
3 74 0 1 L U
3 75 0 1 L U
3 76 0 1 L U
3 77 0 1 L U
3 78 0 1 L U
3 79 0 1 L U
3 80 0 1 L U
3 81 0 1 L U
3 82 0 1 L U
3 83 0 1 L U
3 84 0 1 L U
3 85 0 1 L U
3 86 0 1 L U
3 87 0 1 L U
3 88 0 1 L U
3 89 0 1 L U
3 90 0 1 L U
3 91 0 1 L U
3 92 0 1 L U
3 93 0 1 L U
3 94 0 1 L U
3 95 0 1 L U
3 96 0 1 L U
3 97 0 1 L U
3 98 0 1 L U
3 99 0 1 L U
3 100 0 1 L U
3 101 0 1 L U
3 102 0 1 L U
3 103 0 1 L U
3 104 0 1 L U
3 105 0 1 L U
3 106 0 1 L U
3 107 0 1 L U
3 108 0 1 L U
3 109 0 1 L U
3 110 0 1 L U
3 111 0 1 L U
3 112 0 1 L U
3 113 0 1 L U
3 114 0 1 L U
3 115 0 1 L U
3 116 0 1 L U
3 117 0 1 L U
3 118 0 1 L U
3 119 0 1 L U
3 120 0 1 L U
3 121 0 1 L U
3 122 0 1 L U
3 123 0 1 L U
3 124 0 1 L U
3 125 0 1 L U
3 126 0 1 L U
3 127 0 1 L U
3 128 0 1 L U
3 129 0 1 L U
3 130 0 1 L U
3 131 0 1 L U
3 132 0 1 L U
3 133 0 1 L U
3 134 0 1 L U
3 135 0 1 L U
3 136 0 1 L U
3 137 0 1 L U
3 138 0 1 L U
3 139 0 1 L U
3 140 0 1 L U
3 141 0 1 L U
3 142 0 1 L U
3 143 0 1 L U
3 144 0 1 L U
3 145 0 1 L U
3 146 0 1 L U
3 147 0 1 L U
3 148 0 1 L U
3 149 0 1 L U
3 150 0 1 L U
3 151 0 1 L U
3 152 0 1 L U
3 153 0 1 L U
3 154 0 1 L U
3 155 0 1 L U
3 156 0 1 L U
3 157 0 1 L U
3 158 0 1 L U
3 159 0 1 L U
3 160 0 1 L U
3 161 0 1 L U
3 162 0 1 L U
3 163 0 1 L U
3 164 0 1 L U
3 165 0 1 L U
3 166 0 1 L U
3 167 0 1 L U
3 168 0 1 L U
3 169 0 1 L U
3 170 0 1 L U
3 171 0 1 L U
3 172 0 1 L U
3 173 0 1 L U
3 174 0 1 L U
3 175 0 1 L U
3 176 0 1 L U
3 177 0 1 L U
3 178 0 1 L U
3 179 0 1 L U
3 180 0 1 L U
3 181 0 1 L U
3 182 0 1 L U
3 183 0 1 L U
3 184 0 1 L U
3 185 0 1 L U
3 186 0 1 L U
3 187 0 1 L U
3 188 0 1 L U
3 189 0 1 L U
3 190 0 1 L U
3 191 0 1 L U
3 192 0 1 L U
3 193 0 1 L U
3 194 0 1 L U
3 195 0 1 L U
3 196 0 1 L U
3 197 0 1 L U
3 198 0 1 L U
3 199 0 1 L U
4 0 0 0 D D
4 1 0 0 L D
4 2 0 0 D D
4 3 0 0 D D
4 4 0 0 D R
4 5 0 0 L R
4 6 0 0 L R
4 7 0 0 L R
4 8 0 0 L R
4 9 0 0 L R
4 10 0 0 L R
4 11 1 0 L R
4 12 1 0 U R
4 13 1 0 U D
4 14 1 0 R R
4 15 1 1 R U
4 16 1 1 U U
4 17 1 1 R U
4 18 1 1 R U
4 19 1 1 R U
4 20 1 1 R U
4 21 1 1 R U
4 22 1 1 R U
4 23 1 1 D S
4 24 1 1 D S
4 25 1 1 D S
4 26 1 1 L S
4 27 1 1 D U
4 28 1 1 D U
4 29 1 1 R U
4 30 1 1 U S
4 31 1 1 U S
4 32 1 1 L S
4 33 1 1 U U
4 34 1 1 U U
4 35 1 1 R U
4 36 1 1 D S
4 37 1 1 D S
4 38 1 1 L S
4 39 1 1 D U
4 40 1 1 D U
4 41 1 1 R U
4 42 1 1 U S
4 43 1 1 U S
4 44 1 1 L S
4 45 1 1 U U
4 46 1 1 U U
4 47 1 1 R U
4 48 1 1 D S
4 49 1 1 D S
4 50 1 1 L S
4 51 1 1 D U
4 52 1 1 D U
4 53 1 1 R U
4 54 1 1 U S
4 55 1 1 U S
4 56 1 1 L S
4 57 1 1 U U
4 58 1 1 U U
4 59 1 1 R U
4 60 1 1 D S
4 61 1 1 D S
4 62 1 1 L S
4 63 1 1 D U
4 64 1 1 D U
4 65 1 1 R U
4 66 1 1 U S
4 67 1 1 U S
4 68 1 1 L S
4 69 1 1 U U
4 70 1 1 U U
4 71 1 1 R U
4 72 1 1 D S
4 73 1 1 D S
4 74 1 1 L S
4 75 1 1 D U
4 76 1 1 D U
4 77 1 1 R U
4 78 1 1 U S
4 79 1 1 U S
4 80 1 1 L S
4 81 1 1 U U
4 82 1 1 U U
4 83 1 1 R U
4 84 1 1 D S
4 85 1 1 D S
4 86 1 1 L S
4 87 1 1 D U
4 88 1 1 D U
4 89 1 1 R U
4 90 1 1 U S
4 91 1 1 U S
4 92 1 1 L S
4 93 1 1 U U
4 94 1 1 U U
4 95 1 1 R U
4 96 1 1 D S
4 97 1 1 D S
4 98 1 1 L S
4 99 1 1 D U
4 100 1 1 D U
4 101 1 1 R U
4 102 1 1 U S
4 103 1 1 U S
4 104 1 1 L S
4 105 1 1 U U
4 106 1 1 U U
4 107 1 1 R U
4 108 1 1 D S
4 109 1 1 D S
4 110 1 1 L S
4 111 1 1 D U
4 112 1 1 D U
4 113 1 1 R U
4 114 1 1 U S
4 115 1 1 U S
4 116 1 1 L S
4 117 1 1 U U
4 118 1 1 U U
4 119 1 1 R U
4 120 1 1 D S
4 121 1 1 D S
4 122 1 1 L S
4 123 1 1 D U
4 124 1 1 D U
4 125 1 1 R U
4 126 1 1 U S
4 127 1 1 U S
4 128 1 1 L S
4 129 1 1 U U
4 130 1 1 U U
4 131 1 1 R U
4 132 1 1 D S
4 133 1 1 D S
4 134 1 1 L S
4 135 1 1 D U
4 136 1 1 D U
4 137 1 1 R U
4 138 1 1 U S
4 139 1 1 U S
4 140 1 1 L S
4 141 1 1 U U
4 142 1 1 U U
4 143 1 1 R U
4 144 1 1 D S
4 145 1 1 D S
4 146 1 1 L S
4 147 1 1 D U
4 148 1 1 D U
4 149 1 1 R U
4 150 1 1 U S
4 151 1 1 U S
4 152 1 1 L S
4 153 1 1 U U
4 154 1 1 U U
4 155 1 1 R U
4 156 1 1 D S
4 157 1 1 D S
4 158 1 1 L S
4 159 1 1 D U
4 160 1 1 D U
4 161 1 1 R U
4 162 1 1 U S
4 163 1 1 U S
4 164 1 1 L S
4 165 1 1 U U
4 166 1 1 U U
4 167 1 1 R U
4 168 1 1 D S
4 169 1 1 D S
4 170 1 1 L S
4 171 1 1 D U
4 172 1 1 D U
4 173 1 1 R U
4 174 1 1 U S
4 175 1 1 U S
4 176 1 1 L S
4 177 1 1 U U
4 178 1 1 U U
4 179 1 1 R U
4 180 1 1 D S
4 181 1 1 D S
4 182 1 1 L S
4 183 1 1 D U
4 184 1 1 D U
4 185 1 1 R U
4 186 1 1 U S
4 187 1 1 U S
4 188 1 1 L S
4 189 1 1 U U
4 190 1 1 U U
4 191 1 1 R U
4 192 1 1 D S
4 193 1 1 D S
4 194 1 1 L S
4 195 1 1 D U
4 196 1 1 D U
4 197 1 1 R U
4 198 1 1 U S
4 199 1 1 U S
5 0 0 0 R D
5 1 0 0 R D
5 2 0 0 R D
5 3 0 0 R D
5 4 0 0 R L
5 5 0 0 R L
5 6 0 0 R L
5 7 0 0 D L
5 8 0 0 D L
5 9 0 0 D L
5 10 0 0 R D
5 11 0 0 D D
5 12 1 0 L D
5 13 1 0 D L
5 14 1 0 D D
5 15 1 0 R R
5 16 1 0 U R
5 17 1 0 R R
5 18 1 0 U R
5 19 1 1 L R
5 20 2 1 L U
5 21 2 1 S S
5 22 2 1 S S
5 23 2 1 S S
5 24 2 1 S S
5 25 2 1 S S
5 26 2 1 S S
5 27 2 1 S S
5 28 2 1 S S
5 29 2 1 S S
5 30 2 1 S S
5 31 2 1 S S
5 32 2 1 S S
5 33 2 1 S S
5 34 2 1 S S
5 35 2 1 S S
5 36 2 1 S S
5 37 2 1 S S
5 38 2 1 S S
5 39 2 1 S S
5 40 2 1 S S
5 41 2 1 S S
5 42 2 1 S S
5 43 2 1 S S
5 44 2 1 S S
5 45 2 1 S S
5 46 2 1 S S
5 47 2 1 S S
5 48 2 1 S S
5 49 2 1 S S
5 50 2 1 S S
5 51 2 1 S S
5 52 2 1 S S
5 53 2 1 S S
5 54 2 1 S S
5 55 2 1 S S
5 56 2 1 S S
5 57 2 1 S S
5 58 2 1 S S
5 59 2 1 S S
5 60 2 1 S S
5 61 2 1 S S
5 62 2 1 S S
5 63 2 1 S S
5 64 2 1 S S
5 65 2 1 S S
5 66 2 1 S S
5 67 2 1 S S
5 68 2 1 S S
5 69 2 1 S S
5 70 2 1 S S
5 71 2 1 S S
5 72 2 1 S S
5 73 2 1 S S
5 74 2 1 S S
5 75 2 1 S S
5 76 2 1 S S
5 77 2 1 S S
5 78 2 1 S S
5 79 2 1 S S
5 80 2 1 S S
5 81 2 1 S S
5 82 2 1 S S
5 83 2 1 S S
5 84 2 1 S S
5 85 2 1 S S
5 86 2 1 S S
5 87 2 1 S S
5 88 2 1 S S
5 89 2 1 S S
5 90 2 1 S S
5 91 2 1 S S
5 92 2 1 S S
5 93 2 1 S S
5 94 2 1 S S
5 95 2 1 S S
5 96 2 1 S S
5 97 2 1 S S
5 98 2 1 S S
5 99 2 1 S S
5 100 2 1 S S
5 101 2 1 S S
5 102 2 1 S S
5 103 2 1 S S
5 104 2 1 S S
5 105 2 1 S S
5 106 2 1 S S
5 107 2 1 S S
5 108 2 1 S S
5 109 2 1 S S
5 110 2 1 S S
5 111 2 1 S S
5 112 2 1 S S
5 113 2 1 S S
5 114 2 1 S S
5 115 2 1 S S
5 116 2 1 S S
5 117 2 1 S S
5 118 2 1 S S
5 119 2 1 S S
5 120 2 1 S S
5 121 2 1 S S
5 122 2 1 S S
5 123 2 1 S S
5 124 2 1 S S
5 125 2 1 S S
5 126 2 1 S S
5 127 2 1 S S
5 128 2 1 S S
5 129 2 1 S S
5 130 2 1 S S
5 131 2 1 S S
5 132 2 1 S S
5 133 2 1 S S
5 134 2 1 S S
5 135 2 1 S S
5 136 2 1 S S
5 137 2 1 S S
5 138 2 1 S S
5 139 2 1 S S
5 140 2 1 S S
5 141 2 1 S S
5 142 2 1 S S
5 143 2 1 S S
5 144 2 1 S S
5 145 2 1 S S
5 146 2 1 S S
5 147 2 1 S S
5 148 2 1 S S
5 149 2 1 S S
5 150 2 1 S S
5 151 2 1 S S
5 152 2 1 S S
5 153 2 1 S S
5 154 2 1 S S
5 155 2 1 S S
5 156 2 1 S S
5 157 2 1 S S
5 158 2 1 S S
5 159 2 1 S S
5 160 2 1 S S
5 161 2 1 S S
5 162 2 1 S S
5 163 2 1 S S
5 164 2 1 S S
5 165 2 1 S S
5 166 2 1 S S
5 167 2 1 S S
5 168 2 1 S S
5 169 2 1 S S
5 170 2 1 S S
5 171 2 1 S S
5 172 2 1 S S
5 173 2 1 S S
5 174 2 1 S S
5 175 2 1 S S
5 176 2 1 S S
5 177 2 1 S S
5 178 2 1 S S
5 179 2 1 S S
5 180 2 1 S S
5 181 2 1 S S
5 182 2 1 S S
5 183 2 1 S S
5 184 2 1 S S
5 185 2 1 S S
5 186 2 1 S S
5 187 2 1 S S
5 188 2 1 S S
5 189 2 1 S S
5 190 2 1 S S
5 191 2 1 S S
5 192 2 1 S S
5 193 2 1 S S
5 194 2 1 S S
5 195 2 1 S S
5 196 2 1 S S
5 197 2 1 S S
5 198 2 1 S S
5 199 2 1 S S
6 0 0 0 U U
6 1 0 0 U U
6 2 0 0 U U
6 3 0 0 U L
6 4 0 0 U D
6 5 0 0 U L
6 6 0 0 U D
6 7 0 0 U R
6 8 0 0 U R
6 9 0 0 U R
6 10 0 1 U R
6 11 0 1 U U
6 12 0 1 U U
6 13 0 1 U U
6 14 0 1 U U
6 15 0 1 U U
6 16 0 1 U U
6 17 0 1 U U
6 18 0 1 U U
6 19 0 1 U U
6 20 0 1 U L
6 21 0 1 U L
6 22 0 1 U L
6 23 0 1 U L
6 24 0 1 U L
6 25 0 1 U L
6 26 0 1 U L
6 27 0 1 U D
6 28 0 1 U D
6 29 0 1 U D
6 30 0 1 U D
6 31 0 1 U D
6 32 0 1 U D
6 33 0 1 U D
6 34 0 1 U D
6 35 0 1 L L
6 36 0 1 L D
6 37 0 1 L R
6 38 0 1 L R
6 39 0 1 L R
6 40 0 1 U R
6 41 0 1 U R
6 42 0 1 U R
6 43 0 1 U R
6 44 0 1 U R
6 45 0 1 U R
6 46 0 1 U R
6 47 0 1 U R
6 48 0 1 U R
6 49 0 1 U R
6 50 0 1 U R
6 51 0 1 U R
6 52 0 1 U R
6 53 0 1 U R
6 54 0 1 U R
6 55 0 1 U R
6 56 0 1 U R
6 57 0 1 U R
6 58 0 1 U R
6 59 0 1 U R
6 60 0 1 U R
6 61 0 1 U R
6 62 0 1 U R
6 63 0 1 U R
6 64 0 1 U R
6 65 0 1 U R
6 66 0 1 U R
6 67 0 1 U R
6 68 0 1 U R
6 69 0 1 U R
6 70 0 1 U R
6 71 0 1 U R
6 72 0 1 U R
6 73 0 1 U R
6 74 0 1 U R
6 75 0 1 U R
6 76 0 1 U R
6 77 0 1 U R
6 78 0 1 U R
6 79 0 1 U R
6 80 0 1 U R
6 81 0 1 U R
6 82 0 1 U R
6 83 0 1 U R
6 84 0 1 U R
6 85 0 1 U R
6 86 0 1 U R
6 87 0 1 U R
6 88 0 1 U R
6 89 0 1 U R
6 90 0 1 U R
6 91 0 1 U R
6 92 0 1 U R
6 93 0 1 U R
6 94 0 1 U R
6 95 0 1 U R
6 96 0 1 U R
6 97 0 1 U R
6 98 0 1 U R
6 99 0 1 U R
6 100 0 1 U R
6 101 0 1 U R
6 102 0 1 U R
6 103 0 1 U R
6 104 0 1 U R
6 105 0 1 U R
6 106 0 1 U R
6 107 0 1 U R
6 108 0 1 U R
6 109 0 1 U R
6 110 0 1 U R
6 111 0 1 U R
6 112 0 1 U R
6 113 0 1 U R
6 114 0 1 U R
6 115 0 1 U R
6 116 0 1 U R
6 117 0 1 U R
6 118 0 1 U R
6 119 0 1 U R
6 120 0 1 U R
6 121 0 1 U R
6 122 0 1 U R
6 123 0 1 U R
6 124 0 1 U R
6 125 0 1 U R
6 126 0 1 U R
6 127 0 1 U R
6 128 0 1 U R
6 129 0 1 U R
6 130 0 1 U R
6 131 0 1 U R
6 132 0 1 U R
6 133 0 1 U R
6 134 0 1 U R
6 135 0 1 U R
6 136 0 1 U R
6 137 0 1 U R
6 138 0 1 U R
6 139 0 1 U R
6 140 0 1 U R
6 141 0 1 U R
6 142 0 1 U R
6 143 0 1 U R
6 144 0 1 U R
6 145 0 1 U R
6 146 0 1 U R
6 147 0 1 U R
6 148 0 1 U R
6 149 0 1 U R
6 150 0 1 U R
6 151 0 1 U R
6 152 0 1 U R
6 153 0 1 U R
6 154 0 1 U R
6 155 0 1 U R
6 156 0 1 U R
6 157 0 1 U R
6 158 0 1 U R
6 159 0 1 U R
6 160 0 1 U R
6 161 0 1 U R
6 162 0 1 U R
6 163 0 1 U R
6 164 0 1 U R
6 165 0 1 U R
6 166 0 1 U R
6 167 0 1 U R
6 168 0 1 U R
6 169 0 1 U R
6 170 0 1 U R
6 171 0 1 U R
6 172 0 1 U R
6 173 0 1 U R
6 174 0 1 U R
6 175 0 1 U R
6 176 0 1 U R
6 177 0 1 U R
6 178 0 1 U R
6 179 0 1 U R
6 180 0 1 U R
6 181 0 1 U R
6 182 0 1 U R
6 183 0 1 U R
6 184 0 1 U R
6 185 0 1 U R
6 186 0 1 U R
6 187 0 1 U R
6 188 0 1 U R
6 189 0 1 U R
6 190 0 1 U R
6 191 0 1 U R
6 192 0 1 U R
6 193 0 1 U R
6 194 0 1 U R
6 195 0 1 U R
6 196 0 1 U R
6 197 0 1 U R
6 198 0 1 U R
6 199 0 1 U R
7 0 0 0 U U
7 1 0 0 L U
7 2 0 0 L U
7 3 0 0 L U
7 4 0 0 L U
7 5 0 0 L L
7 6 0 0 L L
7 7 0 0 L L
7 8 0 0 L L
7 9 0 0 L L
7 10 0 0 L D
7 11 0 0 U D
7 12 0 0 R L
7 13 1 0 R D
7 14 1 1 U R
7 15 1 1 U U
7 16 1 1 R U
7 17 1 1 R U
7 18 1 1 R U
7 19 1 1 R U
7 20 1 1 R U
7 21 1 1 U L
7 22 1 1 D U
7 23 1 1 R R
7 24 1 1 R U
7 25 1 1 R R
7 26 1 1 R R
7 27 1 1 L L
7 28 1 1 R R
7 29 1 1 L L
7 30 1 1 R R
7 31 1 1 L L
7 32 1 1 R R
7 33 1 1 L L
7 34 1 1 R R
7 35 1 1 L L
7 36 1 1 R R
7 37 1 1 L L
7 38 1 1 R R
7 39 1 1 L L
7 40 1 1 R R
7 41 1 1 L L
7 42 1 1 R R
7 43 1 1 L L
7 44 1 1 R R
7 45 1 1 L L
7 46 1 1 R R
7 47 1 1 L L
7 48 1 1 R R
7 49 1 1 L L
7 50 1 1 R R
7 51 1 1 L L
7 52 1 1 R R
7 53 1 1 L L
7 54 1 1 R R
7 55 1 1 L L
7 56 1 1 R R
7 57 1 1 L L
7 58 1 1 R R
7 59 1 1 L L
7 60 1 1 R R
7 61 1 1 L L
7 62 1 1 R R
7 63 1 1 L L
7 64 1 1 R R
7 65 1 1 L L
7 66 1 1 R R
7 67 1 1 L L
7 68 1 1 R R
7 69 1 1 L L
7 70 1 1 R R
7 71 1 1 L L
7 72 1 1 R R
7 73 1 1 L L
7 74 1 1 R R
7 75 1 1 L L
7 76 1 1 R R
7 77 1 1 L L
7 78 1 1 R R
7 79 1 1 L L
7 80 1 1 R R
7 81 1 1 L L
7 82 1 1 R R
7 83 1 1 L L
7 84 1 1 R R
7 85 1 1 L L
7 86 1 1 R R
7 87 1 1 L L
7 88 1 1 R R
7 89 1 1 L L
7 90 1 1 R R
7 91 1 1 L L
7 92 1 1 R R
7 93 1 1 L L
7 94 1 1 R R
7 95 1 1 L L
7 96 1 1 R R
7 97 1 1 L L
7 98 1 1 R R
7 99 1 1 L L
7 100 1 1 R R
7 101 1 1 L L
7 102 1 1 R R
7 103 1 1 L L
7 104 1 1 R R
7 105 1 1 L L
7 106 1 1 R R
7 107 1 1 L L
7 108 1 1 R R
7 109 1 1 L L
7 110 1 1 R R
7 111 1 1 L L
7 112 1 1 R R
7 113 1 1 L L
7 114 1 1 R R
7 115 1 1 L L
7 116 1 1 R R
7 117 1 1 L L
7 118 1 1 R R
7 119 1 1 L L
7 120 1 1 R R
7 121 1 1 L L
7 122 1 1 R R
7 123 1 1 L L
7 124 1 1 R R
7 125 1 1 L L
7 126 1 1 R R
7 127 1 1 L L
7 128 1 1 R R
7 129 1 1 L L
7 130 1 1 R R
7 131 1 1 L L
7 132 1 1 R R
7 133 1 1 L L
7 134 1 1 R R
7 135 1 1 L L
7 136 1 1 R R
7 137 1 1 L L
7 138 1 1 R R
7 139 1 1 L L
7 140 1 1 R R
7 141 1 1 L L
7 142 1 1 R R
7 143 1 1 L L
7 144 1 1 R R
7 145 1 1 L L
7 146 1 1 R R
7 147 1 1 L L
7 148 1 1 R R
7 149 1 1 L L
7 150 1 1 R R
7 151 1 1 L L
7 152 1 1 R R
7 153 1 1 L L
7 154 1 1 R R
7 155 1 1 L L
7 156 1 1 R R
7 157 1 1 L L
7 158 1 1 R R
7 159 1 1 L L
7 160 1 1 R R
7 161 1 1 L L
7 162 1 1 R R
7 163 1 1 L L
7 164 1 1 R R
7 165 1 1 L L
7 166 1 1 R R
7 167 1 1 L L
7 168 1 1 R R
7 169 1 1 L L
7 170 1 1 R R
7 171 1 1 L L
7 172 1 1 R R
7 173 1 1 L L
7 174 1 1 R R
7 175 1 1 L L
7 176 1 1 R R
7 177 1 1 L L
7 178 1 1 R R
7 179 1 1 L L
7 180 1 1 R R
7 181 1 1 L L
7 182 1 1 R R
7 183 1 1 L L
7 184 1 1 R R
7 185 1 1 L L
7 186 1 1 R R
7 187 1 1 L L
7 188 1 1 R R
7 189 1 1 L L
7 190 1 1 R R
7 191 1 1 L L
7 192 1 1 R R
7 193 1 1 L L
7 194 1 1 R R
7 195 1 1 L L
7 196 1 1 R R
7 197 1 1 L L
7 198 1 1 R R
7 199 1 1 L L
8 0 0 0 D U
8 1 0 0 D U
8 2 0 0 D U
8 3 0 0 D U
8 4 0 0 D U
8 5 0 0 D U
8 6 0 0 D U
8 7 0 0 D U
8 8 0 0 D U
8 9 0 0 D U
8 10 0 0 D U
8 11 0 0 D U
8 12 0 0 D U
8 13 0 0 D U
8 14 0 0 D U
8 15 0 0 D U
8 16 0 0 D U
8 17 0 0 D U
8 18 0 0 D U
8 19 0 0 D U
8 20 0 0 D U
8 21 0 0 D U
8 22 0 0 D U
8 23 0 0 D U
8 24 0 0 D U
8 25 0 0 D U
8 26 0 0 D U
8 27 0 0 D U
8 28 0 0 D U
8 29 0 0 D U
8 30 0 0 D U
8 31 0 0 D U
8 32 0 0 D U
8 33 0 0 D U
8 34 0 0 D U
8 35 0 0 D U
8 36 0 0 D U
8 37 0 0 D U
8 38 0 0 D U
8 39 0 0 D U
8 40 0 0 D U
8 41 0 0 D U
8 42 0 0 D U
8 43 0 0 D U
8 44 0 0 D U
8 45 0 0 D U
8 46 0 0 D U
8 47 0 0 D U
8 48 0 0 D U
8 49 0 0 D U
8 50 0 0 D U
8 51 0 0 D U
8 52 0 0 D U
8 53 0 0 D U
8 54 0 0 D U
8 55 0 0 D U
8 56 0 0 D U
8 57 0 0 D U
8 58 0 0 D U
8 59 0 0 D U
8 60 0 0 D U
8 61 0 0 D U
8 62 0 0 D U
8 63 0 0 D U
8 64 0 0 D U
8 65 0 0 D U
8 66 0 0 D U
8 67 0 0 D U
8 68 0 0 D U
8 69 0 0 D U
8 70 0 0 D U
8 71 0 0 D U
8 72 0 0 D U
8 73 0 0 D U
8 74 0 0 D U
8 75 0 0 D U
8 76 0 0 D U
8 77 0 0 D U
8 78 0 0 D U
8 79 0 0 D U
8 80 0 0 D U
8 81 0 0 D U
8 82 0 0 D U
8 83 0 0 D U
8 84 0 0 D U
8 85 0 0 D U
8 86 0 0 D U
8 87 0 0 D U
8 88 0 0 D U
8 89 0 0 D U
8 90 0 0 D U
8 91 0 0 D U
8 92 0 0 D U
8 93 0 0 D U
8 94 0 0 D U
8 95 0 0 D U
8 96 0 0 D U
8 97 0 0 D U
8 98 0 0 D U
8 99 0 0 D U
8 100 0 0 D U
8 101 0 0 D U
8 102 0 0 D U
8 103 0 0 D U
8 104 0 0 D U
8 105 0 0 D U
8 106 0 0 D U
8 107 0 0 D U
8 108 0 0 D U
8 109 0 0 D U
8 110 0 0 D U
8 111 0 0 D U
8 112 0 0 D U
8 113 0 0 D U
8 114 0 0 D U
8 115 0 0 D U
8 116 0 0 D U
8 117 0 0 D U
8 118 0 0 D U
8 119 0 0 D U
8 120 0 0 D U
8 121 0 0 D U
8 122 0 0 D U
8 123 0 0 D U
8 124 0 0 D U
8 125 0 0 D U
8 126 0 0 D U
8 127 0 0 D U
8 128 0 0 D U
8 129 0 0 D U
8 130 0 0 D U
8 131 0 0 D U
8 132 0 0 D U
8 133 0 0 D U
8 134 0 0 D U
8 135 0 0 D U
8 136 0 0 D U
8 137 0 0 D U
8 138 0 0 D U
8 139 0 0 D U
8 140 0 0 D U
8 141 0 0 D U
8 142 0 0 D U
8 143 0 0 D U
8 144 0 0 D U
8 145 0 0 D U
8 146 0 0 D U
8 147 0 0 D U
8 148 0 0 D U
8 149 0 0 D U
8 150 0 0 D U
8 151 0 0 D U
8 152 0 0 D U
8 153 0 0 D U
8 154 0 0 D U
8 155 0 0 D U
8 156 0 0 D U
8 157 0 0 D U
8 158 0 0 D U
8 159 0 0 D U
8 160 0 0 D U
8 161 0 0 D U
8 162 0 0 D U
8 163 0 0 D U
8 164 0 0 D U
8 165 0 0 D U
8 166 0 0 D U
8 167 0 0 D U
8 168 0 0 D U
8 169 0 0 D U
8 170 0 0 D U
8 171 0 0 D U
8 172 0 0 D U
8 173 0 0 D U
8 174 0 0 D U
8 175 0 0 D U
8 176 0 0 D U
8 177 0 0 D U
8 178 0 0 D U
8 179 0 0 D U
8 180 0 0 D U
8 181 0 0 D U
8 182 0 0 D U
8 183 0 0 D U
8 184 0 0 D U
8 185 0 0 D U
8 186 0 0 D U
8 187 0 0 D U
8 188 0 0 D U
8 189 0 0 D U
8 190 0 0 D U
8 191 0 0 D U
8 192 0 0 D U
8 193 0 0 D U
8 194 0 0 D U
8 195 0 0 D U
8 196 0 0 D U
8 197 0 0 D U
8 198 0 0 D U
8 199 0 0 D U
9 0 0 0 D D
9 1 0 0 D L
9 2 0 0 D L
9 3 0 0 D L
9 4 0 0 D L
9 5 0 0 R U
9 6 0 0 R R
9 7 0 0 R U
9 8 0 0 R U
9 9 0 0 R L
9 10 0 0 R D
9 11 0 0 R D
9 12 0 0 U U
9 13 0 0 U D
9 14 0 0 U L
9 15 0 0 U D
9 16 0 0 R R
9 17 0 0 U R
9 18 0 0 L D
9 19 0 0 L R
9 20 0 1 L U
9 21 1 1 L U
9 22 1 1 D U
9 23 1 1 D U
9 24 1 1 R U
9 25 1 1 R U
9 26 1 1 R U
9 27 1 1 R U
9 28 1 1 R U
9 29 1 1 R U
9 30 1 1 R U
9 31 1 1 R U
9 32 1 1 R U
9 33 1 1 U U
9 34 1 1 R U
9 35 1 1 U U
9 36 1 1 L U
9 37 1 1 L U
9 38 1 1 L U
9 39 1 1 L U
9 40 1 1 L U
9 41 1 1 L U
9 42 1 1 L U
9 43 1 1 L U
9 44 1 1 L U
9 45 2 1 L U
9 46 2 1 S S
9 47 2 1 S S
9 48 2 1 S S
9 49 2 1 S S
9 50 2 1 S S
9 51 2 1 S S
9 52 2 1 S S
9 53 2 1 S S
9 54 2 1 S S
9 55 2 1 S S
9 56 2 1 S S
9 57 2 1 S S
9 58 2 1 S S
9 59 2 1 S S
9 60 2 1 S S
9 61 2 1 S S
9 62 2 1 S S
9 63 2 1 S S
9 64 2 1 S S
9 65 2 1 S S
9 66 2 1 S S
9 67 2 1 S S
9 68 2 1 S S
9 69 2 1 S S
9 70 2 1 S S
9 71 2 1 S S
9 72 2 1 S S
9 73 2 1 S S
9 74 2 1 S S
9 75 2 1 S S
9 76 2 1 S S
9 77 2 1 S S
9 78 2 1 S S
9 79 2 1 S S
9 80 2 1 S S
9 81 2 1 S S
9 82 2 1 S S
9 83 2 1 S S
9 84 2 1 S S
9 85 2 1 S S
9 86 2 1 S S
9 87 2 1 S S
9 88 2 1 S S
9 89 2 1 S S
9 90 2 1 S S
9 91 2 1 S S
9 92 2 1 S S
9 93 2 1 S S
9 94 2 1 S S
9 95 2 1 S S
9 96 2 1 S S
9 97 2 1 S S
9 98 2 1 S S
9 99 2 1 S S
9 100 2 1 S S
9 101 2 1 S S
9 102 2 1 S S
9 103 2 1 S S
9 104 2 1 S S
9 105 2 1 S S
9 106 2 1 S S
9 107 2 1 S S
9 108 2 1 S S
9 109 2 1 S S
9 110 2 1 S S
9 111 2 1 S S
9 112 2 1 S S
9 113 2 1 S S
9 114 2 1 S S
9 115 2 1 S S
9 116 2 1 S S
9 117 2 1 S S
9 118 2 1 S S
9 119 2 1 S S
9 120 2 1 S S
9 121 2 1 S S
9 122 2 1 S S
9 123 2 1 S S
9 124 2 1 S S
9 125 2 1 S S
9 126 2 1 S S
9 127 2 1 S S
9 128 2 1 S S
9 129 2 1 S S
9 130 2 1 S S
9 131 2 1 S S
9 132 2 1 S S
9 133 2 1 S S
9 134 2 1 S S
9 135 2 1 S S
9 136 2 1 S S
9 137 2 1 S S
9 138 2 1 S S
9 139 2 1 S S
9 140 2 1 S S
9 141 2 1 S S
9 142 2 1 S S
9 143 2 1 S S
9 144 2 1 S S
9 145 2 1 S S
9 146 2 1 S S
9 147 2 1 S S
9 148 2 1 S S
9 149 2 1 S S
9 150 2 1 S S
9 151 2 1 S S
9 152 2 1 S S
9 153 2 1 S S
9 154 2 1 S S
9 155 2 1 S S
9 156 2 1 S S
9 157 2 1 S S
9 158 2 1 S S
9 159 2 1 S S
9 160 2 1 S S
9 161 2 1 S S
9 162 2 1 S S
9 163 2 1 S S
9 164 2 1 S S
9 165 2 1 S S
9 166 2 1 S S
9 167 2 1 S S
9 168 2 1 S S
9 169 2 1 S S
9 170 2 1 S S
9 171 2 1 S S
9 172 2 1 S S
9 173 2 1 S S
9 174 2 1 S S
9 175 2 1 S S
9 176 2 1 S S
9 177 2 1 S S
9 178 2 1 S S
9 179 2 1 S S
9 180 2 1 S S
9 181 2 1 S S
9 182 2 1 S S
9 183 2 1 S S
9 184 2 1 S S
9 185 2 1 S S
9 186 2 1 S S
9 187 2 1 S S
9 188 2 1 S S
9 189 2 1 S S
9 190 2 1 S S
9 191 2 1 S S
9 192 2 1 S S
9 193 2 1 S S
9 194 2 1 S S
9 195 2 1 S S
9 196 2 1 S S
9 197 2 1 S S
9 198 2 1 S S
9 199 2 1 S S
10 0 0 0 U D
10 1 0 0 R D
10 2 0 0 R D
10 3 0 0 R D
10 4 0 0 R D
10 5 0 0 R D
10 6 0 0 D D
10 7 0 0 U R
10 8 0 0 D D
10 9 0 1 U L
10 10 0 1 R U
10 11 0 1 U U
10 12 0 1 D U
10 13 0 1 R R
10 14 0 1 R R
10 15 0 1 R D
10 16 0 1 D D
10 17 0 1 U R
10 18 0 1 U D
10 19 0 1 U L
10 20 0 1 U L
10 21 0 2 U L
10 22 0 2 U U
10 23 0 2 U U
10 24 0 2 U U
10 25 0 2 U U
10 26 0 2 U U
10 27 0 2 U U
10 28 0 2 U U
10 29 0 2 U U
10 30 0 2 R U
10 31 0 2 R U
10 32 0 2 R S
10 33 0 2 D S
10 34 0 2 D S
10 35 0 2 D S
10 36 0 2 D S
10 37 0 2 D S
10 38 0 2 L S
10 39 0 2 D D
10 40 0 2 D D
10 41 0 2 R R
10 42 0 2 U S
10 43 0 2 U S
10 44 0 2 L S
10 45 0 2 U U
10 46 0 2 U U
10 47 0 2 R U
10 48 0 2 D S
10 49 0 2 D S
10 50 0 2 L S
10 51 0 2 D D
10 52 0 2 D D
10 53 0 2 R D
10 54 0 2 U S
10 55 0 2 U S
10 56 0 2 L S
10 57 0 2 U U
10 58 0 2 U U
10 59 0 2 R U
10 60 0 2 D S
10 61 0 2 D S
10 62 0 2 L S
10 63 0 2 D D
10 64 0 2 D D
10 65 0 2 R D
10 66 0 2 U S
10 67 0 2 U S
10 68 0 2 L S
10 69 0 2 U U
10 70 0 2 U U
10 71 0 2 R U
10 72 0 2 D S
10 73 0 2 D S
10 74 0 2 L S
10 75 0 2 D D
10 76 0 2 D D
10 77 0 2 R D
10 78 0 2 U S
10 79 0 2 U S
10 80 0 2 L S
10 81 0 2 U U
10 82 0 2 U U
10 83 0 2 R U
10 84 0 2 D S
10 85 0 2 D S
10 86 0 2 L S
10 87 0 2 D D
10 88 0 2 D D
10 89 0 2 R D
10 90 0 2 U S
10 91 0 2 U S
10 92 0 2 L S
10 93 0 2 U U
10 94 0 2 U U
10 95 0 2 R U
10 96 0 2 D S
10 97 0 2 D S
10 98 0 2 L S
10 99 0 2 D D
10 100 0 2 D D
10 101 0 2 R D
10 102 0 2 U S
10 103 0 2 U S
10 104 0 2 L S
10 105 0 2 U U
10 106 0 2 U U
10 107 0 2 R U
10 108 0 2 D S
10 109 0 2 D S
10 110 0 2 L S
10 111 0 2 D D
10 112 0 2 D D
10 113 0 2 R D
10 114 0 2 U S
10 115 0 2 U S
10 116 0 2 L S
10 117 0 2 U U
10 118 0 2 U U
10 119 0 2 R U
10 120 0 2 D S
10 121 0 2 D S
10 122 0 2 L S
10 123 0 2 D D
10 124 0 2 D D
10 125 0 2 R D
10 126 0 2 U S
10 127 0 2 U S
10 128 0 2 L S
10 129 0 2 U U
10 130 0 2 U U
10 131 0 2 R U
10 132 0 2 D S
10 133 0 2 D S
10 134 0 2 L S
10 135 0 2 D D
10 136 0 2 D D
10 137 0 2 R D
10 138 0 2 U S
10 139 0 2 U S
10 140 0 2 L S
10 141 0 2 U U
10 142 0 2 U U
10 143 0 2 R U
10 144 0 2 D S
10 145 0 2 D S
10 146 0 2 L S
10 147 0 2 D D
10 148 0 2 D D
10 149 0 2 R D
10 150 0 2 U S
10 151 0 2 U S
10 152 0 2 L S
10 153 0 2 U U
10 154 0 2 U U
10 155 0 2 R U
10 156 0 2 D S
10 157 0 2 D S
10 158 0 2 L S
10 159 0 2 D D
10 160 0 2 D D
10 161 0 2 R D
10 162 0 2 U S
10 163 0 2 U S
10 164 0 2 L S
10 165 0 2 U U
10 166 0 2 U U
10 167 0 2 R U
10 168 0 2 D S
10 169 0 2 D S
10 170 0 2 L S
10 171 0 2 D D
10 172 0 2 D D
10 173 0 2 R D
10 174 0 2 U S
10 175 0 2 U S
10 176 0 2 L S
10 177 0 2 U U
10 178 0 2 U U
10 179 0 2 R U
10 180 0 2 D S
10 181 0 2 D S
10 182 0 2 L S
10 183 0 2 D D
10 184 0 2 D D
10 185 0 2 R D
10 186 0 2 U S
10 187 0 2 U S
10 188 0 2 L S
10 189 0 2 U U
10 190 0 2 U U
10 191 0 2 R U
10 192 0 2 D S
10 193 0 2 D S
10 194 0 2 L S
10 195 0 2 D D
10 196 0 2 D D
10 197 0 2 R D
10 198 0 2 U S
10 199 0 2 U S
11 0 0 0 U U
11 1 0 0 U U
11 2 0 0 L U
11 3 0 0 U U
11 4 1 0 R U
11 5 1 0 U U
11 6 1 0 U U
11 7 1 0 L U
11 8 1 0 D U
11 9 1 0 L L
11 10 1 0 D U
11 11 1 0 R U
11 12 2 0 R L
11 13 2 0 U U
11 14 2 0 U U
11 15 2 0 L U
11 16 2 0 U L
11 17 2 0 R L
11 18 2 0 U L
11 19 2 0 R L
11 20 2 0 R L
11 21 2 0 R L
11 22 2 0 R L
11 23 2 0 R L
11 24 2 0 R L
11 25 2 0 R L
11 26 2 0 R L
11 27 2 0 R L
11 28 2 0 R L
11 29 2 0 R L
11 30 2 0 R L
11 31 2 0 R L
11 32 2 0 R L
11 33 2 0 R L
11 34 2 0 R L
11 35 2 0 R L
11 36 2 0 R L
11 37 2 0 R L
11 38 2 0 R L
11 39 2 0 R L
11 40 2 0 R L
11 41 2 0 R L
11 42 2 0 R L
11 43 2 0 R L
11 44 2 0 R L
11 45 2 0 R L
11 46 2 0 R L
11 47 2 0 R L
11 48 2 0 R L
11 49 2 0 R L
11 50 2 0 R L
11 51 2 0 R L
11 52 2 0 R L
11 53 2 0 R L
11 54 2 0 R L
11 55 2 0 R L
11 56 2 0 R L
11 57 2 0 R L
11 58 2 0 R L
11 59 2 0 R L
11 60 2 0 R L
11 61 2 0 R L
11 62 2 0 R L
11 63 2 0 R L
11 64 2 0 R L
11 65 2 0 R L
11 66 2 0 R L
11 67 2 0 R L
11 68 2 0 R L
11 69 2 0 R L
11 70 2 0 R L
11 71 2 0 R L
11 72 2 0 R L
11 73 2 0 R L
11 74 2 0 R L
11 75 2 0 R L
11 76 2 0 R L
11 77 2 0 R L
11 78 2 0 R L
11 79 2 0 R L
11 80 2 0 R L
11 81 2 0 R L
11 82 2 0 R L
11 83 2 0 R L
11 84 2 0 R L
11 85 2 0 R L
11 86 2 0 R L
11 87 2 0 R L
11 88 2 0 R L
11 89 2 0 R L
11 90 2 0 R L
11 91 2 0 R L
11 92 2 0 R L
11 93 2 0 R L
11 94 2 0 R L
11 95 2 0 R L
11 96 2 0 R L
11 97 2 0 R L
11 98 2 0 R L
11 99 2 0 R L
11 100 2 0 R L
11 101 2 0 R L
11 102 2 0 R L
11 103 2 0 R L
11 104 2 0 R L
11 105 2 0 R L
11 106 2 0 R L
11 107 2 0 R L
11 108 2 0 R L
11 109 2 0 R L
11 110 2 0 R L
11 111 2 0 R L
11 112 2 0 R L
11 113 2 0 R L
11 114 2 0 R L
11 115 2 0 R L
11 116 2 0 R L
11 117 2 0 R L
11 118 2 0 R L
11 119 2 0 R L
11 120 2 0 R L
11 121 2 0 R L
11 122 2 0 R L
11 123 2 0 R L
11 124 2 0 R L
11 125 2 0 R L
11 126 2 0 R L
11 127 2 0 R L
11 128 2 0 R L
11 129 2 0 R L
11 130 2 0 R L
11 131 2 0 R L
11 132 2 0 R L
11 133 2 0 R L
11 134 2 0 R L
11 135 2 0 R L
11 136 2 0 R L
11 137 2 0 R L
11 138 2 0 R L
11 139 2 0 R L
11 140 2 0 R L
11 141 2 0 R L
11 142 2 0 R L
11 143 2 0 R L
11 144 2 0 R L
11 145 2 0 R L
11 146 2 0 R L
11 147 2 0 R L
11 148 2 0 R L
11 149 2 0 R L
11 150 2 0 R L
11 151 2 0 R L
11 152 2 0 R L
11 153 2 0 R L
11 154 2 0 R L
11 155 2 0 R L
11 156 2 0 R L
11 157 2 0 R L
11 158 2 0 R L
11 159 2 0 R L
11 160 2 0 R L
11 161 2 0 R L
11 162 2 0 R L
11 163 2 0 R L
11 164 2 0 R L
11 165 2 0 R L
11 166 2 0 R L
11 167 2 0 R L
11 168 2 0 R L
11 169 2 0 R L
11 170 2 0 R L
11 171 2 0 R L
11 172 2 0 R L
11 173 2 0 R L
11 174 2 0 R L
11 175 2 0 R L
11 176 2 0 R L
11 177 2 0 R L
11 178 2 0 R L
11 179 2 0 R L
11 180 2 0 R L
11 181 2 0 R L
11 182 2 0 R L
11 183 2 0 R L
11 184 2 0 R L
11 185 2 0 R L
11 186 2 0 R L
11 187 2 0 R L
11 188 2 0 R L
11 189 2 0 R L
11 190 2 0 R L
11 191 2 0 R L
11 192 2 0 R L
11 193 2 0 R L
11 194 2 0 R L
11 195 2 0 R L
11 196 2 0 R L
11 197 2 0 R L
11 198 2 0 R L
11 199 2 0 R L
12 0 0 0 U D
12 1 0 0 U D
12 2 0 0 U R
12 3 0 0 U R
12 4 0 0 U R
12 5 0 0 U R
12 6 0 0 R R
12 7 0 0 R R
12 8 0 0 R R
12 9 0 0 R R
12 10 0 0 U D
12 11 0 0 R D
12 12 0 0 D D
12 13 0 0 D D
12 14 1 0 D D
12 15 1 0 U D
12 16 1 0 U D
12 17 1 0 U D
12 18 1 0 R D
12 19 1 0 R L
12 20 1 0 R D
12 21 1 1 R R
12 22 1 1 U U
12 23 1 1 L S
12 24 1 1 L S
12 25 1 1 L S
12 26 1 1 L S
12 27 1 1 D S
12 28 1 1 L U
12 29 1 1 L U
12 30 1 1 U U
12 31 1 1 R S
12 32 1 1 R S
12 33 1 1 D S
12 34 1 1 R U
12 35 1 1 R U
12 36 1 1 U U
12 37 1 1 L S
12 38 1 1 L S
12 39 1 1 D S
12 40 1 1 L U
12 41 1 1 L U
12 42 1 1 U U
12 43 1 1 R S
12 44 1 1 R S
12 45 1 1 D S
12 46 1 1 R L
12 47 1 1 R L
12 48 1 1 U L
12 49 1 1 L S
12 50 1 1 L S
12 51 1 1 D S
12 52 1 1 L U
12 53 1 1 L L
12 54 1 1 U L
12 55 1 1 R S
12 56 1 1 R S
12 57 1 1 D S
12 58 1 1 R U
12 59 1 1 R U
12 60 1 1 U R
12 61 1 1 S S
12 62 1 1 S S
12 63 1 1 S S
12 64 1 1 S S
12 65 1 1 S S
12 66 1 1 S S
12 67 1 1 S S
12 68 1 1 S S
12 69 1 1 S S
12 70 1 1 S S
12 71 1 1 S S
12 72 1 1 S S
12 73 1 1 S S
12 74 1 1 S S
12 75 1 1 S S
12 76 1 1 S S
12 77 1 1 S S
12 78 1 1 S S
12 79 1 1 S S
12 80 1 1 S S
12 81 1 1 S S
12 82 1 1 S S
12 83 1 1 S S
12 84 1 1 S S
12 85 1 1 S S
12 86 1 1 S S
12 87 1 1 S S
12 88 1 1 S S
12 89 1 1 S S
12 90 1 1 S S
12 91 1 1 S S
12 92 1 1 S S
12 93 1 1 S S
12 94 1 1 S S
12 95 1 1 S S
12 96 1 1 S S
12 97 1 1 S S
12 98 1 1 S S
12 99 1 1 S S
12 100 1 1 S S
12 101 1 1 S S
12 102 1 1 S S
12 103 1 1 S S
12 104 1 1 S S
12 105 1 1 S S
12 106 1 1 S S
12 107 1 1 S S
12 108 1 1 S S
12 109 1 1 S S
12 110 1 1 S S
12 111 1 1 S S
12 112 1 1 S S
12 113 1 1 S S
12 114 1 1 S S
12 115 1 1 S S
12 116 1 1 S S
12 117 1 1 S S
12 118 1 1 S S
12 119 1 1 S S
12 120 1 1 S S
12 121 1 1 S S
12 122 1 1 S S
12 123 1 1 S S
12 124 1 1 S S
12 125 1 1 S S
12 126 1 1 S S
12 127 1 1 S S
12 128 1 1 S S
12 129 1 1 S S
12 130 1 1 S S
12 131 1 1 S S
12 132 1 1 S S
12 133 1 1 S S
12 134 1 1 S S
12 135 1 1 S S
12 136 1 1 S S
12 137 1 1 S S
12 138 1 1 S S
12 139 1 1 S S
12 140 1 1 S S
12 141 1 1 S S
12 142 1 1 S S
12 143 1 1 S S
12 144 1 1 S S
12 145 1 1 S S
12 146 1 1 S S
12 147 1 1 S S
12 148 1 1 S S
12 149 1 1 S S
12 150 1 1 S S
12 151 1 1 S S
12 152 1 1 S S
12 153 1 1 S S
12 154 1 1 S S
12 155 1 1 S S
12 156 1 1 S S
12 157 1 1 S S
12 158 1 1 S S
12 159 1 1 S S
12 160 1 1 S S
12 161 1 1 S S
12 162 1 1 S S
12 163 1 1 S S
12 164 1 1 S S
12 165 1 1 S S
12 166 1 1 S S
12 167 1 1 S S
12 168 1 1 S S
12 169 1 1 S S
12 170 1 1 S S
12 171 1 1 S S
12 172 1 1 S S
12 173 1 1 S S
12 174 1 1 S S
12 175 1 1 S S
12 176 1 1 S S
12 177 1 1 S S
12 178 1 1 S S
12 179 1 1 S S
12 180 1 1 S S
12 181 1 1 S S
12 182 1 1 S S
12 183 1 1 S S
12 184 1 1 S S
12 185 1 1 S S
12 186 1 1 S S
12 187 1 1 S S
12 188 1 1 S S
12 189 1 1 S S
12 190 1 1 S S
12 191 1 1 S S
12 192 1 1 S S
12 193 1 1 S S
12 194 1 1 S S
12 195 1 1 S S
12 196 1 1 S S
12 197 1 1 S S
12 198 1 1 S S
12 199 1 1 S S
13 0 0 0 U U
13 1 0 0 U U
13 2 0 0 U U
13 3 0 0 L U
13 4 0 0 L U
13 5 0 0 L U
13 6 0 0 L U
13 7 0 0 L U
13 8 0 0 L L
13 9 1 0 L L
13 10 1 0 U U
13 11 1 0 U L
13 12 1 0 L D
13 13 1 0 L L
13 14 1 0 L L
13 15 1 0 L L
13 16 1 0 L U
13 17 1 0 D D
13 18 1 0 L U
13 19 1 0 D D
13 20 1 0 R L
13 21 1 0 R L
13 22 1 0 R L
13 23 2 0 R L
13 24 2 0 L U
13 25 2 0 U U
13 26 2 0 U L
13 27 2 0 L L
13 28 2 0 L L
13 29 2 0 L L
13 30 2 0 R L
13 31 2 0 U D
13 32 2 0 D D
13 33 2 0 D D
13 34 2 0 D D
13 35 2 0 D D
13 36 2 0 D D
13 37 2 0 D D
13 38 2 0 D D
13 39 2 0 D D
13 40 2 0 D D
13 41 2 0 D D
13 42 2 0 D R
13 43 2 0 D D
13 44 2 0 D D
13 45 2 0 S L
13 46 2 0 L U
13 47 2 0 U U
13 48 2 0 U R
13 49 2 0 U R
13 50 2 0 U R
13 51 2 0 U R
13 52 2 0 U R
13 53 2 0 U R
13 54 2 0 U R
13 55 2 0 U R
13 56 2 0 U R
13 57 2 0 U R
13 58 2 0 U R
13 59 2 0 U R
13 60 2 0 U R
13 61 2 0 U R
13 62 2 0 U R
13 63 2 0 U R
13 64 2 0 U R
13 65 2 0 U R
13 66 2 0 U R
13 67 2 0 U R
13 68 2 0 U R
13 69 2 0 U R
13 70 2 0 U R
13 71 2 0 U R
13 72 2 0 U R
13 73 2 0 U R
13 74 2 0 U R
13 75 2 0 U R
13 76 2 0 U R
13 77 2 0 U R
13 78 2 0 U R
13 79 2 0 U R
13 80 2 0 U R
13 81 2 0 U R
13 82 2 0 U R
13 83 2 0 U R
13 84 2 0 U R
13 85 2 0 U R
13 86 2 0 U R
13 87 2 0 U R
13 88 2 0 U R
13 89 2 0 U R
13 90 2 0 U R
13 91 2 0 U R
13 92 2 0 U R
13 93 2 0 U R
13 94 2 0 U R
13 95 2 0 U R
13 96 2 0 U R
13 97 2 0 U R
13 98 2 0 U R
13 99 2 0 U R
13 100 2 0 U R
13 101 2 0 U R
13 102 2 0 U R
13 103 2 0 U R
13 104 2 0 U R
13 105 2 0 U R
13 106 2 0 U R
13 107 2 0 U R
13 108 2 0 U R
13 109 2 0 U R
13 110 2 0 U R
13 111 2 0 U R
13 112 2 0 U R
13 113 2 0 U R
13 114 2 0 U R
13 115 2 0 U R
13 116 2 0 U R
13 117 2 0 U R
13 118 2 0 U R
13 119 2 0 U R
13 120 2 0 U R
13 121 2 0 U R
13 122 2 0 U R
13 123 2 0 U R
13 124 2 0 U R
13 125 2 0 U R
13 126 2 0 U R
13 127 2 0 U R
13 128 2 0 U R
13 129 2 0 U R
13 130 2 0 U R
13 131 2 0 U R
13 132 2 0 U R
13 133 2 0 U R
13 134 2 0 U R
13 135 2 0 U R
13 136 2 0 U R
13 137 2 0 U R
13 138 2 0 U R
13 139 2 0 U R
13 140 2 0 U R
13 141 2 0 U R
13 142 2 0 U R
13 143 2 0 U R
13 144 2 0 U R
13 145 2 0 U R
13 146 2 0 U R
13 147 2 0 U R
13 148 2 0 U R
13 149 2 0 U R
13 150 2 0 U R
13 151 2 0 U R
13 152 2 0 U R
13 153 2 0 U R
13 154 2 0 U R
13 155 2 0 U R
13 156 2 0 U R
13 157 2 0 U R
13 158 2 0 U R
13 159 2 0 U R
13 160 2 0 U R
13 161 2 0 U R
13 162 2 0 U R
13 163 2 0 U R
13 164 2 0 U R
13 165 2 0 U R
13 166 2 0 U R
13 167 2 0 U R
13 168 2 0 U R
13 169 2 0 U R
13 170 2 0 U R
13 171 2 0 U R
13 172 2 0 U R
13 173 2 0 U R
13 174 2 0 U R
13 175 2 0 U R
13 176 2 0 U R
13 177 2 0 U R
13 178 2 0 U R
13 179 2 0 U R
13 180 2 0 U R
13 181 2 0 U R
13 182 2 0 U R
13 183 2 0 U R
13 184 2 0 U R
13 185 2 0 U R
13 186 2 0 U R
13 187 2 0 U R
13 188 2 0 U R
13 189 2 0 U R
13 190 2 0 U R
13 191 2 0 U R
13 192 2 0 U R
13 193 2 0 U R
13 194 2 0 U R
13 195 2 0 U R
13 196 2 0 U R
13 197 2 0 U R
13 198 2 0 U R
13 199 2 0 U R
14 0 0 0 D D
14 1 0 0 D D
14 2 0 0 L D
14 3 0 0 D D
14 4 0 0 D D
14 5 0 0 R D
14 6 0 0 U D
14 7 0 0 U D
14 8 0 0 U U
14 9 0 0 U U
14 10 0 0 R U
14 11 0 0 U L
14 12 1 0 L L
14 13 1 0 D D
14 14 1 0 D D
14 15 1 0 L D
14 16 1 0 L D
14 17 1 0 L L
14 18 1 0 L L
14 19 1 0 L L
14 20 1 0 U L
14 21 1 0 U L
14 22 1 0 R L
14 23 1 0 U L
14 24 1 0 U L
14 25 1 0 L L
14 26 1 0 D L
14 27 1 0 D L
14 28 1 0 R D
14 29 1 0 D R
14 30 1 0 D R
14 31 1 0 L R
14 32 1 0 U R
14 33 1 0 U R
14 34 1 0 R R
14 35 1 0 U R
14 36 1 0 U R
14 37 1 1 L R
14 38 1 1 D S
14 39 1 1 D S
14 40 1 1 R S
14 41 1 1 D U
14 42 1 1 D U
14 43 1 1 L U
14 44 1 1 U S
14 45 1 1 U S
14 46 1 1 R S
14 47 1 1 U U
14 48 1 1 U U
14 49 1 1 L U
14 50 1 1 D S
14 51 1 1 D S
14 52 1 1 R S
14 53 1 1 D D
14 54 1 1 D D
14 55 1 1 L L
14 56 1 1 U S
14 57 1 1 U S
14 58 1 1 R S
14 59 1 1 U U
14 60 1 1 U U
14 61 1 1 L U
14 62 1 1 D S
14 63 1 1 D S
14 64 1 1 R S
14 65 1 1 D D
14 66 1 1 D D
14 67 1 1 L D
14 68 1 1 U S
14 69 1 1 U S
14 70 1 1 R S
14 71 1 1 U U
14 72 1 1 U U
14 73 1 1 L U
14 74 1 1 D S
14 75 1 1 D S
14 76 1 1 R S
14 77 1 1 D D
14 78 1 1 D D
14 79 1 1 L D
14 80 1 1 U S
14 81 1 1 U S
14 82 1 1 R S
14 83 1 1 U U
14 84 1 1 U U
14 85 1 1 L U
14 86 1 1 D S
14 87 1 1 D S
14 88 1 1 R S
14 89 1 1 D D
14 90 1 1 D D
14 91 1 1 L D
14 92 1 1 U S
14 93 1 1 U S
14 94 1 1 R S
14 95 1 1 U U
14 96 1 1 U U
14 97 1 1 L U
14 98 1 1 D S
14 99 1 1 D S
14 100 1 1 R S
14 101 1 1 D D
14 102 1 1 D D
14 103 1 1 L D
14 104 1 1 U S
14 105 1 1 U S
14 106 1 1 R S
14 107 1 1 U U
14 108 1 1 U U
14 109 1 1 L U
14 110 1 1 D S
14 111 1 1 D S
14 112 1 1 R S
14 113 1 1 D D
14 114 1 1 D D
14 115 1 1 L D
14 116 1 1 U S
14 117 1 1 U S
14 118 1 1 R S
14 119 1 1 U U
14 120 1 1 U U
14 121 1 1 L U
14 122 1 1 D S
14 123 1 1 D S
14 124 1 1 R S
14 125 1 1 D D
14 126 1 1 D D
14 127 1 1 L D
14 128 1 1 U S
14 129 1 1 U S
14 130 1 1 R S
14 131 1 1 U U
14 132 1 1 U U
14 133 1 1 L U
14 134 1 1 D S
14 135 1 1 D S
14 136 1 1 R S
14 137 1 1 D D
14 138 1 1 D D
14 139 1 1 L D
14 140 1 1 U S
14 141 1 1 U S
14 142 1 1 R S
14 143 1 1 U U
14 144 1 1 U U
14 145 1 1 L U
14 146 1 1 D S
14 147 1 1 D S
14 148 1 1 R S
14 149 1 1 D D
14 150 1 1 D D
14 151 1 1 L D
14 152 1 1 U S
14 153 1 1 U S
14 154 1 1 R S
14 155 1 1 U U
14 156 1 1 U U
14 157 1 1 L U
14 158 1 1 D S
14 159 1 1 D S
14 160 1 1 R S
14 161 1 1 D D
14 162 1 1 D D
14 163 1 1 L D
14 164 1 1 U S
14 165 1 1 U S
14 166 1 1 R S
14 167 1 1 U U
14 168 1 1 U U
14 169 1 1 L U
14 170 1 1 D S
14 171 1 1 D S
14 172 1 1 R S
14 173 1 1 D D
14 174 1 1 D D
14 175 1 1 L D
14 176 1 1 U S
14 177 1 1 U S
14 178 1 1 R S
14 179 1 1 U U
14 180 1 1 U U
14 181 1 1 L U
14 182 1 1 D S
14 183 1 1 D S
14 184 1 1 R S
14 185 1 1 D D
14 186 1 1 D D
14 187 1 1 L D
14 188 1 1 U S
14 189 1 1 U S
14 190 1 1 R S
14 191 1 1 U U
14 192 1 1 U U
14 193 1 1 L U
14 194 1 1 D S
14 195 1 1 D S
14 196 1 1 R S
14 197 1 1 D D
14 198 1 1 D D
14 199 1 1 L D
15 0 0 0 U R
15 1 0 0 U R
15 2 0 0 U R
15 3 0 0 L R
15 4 0 0 L R
15 5 0 0 L R
15 6 0 0 L R
15 7 0 0 L U
15 8 0 0 L L
15 9 0 0 L L
15 10 0 1 L L
15 11 0 1 L U
15 12 0 1 L U
15 13 0 1 L U
15 14 0 1 L U
15 15 0 1 D U
15 16 0 1 D U
15 17 0 1 D U
15 18 0 1 D U
15 19 0 1 L D
15 20 0 1 D U
15 21 0 1 R U
15 22 0 1 R L
15 23 1 1 R L
15 24 1 1 U U
15 25 1 1 U U
15 26 1 1 U U
15 27 1 1 U U
15 28 1 1 U L
15 29 1 1 L D
15 30 1 1 L L
15 31 1 1 L L
15 32 1 1 D D
15 33 1 1 D D
15 34 1 1 D D
15 35 1 1 D D
15 36 1 1 L D
15 37 1 1 D U
15 38 1 1 R U
15 39 1 1 R L
15 40 1 1 R L
15 41 1 1 R D
15 42 1 1 R D
15 43 1 1 R D
15 44 1 1 R D
15 45 1 1 R D
15 46 1 1 R D
15 47 1 1 R D
15 48 1 1 R D
15 49 1 1 R D
15 50 1 1 R D
15 51 1 1 R D
15 52 1 1 R D
15 53 1 1 R D
15 54 1 1 R D
15 55 1 1 R D
15 56 1 1 R D
15 57 1 1 R D
15 58 1 1 R D
15 59 1 1 R D
15 60 1 1 R D
15 61 1 1 R D
15 62 1 1 R D
15 63 1 1 R D
15 64 1 1 R D
15 65 1 1 R D
15 66 1 1 R D
15 67 1 1 R D
15 68 1 1 R D
15 69 1 1 R D
15 70 1 1 R D
15 71 1 1 R D
15 72 1 1 R D
15 73 1 1 R D
15 74 1 1 R D
15 75 1 1 R D
15 76 1 1 R D
15 77 1 1 R D
15 78 1 1 R D
15 79 1 1 R D
15 80 1 1 R D
15 81 1 1 R D
15 82 1 1 R D
15 83 1 1 R D
15 84 1 1 R D
15 85 1 1 R D
15 86 1 1 R D
15 87 1 1 R D
15 88 1 1 R D
15 89 1 1 R D
15 90 1 1 R D
15 91 1 1 R D
15 92 1 1 R D
15 93 1 1 R D
15 94 1 1 R D
15 95 1 1 R D
15 96 1 1 R D
15 97 1 1 R D
15 98 1 1 R D
15 99 1 1 R D
15 100 1 1 R D
15 101 1 1 R D
15 102 1 1 R D
15 103 1 1 R D
15 104 1 1 R D
15 105 1 1 R D
15 106 1 1 R D
15 107 1 1 R D
15 108 1 1 R D
15 109 1 1 R D
15 110 1 1 R D
15 111 1 1 R D
15 112 1 1 R D
15 113 1 1 R D
15 114 1 1 R D
15 115 1 1 R D
15 116 1 1 R D
15 117 1 1 R D
15 118 1 1 R D
15 119 1 1 R D
15 120 1 1 R D
15 121 1 1 R D
15 122 1 1 R D
15 123 1 1 R D
15 124 1 1 R D
15 125 1 1 R D
15 126 1 1 R D
15 127 1 1 R D
15 128 1 1 R D
15 129 1 1 R D
15 130 1 1 R D
15 131 1 1 R D
15 132 1 1 R D
15 133 1 1 R D
15 134 1 1 R D
15 135 1 1 R D
15 136 1 1 R D
15 137 1 1 R D
15 138 1 1 R D
15 139 1 1 R D
15 140 1 1 R D
15 141 1 1 R D
15 142 1 1 R D
15 143 1 1 R D
15 144 1 1 R D
15 145 1 1 R D
15 146 1 1 R D
15 147 1 1 R D
15 148 1 1 R D
15 149 1 1 R D
15 150 1 1 R D
15 151 1 1 R D
15 152 1 1 R D
15 153 1 1 R D
15 154 1 1 R D
15 155 1 1 R D
15 156 1 1 R D
15 157 1 1 R D
15 158 1 1 R D
15 159 1 1 R D
15 160 1 1 R D
15 161 1 1 R D
15 162 1 1 R D
15 163 1 1 R D
15 164 1 1 R D
15 165 1 1 R D
15 166 1 1 R D
15 167 1 1 R D
15 168 1 1 R D
15 169 1 1 R D
15 170 1 1 R D
15 171 1 1 R D
15 172 1 1 R D
15 173 1 1 R D
15 174 1 1 R D
15 175 1 1 R D
15 176 1 1 R D
15 177 1 1 R D
15 178 1 1 R D
15 179 1 1 R D
15 180 1 1 R D
15 181 1 1 R D
15 182 1 1 R D
15 183 1 1 R D
15 184 1 1 R D
15 185 1 1 R D
15 186 1 1 R D
15 187 1 1 R D
15 188 1 1 R D
15 189 1 1 R D
15 190 1 1 R D
15 191 1 1 R D
15 192 1 1 R D
15 193 1 1 R D
15 194 1 1 R D
15 195 1 1 R D
15 196 1 1 R D
15 197 1 1 R D
15 198 1 1 R D
15 199 1 1 R D
16 0 0 0 R D
16 1 0 0 R D
16 2 0 0 R D
16 3 0 0 R D
16 4 0 0 D D
16 5 0 0 D D
16 6 0 0 D D
16 7 0 0 D D
16 8 0 0 R L
16 9 0 0 D L
16 10 0 0 L L
16 11 0 0 L D
16 12 0 0 L R
16 13 0 0 L R
16 14 1 0 L R
16 15 1 0 D R
16 16 1 0 D U
16 17 1 0 D R
16 18 1 0 D R
16 19 1 0 D D
16 20 1 0 D L
16 21 1 0 D L
16 22 1 0 D U
16 23 1 0 D L
16 24 1 0 L L
16 25 1 0 L D
16 26 1 0 L R
16 27 1 0 L R
16 28 1 0 L U
16 29 1 0 L R
16 30 1 0 U R
16 31 1 0 U D
16 32 1 0 U L
16 33 1 0 U L
16 34 1 0 L U
16 35 1 0 U L
16 36 1 0 R L
16 37 1 0 R D
16 38 2 0 R R
16 39 2 0 D R
16 40 2 0 D U
16 41 2 0 D R
16 42 2 0 D R
16 43 2 0 R D
16 44 2 0 D L
16 45 2 0 R L
16 46 2 0 D U
16 47 2 0 U L
16 48 2 0 U L
16 49 2 0 R D
16 50 2 0 D R
16 51 2 0 D R
16 52 2 0 U U
16 53 2 0 U R
16 54 2 0 R R
16 55 2 0 R D
16 56 2 0 D L
16 57 2 0 R L
16 58 2 0 D U
16 59 2 0 U S
16 60 2 0 U U
16 61 2 0 R L
16 62 2 0 R L
16 63 2 0 D D
16 64 2 0 L R
16 65 2 0 D R
16 66 2 0 U U
16 67 2 0 U R
16 68 2 0 R R
16 69 2 0 R D
16 70 2 0 D L
16 71 2 0 R L
16 72 2 0 L R
16 73 2 0 R U
16 74 2 0 D U
16 75 2 0 L S
16 76 2 0 L S
16 77 2 0 L S
16 78 2 0 L S
16 79 2 0 L S
16 80 2 0 L S
16 81 2 0 L S
16 82 2 0 U S
16 83 2 0 L L
16 84 2 0 L L
16 85 2 0 D L
16 86 2 0 R S
16 87 2 0 R S
16 88 2 0 U S
16 89 2 0 R L
16 90 2 0 R L
16 91 2 0 D L
16 92 2 0 L S
16 93 2 0 L S
16 94 2 0 U S
16 95 2 0 L L
16 96 2 0 L L
16 97 2 0 D L
16 98 2 0 R S
16 99 2 0 R S
16 100 2 0 U S
16 101 2 0 R L
16 102 2 0 R L
16 103 2 0 D L
16 104 2 0 L S
16 105 2 0 L S
16 106 2 0 U S
16 107 2 0 L L
16 108 2 0 L L
16 109 2 0 D L
16 110 2 0 R S
16 111 2 0 R S
16 112 2 0 U S
16 113 2 0 R L
16 114 2 0 R L
16 115 2 0 D L
16 116 2 0 L S
16 117 2 0 L S
16 118 2 0 U S
16 119 2 0 L L
16 120 2 0 L L
16 121 2 0 D L
16 122 2 0 R S
16 123 2 0 R S
16 124 2 0 U S
16 125 2 0 R L
16 126 2 0 R L
16 127 2 0 D L
16 128 2 0 L S
16 129 2 0 L S
16 130 2 0 U S
16 131 2 0 L L
16 132 2 0 L L
16 133 2 0 D L
16 134 2 0 R S
16 135 2 0 R S
16 136 2 0 U S
16 137 2 0 R L
16 138 2 0 R L
16 139 2 0 D L
16 140 2 0 L S
16 141 2 0 L S
16 142 2 0 U S
16 143 2 0 L L
16 144 2 0 L L
16 145 2 0 D L
16 146 2 0 R S
16 147 2 0 R S
16 148 2 0 U S
16 149 2 0 R L
16 150 2 0 R L
16 151 2 0 D L
16 152 2 0 L S
16 153 2 0 L S
16 154 2 0 U S
16 155 2 0 L L
16 156 2 0 L L
16 157 2 0 D L
16 158 2 0 R S
16 159 2 0 R S
16 160 2 0 U S
16 161 2 0 R L
16 162 2 0 R L
16 163 2 0 D L
16 164 2 0 L S
16 165 2 0 L S
16 166 2 0 U S
16 167 2 0 L L
16 168 2 0 L L
16 169 2 0 D L
16 170 2 0 R S
16 171 2 0 R S
16 172 2 0 U S
16 173 2 0 R L
16 174 2 0 R L
16 175 2 0 D L
16 176 2 0 L S
16 177 2 0 L S
16 178 2 0 U S
16 179 2 0 L L
16 180 2 0 L L
16 181 2 0 D L
16 182 2 0 R S
16 183 2 0 R S
16 184 2 0 U S
16 185 2 0 R L
16 186 2 0 R L
16 187 2 0 D L
16 188 2 0 L S
16 189 2 0 L S
16 190 2 0 U S
16 191 2 0 L L
16 192 2 0 L L
16 193 2 0 D L
16 194 2 0 R S
16 195 2 0 R S
16 196 2 0 U S
16 197 2 0 R L
16 198 2 0 R L
16 199 2 0 D L
17 0 0 0 U R
17 1 0 0 R D
17 2 0 0 R L
17 3 0 0 R L
17 4 0 0 R L
17 5 0 0 R U
17 6 0 0 U L
17 7 0 0 R L
17 8 0 0 D D
17 9 0 0 D R
17 10 1 0 D R
17 11 1 0 D U
17 12 1 0 D R
17 13 1 0 D R
17 14 1 0 D D
17 15 1 0 D L
17 16 1 0 D L
17 17 1 0 D U
17 18 1 0 D L
17 19 1 0 D L
17 20 1 0 D D
17 21 1 0 D R
17 22 1 0 D R
17 23 1 0 D U
17 24 1 0 D R
17 25 1 0 D R
17 26 1 0 D D
17 27 1 0 D L
17 28 1 0 D L
17 29 1 0 D U
17 30 1 0 D L
17 31 1 0 D L
17 32 1 0 D D
17 33 1 0 D R
17 34 1 0 D R
17 35 1 0 D U
17 36 1 0 D R
17 37 1 0 D R
17 38 1 0 D D
17 39 1 0 D L
17 40 1 0 D L
17 41 1 0 D U
17 42 1 0 D L
17 43 1 0 D L
17 44 1 0 D D
17 45 1 0 D R
17 46 1 0 D R
17 47 1 0 D U
17 48 1 0 D R
17 49 1 0 D R
17 50 1 0 D D
17 51 1 0 D L
17 52 1 0 D L
17 53 1 0 D U
17 54 1 0 D L
17 55 1 0 D L
17 56 1 0 D D
17 57 1 0 D R
17 58 1 0 D R
17 59 1 0 D U
17 60 1 0 D R
17 61 1 0 D R
17 62 1 0 D D
17 63 1 0 D L
17 64 1 0 D L
17 65 1 0 D U
17 66 1 0 D L
17 67 1 0 D L
17 68 1 0 D D
17 69 1 0 D R
17 70 1 0 D R
17 71 1 0 D U
17 72 1 0 D R
17 73 1 0 D R
17 74 1 0 D D
17 75 1 0 D L
17 76 1 0 D L
17 77 1 0 D U
17 78 1 0 D L
17 79 1 0 D L
17 80 1 0 D D
17 81 1 0 D R
17 82 1 0 D R
17 83 1 0 D U
17 84 1 0 D R
17 85 1 0 D R
17 86 1 0 D D
17 87 1 0 D L
17 88 1 0 D L
17 89 1 0 D U
17 90 1 0 D L
17 91 1 0 D L
17 92 1 0 D D
17 93 1 0 D R
17 94 1 0 D R
17 95 1 0 D U
17 96 1 0 D R
17 97 1 0 D R
17 98 1 0 D D
17 99 1 0 D L
17 100 1 0 D L
17 101 1 0 D U
17 102 1 0 D L
17 103 1 0 D L
17 104 1 0 D D
17 105 1 0 D R
17 106 1 0 D R
17 107 1 0 D U
17 108 1 0 D R
17 109 1 0 D R
17 110 1 0 D D
17 111 1 0 D L
17 112 1 0 D L
17 113 1 0 D U
17 114 1 0 D L
17 115 1 0 D L
17 116 1 0 D D
17 117 1 0 D R
17 118 1 0 D R
17 119 1 0 D U
17 120 1 0 D R
17 121 1 0 D R
17 122 1 0 D D
17 123 1 0 D L
17 124 1 0 D L
17 125 1 0 D U
17 126 1 0 D L
17 127 1 0 D L
17 128 1 0 D D
17 129 1 0 D R
17 130 1 0 D R
17 131 1 0 D U
17 132 1 0 D R
17 133 1 0 D R
17 134 1 0 D D
17 135 1 0 D L
17 136 1 0 D L
17 137 1 0 D U
17 138 1 0 D L
17 139 1 0 D L
17 140 1 0 D D
17 141 1 0 D R
17 142 1 0 D R
17 143 1 0 D U
17 144 1 0 D R
17 145 1 0 D R
17 146 1 0 D D
17 147 1 0 D L
17 148 1 0 D L
17 149 1 0 D U
17 150 1 0 D L
17 151 1 0 D L
17 152 1 0 D D
17 153 1 0 D R
17 154 1 0 D R
17 155 1 0 D U
17 156 1 0 D R
17 157 1 0 D R
17 158 1 0 D D
17 159 1 0 D L
17 160 1 0 D L
17 161 1 0 D U
17 162 1 0 D L
17 163 1 0 D L
17 164 1 0 D D
17 165 1 0 D R
17 166 1 0 D R
17 167 1 0 D U
17 168 1 0 D R
17 169 1 0 D R
17 170 1 0 D D
17 171 1 0 D L
17 172 1 0 D L
17 173 1 0 D U
17 174 1 0 D L
17 175 1 0 D L
17 176 1 0 D D
17 177 1 0 D R
17 178 1 0 D R
17 179 1 0 D U
17 180 1 0 D R
17 181 1 0 D R
17 182 1 0 D D
17 183 1 0 D L
17 184 1 0 D L
17 185 1 0 D U
17 186 1 0 D L
17 187 1 0 D L
17 188 1 0 D D
17 189 1 0 D R
17 190 1 0 D R
17 191 1 0 D U
17 192 1 0 D R
17 193 1 0 D R
17 194 1 0 D D
17 195 1 0 D L
17 196 1 0 D L
17 197 1 0 D U
17 198 1 0 D L
17 199 1 0 D L
18 0 0 0 D D
18 1 0 0 D D
18 2 0 0 D D
18 3 0 0 D L
18 4 0 0 D L
18 5 0 0 D L
18 6 0 0 D L
18 7 0 0 D L
18 8 0 0 D L
18 9 0 0 D L
18 10 0 0 D L
18 11 0 0 L U
18 12 0 0 U L
18 13 0 0 L R
18 14 0 0 L L
18 15 0 0 U L
18 16 0 0 D L
18 17 0 0 D R
18 18 0 0 U L
18 19 0 0 D R
18 20 0 0 U L
18 21 0 0 D R
18 22 0 0 U L
18 23 0 0 D R
18 24 0 0 U L
18 25 0 0 D R
18 26 0 0 U L
18 27 0 0 D R
18 28 0 0 U L
18 29 0 0 D R
18 30 0 0 U L
18 31 0 0 D R
18 32 0 0 U L
18 33 0 0 D R
18 34 0 0 U L
18 35 0 0 D R
18 36 0 0 U L
18 37 0 0 D R
18 38 0 0 U L
18 39 0 0 D R
18 40 0 0 U L
18 41 0 0 D R
18 42 0 0 U L
18 43 0 0 D R
18 44 0 0 U L
18 45 0 0 D R
18 46 0 0 U L
18 47 0 0 D R
18 48 0 0 U L
18 49 0 0 D R
18 50 0 0 U L
18 51 0 0 D R
18 52 0 0 U L
18 53 0 0 D R
18 54 0 0 U L
18 55 0 0 D R
18 56 0 0 U L
18 57 0 0 D R
18 58 0 0 U L
18 59 0 0 D R
18 60 0 0 U L
18 61 0 0 D R
18 62 0 0 U L
18 63 0 0 D R
18 64 0 0 U L
18 65 0 0 D R
18 66 0 0 U L
18 67 0 0 D R
18 68 0 0 U L
18 69 0 0 D R
18 70 0 0 U L
18 71 0 0 D R
18 72 0 0 U L
18 73 0 0 D R
18 74 0 0 U L
18 75 0 0 D R
18 76 0 0 U L
18 77 0 0 D R
18 78 0 0 U L
18 79 0 0 D R
18 80 0 0 U L
18 81 0 0 D R
18 82 0 0 U L
18 83 0 0 D R
18 84 0 0 U L
18 85 0 0 D R
18 86 0 0 U L
18 87 0 0 D R
18 88 0 0 U L
18 89 0 0 D R
18 90 0 0 U L
18 91 0 0 D R
18 92 0 0 U L
18 93 0 0 D R
18 94 0 0 U L
18 95 0 0 D R
18 96 0 0 U L
18 97 0 0 D R
18 98 0 0 U L
18 99 0 0 D R
18 100 0 0 U L
18 101 0 0 D R
18 102 0 0 U L
18 103 0 0 D R
18 104 0 0 U L
18 105 0 0 D R
18 106 0 0 U L
18 107 0 0 D R
18 108 0 0 U L
18 109 0 0 D R
18 110 0 0 U L
18 111 0 0 D R
18 112 0 0 U L
18 113 0 0 D R
18 114 0 0 U L
18 115 0 0 D R
18 116 0 0 U L
18 117 0 0 D R
18 118 0 0 U L
18 119 0 0 D R
18 120 0 0 U L
18 121 0 0 D R
18 122 0 0 U L
18 123 0 0 D R
18 124 0 0 U L
18 125 0 0 D R
18 126 0 0 U L
18 127 0 0 D R
18 128 0 0 U L
18 129 0 0 D R
18 130 0 0 U L
18 131 0 0 D R
18 132 0 0 U L
18 133 0 0 D R
18 134 0 0 U L
18 135 0 0 D R
18 136 0 0 U L
18 137 0 0 D R
18 138 0 0 U L
18 139 0 0 D R
18 140 0 0 U L
18 141 0 0 D R
18 142 0 0 U L
18 143 0 0 D R
18 144 0 0 U L
18 145 0 0 D R
18 146 0 0 U L
18 147 0 0 D R
18 148 0 0 U L
18 149 0 0 D R
18 150 0 0 U L
18 151 0 0 D R
18 152 0 0 U L
18 153 0 0 D R
18 154 0 0 U L
18 155 0 0 D R
18 156 0 0 U L
18 157 0 0 D R
18 158 0 0 U L
18 159 0 0 D R
18 160 0 0 U L
18 161 0 0 D R
18 162 0 0 U L
18 163 0 0 D R
18 164 0 0 U L
18 165 0 0 D R
18 166 0 0 U L
18 167 0 0 D R
18 168 0 0 U L
18 169 0 0 D R
18 170 0 0 U L
18 171 0 0 D R
18 172 0 0 U L
18 173 0 0 D R
18 174 0 0 U L
18 175 0 0 D R
18 176 0 0 U L
18 177 0 0 D R
18 178 0 0 U L
18 179 0 0 D R
18 180 0 0 U L
18 181 0 0 D R
18 182 0 0 U L
18 183 0 0 D R
18 184 0 0 U L
18 185 0 0 D R
18 186 0 0 U L
18 187 0 0 D R
18 188 0 0 U L
18 189 0 0 D R
18 190 0 0 U L
18 191 0 0 D R
18 192 0 0 U L
18 193 0 0 D R
18 194 0 0 U L
18 195 0 0 D R
18 196 0 0 U L
18 197 0 0 D R
18 198 0 0 U L
18 199 0 0 D R
19 0 0 0 D D
19 1 0 0 D D
19 2 0 0 D D
19 3 0 0 R D
19 4 0 0 D D
19 5 0 0 R D
19 6 0 0 R D
19 7 0 0 R D
19 8 0 0 R D
19 9 0 0 R D
19 10 0 0 R D
19 11 0 0 R D
19 12 0 0 D R
19 13 1 0 L R
19 14 1 0 D R
19 15 1 0 D R
19 16 1 0 D R
19 17 1 0 D R
19 18 1 0 D R
19 19 1 1 D R
19 20 1 1 D D
19 21 1 1 D L
19 22 1 1 R D
19 23 1 1 D R
19 24 1 1 D R
19 25 1 1 U U
19 26 1 1 U R
19 27 1 1 R R
19 28 1 1 R D
19 29 1 1 D L
19 30 1 1 R L
19 31 1 1 L R
19 32 1 1 R U
19 33 1 1 D U
19 34 1 1 L S
19 35 1 1 L S
19 36 1 1 L S
19 37 1 1 L S
19 38 1 1 L S
19 39 1 1 L S
19 40 1 1 L S
19 41 1 1 U S
19 42 1 1 L L
19 43 1 1 L L
19 44 1 1 D L
19 45 1 1 R S
19 46 1 1 R S
19 47 1 1 U S
19 48 1 1 R L
19 49 1 1 R L
19 50 1 1 D L
19 51 1 1 L S
19 52 1 1 L S
19 53 1 1 U S
19 54 1 1 L L
19 55 1 1 L L
19 56 1 1 D L
19 57 1 1 R S
19 58 1 1 R S
19 59 1 1 U S
19 60 1 1 R L
19 61 1 1 R L
19 62 1 1 D L
19 63 1 1 L S
19 64 1 1 L S
19 65 1 1 U S
19 66 1 1 L L
19 67 1 1 L L
19 68 1 1 D L
19 69 1 1 R S
19 70 1 1 R S
19 71 1 1 U S
19 72 1 1 R L
19 73 1 1 R L
19 74 1 1 D L
19 75 1 1 L S
19 76 1 1 L S
19 77 1 1 U S
19 78 1 1 L L
19 79 1 1 L L
19 80 1 1 D L
19 81 1 1 R S
19 82 1 1 R S
19 83 1 1 U S
19 84 1 1 R L
19 85 1 1 R L
19 86 1 1 D L
19 87 1 1 L S
19 88 1 1 L S
19 89 1 1 U S
19 90 1 1 L L
19 91 1 1 L L
19 92 1 1 D L
19 93 1 1 R S
19 94 1 1 R S
19 95 1 1 U S
19 96 1 1 R L
19 97 1 1 R L
19 98 1 1 D L
19 99 1 1 L S
19 100 1 1 L S
19 101 1 1 U S
19 102 1 1 L L
19 103 1 1 L L
19 104 1 1 D L
19 105 1 1 R S
19 106 1 1 R S
19 107 1 1 U S
19 108 1 1 R L
19 109 1 1 R L
19 110 1 1 D L
19 111 1 1 L S
19 112 1 1 L S
19 113 1 1 U S
19 114 1 1 L L
19 115 1 1 L L
19 116 1 1 D L
19 117 1 1 R S
19 118 1 1 R S
19 119 1 1 U S
19 120 1 1 R L
19 121 1 1 R L
19 122 1 1 D L
19 123 1 1 L S
19 124 1 1 L S
19 125 1 1 U S
19 126 1 1 L L
19 127 1 1 L L
19 128 1 1 D L
19 129 1 1 R S
19 130 1 1 R S
19 131 1 1 U S
19 132 1 1 R L
19 133 1 1 R L
19 134 1 1 D L
19 135 1 1 L S
19 136 1 1 L S
19 137 1 1 U S
19 138 1 1 L L
19 139 1 1 L L
19 140 1 1 D L
19 141 1 1 R S
19 142 1 1 R S
19 143 1 1 U S
19 144 1 1 R L
19 145 1 1 R L
19 146 1 1 D L
19 147 1 1 L S
19 148 1 1 L S
19 149 1 1 U S
19 150 1 1 L L
19 151 1 1 L L
19 152 1 1 D L
19 153 1 1 R S
19 154 1 1 R S
19 155 1 1 U S
19 156 1 1 R L
19 157 1 1 R L
19 158 1 1 D L
19 159 1 1 L S
19 160 1 1 L S
19 161 1 1 U S
19 162 1 1 L L
19 163 1 1 L L
19 164 1 1 D L
19 165 1 1 R S
19 166 1 1 R S
19 167 1 1 U S
19 168 1 1 R L
19 169 1 1 R L
19 170 1 1 D L
19 171 1 1 L S
19 172 1 1 L S
19 173 1 1 U S
19 174 1 1 L L
19 175 1 1 L L
19 176 1 1 D L
19 177 1 1 R S
19 178 1 1 R S
19 179 1 1 U S
19 180 1 1 R L
19 181 1 1 R L
19 182 1 1 D L
19 183 1 1 L S
19 184 1 1 L S
19 185 1 1 U S
19 186 1 1 L L
19 187 1 1 L L
19 188 1 1 D L
19 189 1 1 R S
19 190 1 1 R S
19 191 1 1 U S
19 192 1 1 R L
19 193 1 1 R L
19 194 1 1 D L
19 195 1 1 L S
19 196 1 1 L S
19 197 1 1 U S
19 198 1 1 L L
19 199 1 1 L L
20 0 0 0 L U
20 1 0 0 L U
20 2 0 0 U R
20 3 0 0 U U
20 4 0 0 R U
20 5 0 0 U R
20 6 0 0 L D
20 7 0 0 L D
20 8 0 0 L D
20 9 0 0 L D
20 10 0 0 L D
20 11 0 0 L D
20 12 0 0 L D
20 13 0 0 L D
20 14 0 0 L D
20 15 0 0 L D
20 16 0 0 L D
20 17 0 0 L D
20 18 0 0 L D
20 19 0 0 L D
20 20 0 0 L D
20 21 0 0 L D
20 22 0 0 L D
20 23 0 0 L D
20 24 0 0 L D
20 25 0 0 L D
20 26 0 0 L D
20 27 0 0 L D
20 28 0 0 L D
20 29 0 0 L D
20 30 0 0 L D
20 31 0 0 L D
20 32 0 0 L D
20 33 0 0 L D
20 34 0 0 L D
20 35 0 0 L D
20 36 0 0 L D
20 37 0 0 L D
20 38 0 0 L D
20 39 0 0 L D
20 40 0 0 L D
20 41 0 0 L D
20 42 0 0 L D
20 43 0 0 L D
20 44 0 0 L D
20 45 0 0 L D
20 46 0 0 L D
20 47 0 0 L D
20 48 0 0 L D
20 49 0 0 L D
20 50 0 0 L D
20 51 0 0 L D
20 52 0 0 L D
20 53 0 0 L D
20 54 0 0 L D
20 55 0 0 L D
20 56 0 0 L D
20 57 0 0 L D
20 58 0 0 L D
20 59 0 0 L D
20 60 0 0 L D
20 61 0 0 L D
20 62 0 0 L D
20 63 0 0 L D
20 64 0 0 L D
20 65 0 0 L D
20 66 0 0 L D
20 67 0 0 L D
20 68 0 0 L D
20 69 0 0 L D
20 70 0 0 L D
20 71 0 0 L D
20 72 0 0 L D
20 73 0 0 L D
20 74 0 0 L D
20 75 0 0 L D
20 76 0 0 L D
20 77 0 0 L D
20 78 0 0 L D
20 79 0 0 L D
20 80 0 0 L D
20 81 0 0 L D
20 82 0 0 L D
20 83 0 0 L D
20 84 0 0 L D
20 85 0 0 L D
20 86 0 0 L D
20 87 0 0 L D
20 88 0 0 L D
20 89 0 0 L D
20 90 0 0 L D
20 91 0 0 L D
20 92 0 0 L D
20 93 0 0 L D
20 94 0 0 L D
20 95 0 0 L D
20 96 0 0 L D
20 97 0 0 L D
20 98 0 0 L D
20 99 0 0 L D
20 100 0 0 L D
20 101 0 0 L D
20 102 0 0 L D
20 103 0 0 L D
20 104 0 0 L D
20 105 0 0 L D
20 106 0 0 L D
20 107 0 0 L D
20 108 0 0 L D
20 109 0 0 L D
20 110 0 0 L D
20 111 0 0 L D
20 112 0 0 L D
20 113 0 0 L D
20 114 0 0 L D
20 115 0 0 L D
20 116 0 0 L D
20 117 0 0 L D
20 118 0 0 L D
20 119 0 0 L D
20 120 0 0 L D
20 121 0 0 L D
20 122 0 0 L D
20 123 0 0 L D
20 124 0 0 L D
20 125 0 0 L D
20 126 0 0 L D
20 127 0 0 L D
20 128 0 0 L D
20 129 0 0 L D
20 130 0 0 L D
20 131 0 0 L D
20 132 0 0 L D
20 133 0 0 L D
20 134 0 0 L D
20 135 0 0 L D
20 136 0 0 L D
20 137 0 0 L D
20 138 0 0 L D
20 139 0 0 L D
20 140 0 0 L D
20 141 0 0 L D
20 142 0 0 L D
20 143 0 0 L D
20 144 0 0 L D
20 145 0 0 L D
20 146 0 0 L D
20 147 0 0 L D
20 148 0 0 L D
20 149 0 0 L D
20 150 0 0 L D
20 151 0 0 L D
20 152 0 0 L D
20 153 0 0 L D
20 154 0 0 L D
20 155 0 0 L D
20 156 0 0 L D
20 157 0 0 L D
20 158 0 0 L D
20 159 0 0 L D
20 160 0 0 L D
20 161 0 0 L D
20 162 0 0 L D
20 163 0 0 L D
20 164 0 0 L D
20 165 0 0 L D
20 166 0 0 L D
20 167 0 0 L D
20 168 0 0 L D
20 169 0 0 L D
20 170 0 0 L D
20 171 0 0 L D
20 172 0 0 L D
20 173 0 0 L D
20 174 0 0 L D
20 175 0 0 L D
20 176 0 0 L D
20 177 0 0 L D
20 178 0 0 L D
20 179 0 0 L D
20 180 0 0 L D
20 181 0 0 L D
20 182 0 0 L D
20 183 0 0 L D
20 184 0 0 L D
20 185 0 0 L D
20 186 0 0 L D
20 187 0 0 L D
20 188 0 0 L D
20 189 0 0 L D
20 190 0 0 L D
20 191 0 0 L D
20 192 0 0 L D
20 193 0 0 L D
20 194 0 0 L D
20 195 0 0 L D
20 196 0 0 L D
20 197 0 0 L D
20 198 0 0 L D
20 199 0 0 L D
21 0 0 0 U D
21 1 0 0 U D
21 2 0 0 L D
21 3 0 0 D D
21 4 0 0 D D
21 5 0 0 L D
21 6 0 0 D D
21 7 0 0 R D
21 8 1 0 R D
21 9 1 0 D R
21 10 1 0 D D
21 11 1 0 D L
21 12 1 0 L L
21 13 1 1 L L
21 14 1 1 L U
21 15 1 1 L U
21 16 1 1 L U
21 17 1 1 D U
21 18 1 1 R U
21 19 1 1 R L
21 20 2 1 R L
21 21 2 1 S S
21 22 2 1 S S
21 23 2 1 S S
21 24 2 1 S S
21 25 2 1 S S
21 26 2 1 S S
21 27 2 1 S S
21 28 2 1 S S
21 29 2 1 S S
21 30 2 1 S S
21 31 2 1 S S
21 32 2 1 S S
21 33 2 1 S S
21 34 2 1 S S
21 35 2 1 S S
21 36 2 1 S S
21 37 2 1 S S
21 38 2 1 S S
21 39 2 1 S S
21 40 2 1 S S
21 41 2 1 S S
21 42 2 1 S S
21 43 2 1 S S
21 44 2 1 S S
21 45 2 1 S S
21 46 2 1 S S
21 47 2 1 S S
21 48 2 1 S S
21 49 2 1 S S
21 50 2 1 S S
21 51 2 1 S S
21 52 2 1 S S
21 53 2 1 S S
21 54 2 1 S S
21 55 2 1 S S
21 56 2 1 S S
21 57 2 1 S S
21 58 2 1 S S
21 59 2 1 S S
21 60 2 1 S S
21 61 2 1 S S
21 62 2 1 S S
21 63 2 1 S S
21 64 2 1 S S
21 65 2 1 S S
21 66 2 1 S S
21 67 2 1 S S
21 68 2 1 S S
21 69 2 1 S S
21 70 2 1 S S
21 71 2 1 S S
21 72 2 1 S S
21 73 2 1 S S
21 74 2 1 S S
21 75 2 1 S S
21 76 2 1 S S
21 77 2 1 S S
21 78 2 1 S S
21 79 2 1 S S
21 80 2 1 S S
21 81 2 1 S S
21 82 2 1 S S
21 83 2 1 S S
21 84 2 1 S S
21 85 2 1 S S
21 86 2 1 S S
21 87 2 1 S S
21 88 2 1 S S
21 89 2 1 S S
21 90 2 1 S S
21 91 2 1 S S
21 92 2 1 S S
21 93 2 1 S S
21 94 2 1 S S
21 95 2 1 S S
21 96 2 1 S S
21 97 2 1 S S
21 98 2 1 S S
21 99 2 1 S S
21 100 2 1 S S
21 101 2 1 S S
21 102 2 1 S S
21 103 2 1 S S
21 104 2 1 S S
21 105 2 1 S S
21 106 2 1 S S
21 107 2 1 S S
21 108 2 1 S S
21 109 2 1 S S
21 110 2 1 S S
21 111 2 1 S S
21 112 2 1 S S
21 113 2 1 S S
21 114 2 1 S S
21 115 2 1 S S
21 116 2 1 S S
21 117 2 1 S S
21 118 2 1 S S
21 119 2 1 S S
21 120 2 1 S S
21 121 2 1 S S
21 122 2 1 S S
21 123 2 1 S S
21 124 2 1 S S
21 125 2 1 S S
21 126 2 1 S S
21 127 2 1 S S
21 128 2 1 S S
21 129 2 1 S S
21 130 2 1 S S
21 131 2 1 S S
21 132 2 1 S S
21 133 2 1 S S
21 134 2 1 S S
21 135 2 1 S S
21 136 2 1 S S
21 137 2 1 S S
21 138 2 1 S S
21 139 2 1 S S
21 140 2 1 S S
21 141 2 1 S S
21 142 2 1 S S
21 143 2 1 S S
21 144 2 1 S S
21 145 2 1 S S
21 146 2 1 S S
21 147 2 1 S S
21 148 2 1 S S
21 149 2 1 S S
21 150 2 1 S S
21 151 2 1 S S
21 152 2 1 S S
21 153 2 1 S S
21 154 2 1 S S
21 155 2 1 S S
21 156 2 1 S S
21 157 2 1 S S
21 158 2 1 S S
21 159 2 1 S S
21 160 2 1 S S
21 161 2 1 S S
21 162 2 1 S S
21 163 2 1 S S
21 164 2 1 S S
21 165 2 1 S S
21 166 2 1 S S
21 167 2 1 S S
21 168 2 1 S S
21 169 2 1 S S
21 170 2 1 S S
21 171 2 1 S S
21 172 2 1 S S
21 173 2 1 S S
21 174 2 1 S S
21 175 2 1 S S
21 176 2 1 S S
21 177 2 1 S S
21 178 2 1 S S
21 179 2 1 S S
21 180 2 1 S S
21 181 2 1 S S
21 182 2 1 S S
21 183 2 1 S S
21 184 2 1 S S
21 185 2 1 S S
21 186 2 1 S S
21 187 2 1 S S
21 188 2 1 S S
21 189 2 1 S S
21 190 2 1 S S
21 191 2 1 S S
21 192 2 1 S S
21 193 2 1 S S
21 194 2 1 S S
21 195 2 1 S S
21 196 2 1 S S
21 197 2 1 S S
21 198 2 1 S S
21 199 2 1 S S
22 0 0 0 D D
22 1 0 0 D D
22 2 0 0 L D
22 3 0 0 D D
22 4 0 0 L D
22 5 0 0 D D
22 6 0 0 R D
22 7 1 0 R R
22 8 1 0 U R
22 9 1 0 U U
22 10 1 0 U U
22 11 1 0 U L
22 12 1 0 U U
22 13 1 0 U U
22 14 1 0 U R
22 15 1 0 L D
22 16 1 0 L D
22 17 1 0 D L
22 18 1 0 D D
22 19 1 0 L D
22 20 1 0 D R
22 21 1 0 R U
22 22 1 0 R U
22 23 1 0 R L
22 24 1 0 R U
22 25 2 0 R U
22 26 2 0 D R
22 27 2 0 D D
22 28 2 0 D D
22 29 2 0 D L
22 30 2 0 D D
22 31 2 0 D D
22 32 2 0 S R
22 33 2 0 D U
22 34 2 0 D U
22 35 2 0 U L
22 36 2 0 D U
22 37 2 0 R U
22 38 2 0 R R
22 39 2 0 U D
22 40 2 0 R D
22 41 2 0 D L
22 42 2 0 D D
22 43 2 0 D D
22 44 2 0 S R
22 45 2 0 R U
22 46 2 0 U U
22 47 2 0 U L
22 48 2 0 D U
22 49 2 0 U U
22 50 2 0 R R
22 51 2 0 U D
22 52 2 0 R D
22 53 2 0 D L
22 54 2 0 D D
22 55 2 0 D D
22 56 2 0 S R
22 57 2 0 D U
22 58 2 0 D U
22 59 2 0 U L
22 60 2 0 D U
22 61 2 0 D U
22 62 2 0 D R
22 63 2 0 U D
22 64 2 0 D D
22 65 2 0 D L
22 66 2 0 D D
22 67 2 0 D D
22 68 2 0 S R
22 69 2 0 D U
22 70 2 0 D U
22 71 2 0 U L
22 72 2 0 D U
22 73 2 0 D U
22 74 2 0 D R
22 75 2 0 U D
22 76 2 0 D D
22 77 2 0 D L
22 78 2 0 D D
22 79 2 0 D D
22 80 2 0 S R
22 81 2 0 D U
22 82 2 0 D U
22 83 2 0 U L
22 84 2 0 D U
22 85 2 0 D U
22 86 2 0 D R
22 87 2 0 U D
22 88 2 0 D D
22 89 2 0 D L
22 90 2 0 D D
22 91 2 0 D D
22 92 2 0 S R
22 93 2 0 D U
22 94 2 0 D U
22 95 2 0 U L
22 96 2 0 D U
22 97 2 0 D U
22 98 2 0 D R
22 99 2 0 U D
22 100 2 0 D D
22 101 2 0 D L
22 102 2 0 D D
22 103 2 0 D D
22 104 2 0 S R
22 105 2 0 D U
22 106 2 0 D U
22 107 2 0 U L
22 108 2 0 D U
22 109 2 0 D U
22 110 2 0 D R
22 111 2 0 U D
22 112 2 0 D D
22 113 2 0 D L
22 114 2 0 D D
22 115 2 0 D D
22 116 2 0 S R
22 117 2 0 D U
22 118 2 0 D U
22 119 2 0 U L
22 120 2 0 D U
22 121 2 0 D U
22 122 2 0 D R
22 123 2 0 U D
22 124 2 0 D D
22 125 2 0 D L
22 126 2 0 D D
22 127 2 0 D D
22 128 2 0 S R
22 129 2 0 D U
22 130 2 0 D U
22 131 2 0 U L
22 132 2 0 D U
22 133 2 0 D U
22 134 2 0 D R
22 135 2 0 U D
22 136 2 0 D D
22 137 2 0 D L
22 138 2 0 D D
22 139 2 0 D D
22 140 2 0 S R
22 141 2 0 D U
22 142 2 0 D U
22 143 2 0 U L
22 144 2 0 D U
22 145 2 0 D U
22 146 2 0 D R
22 147 2 0 U D
22 148 2 0 D D
22 149 2 0 D L
22 150 2 0 D D
22 151 2 0 D D
22 152 2 0 S R
22 153 2 0 D U
22 154 2 0 D U
22 155 2 0 U L
22 156 2 0 D U
22 157 2 0 D U
22 158 2 0 D R
22 159 2 0 U D
22 160 2 0 D D
22 161 2 0 D L
22 162 2 0 D D
22 163 2 0 D D
22 164 2 0 S R
22 165 2 0 D U
22 166 2 0 D U
22 167 2 0 U L
22 168 2 0 D U
22 169 2 0 D U
22 170 2 0 D R
22 171 2 0 U D
22 172 2 0 D D
22 173 2 0 D L
22 174 2 0 D D
22 175 2 0 D D
22 176 2 0 S R
22 177 2 0 D U
22 178 2 0 D U
22 179 2 0 U L
22 180 2 0 D U
22 181 2 0 D U
22 182 2 0 D R
22 183 2 0 U D
22 184 2 0 D D
22 185 2 0 D L
22 186 2 0 D D
22 187 2 0 D D
22 188 2 0 S R
22 189 2 0 D U
22 190 2 0 D U
22 191 2 0 U L
22 192 2 0 D U
22 193 2 0 D U
22 194 2 0 D R
22 195 2 0 U D
22 196 2 0 D D
22 197 2 0 D L
22 198 2 0 D D
22 199 2 0 D D
23 0 0 0 U D
23 1 0 0 U D
23 2 0 0 U D
23 3 0 0 U D
23 4 0 0 U D
23 5 0 0 U D
23 6 0 0 U D
23 7 0 0 U R
23 8 0 0 U R
23 9 0 0 U D
23 10 0 0 L D
23 11 0 0 L L
23 12 0 0 L D
23 13 0 0 L D
23 14 0 0 L R
23 15 0 0 L U
23 16 0 0 L U
23 17 0 0 L L
23 18 0 0 D U
23 19 0 0 L U
23 20 0 0 L R
23 21 0 0 U D
23 22 0 0 R D
23 23 0 0 R L
23 24 0 0 D D
23 25 0 0 R D
23 26 0 0 R R
23 27 0 0 U U
23 28 0 0 L U
23 29 0 0 L L
23 30 0 0 D U
23 31 0 0 L U
23 32 0 0 L R
23 33 0 0 U D
23 34 0 0 R D
23 35 0 0 R L
23 36 0 0 D D
23 37 0 0 R D
23 38 0 0 R R
23 39 0 0 U U
23 40 0 0 L U
23 41 0 0 L L
23 42 0 0 D U
23 43 0 0 L U
23 44 0 0 L R
23 45 0 0 U D
23 46 0 0 R D
23 47 0 0 R L
23 48 0 0 D D
23 49 0 0 R D
23 50 0 0 R R
23 51 0 0 U U
23 52 0 0 L U
23 53 0 0 L L
23 54 0 0 D U
23 55 0 0 L U
23 56 0 0 L R
23 57 0 0 U D
23 58 0 0 R D
23 59 0 0 R L
23 60 0 0 D D
23 61 0 0 R D
23 62 0 0 R R
23 63 0 0 U U
23 64 0 0 L U
23 65 0 0 L L
23 66 0 0 D U
23 67 0 0 L U
23 68 0 0 L R
23 69 0 0 U D
23 70 0 0 R D
23 71 0 0 R L
23 72 0 0 D D
23 73 0 0 R D
23 74 0 0 R R
23 75 0 0 U U
23 76 0 0 L U
23 77 0 0 L L
23 78 0 0 D U
23 79 0 0 L U
23 80 0 0 L R
23 81 0 0 U D
23 82 0 0 R D
23 83 0 0 R L
23 84 0 0 D D
23 85 0 0 R D
23 86 0 0 R R
23 87 0 0 U U
23 88 0 0 L U
23 89 0 0 L L
23 90 0 0 D U
23 91 0 0 L U
23 92 0 0 L R
23 93 0 0 U D
23 94 0 0 R D
23 95 0 0 R L
23 96 0 0 D D
23 97 0 0 R D
23 98 0 0 R R
23 99 0 0 U U
23 100 0 0 L U
23 101 0 0 L L
23 102 0 0 D U
23 103 0 0 L U
23 104 0 0 L R
23 105 0 0 U D
23 106 0 0 R D
23 107 0 0 R L
23 108 0 0 D D
23 109 0 0 R D
23 110 0 0 R R
23 111 0 0 U U
23 112 0 0 L U
23 113 0 0 L L
23 114 0 0 D U
23 115 0 0 L U
23 116 0 0 L R
23 117 0 0 U D
23 118 0 0 R D
23 119 0 0 R L
23 120 0 0 D D
23 121 0 0 R D
23 122 0 0 R R
23 123 0 0 U U
23 124 0 0 L U
23 125 0 0 L L
23 126 0 0 D U
23 127 0 0 L U
23 128 0 0 L R
23 129 0 0 U D
23 130 0 0 R D
23 131 0 0 R L
23 132 0 0 D D
23 133 0 0 R D
23 134 0 0 R R
23 135 0 0 U U
23 136 0 0 L U
23 137 0 0 L L
23 138 0 0 D U
23 139 0 0 L U
23 140 0 0 L R
23 141 0 0 U D
23 142 0 0 R D
23 143 0 0 R L
23 144 0 0 D D
23 145 0 0 R D
23 146 0 0 R R
23 147 0 0 U U
23 148 0 0 L U
23 149 0 0 L L
23 150 0 0 D U
23 151 0 0 L U
23 152 0 0 L R
23 153 0 0 U D
23 154 0 0 R D
23 155 0 0 R L
23 156 0 0 D D
23 157 0 0 R D
23 158 0 0 R R
23 159 0 0 U U
23 160 0 0 L U
23 161 0 0 L L
23 162 0 0 D U
23 163 0 0 L U
23 164 0 0 L R
23 165 0 0 U D
23 166 0 0 R D
23 167 0 0 R L
23 168 0 0 D D
23 169 0 0 R D
23 170 0 0 R R
23 171 0 0 U U
23 172 0 0 L U
23 173 0 0 L L
23 174 0 0 D U
23 175 0 0 L U
23 176 0 0 L R
23 177 0 0 U D
23 178 0 0 R D
23 179 0 0 R L
23 180 0 0 D D
23 181 0 0 R D
23 182 0 0 R R
23 183 0 0 U U
23 184 0 0 L U
23 185 0 0 L L
23 186 0 0 D U
23 187 0 0 L U
23 188 0 0 L R
23 189 0 0 U D
23 190 0 0 R D
23 191 0 0 R L
23 192 0 0 D D
23 193 0 0 R D
23 194 0 0 R R
23 195 0 0 U U
23 196 0 0 L U
23 197 0 0 L L
23 198 0 0 D U
23 199 0 0 L U
24 0 0 0 D D
24 1 0 0 D D
24 2 0 0 D D
24 3 0 0 D D
24 4 0 0 L D
24 5 0 0 L D
24 6 0 0 L D
24 7 0 0 L D
24 8 0 0 L D
24 9 0 0 L D
24 10 0 0 L D
24 11 0 0 L D
24 12 0 0 L D
24 13 0 0 L L
24 14 0 0 L L
24 15 0 0 L L
24 16 0 0 L L
24 17 0 0 D U
24 18 0 0 R L
24 19 0 0 R U
24 20 1 0 R R
24 21 1 1 D R
24 22 1 1 D U
24 23 1 1 D L
24 24 1 1 D L
24 25 1 1 D L
24 26 1 1 R L
24 27 1 1 R L
24 28 1 1 R D
24 29 1 1 U R
24 30 1 1 U R
24 31 1 1 U R
24 32 1 1 U R
24 33 1 1 U R
24 34 1 1 U R
24 35 1 1 U R
24 36 1 1 U R
24 37 1 1 U R
24 38 1 1 U R
24 39 1 1 U R
24 40 1 1 U R
24 41 1 1 U R
24 42 1 1 U R
24 43 1 1 U R
24 44 1 1 U R
24 45 1 1 U R
24 46 1 1 U R
24 47 1 1 U R
24 48 1 1 U R
24 49 1 1 U R
24 50 1 1 U R
24 51 1 1 U R
24 52 1 1 U R
24 53 1 1 U R
24 54 1 1 U R
24 55 1 1 U R
24 56 1 1 U R
24 57 1 1 U R
24 58 1 1 U R
24 59 1 1 U R
24 60 1 1 U R
24 61 1 1 U R
24 62 1 1 U R
24 63 1 1 U R
24 64 1 1 U R
24 65 1 1 U R
24 66 1 1 U R
24 67 1 1 U R
24 68 1 1 U R
24 69 1 1 U R
24 70 1 1 U R
24 71 1 1 U R
24 72 1 1 U R
24 73 1 1 U R
24 74 1 1 U R
24 75 1 1 U R
24 76 1 1 U R
24 77 1 1 U R
24 78 1 1 U R
24 79 1 1 U R
24 80 1 1 U R
24 81 1 1 U R
24 82 1 1 U R
24 83 1 1 U R
24 84 1 1 U R
24 85 1 1 U R
24 86 1 1 U R
24 87 1 1 U R
24 88 1 1 U R
24 89 1 1 U R
24 90 1 1 U R
24 91 1 1 U R
24 92 1 1 U R
24 93 1 1 U R
24 94 1 1 U R
24 95 1 1 U R
24 96 1 1 U R
24 97 1 1 U R
24 98 1 1 U R
24 99 1 1 U R
24 100 1 1 U R
24 101 1 1 U R
24 102 1 1 U R
24 103 1 1 U R
24 104 1 1 U R
24 105 1 1 U R
24 106 1 1 U R
24 107 1 1 U R
24 108 1 1 U R
24 109 1 1 U R
24 110 1 1 U R
24 111 1 1 U R
24 112 1 1 U R
24 113 1 1 U R
24 114 1 1 U R
24 115 1 1 U R
24 116 1 1 U R
24 117 1 1 U R
24 118 1 1 U R
24 119 1 1 U R
24 120 1 1 U R
24 121 1 1 U R
24 122 1 1 U R
24 123 1 1 U R
24 124 1 1 U R
24 125 1 1 U R
24 126 1 1 U R
24 127 1 1 U R
24 128 1 1 U R
24 129 1 1 U R
24 130 1 1 U R
24 131 1 1 U R
24 132 1 1 U R
24 133 1 1 U R
24 134 1 1 U R
24 135 1 1 U R
24 136 1 1 U R
24 137 1 1 U R
24 138 1 1 U R
24 139 1 1 U R
24 140 1 1 U R
24 141 1 1 U R
24 142 1 1 U R
24 143 1 1 U R
24 144 1 1 U R
24 145 1 1 U R
24 146 1 1 U R
24 147 1 1 U R
24 148 1 1 U R
24 149 1 1 U R
24 150 1 1 U R
24 151 1 1 U R
24 152 1 1 U R
24 153 1 1 U R
24 154 1 1 U R
24 155 1 1 U R
24 156 1 1 U R
24 157 1 1 U R
24 158 1 1 U R
24 159 1 1 U R
24 160 1 1 U R
24 161 1 1 U R
24 162 1 1 U R
24 163 1 1 U R
24 164 1 1 U R
24 165 1 1 U R
24 166 1 1 U R
24 167 1 1 U R
24 168 1 1 U R
24 169 1 1 U R
24 170 1 1 U R
24 171 1 1 U R
24 172 1 1 U R
24 173 1 1 U R
24 174 1 1 U R
24 175 1 1 U R
24 176 1 1 U R
24 177 1 1 U R
24 178 1 1 U R
24 179 1 1 U R
24 180 1 1 U R
24 181 1 1 U R
24 182 1 1 U R
24 183 1 1 U R
24 184 1 1 U R
24 185 1 1 U R
24 186 1 1 U R
24 187 1 1 U R
24 188 1 1 U R
24 189 1 1 U R
24 190 1 1 U R
24 191 1 1 U R
24 192 1 1 U R
24 193 1 1 U R
24 194 1 1 U R
24 195 1 1 U R
24 196 1 1 U R
24 197 1 1 U R
24 198 1 1 U R
24 199 1 1 U R
0 0 0 0 U U
0 1 0 0 L U
0 2 0 0 L U
0 3 0 0 L U
0 4 0 0 L U
0 5 0 0 L U
0 6 0 0 L S
0 7 1 0 D S
0 8 1 0 U S
0 9 1 0 U S
0 10 1 0 U S
0 11 1 0 U S
0 12 1 0 R S
0 13 1 0 R S
0 14 1 0 R S
0 15 1 0 R S
0 16 1 0 R S
0 17 1 0 R S
0 18 1 0 R S
0 19 1 0 R S
0 20 1 0 R S
0 21 1 0 R S
0 22 1 0 R S
0 23 1 0 U S
0 24 1 0 U S
0 25 1 0 L S
0 26 1 0 L L
0 27 1 0 L L
0 28 1 0 L L
0 29 1 0 L L
0 30 1 0 U L
0 31 1 0 D S
0 32 1 0 D S
0 33 1 0 D S
0 34 1 0 D S
0 35 1 0 D S
0 36 1 0 D S
0 37 1 0 D S
0 38 1 0 D S
0 39 1 0 D S
0 40 1 0 D S
0 41 1 0 D S
0 42 1 0 D S
0 43 1 0 D S
0 44 1 0 D S
0 45 1 0 R S
0 46 1 0 R S
0 47 1 0 R S
0 48 1 0 R S
0 49 1 0 U S
0 50 1 0 U S
0 51 1 0 U S
0 52 1 0 U S
0 53 1 0 U S
0 54 1 0 R S
0 55 1 0 U S
0 56 1 0 L S
0 57 1 0 L S
0 58 1 0 L S
0 59 1 0 L S
0 60 1 0 L S
0 61 1 0 L S
0 62 1 0 L S
0 63 1 0 L S
0 64 1 0 L S
0 65 2 0 L S
0 66 2 0 U S
0 67 2 0 U S
0 68 2 0 U S
0 69 2 0 U S
0 70 2 0 U S
0 71 2 0 U S
0 72 2 0 U S
0 73 2 0 U S
0 74 2 0 R S
0 75 2 0 R S
0 76 2 0 R S
0 77 2 0 R S
0 78 2 0 S S
0 79 2 0 S S
0 80 2 0 S S
0 81 2 0 S S
0 82 2 0 S S
0 83 2 0 S S
0 84 2 0 S S
0 85 2 0 S S
0 86 2 0 S S
0 87 2 0 S S
0 88 2 0 S S
0 89 2 0 S S
0 90 2 0 S S
0 91 2 0 S S
0 92 2 0 S S
0 93 2 0 S S
0 94 2 0 S S
0 95 2 0 S S
0 96 2 0 S S
0 97 2 0 S S
0 98 2 0 S S
0 99 2 0 S S
0 100 2 0 S S
0 101 2 0 S S
0 102 2 0 S S
0 103 2 0 S S
0 104 2 0 S S
0 105 2 0 S S
0 106 2 0 S S
0 107 2 0 S S
0 108 2 0 S S
0 109 2 0 S S
0 110 2 0 S S
0 111 2 0 S S
0 112 2 0 S S
0 113 2 0 S S
0 114 2 0 S S
0 115 2 0 S S
0 116 2 0 S S
0 117 2 0 S S
0 118 2 0 S S
0 119 2 0 S S
0 120 2 0 S S
0 121 2 0 S S
0 122 2 0 S S
0 123 2 0 S S
0 124 2 0 S S
0 125 2 0 S S
0 126 2 0 S S
0 127 2 0 S S
0 128 2 0 S S
0 129 2 0 S S
0 130 2 0 S S
0 131 2 0 S S
0 132 2 0 S S
0 133 2 0 S S
0 134 2 0 S S
0 135 2 0 S S
0 136 2 0 S S
0 137 2 0 S S
0 138 2 0 S S
0 139 2 0 S S
0 140 2 0 S S
0 141 2 0 S S
0 142 2 0 S S
0 143 2 0 S S
0 144 2 0 S S
0 145 2 0 S S
0 146 2 0 S S
0 147 2 0 S S
0 148 2 0 S S
0 149 2 0 S S
0 150 2 0 S S
0 151 2 0 S S
0 152 2 0 S S
0 153 2 0 S S
0 154 2 0 S S
0 155 2 0 S S
0 156 2 0 S S
0 157 2 0 S S
0 158 2 0 S S
0 159 2 0 S S
0 160 2 0 S S
0 161 2 0 S S
0 162 2 0 S S
0 163 2 0 S S
0 164 2 0 S S
0 165 2 0 S S
0 166 2 0 S S
0 167 2 0 S S
0 168 2 0 S S
0 169 2 0 S S
0 170 2 0 S S
0 171 2 0 S S
0 172 2 0 S S
0 173 2 0 S S
0 174 2 0 S S
0 175 2 0 S S
0 176 2 0 S S
0 177 2 0 S S
0 178 2 0 S S
0 179 2 0 S S
0 180 2 0 S S
0 181 2 0 S S
0 182 2 0 S S
0 183 2 0 S S
0 184 2 0 S S
0 185 2 0 S S
0 186 2 0 S S
0 187 2 0 S S
0 188 2 0 S S
0 189 2 0 S S
0 190 2 0 S S
0 191 2 0 S S
0 192 2 0 S S
0 193 2 0 S S
0 194 2 0 S S
0 195 2 0 S S
0 196 2 0 S S
0 197 2 0 S S
0 198 2 0 S S
0 199 2 0 S S
1 0 0 0 U D
1 1 0 0 U L
1 2 0 0 U L
1 3 0 0 U L
1 4 0 0 U L
1 5 0 0 U L
1 6 0 0 R S
1 7 0 0 R S
1 8 0 0 U S
1 9 0 0 R S
1 10 0 0 D S
1 11 1 0 D S
1 12 1 0 R S
1 13 1 0 R S
1 14 1 0 R S
1 15 1 0 R S
1 16 1 0 R S
1 17 1 0 R S
1 18 1 0 D S
1 19 1 0 L S
1 20 1 0 L S
1 21 1 0 L S
1 22 1 0 L S
1 23 2 0 L S
1 24 2 0 U S
1 25 2 0 U S
1 26 2 0 U S
1 27 2 0 U S
1 28 2 0 U S
1 29 2 0 U S
1 30 2 0 U S
1 31 2 0 U S
1 32 2 0 R S
1 33 2 0 R S
1 34 2 0 R S
1 35 2 0 R S
1 36 2 0 D S
1 37 2 0 D S
1 38 2 0 D D
1 39 2 0 U D
1 40 2 0 D S
1 41 2 0 D S
1 42 2 0 L D
1 43 2 0 D S
1 44 2 0 D S
1 45 2 0 R S
1 46 2 0 U S
1 47 2 0 D U
1 48 2 0 U S
1 49 2 0 U S
1 50 2 0 L U
1 51 2 0 U S
1 52 2 0 U S
1 53 2 0 R S
1 54 2 0 D S
1 55 2 0 U D
1 56 2 0 D S
1 57 2 0 D S
1 58 2 0 L D
1 59 2 0 D S
1 60 2 0 D S
1 61 2 0 R S
1 62 2 0 U S
1 63 2 0 D U
1 64 2 0 U S
1 65 2 0 U S
1 66 2 0 L U
1 67 2 0 U S
1 68 2 0 U S
1 69 2 0 R S
1 70 2 0 D S
1 71 2 0 U D
1 72 2 0 D S
1 73 2 0 D S
1 74 2 0 L D
1 75 2 0 D S
1 76 2 0 D S
1 77 2 0 R S
1 78 2 0 U S
1 79 2 0 D U
1 80 2 0 U S
1 81 2 0 U S
1 82 2 0 L U
1 83 2 0 U S
1 84 2 0 U S
1 85 2 0 R S
1 86 2 0 D S
1 87 2 0 U D
1 88 2 0 D S
1 89 2 0 D S
1 90 2 0 L D
1 91 2 0 D S
1 92 2 0 D S
1 93 2 0 R S
1 94 2 0 U S
1 95 2 0 D U
1 96 2 0 U S
1 97 2 0 U S
1 98 2 0 L U
1 99 2 0 U S
1 100 2 0 U S
1 101 2 0 R S
1 102 2 0 D S
1 103 2 0 U D
1 104 2 0 D S
1 105 2 0 D S
1 106 2 0 L D
1 107 2 0 D S
1 108 2 0 D S
1 109 2 0 R S
1 110 2 0 U S
1 111 2 0 D U
1 112 2 0 U S
1 113 2 0 U S
1 114 2 0 L U
1 115 2 0 U S
1 116 2 0 U S
1 117 2 0 R S
1 118 2 0 D S
1 119 2 0 U D
1 120 2 0 D S
1 121 2 0 D S
1 122 2 0 L D
1 123 2 0 D S
1 124 2 0 D S
1 125 2 0 R S
1 126 2 0 U S
1 127 2 0 D U
1 128 2 0 U S
1 129 2 0 U S
1 130 2 0 L U
1 131 2 0 U S
1 132 2 0 U S
1 133 2 0 R S
1 134 2 0 D S
1 135 2 0 U D
1 136 2 0 D S
1 137 2 0 D S
1 138 2 0 L D
1 139 2 0 D S
1 140 2 0 D S
1 141 2 0 R S
1 142 2 0 U S
1 143 2 0 D U
1 144 2 0 U S
1 145 2 0 U S
1 146 2 0 L U
1 147 2 0 U S
1 148 2 0 U S
1 149 2 0 R S
1 150 2 0 D S
1 151 2 0 U D
1 152 2 0 D S
1 153 2 0 D S
1 154 2 0 L D
1 155 2 0 D S
1 156 2 0 D S
1 157 2 0 R S
1 158 2 0 U S
1 159 2 0 D U
1 160 2 0 U S
1 161 2 0 U S
1 162 2 0 L U
1 163 2 0 U S
1 164 2 0 U S
1 165 2 0 R S
1 166 2 0 D S
1 167 2 0 U D
1 168 2 0 D S
1 169 2 0 D S
1 170 2 0 L D
1 171 2 0 D S
1 172 2 0 D S
1 173 2 0 R S
1 174 2 0 U S
1 175 2 0 D U
1 176 2 0 U S
1 177 2 0 U S
1 178 2 0 L U
1 179 2 0 U S
1 180 2 0 U S
1 181 2 0 R S
1 182 2 0 D S
1 183 2 0 U D
1 184 2 0 D S
1 185 2 0 D S
1 186 2 0 L D
1 187 2 0 D S
1 188 2 0 D S
1 189 2 0 R S
1 190 2 0 U S
1 191 2 0 D U
1 192 2 0 U S
1 193 2 0 U S
1 194 2 0 L U
1 195 2 0 U S
1 196 2 0 U S
1 197 2 0 R S
1 198 2 0 D S
1 199 2 0 U D
2 0 0 0 R U
2 1 0 0 R U
2 2 0 0 R U
2 3 0 0 R U
2 4 0 0 R U
2 5 0 0 R R
2 6 0 0 D U
2 7 0 0 L U
2 8 1 0 L U
2 9 1 0 D R
2 10 1 0 D S
2 11 1 0 D S
2 12 1 0 D S
2 13 1 0 D S
2 14 1 0 D S
2 15 1 0 L S
2 16 1 0 L S
2 17 1 0 L S
2 18 1 0 L S
2 19 1 0 U S
2 20 1 0 U S
2 21 1 0 U S
2 22 1 0 U S
2 23 1 0 U S
2 24 1 0 L S
2 25 1 0 U S
2 26 1 0 R S
2 27 1 0 R S
2 28 2 0 R S
2 29 2 0 U S
2 30 2 0 U S
2 31 2 0 U S
2 32 2 0 U S
2 33 2 0 U S
2 34 2 0 U S
2 35 2 0 U S
2 36 2 0 U S
2 37 2 0 U S
2 38 2 0 R S
2 39 2 0 R S
2 40 2 0 R S
2 41 2 0 R S
2 42 2 0 R S
2 43 2 0 R S
2 44 2 0 S S
2 45 2 0 S S
2 46 2 0 S S
2 47 2 0 S S
2 48 2 0 S S
2 49 2 0 S S
2 50 2 0 S S
2 51 2 0 S S
2 52 2 0 S S
2 53 2 0 S S
2 54 2 0 S S
2 55 2 0 S S
2 56 2 0 S S
2 57 2 0 S S
2 58 2 0 S S
2 59 2 0 S S
2 60 2 0 S S
2 61 2 0 S S
2 62 2 0 S S
2 63 2 0 S S
2 64 2 0 S S
2 65 2 0 S S
2 66 2 0 S S
2 67 2 0 S S
2 68 2 0 S S
2 69 2 0 S S
2 70 2 0 S S
2 71 2 0 S S
2 72 2 0 S S
2 73 2 0 S S
2 74 2 0 S S
2 75 2 0 S S
2 76 2 0 S S
2 77 2 0 S S
2 78 2 0 S S
2 79 2 0 S S
2 80 2 0 S S
2 81 2 0 S S
2 82 2 0 S S
2 83 2 0 S S
2 84 2 0 S S
2 85 2 0 S S
2 86 2 0 S S
2 87 2 0 S S
2 88 2 0 S S
2 89 2 0 S S
2 90 2 0 S S
2 91 2 0 S S
2 92 2 0 S S
2 93 2 0 S S
2 94 2 0 S S
2 95 2 0 S S
2 96 2 0 S S
2 97 2 0 S S
2 98 2 0 S S
2 99 2 0 S S
2 100 2 0 S S
2 101 2 0 S S
2 102 2 0 S S
2 103 2 0 S S
2 104 2 0 S S
2 105 2 0 S S
2 106 2 0 S S
2 107 2 0 S S
2 108 2 0 S S
2 109 2 0 S S
2 110 2 0 S S
2 111 2 0 S S
2 112 2 0 S S
2 113 2 0 S S
2 114 2 0 S S
2 115 2 0 S S
2 116 2 0 S S
2 117 2 0 S S
2 118 2 0 S S
2 119 2 0 S S
2 120 2 0 S S
2 121 2 0 S S
2 122 2 0 S S
2 123 2 0 S S
2 124 2 0 S S
2 125 2 0 S S
2 126 2 0 S S
2 127 2 0 S S
2 128 2 0 S S
2 129 2 0 S S
2 130 2 0 S S
2 131 2 0 S S
2 132 2 0 S S
2 133 2 0 S S
2 134 2 0 S S
2 135 2 0 S S
2 136 2 0 S S
2 137 2 0 S S
2 138 2 0 S S
2 139 2 0 S S
2 140 2 0 S S
2 141 2 0 S S
2 142 2 0 S S
2 143 2 0 S S
2 144 2 0 S S
2 145 2 0 S S
2 146 2 0 S S
2 147 2 0 S S
2 148 2 0 S S
2 149 2 0 S S
2 150 2 0 S S
2 151 2 0 S S
2 152 2 0 S S
2 153 2 0 S S
2 154 2 0 S S
2 155 2 0 S S
2 156 2 0 S S
2 157 2 0 S S
2 158 2 0 S S
2 159 2 0 S S
2 160 2 0 S S
2 161 2 0 S S
2 162 2 0 S S
2 163 2 0 S S
2 164 2 0 S S
2 165 2 0 S S
2 166 2 0 S S
2 167 2 0 S S
2 168 2 0 S S
2 169 2 0 S S
2 170 2 0 S S
2 171 2 0 S S
2 172 2 0 S S
2 173 2 0 S S
2 174 2 0 S S
2 175 2 0 S S
2 176 2 0 S S
2 177 2 0 S S
2 178 2 0 S S
2 179 2 0 S S
2 180 2 0 S S
2 181 2 0 S S
2 182 2 0 S S
2 183 2 0 S S
2 184 2 0 S S
2 185 2 0 S S
2 186 2 0 S S
2 187 2 0 S S
2 188 2 0 S S
2 189 2 0 S S
2 190 2 0 S S
2 191 2 0 S S
2 192 2 0 S S
2 193 2 0 S S
2 194 2 0 S S
2 195 2 0 S S
2 196 2 0 S S
2 197 2 0 S S
2 198 2 0 S S
2 199 2 0 S S
3 0 0 0 D L
3 1 0 0 D D
3 2 0 0 D D
3 3 0 0 D D
3 4 0 0 L D
3 5 0 0 L D
3 6 0 0 L L
3 7 0 0 L L
3 8 0 0 L L
3 9 0 0 L L
3 10 0 0 L L
3 11 0 0 L L
3 12 0 0 L S
3 13 0 0 L S
3 14 0 0 L S
3 15 0 0 L S
3 16 0 0 L S
3 17 0 0 D S
3 18 0 0 R S
3 19 0 0 R S
3 20 1 0 R S
3 21 1 0 U S
3 22 1 0 U S
3 23 1 0 L S
3 24 1 0 L S
3 25 1 0 L S
3 26 1 0 U S
3 27 1 0 U U
3 28 1 0 D U
3 29 1 0 U S
3 30 1 0 R S
3 31 1 0 R S
3 32 1 0 U S
3 33 1 0 U S
3 34 1 0 L S
3 35 1 0 L S
3 36 1 0 D S
3 37 1 0 D D
3 38 1 0 D D
3 39 1 0 D D
3 40 1 0 D D
3 41 1 0 D D
3 42 1 0 U D
3 43 1 0 D S
3 44 1 0 R S
3 45 1 0 R S
3 46 1 0 D S
3 47 1 0 D S
3 48 1 0 L S
3 49 1 0 L S
3 50 1 0 U S
3 51 1 0 U U
3 52 1 0 D U
3 53 1 0 U S
3 54 1 0 R S
3 55 1 0 R S
3 56 1 0 U S
3 57 1 0 U S
3 58 1 0 L S
3 59 1 0 L S
3 60 1 0 D S
3 61 1 0 D D
3 62 1 0 U D
3 63 1 0 D S
3 64 1 0 R S
3 65 1 0 R S
3 66 1 0 D S
3 67 1 0 D S
3 68 1 0 L S
3 69 1 0 L S
3 70 1 0 U S
3 71 1 0 U U
3 72 1 0 D U
3 73 1 0 U S
3 74 1 0 R S
3 75 1 0 R S
3 76 1 0 U S
3 77 1 0 U S
3 78 1 0 L S
3 79 1 0 L S
3 80 1 0 D S
3 81 1 0 D D
3 82 1 0 U D
3 83 1 0 D S
3 84 1 0 R S
3 85 1 0 R S
3 86 1 0 D S
3 87 1 0 D S
3 88 1 0 L S
3 89 1 0 L S
3 90 1 0 U S
3 91 1 0 U U
3 92 1 0 D U
3 93 1 0 U S
3 94 1 0 R S
3 95 1 0 R S
3 96 1 0 U S
3 97 1 0 U S
3 98 1 0 L S
3 99 1 0 L S
3 100 1 0 D S
3 101 1 0 D D
3 102 1 0 U D
3 103 1 0 D S
3 104 1 0 R S
3 105 1 0 R S
3 106 1 0 D S
3 107 1 0 D S
3 108 1 0 L S
3 109 1 0 L S
3 110 1 0 U S
3 111 1 0 U U
3 112 1 0 D U
3 113 1 0 U S
3 114 1 0 R S
3 115 1 0 R S
3 116 1 0 U S
3 117 1 0 U S
3 118 1 0 L S
3 119 1 0 L S
3 120 1 0 D S
3 121 1 0 D D
3 122 1 0 U D
3 123 1 0 D S
3 124 1 0 R S
3 125 1 0 R S
3 126 1 0 D S
3 127 1 0 D S
3 128 1 0 L S
3 129 1 0 L S
3 130 1 0 U S
3 131 1 0 U U
3 132 1 0 D U
3 133 1 0 U S
3 134 1 0 R S
3 135 1 0 R S
3 136 1 0 U S
3 137 1 0 U S
3 138 1 0 L S
3 139 1 0 L S
3 140 1 0 D S
3 141 1 0 D D
3 142 1 0 U D
3 143 1 0 D S
3 144 1 0 R S
3 145 1 0 R S
3 146 1 0 D S
3 147 1 0 D S
3 148 1 0 L S
3 149 1 0 L S
3 150 1 0 U S
3 151 1 0 U U
3 152 1 0 D U
3 153 1 0 U S
3 154 1 0 R S
3 155 1 0 R S
3 156 1 0 U S
3 157 1 0 U S
3 158 1 0 L S
3 159 1 0 L S
3 160 1 0 D S
3 161 1 0 D D
3 162 1 0 U D
3 163 1 0 D S
3 164 1 0 R S
3 165 1 0 R S
3 166 1 0 D S
3 167 1 0 D S
3 168 1 0 L S
3 169 1 0 L S
3 170 1 0 U S
3 171 1 0 U U
3 172 1 0 D U
3 173 1 0 U S
3 174 1 0 R S
3 175 1 0 R S
3 176 1 0 U S
3 177 1 0 U S
3 178 1 0 L S
3 179 1 0 L S
3 180 1 0 D S
3 181 1 0 D D
3 182 1 0 U D
3 183 1 0 D S
3 184 1 0 R S
3 185 1 0 R S
3 186 1 0 D S
3 187 1 0 D S
3 188 1 0 L S
3 189 1 0 L S
3 190 1 0 U S
3 191 1 0 U U
3 192 1 0 D U
3 193 1 0 U S
3 194 1 0 R S
3 195 1 0 R S
3 196 1 0 U S
3 197 1 0 U S
3 198 1 0 L S
3 199 1 0 L S
4 0 0 0 D U
4 1 0 0 D U
4 2 0 0 D U
4 3 0 0 D U
4 4 0 0 R U
4 5 0 0 D U
4 6 1 0 L U
4 7 1 0 U U
4 8 1 0 U U
4 9 1 0 R U
4 10 1 0 R U
4 11 1 0 U U
4 12 1 0 R U
4 13 1 0 R U
4 14 1 0 R U
4 15 1 0 R U
4 16 1 0 D U
4 17 1 0 D U
4 18 1 0 R U
4 19 1 0 D U
4 20 1 0 L U
4 21 1 0 L U
4 22 1 0 L U
4 23 1 0 L U
4 24 1 0 L U
4 25 1 0 L U
4 26 2 0 L U
4 27 2 0 D D
4 28 2 0 D R
4 29 2 0 D R
4 30 2 0 D R
4 31 2 0 D R
4 32 2 0 D R
4 33 2 0 D R
4 34 2 0 R R
4 35 2 0 R R
4 36 2 0 R R
4 37 2 0 R R
4 38 2 0 R S
4 39 2 0 R S
4 40 2 0 R S
4 41 2 0 R S
4 42 2 0 U S
4 43 2 0 U U
4 44 2 0 U U
4 45 2 0 U U
4 46 2 0 U U
4 47 2 0 U U
4 48 2 0 U U
4 49 2 0 D U
4 50 2 0 U S
4 51 2 0 L S
4 52 2 0 L S
4 53 2 0 U S
4 54 2 0 U S
4 55 2 0 R S
4 56 2 0 R S
4 57 2 0 D S
4 58 2 0 D D
4 59 2 0 U D
4 60 2 0 D S
4 61 2 0 L S
4 62 2 0 L S
4 63 2 0 D S
4 64 2 0 D S
4 65 2 0 R S
4 66 2 0 R S
4 67 2 0 U S
4 68 2 0 U U
4 69 2 0 D U
4 70 2 0 U S
4 71 2 0 L S
4 72 2 0 L S
4 73 2 0 U S
4 74 2 0 U S
4 75 2 0 R S
4 76 2 0 R S
4 77 2 0 D S
4 78 2 0 D D
4 79 2 0 U D
4 80 2 0 D S
4 81 2 0 L S
4 82 2 0 L S
4 83 2 0 D S
4 84 2 0 D S
4 85 2 0 R S
4 86 2 0 R S
4 87 2 0 U S
4 88 2 0 U U
4 89 2 0 D U
4 90 2 0 U S
4 91 2 0 L S
4 92 2 0 L S
4 93 2 0 U S
4 94 2 0 U S
4 95 2 0 R S
4 96 2 0 R S
4 97 2 0 D S
4 98 2 0 D D
4 99 2 0 U D
4 100 2 0 D S
4 101 2 0 L S
4 102 2 0 L S
4 103 2 0 D S
4 104 2 0 D S
4 105 2 0 R S
4 106 2 0 R S
4 107 2 0 U S
4 108 2 0 U U
4 109 2 0 D U
4 110 2 0 U S
4 111 2 0 L S
4 112 2 0 L S
4 113 2 0 U S
4 114 2 0 U S
4 115 2 0 R S
4 116 2 0 R S
4 117 2 0 D S
4 118 2 0 D D
4 119 2 0 U D
4 120 2 0 D S
4 121 2 0 L S
4 122 2 0 L S
4 123 2 0 D S
4 124 2 0 D S
4 125 2 0 R S
4 126 2 0 R S
4 127 2 0 U S
4 128 2 0 U U
4 129 2 0 D U
4 130 2 0 U S
4 131 2 0 L S
4 132 2 0 L S
4 133 2 0 U S
4 134 2 0 U S
4 135 2 0 R S
4 136 2 0 R S
4 137 2 0 D S
4 138 2 0 D D
4 139 2 0 U D
4 140 2 0 D S
4 141 2 0 L S
4 142 2 0 L S
4 143 2 0 D S
4 144 2 0 D S
4 145 2 0 R S
4 146 2 0 R S
4 147 2 0 U S
4 148 2 0 U U
4 149 2 0 D U
4 150 2 0 U S
4 151 2 0 L S
4 152 2 0 L S
4 153 2 0 U S
4 154 2 0 U S
4 155 2 0 R S
4 156 2 0 R S
4 157 2 0 D S
4 158 2 0 D D
4 159 2 0 U D
4 160 2 0 D S
4 161 2 0 L S
4 162 2 0 L S
4 163 2 0 D S
4 164 2 0 D S
4 165 2 0 R S
4 166 2 0 R S
4 167 2 0 U S
4 168 2 0 U U
4 169 2 0 D U
4 170 2 0 U S
4 171 2 0 L S
4 172 2 0 L S
4 173 2 0 U S
4 174 2 0 U S
4 175 2 0 R S
4 176 2 0 R S
4 177 2 0 D S
4 178 2 0 D D
4 179 2 0 U D
4 180 2 0 D S
4 181 2 0 L S
4 182 2 0 L S
4 183 2 0 D S
4 184 2 0 D S
4 185 2 0 R S
4 186 2 0 R S
4 187 2 0 U S
4 188 2 0 U U
4 189 2 0 D U
4 190 2 0 U S
4 191 2 0 L S
4 192 2 0 L S
4 193 2 0 U S
4 194 2 0 U S
4 195 2 0 R S
4 196 2 0 R S
4 197 2 0 D S
4 198 2 0 D D
4 199 2 0 U D
5 0 0 0 U U
5 1 0 0 U U
5 2 0 0 U U
5 3 0 0 U U
5 4 0 0 U U
5 5 0 0 U U
5 6 0 0 U U
5 7 0 0 U U
5 8 0 0 U U
5 9 0 0 U U
5 10 0 0 U U
5 11 0 0 U U
5 12 0 0 R U
5 13 0 0 R L
5 14 0 0 R U
5 15 0 0 R S
5 16 0 0 R S
5 17 0 0 R S
5 18 0 0 R S
5 19 0 0 R S
5 20 0 0 R S
5 21 0 0 D S
5 22 0 0 D S
5 23 0 0 D S
5 24 0 0 R S
5 25 0 0 D S
5 26 0 0 L S
5 27 0 0 L S
5 28 1 0 L S
5 29 1 0 D S
5 30 1 0 D S
5 31 1 0 D S
5 32 1 0 R S
5 33 1 0 R S
5 34 1 0 R S
5 35 1 0 R S
5 36 1 0 R S
5 37 1 0 R S
5 38 1 0 U S
5 39 1 0 U S
5 40 1 0 R S
5 41 1 0 U S
5 42 1 0 L S
5 43 1 0 L S
5 44 1 0 L S
5 45 1 0 L S
5 46 1 0 L S
5 47 1 0 L S
5 48 2 0 L S
5 49 2 0 S S
5 50 2 0 S S
5 51 2 0 S S
5 52 2 0 S S
5 53 2 0 S S
5 54 2 0 S S
5 55 2 0 S S
5 56 2 0 S S
5 57 2 0 S S
5 58 2 0 S S
5 59 2 0 S S
5 60 2 0 S S
5 61 2 0 S S
5 62 2 0 S S
5 63 2 0 S S
5 64 2 0 S S
5 65 2 0 S S
5 66 2 0 S S
5 67 2 0 S S
5 68 2 0 S S
5 69 2 0 S S
5 70 2 0 S S
5 71 2 0 S S
5 72 2 0 S S
5 73 2 0 S S
5 74 2 0 S S
5 75 2 0 S S
5 76 2 0 S S
5 77 2 0 S S
5 78 2 0 S S
5 79 2 0 S S
5 80 2 0 S S
5 81 2 0 S S
5 82 2 0 S S
5 83 2 0 S S
5 84 2 0 S S
5 85 2 0 S S
5 86 2 0 S S
5 87 2 0 S S
5 88 2 0 S S
5 89 2 0 S S
5 90 2 0 S S
5 91 2 0 S S
5 92 2 0 S S
5 93 2 0 S S
5 94 2 0 S S
5 95 2 0 S S
5 96 2 0 S S
5 97 2 0 S S
5 98 2 0 S S
5 99 2 0 S S
5 100 2 0 S S
5 101 2 0 S S
5 102 2 0 S S
5 103 2 0 S S
5 104 2 0 S S
5 105 2 0 S S
5 106 2 0 S S
5 107 2 0 S S
5 108 2 0 S S
5 109 2 0 S S
5 110 2 0 S S
5 111 2 0 S S
5 112 2 0 S S
5 113 2 0 S S
5 114 2 0 S S
5 115 2 0 S S
5 116 2 0 S S
5 117 2 0 S S
5 118 2 0 S S
5 119 2 0 S S
5 120 2 0 S S
5 121 2 0 S S
5 122 2 0 S S
5 123 2 0 S S
5 124 2 0 S S
5 125 2 0 S S
5 126 2 0 S S
5 127 2 0 S S
5 128 2 0 S S
5 129 2 0 S S
5 130 2 0 S S
5 131 2 0 S S
5 132 2 0 S S
5 133 2 0 S S
5 134 2 0 S S
5 135 2 0 S S
5 136 2 0 S S
5 137 2 0 S S
5 138 2 0 S S
5 139 2 0 S S
5 140 2 0 S S
5 141 2 0 S S
5 142 2 0 S S
5 143 2 0 S S
5 144 2 0 S S
5 145 2 0 S S
5 146 2 0 S S
5 147 2 0 S S
5 148 2 0 S S
5 149 2 0 S S
5 150 2 0 S S
5 151 2 0 S S
5 152 2 0 S S
5 153 2 0 S S
5 154 2 0 S S
5 155 2 0 S S
5 156 2 0 S S
5 157 2 0 S S
5 158 2 0 S S
5 159 2 0 S S
5 160 2 0 S S
5 161 2 0 S S
5 162 2 0 S S
5 163 2 0 S S
5 164 2 0 S S
5 165 2 0 S S
5 166 2 0 S S
5 167 2 0 S S
5 168 2 0 S S
5 169 2 0 S S
5 170 2 0 S S
5 171 2 0 S S
5 172 2 0 S S
5 173 2 0 S S
5 174 2 0 S S
5 175 2 0 S S
5 176 2 0 S S
5 177 2 0 S S
5 178 2 0 S S
5 179 2 0 S S
5 180 2 0 S S
5 181 2 0 S S
5 182 2 0 S S
5 183 2 0 S S
5 184 2 0 S S
5 185 2 0 S S
5 186 2 0 S S
5 187 2 0 S S
5 188 2 0 S S
5 189 2 0 S S
5 190 2 0 S S
5 191 2 0 S S
5 192 2 0 S S
5 193 2 0 S S
5 194 2 0 S S
5 195 2 0 S S
5 196 2 0 S S
5 197 2 0 S S
5 198 2 0 S S
5 199 2 0 S S
6 0 0 0 D U
6 1 0 0 D U
6 2 0 0 D U
6 3 0 0 D U
6 4 0 0 D U
6 5 0 0 D R
6 6 0 0 D R
6 7 0 0 D R
6 8 0 0 L S
6 9 0 0 L S
6 10 0 0 L S
6 11 0 0 L S
6 12 1 0 U S
6 13 1 0 U S
6 14 1 0 U S
6 15 1 0 U S
6 16 1 0 U S
6 17 1 0 U S
6 18 1 0 U S
6 19 1 0 U S
6 20 1 0 U S
6 21 1 0 U S
6 22 1 0 U S
6 23 1 0 U S
6 24 1 0 U S
6 25 1 0 U S
6 26 1 0 U S
6 27 1 0 U S
6 28 1 0 U S
6 29 1 0 U S
6 30 1 0 U S
6 31 1 0 U S
6 32 1 0 U S
6 33 1 0 U S
6 34 1 0 U S
6 35 1 0 U S
6 36 1 0 U S
6 37 1 0 U S
6 38 1 0 U S
6 39 1 0 U S
6 40 1 0 U S
6 41 1 0 U S
6 42 1 0 U S
6 43 1 0 U S
6 44 1 0 U S
6 45 1 0 U S
6 46 1 0 U S
6 47 1 0 U S
6 48 1 0 U S
6 49 1 0 U S
6 50 1 0 U S
6 51 1 0 U S
6 52 1 0 U S
6 53 1 0 U S
6 54 1 0 U S
6 55 1 0 U S
6 56 1 0 U S
6 57 1 0 U S
6 58 1 0 U S
6 59 1 0 U S
6 60 1 0 U S
6 61 1 0 U S
6 62 1 0 U S
6 63 1 0 U S
6 64 1 0 U S
6 65 1 0 U S
6 66 1 0 U S
6 67 1 0 U S
6 68 1 0 U S
6 69 1 0 U S
6 70 1 0 U S
6 71 1 0 U S
6 72 1 0 U S
6 73 1 0 U S
6 74 1 0 U S
6 75 1 0 U S
6 76 1 0 U S
6 77 1 0 U S
6 78 1 0 U S
6 79 1 0 U S
6 80 1 0 U S
6 81 1 0 U S
6 82 1 0 U S
6 83 1 0 U S
6 84 1 0 U S
6 85 1 0 U S
6 86 1 0 U S
6 87 1 0 U S
6 88 1 0 U S
6 89 1 0 U S
6 90 1 0 U S
6 91 1 0 U S
6 92 1 0 U S
6 93 1 0 U S
6 94 1 0 U S
6 95 1 0 U S
6 96 1 0 U S
6 97 1 0 U S
6 98 1 0 U S
6 99 1 0 U S
6 100 1 0 U S
6 101 1 0 U S
6 102 1 0 U S
6 103 1 0 U S
6 104 1 0 U S
6 105 1 0 U S
6 106 1 0 U S
6 107 1 0 U S
6 108 1 0 U S
6 109 1 0 U S
6 110 1 0 U S
6 111 1 0 U S
6 112 1 0 U S
6 113 1 0 U S
6 114 1 0 U S
6 115 1 0 U S
6 116 1 0 U S
6 117 1 0 U S
6 118 1 0 U S
6 119 1 0 U S
6 120 1 0 U S
6 121 1 0 U S
6 122 1 0 U S
6 123 1 0 U S
6 124 1 0 U S
6 125 1 0 U S
6 126 1 0 U S
6 127 1 0 U S
6 128 1 0 U S
6 129 1 0 U S
6 130 1 0 U S
6 131 1 0 U S
6 132 1 0 U S
6 133 1 0 U S
6 134 1 0 U S
6 135 1 0 U S
6 136 1 0 U S
6 137 1 0 U S
6 138 1 0 U S
6 139 1 0 U S
6 140 1 0 U S
6 141 1 0 U S
6 142 1 0 U S
6 143 1 0 U S
6 144 1 0 U S
6 145 1 0 U S
6 146 1 0 U S
6 147 1 0 U S
6 148 1 0 U S
6 149 1 0 U S
6 150 1 0 U S
6 151 1 0 U S
6 152 1 0 U S
6 153 1 0 U S
6 154 1 0 U S
6 155 1 0 U S
6 156 1 0 U S
6 157 1 0 U S
6 158 1 0 U S
6 159 1 0 U S
6 160 1 0 U S
6 161 1 0 U S
6 162 1 0 U S
6 163 1 0 U S
6 164 1 0 U S
6 165 1 0 U S
6 166 1 0 U S
6 167 1 0 U S
6 168 1 0 U S
6 169 1 0 U S
6 170 1 0 U S
6 171 1 0 U S
6 172 1 0 U S
6 173 1 0 U S
6 174 1 0 U S
6 175 1 0 U S
6 176 1 0 U S
6 177 1 0 U S
6 178 1 0 U S
6 179 1 0 U S
6 180 1 0 U S
6 181 1 0 U S
6 182 1 0 U S
6 183 1 0 U S
6 184 1 0 U S
6 185 1 0 U S
6 186 1 0 U S
6 187 1 0 U S
6 188 1 0 U S
6 189 1 0 U S
6 190 1 0 U S
6 191 1 0 U S
6 192 1 0 U S
6 193 1 0 U S
6 194 1 0 U S
6 195 1 0 U S
6 196 1 0 U S
6 197 1 0 U S
6 198 1 0 U S
6 199 1 0 U S
7 0 0 0 U U
7 1 0 0 U U
7 2 0 0 U L
7 3 0 0 U L
7 4 0 0 U L
7 5 0 0 U L
7 6 0 0 U L
7 7 0 0 U L
7 8 0 0 U L
7 9 0 0 U L
7 10 0 0 D S
7 11 0 0 D S
7 12 0 0 D S
7 13 0 0 R S
7 14 0 0 R S
7 15 0 0 R S
7 16 0 0 R S
7 17 0 0 R S
7 18 0 0 R S
7 19 0 0 D S
7 20 0 0 R S
7 21 0 0 D S
7 22 0 0 L S
7 23 0 0 L S
7 24 0 0 L S
7 25 0 0 L S
7 26 0 0 L S
7 27 0 0 L S
7 28 0 0 L S
7 29 0 0 L S
7 30 0 0 L S
7 31 1 0 L S
7 32 1 0 D S
7 33 1 0 D S
7 34 1 0 D S
7 35 1 0 D S
7 36 1 0 D S
7 37 1 0 D S
7 38 1 0 R S
7 39 1 0 R S
7 40 1 0 R S
7 41 1 0 R S
7 42 1 0 R S
7 43 1 0 R S
7 44 1 0 R S
7 45 1 0 U S
7 46 1 0 U S
7 47 1 0 U S
7 48 1 0 U S
7 49 1 0 U S
7 50 1 0 R S
7 51 1 0 U S
7 52 1 0 L S
7 53 1 0 L S
7 54 1 0 L S
7 55 1 0 L S
7 56 1 0 L S
7 57 1 0 L S
7 58 1 0 L S
7 59 2 0 L S
7 60 2 0 U S
7 61 2 0 U S
7 62 2 0 U S
7 63 2 0 U S
7 64 2 0 U S
7 65 2 0 U S
7 66 2 0 U S
7 67 2 0 U S
7 68 2 0 R S
7 69 2 0 R S
7 70 2 0 S S
7 71 2 0 S S
7 72 2 0 S S
7 73 2 0 S S
7 74 2 0 S S
7 75 2 0 S S
7 76 2 0 S S
7 77 2 0 S S
7 78 2 0 S S
7 79 2 0 S S
7 80 2 0 S S
7 81 2 0 S S
7 82 2 0 S S
7 83 2 0 S S
7 84 2 0 S S
7 85 2 0 S S
7 86 2 0 S S
7 87 2 0 S S
7 88 2 0 S S
7 89 2 0 S S
7 90 2 0 S S
7 91 2 0 S S
7 92 2 0 S S
7 93 2 0 S S
7 94 2 0 S S
7 95 2 0 S S
7 96 2 0 S S
7 97 2 0 S S
7 98 2 0 S S
7 99 2 0 S S
7 100 2 0 S S
7 101 2 0 S S
7 102 2 0 S S
7 103 2 0 S S
7 104 2 0 S S
7 105 2 0 S S
7 106 2 0 S S
7 107 2 0 S S
7 108 2 0 S S
7 109 2 0 S S
7 110 2 0 S S
7 111 2 0 S S
7 112 2 0 S S
7 113 2 0 S S
7 114 2 0 S S
7 115 2 0 S S
7 116 2 0 S S
7 117 2 0 S S
7 118 2 0 S S
7 119 2 0 S S
7 120 2 0 S S
7 121 2 0 S S
7 122 2 0 S S
7 123 2 0 S S
7 124 2 0 S S
7 125 2 0 S S
7 126 2 0 S S
7 127 2 0 S S
7 128 2 0 S S
7 129 2 0 S S
7 130 2 0 S S
7 131 2 0 S S
7 132 2 0 S S
7 133 2 0 S S
7 134 2 0 S S
7 135 2 0 S S
7 136 2 0 S S
7 137 2 0 S S
7 138 2 0 S S
7 139 2 0 S S
7 140 2 0 S S
7 141 2 0 S S
7 142 2 0 S S
7 143 2 0 S S
7 144 2 0 S S
7 145 2 0 S S
7 146 2 0 S S
7 147 2 0 S S
7 148 2 0 S S
7 149 2 0 S S
7 150 2 0 S S
7 151 2 0 S S
7 152 2 0 S S
7 153 2 0 S S
7 154 2 0 S S
7 155 2 0 S S
7 156 2 0 S S
7 157 2 0 S S
7 158 2 0 S S
7 159 2 0 S S
7 160 2 0 S S
7 161 2 0 S S
7 162 2 0 S S
7 163 2 0 S S
7 164 2 0 S S
7 165 2 0 S S
7 166 2 0 S S
7 167 2 0 S S
7 168 2 0 S S
7 169 2 0 S S
7 170 2 0 S S
7 171 2 0 S S
7 172 2 0 S S
7 173 2 0 S S
7 174 2 0 S S
7 175 2 0 S S
7 176 2 0 S S
7 177 2 0 S S
7 178 2 0 S S
7 179 2 0 S S
7 180 2 0 S S
7 181 2 0 S S
7 182 2 0 S S
7 183 2 0 S S
7 184 2 0 S S
7 185 2 0 S S
7 186 2 0 S S
7 187 2 0 S S
7 188 2 0 S S
7 189 2 0 S S
7 190 2 0 S S
7 191 2 0 S S
7 192 2 0 S S
7 193 2 0 S S
7 194 2 0 S S
7 195 2 0 S S
7 196 2 0 S S
7 197 2 0 S S
7 198 2 0 S S
7 199 2 0 S S
8 0 0 0 U U
8 1 0 0 L U
8 2 0 0 L U
8 3 0 0 L U
8 4 0 0 L U
8 5 0 0 L U
8 6 0 0 L U
8 7 0 0 U U
8 8 0 0 L U
8 9 0 0 U U
8 10 1 0 R R
8 11 1 0 U R
8 12 1 0 U R
8 13 1 0 R S
8 14 1 0 R R
8 15 1 0 R R
8 16 1 0 R R
8 17 1 0 U R
8 18 1 0 R R
8 19 1 0 D R
8 20 1 0 D R
8 21 1 0 D R
8 22 1 0 D R
8 23 1 0 D R
8 24 1 0 D R
8 25 1 0 D R
8 26 1 0 D R
8 27 1 0 D R
8 28 1 0 D R
8 29 1 0 D R
8 30 1 0 D R
8 31 1 0 D R
8 32 1 0 D R
8 33 1 0 D R
8 34 1 0 D R
8 35 1 0 D R
8 36 1 0 D R
8 37 1 0 D R
8 38 1 0 D R
8 39 1 0 D R
8 40 1 0 D R
8 41 1 0 D R
8 42 1 0 D R
8 43 1 0 D R
8 44 1 0 D R
8 45 1 0 D R
8 46 1 0 D R
8 47 1 0 D R
8 48 1 0 D R
8 49 1 0 D R
8 50 1 0 D R
8 51 1 0 D R
8 52 1 0 D R
8 53 1 0 D R
8 54 1 0 D R
8 55 1 0 D R
8 56 1 0 D R
8 57 1 0 D R
8 58 1 0 D R
8 59 1 0 D R
8 60 1 0 D R
8 61 1 0 D R
8 62 1 0 D R
8 63 1 0 D R
8 64 1 0 D R
8 65 1 0 D R
8 66 1 0 D R
8 67 1 0 D R
8 68 1 0 D R
8 69 1 0 D R
8 70 1 0 D R
8 71 1 0 D R
8 72 1 0 D R
8 73 1 0 D R
8 74 1 0 D R
8 75 1 0 D R
8 76 1 0 D R
8 77 1 0 D R
8 78 1 0 D R
8 79 1 0 D R
8 80 1 0 D R
8 81 1 0 D R
8 82 1 0 D R
8 83 1 0 D R
8 84 1 0 D R
8 85 1 0 D R
8 86 1 0 D R
8 87 1 0 D R
8 88 1 0 D R
8 89 1 0 D R
8 90 1 0 D R
8 91 1 0 D R
8 92 1 0 D R
8 93 1 0 D R
8 94 1 0 D R
8 95 1 0 D R
8 96 1 0 D R
8 97 1 0 D R
8 98 1 0 D R
8 99 1 0 D R
8 100 1 0 D R
8 101 1 0 D R
8 102 1 0 D R
8 103 1 0 D R
8 104 1 0 D R
8 105 1 0 D R
8 106 1 0 D R
8 107 1 0 D R
8 108 1 0 D R
8 109 1 0 D R
8 110 1 0 D R
8 111 1 0 D R
8 112 1 0 D R
8 113 1 0 D R
8 114 1 0 D R
8 115 1 0 D R
8 116 1 0 D R
8 117 1 0 D R
8 118 1 0 D R
8 119 1 0 D R
8 120 1 0 D R
8 121 1 0 D R
8 122 1 0 D R
8 123 1 0 D R
8 124 1 0 D R
8 125 1 0 D R
8 126 1 0 D R
8 127 1 0 D R
8 128 1 0 D R
8 129 1 0 D R
8 130 1 0 D R
8 131 1 0 D R
8 132 1 0 D R
8 133 1 0 D R
8 134 1 0 D R
8 135 1 0 D R
8 136 1 0 D R
8 137 1 0 D R
8 138 1 0 D R
8 139 1 0 D R
8 140 1 0 D R
8 141 1 0 D R
8 142 1 0 D R
8 143 1 0 D R
8 144 1 0 D R
8 145 1 0 D R
8 146 1 0 D R
8 147 1 0 D R
8 148 1 0 D R
8 149 1 0 D R
8 150 1 0 D R
8 151 1 0 D R
8 152 1 0 D R
8 153 1 0 D R
8 154 1 0 D R
8 155 1 0 D R
8 156 1 0 D R
8 157 1 0 D R
8 158 1 0 D R
8 159 1 0 D R
8 160 1 0 D R
8 161 1 0 D R
8 162 1 0 D R
8 163 1 0 D R
8 164 1 0 D R
8 165 1 0 D R
8 166 1 0 D R
8 167 1 0 D R
8 168 1 0 D R
8 169 1 0 D R
8 170 1 0 D R
8 171 1 0 D R
8 172 1 0 D R
8 173 1 0 D R
8 174 1 0 D R
8 175 1 0 D R
8 176 1 0 D R
8 177 1 0 D R
8 178 1 0 D R
8 179 1 0 D R
8 180 1 0 D R
8 181 1 0 D R
8 182 1 0 D R
8 183 1 0 D R
8 184 1 0 D R
8 185 1 0 D R
8 186 1 0 D R
8 187 1 0 D R
8 188 1 0 D R
8 189 1 0 D R
8 190 1 0 D R
8 191 1 0 D R
8 192 1 0 D R
8 193 1 0 D R
8 194 1 0 D R
8 195 1 0 D R
8 196 1 0 D R
8 197 1 0 D R
8 198 1 0 D R
8 199 1 0 D R
9 0 0 0 U U
9 1 0 0 L L
9 2 0 0 L L
9 3 0 0 L L
9 4 0 0 L L
9 5 0 0 L L
9 6 0 0 L U
9 7 0 0 L L
9 8 0 0 L L
9 9 0 0 L L
9 10 0 0 L L
9 11 0 0 L S
9 12 0 0 L S
9 13 0 0 L S
9 14 0 0 D S
9 15 0 0 D D
9 16 0 0 D D
9 17 0 0 L D
9 18 0 0 R S
9 19 0 0 D S
9 20 0 0 D D
9 21 0 0 D D
9 22 0 0 D D
9 23 0 0 L D
9 24 0 0 R S
9 25 0 0 D S
9 26 0 0 L D
9 27 0 0 D S
9 28 0 0 D S
9 29 0 0 R S
9 30 0 0 U S
9 31 0 0 L U
9 32 0 0 R S
9 33 0 0 U S
9 34 0 0 L U
9 35 0 0 U S
9 36 0 0 U S
9 37 0 0 R S
9 38 0 0 D S
9 39 0 0 L D
9 40 0 0 R S
9 41 0 0 D S
9 42 0 0 L D
9 43 0 0 D S
9 44 0 0 D S
9 45 0 0 R S
9 46 0 0 U S
9 47 0 0 L U
9 48 0 0 R S
9 49 0 0 U S
9 50 0 0 L U
9 51 0 0 U S
9 52 0 0 U S
9 53 0 0 R S
9 54 0 0 D S
9 55 0 0 L D
9 56 0 0 R S
9 57 0 0 D S
9 58 0 0 L D
9 59 0 0 D S
9 60 0 0 D S
9 61 0 0 R S
9 62 0 0 U S
9 63 0 0 L U
9 64 0 0 R S
9 65 0 0 U S
9 66 0 0 L U
9 67 0 0 U S
9 68 0 0 U S
9 69 0 0 R S
9 70 0 0 D S
9 71 0 0 L D
9 72 0 0 R S
9 73 0 0 D S
9 74 0 0 L D
9 75 0 0 D S
9 76 0 0 D S
9 77 0 0 R S
9 78 0 0 U S
9 79 0 0 L U
9 80 0 0 R S
9 81 0 0 U S
9 82 0 0 L U
9 83 0 0 U S
9 84 0 0 U S
9 85 0 0 R S
9 86 0 0 D S
9 87 0 0 L D
9 88 0 0 R S
9 89 0 0 D S
9 90 0 0 L D
9 91 0 0 D S
9 92 0 0 D S
9 93 0 0 R S
9 94 0 0 U S
9 95 0 0 L U
9 96 0 0 R S
9 97 0 0 U S
9 98 0 0 L U
9 99 0 0 U S
9 100 0 0 U S
9 101 0 0 R S
9 102 0 0 D S
9 103 0 0 L D
9 104 0 0 R S
9 105 0 0 D S
9 106 0 0 L D
9 107 0 0 D S
9 108 0 0 D S
9 109 0 0 R S
9 110 0 0 U S
9 111 0 0 L U
9 112 0 0 R S
9 113 0 0 U S
9 114 0 0 L U
9 115 0 0 U S
9 116 0 0 U S
9 117 0 0 R S
9 118 0 0 D S
9 119 0 0 L D
9 120 0 0 R S
9 121 0 0 D S
9 122 0 0 L D
9 123 0 0 D S
9 124 0 0 D S
9 125 0 0 R S
9 126 0 0 U S
9 127 0 0 L U
9 128 0 0 R S
9 129 0 0 U S
9 130 0 0 L U
9 131 0 0 U S
9 132 0 0 U S
9 133 0 0 R S
9 134 0 0 D S
9 135 0 0 L D
9 136 0 0 R S
9 137 0 0 D S
9 138 0 0 L D
9 139 0 0 D S
9 140 0 0 D S
9 141 0 0 R S
9 142 0 0 U S
9 143 0 0 L U
9 144 0 0 R S
9 145 0 0 U S
9 146 0 0 L U
9 147 0 0 U S
9 148 0 0 U S
9 149 0 0 R S
9 150 0 0 D S
9 151 0 0 L D
9 152 0 0 R S
9 153 0 0 D S
9 154 0 0 L D
9 155 0 0 D S
9 156 0 0 D S
9 157 0 0 R S
9 158 0 0 U S
9 159 0 0 L U
9 160 0 0 R S
9 161 0 0 U S
9 162 0 0 L U
9 163 0 0 U S
9 164 0 0 U S
9 165 0 0 R S
9 166 0 0 D S
9 167 0 0 L D
9 168 0 0 R S
9 169 0 0 D S
9 170 0 0 L D
9 171 0 0 D S
9 172 0 0 D S
9 173 0 0 R S
9 174 0 0 U S
9 175 0 0 L U
9 176 0 0 R S
9 177 0 0 U S
9 178 0 0 L U
9 179 0 0 U S
9 180 0 0 U S
9 181 0 0 R S
9 182 0 0 D S
9 183 0 0 L D
9 184 0 0 R S
9 185 0 0 D S
9 186 0 0 L D
9 187 0 0 D S
9 188 0 0 D S
9 189 0 0 R S
9 190 0 0 U S
9 191 0 0 L U
9 192 0 0 R S
9 193 0 0 U S
9 194 0 0 L U
9 195 0 0 U S
9 196 0 0 U S
9 197 0 0 R S
9 198 0 0 D S
9 199 0 0 L D
10 0 0 0 U U
10 1 0 0 U L
10 2 0 0 U L
10 3 0 0 U L
10 4 0 0 U L
10 5 0 0 U L
10 6 0 0 U L
10 7 0 0 U S
10 8 0 0 L S
10 9 0 0 L S
10 10 0 0 L S
10 11 0 0 L S
10 12 0 0 U S
10 13 0 0 L S
10 14 0 0 U S
10 15 0 0 R S
10 16 0 0 R S
10 17 1 0 R S
10 18 1 0 U S
10 19 1 0 U S
10 20 1 0 U S
10 21 1 0 L S
10 22 1 0 U S
10 23 1 0 U S
10 24 1 0 R S
10 25 1 0 D S
10 26 1 0 D D
10 27 1 0 D D
10 28 1 0 D D
10 29 1 0 L D
10 30 1 0 D D
10 31 2 0 R D
10 32 2 0 D D
10 33 2 0 D D
10 34 2 0 R D
10 35 2 0 R D
10 36 2 0 R D
10 37 2 0 R D
10 38 2 0 R D
10 39 2 0 D D
10 40 2 0 R D
10 41 2 0 D D
10 42 2 0 L D
10 43 2 0 L D
10 44 2 0 L D
10 45 2 0 L D
10 46 2 0 L D
10 47 3 0 L D
10 48 3 0 S U
10 49 3 0 S U
10 50 3 0 S U
10 51 3 0 S U
10 52 3 0 S D
10 53 3 0 S U
10 54 3 0 S D
10 55 3 0 S U
10 56 3 0 S D
10 57 3 0 S U
10 58 3 0 S D
10 59 3 0 S U
10 60 3 0 S D
10 61 3 0 S U
10 62 3 0 S D
10 63 3 0 S U
10 64 3 0 S D
10 65 3 0 S U
10 66 3 0 S D
10 67 3 0 S U
10 68 3 0 S D
10 69 3 0 S U
10 70 3 0 S D
10 71 3 0 S U
10 72 3 0 S D
10 73 3 0 S U
10 74 3 0 S D
10 75 3 0 S U
10 76 3 0 S D
10 77 3 0 S U
10 78 3 0 S D
10 79 3 0 S U
10 80 3 0 S D
10 81 3 0 S U
10 82 3 0 S D
10 83 3 0 S U
10 84 3 0 S D
10 85 3 0 S U
10 86 3 0 S D
10 87 3 0 S U
10 88 3 0 S D
10 89 3 0 S U
10 90 3 0 S D
10 91 3 0 S U
10 92 3 0 S D
10 93 3 0 S U
10 94 3 0 S D
10 95 3 0 S U
10 96 3 0 S D
10 97 3 0 S U
10 98 3 0 S D
10 99 3 0 S U
10 100 3 0 S D
10 101 3 0 S U
10 102 3 0 S D
10 103 3 0 S U
10 104 3 0 S D
10 105 3 0 S U
10 106 3 0 S D
10 107 3 0 S U
10 108 3 0 S D
10 109 3 0 S U
10 110 3 0 S D
10 111 3 0 S U
10 112 3 0 S D
10 113 3 0 S U
10 114 3 0 S D
10 115 3 0 S U
10 116 3 0 S D
10 117 3 0 S U
10 118 3 0 S D
10 119 3 0 S U
10 120 3 0 S D
10 121 3 0 S U
10 122 3 0 S D
10 123 3 0 S U
10 124 3 0 S D
10 125 3 0 S U
10 126 3 0 S D
10 127 3 0 S U
10 128 3 0 S D
10 129 3 0 S U
10 130 3 0 S D
10 131 3 0 S U
10 132 3 0 S D
10 133 3 0 S U
10 134 3 0 S D
10 135 3 0 S U
10 136 3 0 S D
10 137 3 0 S U
10 138 3 0 S D
10 139 3 0 S U
10 140 3 0 S D
10 141 3 0 S U
10 142 3 0 S D
10 143 3 0 S U
10 144 3 0 S D
10 145 3 0 S U
10 146 3 0 S D
10 147 3 0 S U
10 148 3 0 S D
10 149 3 0 S U
10 150 3 0 S D
10 151 3 0 S U
10 152 3 0 S D
10 153 3 0 S U
10 154 3 0 S D
10 155 3 0 S U
10 156 3 0 S D
10 157 3 0 S U
10 158 3 0 S D
10 159 3 0 S U
10 160 3 0 S D
10 161 3 0 S U
10 162 3 0 S D
10 163 3 0 S U
10 164 3 0 S D
10 165 3 0 S U
10 166 3 0 S D
10 167 3 0 S U
10 168 3 0 S D
10 169 3 0 S U
10 170 3 0 S D
10 171 3 0 S U
10 172 3 0 S D
10 173 3 0 S U
10 174 3 0 S D
10 175 3 0 S U
10 176 3 0 S D
10 177 3 0 S U
10 178 3 0 S D
10 179 3 0 S U
10 180 3 0 S D
10 181 3 0 S U
10 182 3 0 S D
10 183 3 0 S U
10 184 3 0 S D
10 185 3 0 S U
10 186 3 0 S D
10 187 3 0 S U
10 188 3 0 S D
10 189 3 0 S U
10 190 3 0 S D
10 191 3 0 S U
10 192 3 0 S D
10 193 3 0 S U
10 194 3 0 S D
10 195 3 0 S U
10 196 3 0 S D
10 197 3 0 S U
10 198 3 0 S D
10 199 3 0 S U
11 0 0 0 D U
11 1 0 0 L U
11 2 0 0 L R
11 3 0 0 U R
11 4 0 0 U R
11 5 0 0 U R
11 6 0 0 U R
11 7 0 0 L R
11 8 0 0 U R
11 9 0 0 R R
11 10 1 0 R S
11 11 1 0 U S
11 12 1 0 U S
11 13 1 0 U S
11 14 1 0 U S
11 15 1 0 U S
11 16 1 0 U S
11 17 1 0 R S
11 18 1 0 R S
11 19 1 0 R S
11 20 1 0 R S
11 21 1 0 R S
11 22 1 0 R S
11 23 1 0 U S
11 24 1 0 R S
11 25 1 0 R S
11 26 1 0 U S
11 27 1 0 L S
11 28 1 0 L S
11 29 1 0 L S
11 30 1 0 L S
11 31 1 0 U S
11 32 1 0 L S
11 33 1 0 D S
11 34 1 0 D S
11 35 1 0 D S
11 36 2 0 D S
11 37 2 0 U S
11 38 2 0 U S
11 39 2 0 U S
11 40 2 0 U S
11 41 2 0 R S
11 42 2 0 R S
11 43 2 0 R S
11 44 2 0 S S
11 45 2 0 S S
11 46 2 0 S S
11 47 2 0 S S
11 48 2 0 S S
11 49 2 0 S S
11 50 2 0 S S
11 51 2 0 S S
11 52 2 0 S S
11 53 2 0 S S
11 54 2 0 S S
11 55 2 0 S S
11 56 2 0 S S
11 57 2 0 S S
11 58 2 0 S S
11 59 2 0 S S
11 60 2 0 S S
11 61 2 0 S S
11 62 2 0 S S
11 63 2 0 S S
11 64 2 0 S S
11 65 2 0 S S
11 66 2 0 S S
11 67 2 0 S S
11 68 2 0 S S
11 69 2 0 S S
11 70 2 0 S S
11 71 2 0 S S
11 72 2 0 S S
11 73 2 0 S S
11 74 2 0 S S
11 75 2 0 S S
11 76 2 0 S S
11 77 2 0 S S
11 78 2 0 S S
11 79 2 0 S S
11 80 2 0 S S
11 81 2 0 S S
11 82 2 0 S S
11 83 2 0 S S
11 84 2 0 S S
11 85 2 0 S S
11 86 2 0 S S
11 87 2 0 S S
11 88 2 0 S S
11 89 2 0 S S
11 90 2 0 S S
11 91 2 0 S S
11 92 2 0 S S
11 93 2 0 S S
11 94 2 0 S S
11 95 2 0 S S
11 96 2 0 S S
11 97 2 0 S S
11 98 2 0 S S
11 99 2 0 S S
11 100 2 0 S S
11 101 2 0 S S
11 102 2 0 S S
11 103 2 0 S S
11 104 2 0 S S
11 105 2 0 S S
11 106 2 0 S S
11 107 2 0 S S
11 108 2 0 S S
11 109 2 0 S S
11 110 2 0 S S
11 111 2 0 S S
11 112 2 0 S S
11 113 2 0 S S
11 114 2 0 S S
11 115 2 0 S S
11 116 2 0 S S
11 117 2 0 S S
11 118 2 0 S S
11 119 2 0 S S
11 120 2 0 S S
11 121 2 0 S S
11 122 2 0 S S
11 123 2 0 S S
11 124 2 0 S S
11 125 2 0 S S
11 126 2 0 S S
11 127 2 0 S S
11 128 2 0 S S
11 129 2 0 S S
11 130 2 0 S S
11 131 2 0 S S
11 132 2 0 S S
11 133 2 0 S S
11 134 2 0 S S
11 135 2 0 S S
11 136 2 0 S S
11 137 2 0 S S
11 138 2 0 S S
11 139 2 0 S S
11 140 2 0 S S
11 141 2 0 S S
11 142 2 0 S S
11 143 2 0 S S
11 144 2 0 S S
11 145 2 0 S S
11 146 2 0 S S
11 147 2 0 S S
11 148 2 0 S S
11 149 2 0 S S
11 150 2 0 S S
11 151 2 0 S S
11 152 2 0 S S
11 153 2 0 S S
11 154 2 0 S S
11 155 2 0 S S
11 156 2 0 S S
11 157 2 0 S S
11 158 2 0 S S
11 159 2 0 S S
11 160 2 0 S S
11 161 2 0 S S
11 162 2 0 S S
11 163 2 0 S S
11 164 2 0 S S
11 165 2 0 S S
11 166 2 0 S S
11 167 2 0 S S
11 168 2 0 S S
11 169 2 0 S S
11 170 2 0 S S
11 171 2 0 S S
11 172 2 0 S S
11 173 2 0 S S
11 174 2 0 S S
11 175 2 0 S S
11 176 2 0 S S
11 177 2 0 S S
11 178 2 0 S S
11 179 2 0 S S
11 180 2 0 S S
11 181 2 0 S S
11 182 2 0 S S
11 183 2 0 S S
11 184 2 0 S S
11 185 2 0 S S
11 186 2 0 S S
11 187 2 0 S S
11 188 2 0 S S
11 189 2 0 S S
11 190 2 0 S S
11 191 2 0 S S
11 192 2 0 S S
11 193 2 0 S S
11 194 2 0 S S
11 195 2 0 S S
11 196 2 0 S S
11 197 2 0 S S
11 198 2 0 S S
11 199 2 0 S S
12 0 0 0 U U
12 1 0 0 U U
12 2 0 0 U U
12 3 0 0 U U
12 4 0 0 U U
12 5 0 0 R U
12 6 0 0 R U
12 7 0 0 U U
12 8 0 0 U U
12 9 0 0 L U
12 10 0 0 L U
12 11 0 0 U U
12 12 0 0 L U
12 13 0 0 D U
12 14 0 0 D U
12 15 0 0 D U
12 16 1 0 D U
12 17 1 0 U U
12 18 1 0 R U
12 19 1 0 R U
12 20 1 0 R U
12 21 1 0 R U
12 22 1 0 R U
12 23 1 0 R U
12 24 1 0 R U
12 25 1 0 R U
12 26 1 0 R U
12 27 1 0 D U
12 28 1 0 D U
12 29 1 0 L U
12 30 1 0 L U
12 31 1 0 L U
12 32 1 0 L U
12 33 1 0 L U
12 34 1 0 L U
12 35 1 0 L U
12 36 2 0 L U
12 37 2 0 U U
12 38 2 0 U U
12 39 2 0 R U
12 40 2 0 R U
12 41 2 0 R U
12 42 2 0 R U
12 43 2 0 R U
12 44 2 0 R U
12 45 2 0 R U
12 46 2 0 D U
12 47 2 0 R U
12 48 2 0 D U
12 49 2 0 L U
12 50 2 0 L U
12 51 2 0 L U
12 52 2 0 L U
12 53 2 0 L U
12 54 2 0 L U
12 55 2 0 L U
12 56 3 0 L U
12 57 3 0 S U
12 58 3 0 S U
12 59 3 0 S U
12 60 3 0 S U
12 61 3 0 S U
12 62 3 0 S U
12 63 3 0 S U
12 64 3 0 S U
12 65 3 0 S U
12 66 3 0 S U
12 67 3 0 S U
12 68 3 0 S U
12 69 3 0 S U
12 70 3 0 S U
12 71 3 0 S U
12 72 3 0 S U
12 73 3 0 S U
12 74 3 0 S U
12 75 3 0 S U
12 76 3 0 S U
12 77 3 0 S U
12 78 3 0 S U
12 79 3 0 S U
12 80 3 0 S U
12 81 3 0 S U
12 82 3 0 S U
12 83 3 0 S U
12 84 3 0 S U
12 85 3 0 S U
12 86 3 0 S U
12 87 3 0 S U
12 88 3 0 S U
12 89 3 0 S U
12 90 3 0 S U
12 91 3 0 S U
12 92 3 0 S U
12 93 3 0 S U
12 94 3 0 S U
12 95 3 0 S U
12 96 3 0 S U
12 97 3 0 S U
12 98 3 0 S U
12 99 3 0 S U
12 100 3 0 S U
12 101 3 0 S U
12 102 3 0 S U
12 103 3 0 S U
12 104 3 0 S U
12 105 3 0 S U
12 106 3 0 S U
12 107 3 0 S U
12 108 3 0 S U
12 109 3 0 S U
12 110 3 0 S U
12 111 3 0 S U
12 112 3 0 S U
12 113 3 0 S U
12 114 3 0 S U
12 115 3 0 S U
12 116 3 0 S U
12 117 3 0 S U
12 118 3 0 S U
12 119 3 0 S U
12 120 3 0 S U
12 121 3 0 S U
12 122 3 0 S U
12 123 3 0 S U
12 124 3 0 S U
12 125 3 0 S U
12 126 3 0 S U
12 127 3 0 S U
12 128 3 0 S U
12 129 3 0 S U
12 130 3 0 S U
12 131 3 0 S U
12 132 3 0 S U
12 133 3 0 S U
12 134 3 0 S U
12 135 3 0 S U
12 136 3 0 S U
12 137 3 0 S U
12 138 3 0 S U
12 139 3 0 S U
12 140 3 0 S U
12 141 3 0 S U
12 142 3 0 S U
12 143 3 0 S U
12 144 3 0 S U
12 145 3 0 S U
12 146 3 0 S U
12 147 3 0 S U
12 148 3 0 S U
12 149 3 0 S U
12 150 3 0 S U
12 151 3 0 S U
12 152 3 0 S U
12 153 3 0 S U
12 154 3 0 S U
12 155 3 0 S U
12 156 3 0 S U
12 157 3 0 S U
12 158 3 0 S U
12 159 3 0 S U
12 160 3 0 S U
12 161 3 0 S U
12 162 3 0 S U
12 163 3 0 S U
12 164 3 0 S U
12 165 3 0 S U
12 166 3 0 S U
12 167 3 0 S U
12 168 3 0 S U
12 169 3 0 S U
12 170 3 0 S U
12 171 3 0 S U
12 172 3 0 S U
12 173 3 0 S U
12 174 3 0 S U
12 175 3 0 S U
12 176 3 0 S U
12 177 3 0 S U
12 178 3 0 S U
12 179 3 0 S U
12 180 3 0 S U
12 181 3 0 S U
12 182 3 0 S U
12 183 3 0 S U
12 184 3 0 S U
12 185 3 0 S U
12 186 3 0 S U
12 187 3 0 S U
12 188 3 0 S U
12 189 3 0 S U
12 190 3 0 S U
12 191 3 0 S U
12 192 3 0 S U
12 193 3 0 S U
12 194 3 0 S U
12 195 3 0 S U
12 196 3 0 S U
12 197 3 0 S U
12 198 3 0 S U
12 199 3 0 S U
13 0 0 0 U U
13 1 0 0 U U
13 2 0 0 L U
13 3 0 0 L U
13 4 0 0 L U
13 5 0 0 U U
13 6 0 0 R U
13 7 1 0 R U
13 8 1 0 U U
13 9 1 0 U U
13 10 1 0 U U
13 11 1 0 U U
13 12 1 0 L U
13 13 1 0 U R
13 14 1 0 R S
13 15 1 0 D R
13 16 1 0 L R
13 17 1 0 L R
13 18 1 0 D R
13 19 1 0 D R
13 20 1 0 D R
13 21 1 0 L R
13 22 1 0 D S
13 23 1 0 R S
13 24 1 0 R S
13 25 2 0 R S
13 26 2 0 U S
13 27 2 0 U S
13 28 2 0 U S
13 29 2 0 U S
13 30 2 0 U S
13 31 2 0 R S
13 32 2 0 R S
13 33 2 0 R S
13 34 2 0 R S
13 35 2 0 S S
13 36 2 0 S S
13 37 2 0 S S
13 38 2 0 S S
13 39 2 0 S S
13 40 2 0 S S
13 41 2 0 S S
13 42 2 0 S S
13 43 2 0 S S
13 44 2 0 S S
13 45 2 0 S S
13 46 2 0 S S
13 47 2 0 S S
13 48 2 0 S S
13 49 2 0 S S
13 50 2 0 S S
13 51 2 0 S S
13 52 2 0 S S
13 53 2 0 S S
13 54 2 0 S S
13 55 2 0 S S
13 56 2 0 S S
13 57 2 0 S S
13 58 2 0 S S
13 59 2 0 S S
13 60 2 0 S S
13 61 2 0 S S
13 62 2 0 S S
13 63 2 0 S S
13 64 2 0 S S
13 65 2 0 S S
13 66 2 0 S S
13 67 2 0 S S
13 68 2 0 S S
13 69 2 0 S S
13 70 2 0 S S
13 71 2 0 S S
13 72 2 0 S S
13 73 2 0 S S
13 74 2 0 S S
13 75 2 0 S S
13 76 2 0 S S
13 77 2 0 S S
13 78 2 0 S S
13 79 2 0 S S
13 80 2 0 S S
13 81 2 0 S S
13 82 2 0 S S
13 83 2 0 S S
13 84 2 0 S S
13 85 2 0 S S
13 86 2 0 S S
13 87 2 0 S S
13 88 2 0 S S
13 89 2 0 S S
13 90 2 0 S S
13 91 2 0 S S
13 92 2 0 S S
13 93 2 0 S S
13 94 2 0 S S
13 95 2 0 S S
13 96 2 0 S S
13 97 2 0 S S
13 98 2 0 S S
13 99 2 0 S S
13 100 2 0 S S
13 101 2 0 S S
13 102 2 0 S S
13 103 2 0 S S
13 104 2 0 S S
13 105 2 0 S S
13 106 2 0 S S
13 107 2 0 S S
13 108 2 0 S S
13 109 2 0 S S
13 110 2 0 S S
13 111 2 0 S S
13 112 2 0 S S
13 113 2 0 S S
13 114 2 0 S S
13 115 2 0 S S
13 116 2 0 S S
13 117 2 0 S S
13 118 2 0 S S
13 119 2 0 S S
13 120 2 0 S S
13 121 2 0 S S
13 122 2 0 S S
13 123 2 0 S S
13 124 2 0 S S
13 125 2 0 S S
13 126 2 0 S S
13 127 2 0 S S
13 128 2 0 S S
13 129 2 0 S S
13 130 2 0 S S
13 131 2 0 S S
13 132 2 0 S S
13 133 2 0 S S
13 134 2 0 S S
13 135 2 0 S S
13 136 2 0 S S
13 137 2 0 S S
13 138 2 0 S S
13 139 2 0 S S
13 140 2 0 S S
13 141 2 0 S S
13 142 2 0 S S
13 143 2 0 S S
13 144 2 0 S S
13 145 2 0 S S
13 146 2 0 S S
13 147 2 0 S S
13 148 2 0 S S
13 149 2 0 S S
13 150 2 0 S S
13 151 2 0 S S
13 152 2 0 S S
13 153 2 0 S S
13 154 2 0 S S
13 155 2 0 S S
13 156 2 0 S S
13 157 2 0 S S
13 158 2 0 S S
13 159 2 0 S S
13 160 2 0 S S
13 161 2 0 S S
13 162 2 0 S S
13 163 2 0 S S
13 164 2 0 S S
13 165 2 0 S S
13 166 2 0 S S
13 167 2 0 S S
13 168 2 0 S S
13 169 2 0 S S
13 170 2 0 S S
13 171 2 0 S S
13 172 2 0 S S
13 173 2 0 S S
13 174 2 0 S S
13 175 2 0 S S
13 176 2 0 S S
13 177 2 0 S S
13 178 2 0 S S
13 179 2 0 S S
13 180 2 0 S S
13 181 2 0 S S
13 182 2 0 S S
13 183 2 0 S S
13 184 2 0 S S
13 185 2 0 S S
13 186 2 0 S S
13 187 2 0 S S
13 188 2 0 S S
13 189 2 0 S S
13 190 2 0 S S
13 191 2 0 S S
13 192 2 0 S S
13 193 2 0 S S
13 194 2 0 S S
13 195 2 0 S S
13 196 2 0 S S
13 197 2 0 S S
13 198 2 0 S S
13 199 2 0 S S
14 0 0 0 U U
14 1 0 0 R U
14 2 0 0 U U
14 3 0 0 U U
14 4 1 0 U U
14 5 1 0 U U
14 6 1 0 U S
14 7 1 0 U S
14 8 1 0 U S
14 9 1 0 U S
14 10 1 0 U S
14 11 1 0 U S
14 12 1 0 U S
14 13 1 0 U S
14 14 1 0 U S
14 15 1 0 U S
14 16 1 0 U S
14 17 1 0 U S
14 18 1 0 U S
14 19 1 0 U S
14 20 1 0 U S
14 21 1 0 U S
14 22 1 0 U S
14 23 1 0 U S
14 24 1 0 U S
14 25 1 0 U S
14 26 1 0 U S
14 27 1 0 U S
14 28 1 0 U S
14 29 1 0 U S
14 30 1 0 U S
14 31 1 0 U S
14 32 1 0 U S
14 33 1 0 U S
14 34 1 0 U S
14 35 1 0 U S
14 36 1 0 U S
14 37 1 0 U S
14 38 1 0 U S
14 39 1 0 U S
14 40 1 0 U S
14 41 1 0 U S
14 42 1 0 U S
14 43 1 0 U S
14 44 1 0 U S
14 45 1 0 U S
14 46 1 0 U S
14 47 1 0 U S
14 48 1 0 U S
14 49 1 0 U S
14 50 1 0 U S
14 51 1 0 U S
14 52 1 0 U S
14 53 1 0 U S
14 54 1 0 U S
14 55 1 0 U S
14 56 1 0 U S
14 57 1 0 U S
14 58 1 0 U S
14 59 1 0 U S
14 60 1 0 U S
14 61 1 0 U S
14 62 1 0 U S
14 63 1 0 U S
14 64 1 0 U S
14 65 1 0 U S
14 66 1 0 U S
14 67 1 0 U S
14 68 1 0 U S
14 69 1 0 U S
14 70 1 0 U S
14 71 1 0 U S
14 72 1 0 U S
14 73 1 0 U S
14 74 1 0 U S
14 75 1 0 U S
14 76 1 0 U S
14 77 1 0 U S
14 78 1 0 U S
14 79 1 0 U S
14 80 1 0 U S
14 81 1 0 U S
14 82 1 0 U S
14 83 1 0 U S
14 84 1 0 U S
14 85 1 0 U S
14 86 1 0 U S
14 87 1 0 U S
14 88 1 0 U S
14 89 1 0 U S
14 90 1 0 U S
14 91 1 0 U S
14 92 1 0 U S
14 93 1 0 U S
14 94 1 0 U S
14 95 1 0 U S
14 96 1 0 U S
14 97 1 0 U S
14 98 1 0 U S
14 99 1 0 U S
14 100 1 0 U S
14 101 1 0 U S
14 102 1 0 U S
14 103 1 0 U S
14 104 1 0 U S
14 105 1 0 U S
14 106 1 0 U S
14 107 1 0 U S
14 108 1 0 U S
14 109 1 0 U S
14 110 1 0 U S
14 111 1 0 U S
14 112 1 0 U S
14 113 1 0 U S
14 114 1 0 U S
14 115 1 0 U S
14 116 1 0 U S
14 117 1 0 U S
14 118 1 0 U S
14 119 1 0 U S
14 120 1 0 U S
14 121 1 0 U S
14 122 1 0 U S
14 123 1 0 U S
14 124 1 0 U S
14 125 1 0 U S
14 126 1 0 U S
14 127 1 0 U S
14 128 1 0 U S
14 129 1 0 U S
14 130 1 0 U S
14 131 1 0 U S
14 132 1 0 U S
14 133 1 0 U S
14 134 1 0 U S
14 135 1 0 U S
14 136 1 0 U S
14 137 1 0 U S
14 138 1 0 U S
14 139 1 0 U S
14 140 1 0 U S
14 141 1 0 U S
14 142 1 0 U S
14 143 1 0 U S
14 144 1 0 U S
14 145 1 0 U S
14 146 1 0 U S
14 147 1 0 U S
14 148 1 0 U S
14 149 1 0 U S
14 150 1 0 U S
14 151 1 0 U S
14 152 1 0 U S
14 153 1 0 U S
14 154 1 0 U S
14 155 1 0 U S
14 156 1 0 U S
14 157 1 0 U S
14 158 1 0 U S
14 159 1 0 U S
14 160 1 0 U S
14 161 1 0 U S
14 162 1 0 U S
14 163 1 0 U S
14 164 1 0 U S
14 165 1 0 U S
14 166 1 0 U S
14 167 1 0 U S
14 168 1 0 U S
14 169 1 0 U S
14 170 1 0 U S
14 171 1 0 U S
14 172 1 0 U S
14 173 1 0 U S
14 174 1 0 U S
14 175 1 0 U S
14 176 1 0 U S
14 177 1 0 U S
14 178 1 0 U S
14 179 1 0 U S
14 180 1 0 U S
14 181 1 0 U S
14 182 1 0 U S
14 183 1 0 U S
14 184 1 0 U S
14 185 1 0 U S
14 186 1 0 U S
14 187 1 0 U S
14 188 1 0 U S
14 189 1 0 U S
14 190 1 0 U S
14 191 1 0 U S
14 192 1 0 U S
14 193 1 0 U S
14 194 1 0 U S
14 195 1 0 U S
14 196 1 0 U S
14 197 1 0 U S
14 198 1 0 U S
14 199 1 0 U S
15 0 0 0 U U
15 1 0 0 U U
15 2 0 0 U U
15 3 0 0 U U
15 4 0 0 U U
15 5 0 0 L U
15 6 0 0 U U
15 7 0 0 R U
15 8 1 0 R U
15 9 1 0 U R
15 10 1 0 U R
15 11 1 0 U R
15 12 1 0 U R
15 13 1 0 U R
15 14 1 0 U R
15 15 1 0 U R
15 16 1 0 U R
15 17 1 0 R S
15 18 1 0 R S
15 19 1 0 R S
15 20 1 0 R S
15 21 1 0 R S
15 22 1 0 R S
15 23 1 0 R S
15 24 1 0 R S
15 25 1 0 R S
15 26 1 0 D S
15 27 1 0 D S
15 28 1 0 D S
15 29 1 0 R S
15 30 1 0 D S
15 31 1 0 L S
15 32 1 0 L S
15 33 1 0 L S
15 34 1 0 L S
15 35 1 0 L S
15 36 2 0 L S
15 37 2 0 U S
15 38 2 0 U S
15 39 2 0 U S
15 40 2 0 U S
15 41 2 0 U S
15 42 2 0 R S
15 43 2 0 R S
15 44 2 0 S S
15 45 2 0 S S
15 46 2 0 S S
15 47 2 0 S S
15 48 2 0 S S
15 49 2 0 S S
15 50 2 0 S S
15 51 2 0 S S
15 52 2 0 S S
15 53 2 0 S S
15 54 2 0 S S
15 55 2 0 S S
15 56 2 0 S S
15 57 2 0 S S
15 58 2 0 S S
15 59 2 0 S S
15 60 2 0 S S
15 61 2 0 S S
15 62 2 0 S S
15 63 2 0 S S
15 64 2 0 S S
15 65 2 0 S S
15 66 2 0 S S
15 67 2 0 S S
15 68 2 0 S S
15 69 2 0 S S
15 70 2 0 S S
15 71 2 0 S S
15 72 2 0 S S
15 73 2 0 S S
15 74 2 0 S S
15 75 2 0 S S
15 76 2 0 S S
15 77 2 0 S S
15 78 2 0 S S
15 79 2 0 S S
15 80 2 0 S S
15 81 2 0 S S
15 82 2 0 S S
15 83 2 0 S S
15 84 2 0 S S
15 85 2 0 S S
15 86 2 0 S S
15 87 2 0 S S
15 88 2 0 S S
15 89 2 0 S S
15 90 2 0 S S
15 91 2 0 S S
15 92 2 0 S S
15 93 2 0 S S
15 94 2 0 S S
15 95 2 0 S S
15 96 2 0 S S
15 97 2 0 S S
15 98 2 0 S S
15 99 2 0 S S
15 100 2 0 S S
15 101 2 0 S S
15 102 2 0 S S
15 103 2 0 S S
15 104 2 0 S S
15 105 2 0 S S
15 106 2 0 S S
15 107 2 0 S S
15 108 2 0 S S
15 109 2 0 S S
15 110 2 0 S S
15 111 2 0 S S
15 112 2 0 S S
15 113 2 0 S S
15 114 2 0 S S
15 115 2 0 S S
15 116 2 0 S S
15 117 2 0 S S
15 118 2 0 S S
15 119 2 0 S S
15 120 2 0 S S
15 121 2 0 S S
15 122 2 0 S S
15 123 2 0 S S
15 124 2 0 S S
15 125 2 0 S S
15 126 2 0 S S
15 127 2 0 S S
15 128 2 0 S S
15 129 2 0 S S
15 130 2 0 S S
15 131 2 0 S S
15 132 2 0 S S
15 133 2 0 S S
15 134 2 0 S S
15 135 2 0 S S
15 136 2 0 S S
15 137 2 0 S S
15 138 2 0 S S
15 139 2 0 S S
15 140 2 0 S S
15 141 2 0 S S
15 142 2 0 S S
15 143 2 0 S S
15 144 2 0 S S
15 145 2 0 S S
15 146 2 0 S S
15 147 2 0 S S
15 148 2 0 S S
15 149 2 0 S S
15 150 2 0 S S
15 151 2 0 S S
15 152 2 0 S S
15 153 2 0 S S
15 154 2 0 S S
15 155 2 0 S S
15 156 2 0 S S
15 157 2 0 S S
15 158 2 0 S S
15 159 2 0 S S
15 160 2 0 S S
15 161 2 0 S S
15 162 2 0 S S
15 163 2 0 S S
15 164 2 0 S S
15 165 2 0 S S
15 166 2 0 S S
15 167 2 0 S S
15 168 2 0 S S
15 169 2 0 S S
15 170 2 0 S S
15 171 2 0 S S
15 172 2 0 S S
15 173 2 0 S S
15 174 2 0 S S
15 175 2 0 S S
15 176 2 0 S S
15 177 2 0 S S
15 178 2 0 S S
15 179 2 0 S S
15 180 2 0 S S
15 181 2 0 S S
15 182 2 0 S S
15 183 2 0 S S
15 184 2 0 S S
15 185 2 0 S S
15 186 2 0 S S
15 187 2 0 S S
15 188 2 0 S S
15 189 2 0 S S
15 190 2 0 S S
15 191 2 0 S S
15 192 2 0 S S
15 193 2 0 S S
15 194 2 0 S S
15 195 2 0 S S
15 196 2 0 S S
15 197 2 0 S S
15 198 2 0 S S
15 199 2 0 S S
16 0 0 0 L U
16 1 0 0 L U
16 2 0 0 L U
16 3 0 0 L U
16 4 0 0 L U
16 5 0 0 L U
16 6 0 0 U L
16 7 0 0 U L
16 8 0 0 L L
16 9 0 0 L L
16 10 0 0 D L
16 11 0 0 L S
16 12 0 0 L S
16 13 0 0 L S
16 14 0 0 L S
16 15 0 0 L S
16 16 0 0 D S
16 17 0 0 D D
16 18 0 0 L D
16 19 0 0 R S
16 20 0 0 D S
16 21 0 0 D D
16 22 0 0 D D
16 23 0 0 D D
16 24 0 0 L D
16 25 0 0 R S
16 26 0 0 D S
16 27 0 0 L D
16 28 0 0 D S
16 29 0 0 D S
16 30 0 0 R S
16 31 0 0 U S
16 32 0 0 L U
16 33 0 0 R S
16 34 0 0 U S
16 35 0 0 L U
16 36 0 0 U S
16 37 0 0 U S
16 38 0 0 R S
16 39 0 0 D S
16 40 0 0 L D
16 41 0 0 R S
16 42 0 0 D S
16 43 0 0 L D
16 44 0 0 D S
16 45 0 0 D S
16 46 0 0 R S
16 47 0 0 U S
16 48 0 0 L U
16 49 0 0 R S
16 50 0 0 U S
16 51 0 0 L U
16 52 0 0 U S
16 53 0 0 U S
16 54 0 0 R S
16 55 0 0 D S
16 56 0 0 L D
16 57 0 0 R S
16 58 0 0 D S
16 59 0 0 L D
16 60 0 0 D S
16 61 0 0 D S
16 62 0 0 R S
16 63 0 0 U S
16 64 0 0 L U
16 65 0 0 R S
16 66 0 0 U S
16 67 0 0 L U
16 68 0 0 U S
16 69 0 0 U S
16 70 0 0 R S
16 71 0 0 D S
16 72 0 0 L D
16 73 0 0 R S
16 74 0 0 D S
16 75 0 0 L D
16 76 0 0 D S
16 77 0 0 D S
16 78 0 0 R S
16 79 0 0 U S
16 80 0 0 L U
16 81 0 0 R S
16 82 0 0 U S
16 83 0 0 L U
16 84 0 0 U S
16 85 0 0 U S
16 86 0 0 R S
16 87 0 0 D S
16 88 0 0 L D
16 89 0 0 R S
16 90 0 0 D S
16 91 0 0 L D
16 92 0 0 D S
16 93 0 0 D S
16 94 0 0 R S
16 95 0 0 U S
16 96 0 0 L U
16 97 0 0 R S
16 98 0 0 U S
16 99 0 0 L U
16 100 0 0 U S
16 101 0 0 U S
16 102 0 0 R S
16 103 0 0 D S
16 104 0 0 L D
16 105 0 0 R S
16 106 0 0 D S
16 107 0 0 L D
16 108 0 0 D S
16 109 0 0 D S
16 110 0 0 R S
16 111 0 0 U S
16 112 0 0 L U
16 113 0 0 R S
16 114 0 0 U S
16 115 0 0 L U
16 116 0 0 U S
16 117 0 0 U S
16 118 0 0 R S
16 119 0 0 D S
16 120 0 0 L D
16 121 0 0 R S
16 122 0 0 D S
16 123 0 0 L D
16 124 0 0 D S
16 125 0 0 D S
16 126 0 0 R S
16 127 0 0 U S
16 128 0 0 L U
16 129 0 0 R S
16 130 0 0 U S
16 131 0 0 L U
16 132 0 0 U S
16 133 0 0 U S
16 134 0 0 R S
16 135 0 0 D S
16 136 0 0 L D
16 137 0 0 R S
16 138 0 0 D S
16 139 0 0 L D
16 140 0 0 D S
16 141 0 0 D S
16 142 0 0 R S
16 143 0 0 U S
16 144 0 0 L U
16 145 0 0 R S
16 146 0 0 U S
16 147 0 0 L U
16 148 0 0 U S
16 149 0 0 U S
16 150 0 0 R S
16 151 0 0 D S
16 152 0 0 L D
16 153 0 0 R S
16 154 0 0 D S
16 155 0 0 L D
16 156 0 0 D S
16 157 0 0 D S
16 158 0 0 R S
16 159 0 0 U S
16 160 0 0 L U
16 161 0 0 R S
16 162 0 0 U S
16 163 0 0 L U
16 164 0 0 U S
16 165 0 0 U S
16 166 0 0 R S
16 167 0 0 D S
16 168 0 0 L D
16 169 0 0 R S
16 170 0 0 D S
16 171 0 0 L D
16 172 0 0 D S
16 173 0 0 D S
16 174 0 0 R S
16 175 0 0 U S
16 176 0 0 L U
16 177 0 0 R S
16 178 0 0 U S
16 179 0 0 L U
16 180 0 0 U S
16 181 0 0 U S
16 182 0 0 R S
16 183 0 0 D S
16 184 0 0 L D
16 185 0 0 R S
16 186 0 0 D S
16 187 0 0 L D
16 188 0 0 D S
16 189 0 0 D S
16 190 0 0 R S
16 191 0 0 U S
16 192 0 0 L U
16 193 0 0 R S
16 194 0 0 U S
16 195 0 0 L U
16 196 0 0 U S
16 197 0 0 U S
16 198 0 0 R S
16 199 0 0 D S
17 0 0 0 U U
17 1 0 0 U U
17 2 0 0 U U
17 3 0 0 L U
17 4 0 0 L U
17 5 0 0 U U
17 6 0 0 L U
17 7 0 0 L U
17 8 0 0 L U
17 9 0 0 L U
17 10 0 0 L U
17 11 0 0 L U
17 12 0 0 D U
17 13 0 0 L U
17 14 0 0 D R
17 15 1 0 R R
17 16 1 0 U R
17 17 1 0 R R
17 18 1 0 R R
17 19 1 0 R R
17 20 1 0 R R
17 21 1 0 R R
17 22 1 0 R S
17 23 1 0 R S
17 24 1 0 U S
17 25 1 0 U S
17 26 1 0 R S
17 27 1 0 U S
17 28 1 0 L S
17 29 1 0 L S
17 30 1 0 L S
17 31 2 0 L S
17 32 2 0 U S
17 33 2 0 U S
17 34 2 0 U S
17 35 2 0 U S
17 36 2 0 U S
17 37 2 0 R S
17 38 2 0 R S
17 39 2 0 R S
17 40 2 0 R S
17 41 2 0 D S
17 42 2 0 D D
17 43 2 0 D D
17 44 2 0 D D
17 45 2 0 R D
17 46 2 0 L S
17 47 2 0 D S
17 48 2 0 R D
17 49 2 0 D S
17 50 2 0 D S
17 51 2 0 L S
17 52 2 0 U S
17 53 2 0 R U
17 54 2 0 L S
17 55 2 0 U S
17 56 2 0 R U
17 57 2 0 U S
17 58 2 0 U S
17 59 2 0 L S
17 60 2 0 D S
17 61 2 0 R D
17 62 2 0 L S
17 63 2 0 D S
17 64 2 0 R D
17 65 2 0 D S
17 66 2 0 D S
17 67 2 0 L S
17 68 2 0 U S
17 69 2 0 R U
17 70 2 0 L S
17 71 2 0 U S
17 72 2 0 R U
17 73 2 0 U S
17 74 2 0 U S
17 75 2 0 L S
17 76 2 0 D S
17 77 2 0 R D
17 78 2 0 L S
17 79 2 0 D S
17 80 2 0 R D
17 81 2 0 D S
17 82 2 0 D S
17 83 2 0 L S
17 84 2 0 U S
17 85 2 0 R U
17 86 2 0 L S
17 87 2 0 U S
17 88 2 0 R U
17 89 2 0 U S
17 90 2 0 U S
17 91 2 0 L S
17 92 2 0 D S
17 93 2 0 R D
17 94 2 0 L S
17 95 2 0 D S
17 96 2 0 R D
17 97 2 0 D S
17 98 2 0 D S
17 99 2 0 L S
17 100 2 0 U S
17 101 2 0 R U
17 102 2 0 L S
17 103 2 0 U S
17 104 2 0 R U
17 105 2 0 U S
17 106 2 0 U S
17 107 2 0 L S
17 108 2 0 D S
17 109 2 0 R D
17 110 2 0 L S
17 111 2 0 D S
17 112 2 0 R D
17 113 2 0 D S
17 114 2 0 D S
17 115 2 0 L S
17 116 2 0 U S
17 117 2 0 R U
17 118 2 0 L S
17 119 2 0 U S
17 120 2 0 R U
17 121 2 0 U S
17 122 2 0 U S
17 123 2 0 L S
17 124 2 0 D S
17 125 2 0 R D
17 126 2 0 L S
17 127 2 0 D S
17 128 2 0 R D
17 129 2 0 D S
17 130 2 0 D S
17 131 2 0 L S
17 132 2 0 U S
17 133 2 0 R U
17 134 2 0 L S
17 135 2 0 U S
17 136 2 0 R U
17 137 2 0 U S
17 138 2 0 U S
17 139 2 0 L S
17 140 2 0 D S
17 141 2 0 R D
17 142 2 0 L S
17 143 2 0 D S
17 144 2 0 R D
17 145 2 0 D S
17 146 2 0 D S
17 147 2 0 L S
17 148 2 0 U S
17 149 2 0 R U
17 150 2 0 L S
17 151 2 0 U S
17 152 2 0 R U
17 153 2 0 U S
17 154 2 0 U S
17 155 2 0 L S
17 156 2 0 D S
17 157 2 0 R D
17 158 2 0 L S
17 159 2 0 D S
17 160 2 0 R D
17 161 2 0 D S
17 162 2 0 D S
17 163 2 0 L S
17 164 2 0 U S
17 165 2 0 R U
17 166 2 0 L S
17 167 2 0 U S
17 168 2 0 R U
17 169 2 0 U S
17 170 2 0 U S
17 171 2 0 L S
17 172 2 0 D S
17 173 2 0 R D
17 174 2 0 L S
17 175 2 0 D S
17 176 2 0 R D
17 177 2 0 D S
17 178 2 0 D S
17 179 2 0 L S
17 180 2 0 U S
17 181 2 0 R U
17 182 2 0 L S
17 183 2 0 U S
17 184 2 0 R U
17 185 2 0 U S
17 186 2 0 U S
17 187 2 0 L S
17 188 2 0 D S
17 189 2 0 R D
17 190 2 0 L S
17 191 2 0 D S
17 192 2 0 R D
17 193 2 0 D S
17 194 2 0 D S
17 195 2 0 L S
17 196 2 0 U S
17 197 2 0 R U
17 198 2 0 L S
17 199 2 0 U S
18 0 0 0 D D
18 1 0 0 L D
18 2 0 0 L D
18 3 0 0 L D
18 4 0 0 L D
18 5 0 0 D D
18 6 0 0 R D
18 7 0 0 R D
18 8 0 0 R D
18 9 0 0 R D
18 10 0 0 R D
18 11 0 0 R D
18 12 0 0 R D
18 13 0 0 R D
18 14 0 0 R D
18 15 0 0 R D
18 16 0 0 R D
18 17 0 0 R D
18 18 0 0 R D
18 19 0 0 R D
18 20 0 0 R D
18 21 0 0 R D
18 22 0 0 R D
18 23 0 0 R D
18 24 0 0 R D
18 25 0 0 R D
18 26 0 0 R D
18 27 0 0 R D
18 28 0 0 R D
18 29 0 0 R D
18 30 0 0 R D
18 31 0 0 R D
18 32 0 0 R D
18 33 0 0 R D
18 34 0 0 R D
18 35 0 0 R D
18 36 0 0 R D
18 37 0 0 R D
18 38 0 0 R D
18 39 0 0 R D
18 40 0 0 R D
18 41 0 0 R D
18 42 0 0 R D
18 43 0 0 R D
18 44 0 0 R D
18 45 0 0 R D
18 46 0 0 R D
18 47 0 0 R D
18 48 0 0 R D
18 49 0 0 R D
18 50 0 0 R D
18 51 0 0 R D
18 52 0 0 R D
18 53 0 0 R D
18 54 0 0 R D
18 55 0 0 R D
18 56 0 0 R D
18 57 0 0 R D
18 58 0 0 R D
18 59 0 0 R D
18 60 0 0 R D
18 61 0 0 R D
18 62 0 0 R D
18 63 0 0 R D
18 64 0 0 R D
18 65 0 0 R D
18 66 0 0 R D
18 67 0 0 R D
18 68 0 0 R D
18 69 0 0 R D
18 70 0 0 R D
18 71 0 0 R D
18 72 0 0 R D
18 73 0 0 R D
18 74 0 0 R D
18 75 0 0 R D
18 76 0 0 R D
18 77 0 0 R D
18 78 0 0 R D
18 79 0 0 R D
18 80 0 0 R D
18 81 0 0 R D
18 82 0 0 R D
18 83 0 0 R D
18 84 0 0 R D
18 85 0 0 R D
18 86 0 0 R D
18 87 0 0 R D
18 88 0 0 R D
18 89 0 0 R D
18 90 0 0 R D
18 91 0 0 R D
18 92 0 0 R D
18 93 0 0 R D
18 94 0 0 R D
18 95 0 0 R D
18 96 0 0 R D
18 97 0 0 R D
18 98 0 0 R D
18 99 0 0 R D
18 100 0 0 R D
18 101 0 0 R D
18 102 0 0 R D
18 103 0 0 R D
18 104 0 0 R D
18 105 0 0 R D
18 106 0 0 R D
18 107 0 0 R D
18 108 0 0 R D
18 109 0 0 R D
18 110 0 0 R D
18 111 0 0 R D
18 112 0 0 R D
18 113 0 0 R D
18 114 0 0 R D
18 115 0 0 R D
18 116 0 0 R D
18 117 0 0 R D
18 118 0 0 R D
18 119 0 0 R D
18 120 0 0 R D
18 121 0 0 R D
18 122 0 0 R D
18 123 0 0 R D
18 124 0 0 R D
18 125 0 0 R D
18 126 0 0 R D
18 127 0 0 R D
18 128 0 0 R D
18 129 0 0 R D
18 130 0 0 R D
18 131 0 0 R D
18 132 0 0 R D
18 133 0 0 R D
18 134 0 0 R D
18 135 0 0 R D
18 136 0 0 R D
18 137 0 0 R D
18 138 0 0 R D
18 139 0 0 R D
18 140 0 0 R D
18 141 0 0 R D
18 142 0 0 R D
18 143 0 0 R D
18 144 0 0 R D
18 145 0 0 R D
18 146 0 0 R D
18 147 0 0 R D
18 148 0 0 R D
18 149 0 0 R D
18 150 0 0 R D
18 151 0 0 R D
18 152 0 0 R D
18 153 0 0 R D
18 154 0 0 R D
18 155 0 0 R D
18 156 0 0 R D
18 157 0 0 R D
18 158 0 0 R D
18 159 0 0 R D
18 160 0 0 R D
18 161 0 0 R D
18 162 0 0 R D
18 163 0 0 R D
18 164 0 0 R D
18 165 0 0 R D
18 166 0 0 R D
18 167 0 0 R D
18 168 0 0 R D
18 169 0 0 R D
18 170 0 0 R D
18 171 0 0 R D
18 172 0 0 R D
18 173 0 0 R D
18 174 0 0 R D
18 175 0 0 R D
18 176 0 0 R D
18 177 0 0 R D
18 178 0 0 R D
18 179 0 0 R D
18 180 0 0 R D
18 181 0 0 R D
18 182 0 0 R D
18 183 0 0 R D
18 184 0 0 R D
18 185 0 0 R D
18 186 0 0 R D
18 187 0 0 R D
18 188 0 0 R D
18 189 0 0 R D
18 190 0 0 R D
18 191 0 0 R D
18 192 0 0 R D
18 193 0 0 R D
18 194 0 0 R D
18 195 0 0 R D
18 196 0 0 R D
18 197 0 0 R D
18 198 0 0 R D
18 199 0 0 R D
19 0 0 0 U U
19 1 0 0 R U
19 2 0 0 R U
19 3 0 0 R U
19 4 0 0 R U
19 5 0 0 R U
19 6 0 0 R U
19 7 0 0 R U
19 8 0 0 R U
19 9 0 0 U U
19 10 0 0 L U
19 11 0 0 L U
19 12 0 0 L U
19 13 0 0 L U
19 14 0 0 L U
19 15 0 0 L U
19 16 0 0 L U
19 17 1 0 L U
19 18 1 0 D D
19 19 1 0 D D
19 20 1 0 D D
19 21 1 0 D D
19 22 1 0 D D
19 23 1 0 D D
19 24 1 0 D D
19 25 1 0 D R
19 26 1 0 D R
19 27 1 0 D R
19 28 1 0 D R
19 29 1 0 D R
19 30 1 0 D R
19 31 1 0 D R
19 32 1 0 D R
19 33 1 0 D R
19 34 1 0 D R
19 35 1 0 D R
19 36 1 0 D R
19 37 1 0 D R
19 38 1 0 D R
19 39 1 0 D R
19 40 1 0 D R
19 41 1 0 D R
19 42 1 0 D R
19 43 1 0 D R
19 44 1 0 D R
19 45 1 0 D R
19 46 1 0 D R
19 47 1 0 D R
19 48 1 0 D R
19 49 1 0 D R
19 50 1 0 D R
19 51 1 0 D R
19 52 1 0 D R
19 53 1 0 D R
19 54 1 0 D R
19 55 1 0 D R
19 56 1 0 D R
19 57 1 0 D R
19 58 1 0 D R
19 59 1 0 D R
19 60 1 0 D R
19 61 1 0 D R
19 62 1 0 D R
19 63 1 0 D R
19 64 1 0 D R
19 65 1 0 D R
19 66 1 0 D R
19 67 1 0 D R
19 68 1 0 D R
19 69 1 0 D R
19 70 1 0 D R
19 71 1 0 D R
19 72 1 0 D R
19 73 1 0 D R
19 74 1 0 D R
19 75 1 0 D R
19 76 1 0 D R
19 77 1 0 D R
19 78 1 0 D R
19 79 1 0 D R
19 80 1 0 D R
19 81 1 0 D R
19 82 1 0 D R
19 83 1 0 D R
19 84 1 0 D R
19 85 1 0 D R
19 86 1 0 D R
19 87 1 0 D R
19 88 1 0 D R
19 89 1 0 D R
19 90 1 0 D R
19 91 1 0 D R
19 92 1 0 D R
19 93 1 0 D R
19 94 1 0 D R
19 95 1 0 D R
19 96 1 0 D R
19 97 1 0 D R
19 98 1 0 D R
19 99 1 0 D R
19 100 1 0 D R
19 101 1 0 D R
19 102 1 0 D R
19 103 1 0 D R
19 104 1 0 D R
19 105 1 0 D R
19 106 1 0 D R
19 107 1 0 D R
19 108 1 0 D R
19 109 1 0 D R
19 110 1 0 D R
19 111 1 0 D R
19 112 1 0 D R
19 113 1 0 D R
19 114 1 0 D R
19 115 1 0 D R
19 116 1 0 D R
19 117 1 0 D R
19 118 1 0 D R
19 119 1 0 D R
19 120 1 0 D R
19 121 1 0 D R
19 122 1 0 D R
19 123 1 0 D R
19 124 1 0 D R
19 125 1 0 D R
19 126 1 0 D R
19 127 1 0 D R
19 128 1 0 D R
19 129 1 0 D R
19 130 1 0 D R
19 131 1 0 D R
19 132 1 0 D R
19 133 1 0 D R
19 134 1 0 D R
19 135 1 0 D R
19 136 1 0 D R
19 137 1 0 D R
19 138 1 0 D R
19 139 1 0 D R
19 140 1 0 D R
19 141 1 0 D R
19 142 1 0 D R
19 143 1 0 D R
19 144 1 0 D R
19 145 1 0 D R
19 146 1 0 D R
19 147 1 0 D R
19 148 1 0 D R
19 149 1 0 D R
19 150 1 0 D R
19 151 1 0 D R
19 152 1 0 D R
19 153 1 0 D R
19 154 1 0 D R
19 155 1 0 D R
19 156 1 0 D R
19 157 1 0 D R
19 158 1 0 D R
19 159 1 0 D R
19 160 1 0 D R
19 161 1 0 D R
19 162 1 0 D R
19 163 1 0 D R
19 164 1 0 D R
19 165 1 0 D R
19 166 1 0 D R
19 167 1 0 D R
19 168 1 0 D R
19 169 1 0 D R
19 170 1 0 D R
19 171 1 0 D R
19 172 1 0 D R
19 173 1 0 D R
19 174 1 0 D R
19 175 1 0 D R
19 176 1 0 D R
19 177 1 0 D R
19 178 1 0 D R
19 179 1 0 D R
19 180 1 0 D R
19 181 1 0 D R
19 182 1 0 D R
19 183 1 0 D R
19 184 1 0 D R
19 185 1 0 D R
19 186 1 0 D R
19 187 1 0 D R
19 188 1 0 D R
19 189 1 0 D R
19 190 1 0 D R
19 191 1 0 D R
19 192 1 0 D R
19 193 1 0 D R
19 194 1 0 D R
19 195 1 0 D R
19 196 1 0 D R
19 197 1 0 D R
19 198 1 0 D R
19 199 1 0 D R
20 0 0 0 D U
20 1 0 0 L U
20 2 0 0 D U
20 3 0 0 R U
20 4 0 0 R U
20 5 1 0 R U
20 6 1 0 U U
20 7 1 0 U U
20 8 1 0 U L
20 9 1 0 L L
20 10 1 0 D L
20 11 1 0 D R
20 12 1 0 L R
20 13 1 0 D R
20 14 1 0 R S
20 15 2 0 R S
20 16 2 0 U S
20 17 2 0 U S
20 18 2 0 R S
20 19 2 0 R S
20 20 2 0 R S
20 21 2 0 R S
20 22 2 0 U S
20 23 2 0 R S
20 24 2 0 R S
20 25 2 0 R S
20 26 2 0 R S
20 27 2 0 R S
20 28 2 0 D S
20 29 2 0 D D
20 30 2 0 R D
20 31 2 0 L S
20 32 2 0 D S
20 33 2 0 R D
20 34 2 0 D S
20 35 2 0 D S
20 36 2 0 L S
20 37 2 0 U S
20 38 2 0 R U
20 39 2 0 L S
20 40 2 0 U S
20 41 2 0 R U
20 42 2 0 U S
20 43 2 0 U S
20 44 2 0 L S
20 45 2 0 D S
20 46 2 0 R D
20 47 2 0 L S
20 48 2 0 D S
20 49 2 0 R D
20 50 2 0 D S
20 51 2 0 D S
20 52 2 0 L S
20 53 2 0 U S
20 54 2 0 R U
20 55 2 0 L S
20 56 2 0 U S
20 57 2 0 R U
20 58 2 0 U S
20 59 2 0 U S
20 60 2 0 L S
20 61 2 0 D S
20 62 2 0 R D
20 63 2 0 L S
20 64 2 0 D S
20 65 2 0 R D
20 66 2 0 D S
20 67 2 0 D S
20 68 2 0 L S
20 69 2 0 U S
20 70 2 0 R U
20 71 2 0 L S
20 72 2 0 U S
20 73 2 0 R U
20 74 2 0 U S
20 75 2 0 U S
20 76 2 0 L S
20 77 2 0 D S
20 78 2 0 R D
20 79 2 0 L S
20 80 2 0 D S
20 81 2 0 R D
20 82 2 0 D S
20 83 2 0 D S
20 84 2 0 L S
20 85 2 0 U S
20 86 2 0 R U
20 87 2 0 L S
20 88 2 0 U S
20 89 2 0 R U
20 90 2 0 U S
20 91 2 0 U S
20 92 2 0 L S
20 93 2 0 D S
20 94 2 0 R D
20 95 2 0 L S
20 96 2 0 D S
20 97 2 0 R D
20 98 2 0 D S
20 99 2 0 D S
20 100 2 0 L S
20 101 2 0 U S
20 102 2 0 R U
20 103 2 0 L S
20 104 2 0 U S
20 105 2 0 R U
20 106 2 0 U S
20 107 2 0 U S
20 108 2 0 L S
20 109 2 0 D S
20 110 2 0 R D
20 111 2 0 L S
20 112 2 0 D S
20 113 2 0 R D
20 114 2 0 D S
20 115 2 0 D S
20 116 2 0 L S
20 117 2 0 U S
20 118 2 0 R U
20 119 2 0 L S
20 120 2 0 U S
20 121 2 0 R U
20 122 2 0 U S
20 123 2 0 U S
20 124 2 0 L S
20 125 2 0 D S
20 126 2 0 R D
20 127 2 0 L S
20 128 2 0 D S
20 129 2 0 R D
20 130 2 0 D S
20 131 2 0 D S
20 132 2 0 L S
20 133 2 0 U S
20 134 2 0 R U
20 135 2 0 L S
20 136 2 0 U S
20 137 2 0 R U
20 138 2 0 U S
20 139 2 0 U S
20 140 2 0 L S
20 141 2 0 D S
20 142 2 0 R D
20 143 2 0 L S
20 144 2 0 D S
20 145 2 0 R D
20 146 2 0 D S
20 147 2 0 D S
20 148 2 0 L S
20 149 2 0 U S
20 150 2 0 R U
20 151 2 0 L S
20 152 2 0 U S
20 153 2 0 R U
20 154 2 0 U S
20 155 2 0 U S
20 156 2 0 L S
20 157 2 0 D S
20 158 2 0 R D
20 159 2 0 L S
20 160 2 0 D S
20 161 2 0 R D
20 162 2 0 D S
20 163 2 0 D S
20 164 2 0 L S
20 165 2 0 U S
20 166 2 0 R U
20 167 2 0 L S
20 168 2 0 U S
20 169 2 0 R U
20 170 2 0 U S
20 171 2 0 U S
20 172 2 0 L S
20 173 2 0 D S
20 174 2 0 R D
20 175 2 0 L S
20 176 2 0 D S
20 177 2 0 R D
20 178 2 0 D S
20 179 2 0 D S
20 180 2 0 L S
20 181 2 0 U S
20 182 2 0 R U
20 183 2 0 L S
20 184 2 0 U S
20 185 2 0 R U
20 186 2 0 U S
20 187 2 0 U S
20 188 2 0 L S
20 189 2 0 D S
20 190 2 0 R D
20 191 2 0 L S
20 192 2 0 D S
20 193 2 0 R D
20 194 2 0 D S
20 195 2 0 D S
20 196 2 0 L S
20 197 2 0 U S
20 198 2 0 R U
20 199 2 0 L S
21 0 0 0 L U
21 1 0 0 L U
21 2 0 0 L U
21 3 0 0 D U
21 4 0 0 R U
21 5 0 0 R U
21 6 0 0 R U
21 7 0 0 R L
21 8 1 0 R L
21 9 1 0 D R
21 10 1 0 D R
21 11 1 0 D R
21 12 1 0 D R
21 13 1 0 D R
21 14 1 0 D S
21 15 1 0 D S
21 16 1 0 D S
21 17 1 0 D S
21 18 1 0 R S
21 19 1 0 R S
21 20 1 0 D S
21 21 1 0 L S
21 22 1 0 L S
21 23 1 0 L S
21 24 1 0 U S
21 25 1 0 L S
21 26 1 0 L S
21 27 1 0 D S
21 28 1 0 R S
21 29 1 0 R S
21 30 1 0 U S
21 31 1 0 R S
21 32 1 0 R S
21 33 1 0 D S
21 34 1 0 L S
21 35 1 0 L S
21 36 1 0 U S
21 37 1 0 L S
21 38 1 0 L S
21 39 1 0 D S
21 40 1 0 R S
21 41 1 0 R S
21 42 1 0 U S
21 43 1 0 R S
21 44 1 0 R S
21 45 1 0 D S
21 46 1 0 L S
21 47 1 0 L S
21 48 1 0 U S
21 49 1 0 L S
21 50 1 0 L S
21 51 1 0 D S
21 52 1 0 R S
21 53 1 0 R S
21 54 1 0 U S
21 55 1 0 R S
21 56 1 0 R S
21 57 1 0 D S
21 58 1 0 L S
21 59 1 0 L S
21 60 1 0 U S
21 61 1 0 L S
21 62 1 0 L S
21 63 1 0 D S
21 64 1 0 R S
21 65 1 0 R S
21 66 1 0 U S
21 67 1 0 R S
21 68 1 0 R S
21 69 1 0 D S
21 70 1 0 L S
21 71 1 0 L S
21 72 1 0 U S
21 73 1 0 L S
21 74 1 0 L S
21 75 1 0 D S
21 76 1 0 R S
21 77 1 0 R S
21 78 1 0 U S
21 79 1 0 R S
21 80 1 0 R S
21 81 1 0 D S
21 82 1 0 L S
21 83 1 0 L S
21 84 1 0 U S
21 85 1 0 L S
21 86 1 0 L S
21 87 1 0 D S
21 88 1 0 R S
21 89 1 0 R S
21 90 1 0 U S
21 91 1 0 R S
21 92 1 0 R S
21 93 1 0 D S
21 94 1 0 L S
21 95 1 0 L S
21 96 1 0 U S
21 97 1 0 L S
21 98 1 0 L S
21 99 1 0 D S
21 100 1 0 R S
21 101 1 0 R S
21 102 1 0 U S
21 103 1 0 R S
21 104 1 0 R S
21 105 1 0 D S
21 106 1 0 L S
21 107 1 0 L S
21 108 1 0 U S
21 109 1 0 L S
21 110 1 0 L S
21 111 1 0 D S
21 112 1 0 R S
21 113 1 0 R S
21 114 1 0 U S
21 115 1 0 R S
21 116 1 0 R S
21 117 1 0 D S
21 118 1 0 L S
21 119 1 0 L S
21 120 1 0 U S
21 121 1 0 L S
21 122 1 0 L S
21 123 1 0 D S
21 124 1 0 R S
21 125 1 0 R S
21 126 1 0 U S
21 127 1 0 R S
21 128 1 0 R S
21 129 1 0 D S
21 130 1 0 L S
21 131 1 0 L S
21 132 1 0 U S
21 133 1 0 L S
21 134 1 0 L S
21 135 1 0 D S
21 136 1 0 R S
21 137 1 0 R S
21 138 1 0 U S
21 139 1 0 R S
21 140 1 0 R S
21 141 1 0 D S
21 142 1 0 L S
21 143 1 0 L S
21 144 1 0 U S
21 145 1 0 L S
21 146 1 0 L S
21 147 1 0 D S
21 148 1 0 R S
21 149 1 0 R S
21 150 1 0 U S
21 151 1 0 R S
21 152 1 0 R S
21 153 1 0 D S
21 154 1 0 L S
21 155 1 0 L S
21 156 1 0 U S
21 157 1 0 L S
21 158 1 0 L S
21 159 1 0 D S
21 160 1 0 R S
21 161 1 0 R S
21 162 1 0 U S
21 163 1 0 R S
21 164 1 0 R S
21 165 1 0 D S
21 166 1 0 L S
21 167 1 0 L S
21 168 1 0 U S
21 169 1 0 L S
21 170 1 0 L S
21 171 1 0 D S
21 172 1 0 R S
21 173 1 0 R S
21 174 1 0 U S
21 175 1 0 R S
21 176 1 0 R S
21 177 1 0 D S
21 178 1 0 L S
21 179 1 0 L S
21 180 1 0 U S
21 181 1 0 L S
21 182 1 0 L S
21 183 1 0 D S
21 184 1 0 R S
21 185 1 0 R S
21 186 1 0 U S
21 187 1 0 R S
21 188 1 0 R S
21 189 1 0 D S
21 190 1 0 L S
21 191 1 0 L S
21 192 1 0 U S
21 193 1 0 L S
21 194 1 0 L S
21 195 1 0 D S
21 196 1 0 R S
21 197 1 0 R S
21 198 1 0 U S
21 199 1 0 R S
22 0 0 0 R D
22 1 0 0 R L
22 2 0 0 U L
22 3 0 0 U L
22 4 0 0 U L
22 5 0 0 U L
22 6 0 0 U L
22 7 0 0 R L
22 8 0 0 U L
22 9 0 0 L L
22 10 0 0 L L
22 11 0 0 L L
22 12 1 0 L L
22 13 1 0 U S
22 14 1 0 U S
22 15 1 0 U S
22 16 1 0 U S
22 17 1 0 U S
22 18 1 0 U S
22 19 1 0 U S
22 20 1 0 U S
22 21 1 0 U S
22 22 1 0 L S
22 23 1 0 L S
22 24 1 0 L S
22 25 1 0 L S
22 26 1 0 D S
22 27 1 0 D D
22 28 1 0 D D
22 29 1 0 D D
22 30 1 0 L D
22 31 1 0 R S
22 32 1 0 D S
22 33 1 0 D D
22 34 1 0 D D
22 35 1 0 D D
22 36 1 0 L D
22 37 1 0 R S
22 38 1 0 D S
22 39 1 0 L D
22 40 1 0 D S
22 41 1 0 D S
22 42 1 0 R S
22 43 1 0 U S
22 44 1 0 L U
22 45 1 0 R S
22 46 1 0 U S
22 47 1 0 L U
22 48 1 0 U S
22 49 1 0 U S
22 50 1 0 R S
22 51 1 0 D S
22 52 1 0 L D
22 53 1 0 R S
22 54 1 0 D S
22 55 1 0 L D
22 56 1 0 D S
22 57 1 0 D S
22 58 1 0 R S
22 59 1 0 U S
22 60 1 0 L U
22 61 1 0 R S
22 62 1 0 U S
22 63 1 0 L U
22 64 1 0 U S
22 65 1 0 U S
22 66 1 0 R S
22 67 1 0 D S
22 68 1 0 L D
22 69 1 0 R S
22 70 1 0 D S
22 71 1 0 L D
22 72 1 0 D S
22 73 1 0 D S
22 74 1 0 R S
22 75 1 0 U S
22 76 1 0 L U
22 77 1 0 R S
22 78 1 0 U S
22 79 1 0 L U
22 80 1 0 U S
22 81 1 0 U S
22 82 1 0 R S
22 83 1 0 D S
22 84 1 0 L D
22 85 1 0 R S
22 86 1 0 D S
22 87 1 0 L D
22 88 1 0 D S
22 89 1 0 D S
22 90 1 0 R S
22 91 1 0 U S
22 92 1 0 L U
22 93 1 0 R S
22 94 1 0 U S
22 95 1 0 L U
22 96 1 0 U S
22 97 1 0 U S
22 98 1 0 R S
22 99 1 0 D S
22 100 1 0 L D
22 101 1 0 R S
22 102 1 0 D S
22 103 1 0 L D
22 104 1 0 D S
22 105 1 0 D S
22 106 1 0 R S
22 107 1 0 U S
22 108 1 0 L U
22 109 1 0 R S
22 110 1 0 U S
22 111 1 0 L U
22 112 1 0 U S
22 113 1 0 U S
22 114 1 0 R S
22 115 1 0 D S
22 116 1 0 L D
22 117 1 0 R S
22 118 1 0 D S
22 119 1 0 L D
22 120 1 0 D S
22 121 1 0 D S
22 122 1 0 R S
22 123 1 0 U S
22 124 1 0 L U
22 125 1 0 R S
22 126 1 0 U S
22 127 1 0 L U
22 128 1 0 U S
22 129 1 0 U S
22 130 1 0 R S
22 131 1 0 D S
22 132 1 0 L D
22 133 1 0 R S
22 134 1 0 D S
22 135 1 0 L D
22 136 1 0 D S
22 137 1 0 D S
22 138 1 0 R S
22 139 1 0 U S
22 140 1 0 L U
22 141 1 0 R S
22 142 1 0 U S
22 143 1 0 L U
22 144 1 0 U S
22 145 1 0 U S
22 146 1 0 R S
22 147 1 0 D S
22 148 1 0 L D
22 149 1 0 R S
22 150 1 0 D S
22 151 1 0 L D
22 152 1 0 D S
22 153 1 0 D S
22 154 1 0 R S
22 155 1 0 U S
22 156 1 0 L U
22 157 1 0 R S
22 158 1 0 U S
22 159 1 0 L U
22 160 1 0 U S
22 161 1 0 U S
22 162 1 0 R S
22 163 1 0 D S
22 164 1 0 L D
22 165 1 0 R S
22 166 1 0 D S
22 167 1 0 L D
22 168 1 0 D S
22 169 1 0 D S
22 170 1 0 R S
22 171 1 0 U S
22 172 1 0 L U
22 173 1 0 R S
22 174 1 0 U S
22 175 1 0 L U
22 176 1 0 U S
22 177 1 0 U S
22 178 1 0 R S
22 179 1 0 D S
22 180 1 0 L D
22 181 1 0 R S
22 182 1 0 D S
22 183 1 0 L D
22 184 1 0 D S
22 185 1 0 D S
22 186 1 0 R S
22 187 1 0 U S
22 188 1 0 L U
22 189 1 0 R S
22 190 1 0 U S
22 191 1 0 L U
22 192 1 0 U S
22 193 1 0 U S
22 194 1 0 R S
22 195 1 0 D S
22 196 1 0 L D
22 197 1 0 R S
22 198 1 0 D S
22 199 1 0 L D
23 0 0 0 U U
23 1 0 0 U U
23 2 0 0 U U
23 3 0 0 U U
23 4 0 0 U R
23 5 0 0 L R
23 6 0 0 L R
23 7 0 0 L R
23 8 0 0 L R
23 9 0 0 L R
23 10 0 0 L R
23 11 0 0 L R
23 12 0 0 L S
23 13 0 0 U S
23 14 0 0 L S
23 15 0 0 L S
23 16 0 0 D S
23 17 0 0 D S
23 18 0 0 L S
23 19 0 0 D S
23 20 1 0 R S
23 21 1 0 D S
23 22 1 0 D S
23 23 1 0 D S
23 24 1 0 D S
23 25 1 0 D S
23 26 1 0 D S
23 27 1 0 D S
23 28 1 0 D S
23 29 1 0 D S
23 30 1 0 L S
23 31 1 0 L S
23 32 1 0 L S
23 33 1 0 D S
23 34 1 0 R S
23 35 1 0 R S
23 36 1 0 U S
23 37 1 0 R S
23 38 1 0 R S
23 39 1 0 D S
23 40 1 0 L S
23 41 1 0 L S
23 42 1 0 U S
23 43 1 0 L S
23 44 1 0 L S
23 45 1 0 D S
23 46 1 0 R S
23 47 1 0 R S
23 48 1 0 U S
23 49 1 0 R S
23 50 1 0 R S
23 51 1 0 D S
23 52 1 0 L S
23 53 1 0 L S
23 54 1 0 U S
23 55 1 0 L S
23 56 1 0 L S
23 57 1 0 D S
23 58 1 0 R S
23 59 1 0 R S
23 60 1 0 U S
23 61 1 0 R S
23 62 1 0 R S
23 63 1 0 D S
23 64 1 0 L S
23 65 1 0 L S
23 66 1 0 U S
23 67 1 0 L S
23 68 1 0 L S
23 69 1 0 D S
23 70 1 0 R S
23 71 1 0 R S
23 72 1 0 U S
23 73 1 0 R S
23 74 1 0 R S
23 75 1 0 D S
23 76 1 0 L S
23 77 1 0 L S
23 78 1 0 U S
23 79 1 0 L S
23 80 1 0 L S
23 81 1 0 D S
23 82 1 0 R S
23 83 1 0 R S
23 84 1 0 U S
23 85 1 0 R S
23 86 1 0 R S
23 87 1 0 D S
23 88 1 0 L S
23 89 1 0 L S
23 90 1 0 U S
23 91 1 0 L S
23 92 1 0 L S
23 93 1 0 D S
23 94 1 0 R S
23 95 1 0 R S
23 96 1 0 U S
23 97 1 0 R S
23 98 1 0 R S
23 99 1 0 D S
23 100 1 0 L S
23 101 1 0 L S
23 102 1 0 U S
23 103 1 0 L S
23 104 1 0 L S
23 105 1 0 D S
23 106 1 0 R S
23 107 1 0 R S
23 108 1 0 U S
23 109 1 0 R S
23 110 1 0 R S
23 111 1 0 D S
23 112 1 0 L S
23 113 1 0 L S
23 114 1 0 U S
23 115 1 0 L S
23 116 1 0 L S
23 117 1 0 D S
23 118 1 0 R S
23 119 1 0 R S
23 120 1 0 U S
23 121 1 0 R S
23 122 1 0 R S
23 123 1 0 D S
23 124 1 0 L S
23 125 1 0 L S
23 126 1 0 U S
23 127 1 0 L S
23 128 1 0 L S
23 129 1 0 D S
23 130 1 0 R S
23 131 1 0 R S
23 132 1 0 U S
23 133 1 0 R S
23 134 1 0 R S
23 135 1 0 D S
23 136 1 0 L S
23 137 1 0 L S
23 138 1 0 U S
23 139 1 0 L S
23 140 1 0 L S
23 141 1 0 D S
23 142 1 0 R S
23 143 1 0 R S
23 144 1 0 U S
23 145 1 0 R S
23 146 1 0 R S
23 147 1 0 D S
23 148 1 0 L S
23 149 1 0 L S
23 150 1 0 U S
23 151 1 0 L S
23 152 1 0 L S
23 153 1 0 D S
23 154 1 0 R S
23 155 1 0 R S
23 156 1 0 U S
23 157 1 0 R S
23 158 1 0 R S
23 159 1 0 D S
23 160 1 0 L S
23 161 1 0 L S
23 162 1 0 U S
23 163 1 0 L S
23 164 1 0 L S
23 165 1 0 D S
23 166 1 0 R S
23 167 1 0 R S
23 168 1 0 U S
23 169 1 0 R S
23 170 1 0 R S
23 171 1 0 D S
23 172 1 0 L S
23 173 1 0 L S
23 174 1 0 U S
23 175 1 0 L S
23 176 1 0 L S
23 177 1 0 D S
23 178 1 0 R S
23 179 1 0 R S
23 180 1 0 U S
23 181 1 0 R S
23 182 1 0 R S
23 183 1 0 D S
23 184 1 0 L S
23 185 1 0 L S
23 186 1 0 U S
23 187 1 0 L S
23 188 1 0 L S
23 189 1 0 D S
23 190 1 0 R S
23 191 1 0 R S
23 192 1 0 U S
23 193 1 0 R S
23 194 1 0 R S
23 195 1 0 D S
23 196 1 0 L S
23 197 1 0 L S
23 198 1 0 U S
23 199 1 0 L S
24 0 0 0 D D
24 1 0 0 D L
24 2 0 0 D L
24 3 0 0 D L
24 4 0 0 L L
24 5 0 0 L L
24 6 0 0 L L
24 7 0 0 L L
24 8 0 0 L L
24 9 1 0 L S
24 10 1 0 U S
24 11 1 0 U S
24 12 1 0 L S
24 13 1 0 L S
24 14 1 0 L S
24 15 1 0 D S
24 16 1 0 L D
24 17 1 0 R S
24 18 1 0 D S
24 19 1 0 D D
24 20 1 0 D D
24 21 2 0 D D
24 22 2 0 D D
24 23 2 0 D D
24 24 2 0 D D
24 25 2 0 D D
24 26 2 0 D D
24 27 2 0 D D
24 28 2 0 D L
24 29 2 0 D S
24 30 2 0 D S
24 31 2 0 D S
24 32 2 0 D S
24 33 2 0 D S
24 34 2 0 D S
24 35 2 0 D S
24 36 2 0 D S
24 37 2 0 D S
24 38 2 0 D S
24 39 2 0 D S
24 40 2 0 D S
24 41 2 0 D S
24 42 2 0 D S
24 43 2 0 D S
24 44 2 0 D S
24 45 2 0 D S
24 46 2 0 D S
24 47 2 0 D S
24 48 2 0 D S
24 49 2 0 D S
24 50 2 0 D S
24 51 2 0 D S
24 52 2 0 D S
24 53 2 0 D S
24 54 2 0 D S
24 55 2 0 D S
24 56 2 0 D S
24 57 2 0 D S
24 58 2 0 D S
24 59 2 0 D S
24 60 2 0 D S
24 61 2 0 D S
24 62 2 0 D S
24 63 2 0 D S
24 64 2 0 D S
24 65 2 0 D S
24 66 2 0 D S
24 67 2 0 D S
24 68 2 0 D S
24 69 2 0 D S
24 70 2 0 D S
24 71 2 0 D S
24 72 2 0 D S
24 73 2 0 D S
24 74 2 0 D S
24 75 2 0 D S
24 76 2 0 D S
24 77 2 0 D S
24 78 2 0 D S
24 79 2 0 D S
24 80 2 0 D S
24 81 2 0 D S
24 82 2 0 D S
24 83 2 0 D S
24 84 2 0 D S
24 85 2 0 D S
24 86 2 0 D S
24 87 2 0 D S
24 88 2 0 D S
24 89 2 0 D S
24 90 2 0 D S
24 91 2 0 D S
24 92 2 0 D S
24 93 2 0 D S
24 94 2 0 D S
24 95 2 0 D S
24 96 2 0 D S
24 97 2 0 D S
24 98 2 0 D S
24 99 2 0 D S
24 100 2 0 D S
24 101 2 0 D S
24 102 2 0 D S
24 103 2 0 D S
24 104 2 0 D S
24 105 2 0 D S
24 106 2 0 D S
24 107 2 0 D S
24 108 2 0 D S
24 109 2 0 D S
24 110 2 0 D S
24 111 2 0 D S
24 112 2 0 D S
24 113 2 0 D S
24 114 2 0 D S
24 115 2 0 D S
24 116 2 0 D S
24 117 2 0 D S
24 118 2 0 D S
24 119 2 0 D S
24 120 2 0 D S
24 121 2 0 D S
24 122 2 0 D S
24 123 2 0 D S
24 124 2 0 D S
24 125 2 0 D S
24 126 2 0 D S
24 127 2 0 D S
24 128 2 0 D S
24 129 2 0 D S
24 130 2 0 D S
24 131 2 0 D S
24 132 2 0 D S
24 133 2 0 D S
24 134 2 0 D S
24 135 2 0 D S
24 136 2 0 D S
24 137 2 0 D S
24 138 2 0 D S
24 139 2 0 D S
24 140 2 0 D S
24 141 2 0 D S
24 142 2 0 D S
24 143 2 0 D S
24 144 2 0 D S
24 145 2 0 D S
24 146 2 0 D S
24 147 2 0 D S
24 148 2 0 D S
24 149 2 0 D S
24 150 2 0 D S
24 151 2 0 D S
24 152 2 0 D S
24 153 2 0 D S
24 154 2 0 D S
24 155 2 0 D S
24 156 2 0 D S
24 157 2 0 D S
24 158 2 0 D S
24 159 2 0 D S
24 160 2 0 D S
24 161 2 0 D S
24 162 2 0 D S
24 163 2 0 D S
24 164 2 0 D S
24 165 2 0 D S
24 166 2 0 D S
24 167 2 0 D S
24 168 2 0 D S
24 169 2 0 D S
24 170 2 0 D S
24 171 2 0 D S
24 172 2 0 D S
24 173 2 0 D S
24 174 2 0 D S
24 175 2 0 D S
24 176 2 0 D S
24 177 2 0 D S
24 178 2 0 D S
24 179 2 0 D S
24 180 2 0 D S
24 181 2 0 D S
24 182 2 0 D S
24 183 2 0 D S
24 184 2 0 D S
24 185 2 0 D S
24 186 2 0 D S
24 187 2 0 D S
24 188 2 0 D S
24 189 2 0 D S
24 190 2 0 D S
24 191 2 0 D S
24 192 2 0 D S
24 193 2 0 D S
24 194 2 0 D S
24 195 2 0 D S
24 196 2 0 D S
24 197 2 0 D S
24 198 2 0 D S
24 199 2 0 D S
0 0 0 0 U U
0 1 0 0 U U
0 2 0 0 U U
0 3 0 0 U U
0 4 0 0 U U
0 5 0 0 U U
0 6 0 0 U U
0 7 0 0 U U
0 8 0 0 U L
0 9 0 0 U L
0 10 0 0 U L
0 11 0 0 L L
0 12 0 0 L L
0 13 0 0 D L
0 14 0 0 D S
0 15 0 0 D S
0 16 0 0 D S
0 17 0 0 L S
0 18 0 0 D S
0 19 1 0 R S
0 20 1 0 U S
0 21 1 0 U S
0 22 1 0 U S
0 23 1 0 U S
0 24 1 0 L S
0 25 1 0 L S
0 26 1 0 D S
0 27 1 0 D S
0 28 1 0 D S
0 29 1 0 L S
0 30 1 0 D S
0 31 1 0 R S
0 32 1 0 R S
0 33 2 0 R S
0 34 2 0 S S
0 35 2 0 S S
0 36 2 0 S S
0 37 2 0 S S
0 38 2 0 S S
0 39 2 0 S S
0 40 2 0 S S
0 41 2 0 S S
0 42 2 0 S S
0 43 2 0 S S
0 44 2 0 S S
0 45 2 0 S S
0 46 2 0 S S
0 47 2 0 S S
0 48 2 0 S S
0 49 2 0 S S
0 50 2 0 S S
0 51 2 0 S S
0 52 2 0 S S
0 53 2 0 S S
0 54 2 0 S S
0 55 2 0 S S
0 56 2 0 S S
0 57 2 0 S S
0 58 2 0 S S
0 59 2 0 S S
0 60 2 0 S S
0 61 2 0 S S
0 62 2 0 S S
0 63 2 0 S S
0 64 2 0 S S
0 65 2 0 S S
0 66 2 0 S S
0 67 2 0 S S
0 68 2 0 S S
0 69 2 0 S S
0 70 2 0 S S
0 71 2 0 S S
0 72 2 0 S S
0 73 2 0 S S
0 74 2 0 S S
0 75 2 0 S S
0 76 2 0 S S
0 77 2 0 S S
0 78 2 0 S S
0 79 2 0 S S
0 80 2 0 S S
0 81 2 0 S S
0 82 2 0 S S
0 83 2 0 S S
0 84 2 0 S S
0 85 2 0 S S
0 86 2 0 S S
0 87 2 0 S S
0 88 2 0 S S
0 89 2 0 S S
0 90 2 0 S S
0 91 2 0 S S
0 92 2 0 S S
0 93 2 0 S S
0 94 2 0 S S
0 95 2 0 S S
0 96 2 0 S S
0 97 2 0 S S
0 98 2 0 S S
0 99 2 0 S S
0 100 2 0 S S
0 101 2 0 S S
0 102 2 0 S S
0 103 2 0 S S
0 104 2 0 S S
0 105 2 0 S S
0 106 2 0 S S
0 107 2 0 S S
0 108 2 0 S S
0 109 2 0 S S
0 110 2 0 S S
0 111 2 0 S S
0 112 2 0 S S
0 113 2 0 S S
0 114 2 0 S S
0 115 2 0 S S
0 116 2 0 S S
0 117 2 0 S S
0 118 2 0 S S
0 119 2 0 S S
0 120 2 0 S S
0 121 2 0 S S
0 122 2 0 S S
0 123 2 0 S S
0 124 2 0 S S
0 125 2 0 S S
0 126 2 0 S S
0 127 2 0 S S
0 128 2 0 S S
0 129 2 0 S S
0 130 2 0 S S
0 131 2 0 S S
0 132 2 0 S S
0 133 2 0 S S
0 134 2 0 S S
0 135 2 0 S S
0 136 2 0 S S
0 137 2 0 S S
0 138 2 0 S S
0 139 2 0 S S
0 140 2 0 S S
0 141 2 0 S S
0 142 2 0 S S
0 143 2 0 S S
0 144 2 0 S S
0 145 2 0 S S
0 146 2 0 S S
0 147 2 0 S S
0 148 2 0 S S
0 149 2 0 S S
0 150 2 0 S S
0 151 2 0 S S
0 152 2 0 S S
0 153 2 0 S S
0 154 2 0 S S
0 155 2 0 S S
0 156 2 0 S S
0 157 2 0 S S
0 158 2 0 S S
0 159 2 0 S S
0 160 2 0 S S
0 161 2 0 S S
0 162 2 0 S S
0 163 2 0 S S
0 164 2 0 S S
0 165 2 0 S S
0 166 2 0 S S
0 167 2 0 S S
0 168 2 0 S S
0 169 2 0 S S
0 170 2 0 S S
0 171 2 0 S S
0 172 2 0 S S
0 173 2 0 S S
0 174 2 0 S S
0 175 2 0 S S
0 176 2 0 S S
0 177 2 0 S S
0 178 2 0 S S
0 179 2 0 S S
0 180 2 0 S S
0 181 2 0 S S
0 182 2 0 S S
0 183 2 0 S S
0 184 2 0 S S
0 185 2 0 S S
0 186 2 0 S S
0 187 2 0 S S
0 188 2 0 S S
0 189 2 0 S S
0 190 2 0 S S
0 191 2 0 S S
0 192 2 0 S S
0 193 2 0 S S
0 194 2 0 S S
0 195 2 0 S S
0 196 2 0 S S
0 197 2 0 S S
0 198 2 0 S S
0 199 2 0 S S
1 0 0 0 U L
1 1 0 0 U S
1 2 0 0 U S
1 3 0 0 U S
1 4 0 0 U S
1 5 0 0 U S
1 6 0 0 U S
1 7 0 0 U S
1 8 0 0 U S
1 9 0 0 R S
1 10 0 0 R S
1 11 0 0 R S
1 12 0 0 R S
1 13 0 0 R S
1 14 0 0 R S
1 15 0 0 R S
1 16 0 0 R S
1 17 0 0 R S
1 18 0 0 R S
1 19 0 0 U S
1 20 0 0 L U
1 21 0 0 U S
1 22 0 0 U S
1 23 0 0 R S
1 24 0 0 D S
1 25 0 0 U D
1 26 0 0 D S
1 27 0 0 D S
1 28 0 0 L D
1 29 0 0 D S
1 30 0 0 D S
1 31 0 0 R S
1 32 0 0 U S
1 33 0 0 D U
1 34 0 0 U S
1 35 0 0 U S
1 36 0 0 L U
1 37 0 0 U S
1 38 0 0 U S
1 39 0 0 R S
1 40 0 0 D S
1 41 0 0 U D
1 42 0 0 D S
1 43 0 0 D S
1 44 0 0 L D
1 45 0 0 D S
1 46 0 0 D S
1 47 0 0 R S
1 48 0 0 U S
1 49 0 0 D U
1 50 0 0 U S
1 51 0 0 U S
1 52 0 0 L U
1 53 0 0 U S
1 54 0 0 U S
1 55 0 0 R S
1 56 0 0 D S
1 57 0 0 U D
1 58 0 0 D S
1 59 0 0 D S
1 60 0 0 L D
1 61 0 0 D S
1 62 0 0 D S
1 63 0 0 R S
1 64 0 0 U S
1 65 0 0 D U
1 66 0 0 U S
1 67 0 0 U S
1 68 0 0 L U
1 69 0 0 U S
1 70 0 0 U S
1 71 0 0 R S
1 72 0 0 D S
1 73 0 0 U D
1 74 0 0 D S
1 75 0 0 D S
1 76 0 0 L D
1 77 0 0 D S
1 78 0 0 D S
1 79 0 0 R S
1 80 0 0 U S
1 81 0 0 D U
1 82 0 0 U S
1 83 0 0 U S
1 84 0 0 L U
1 85 0 0 U S
1 86 0 0 U S
1 87 0 0 R S
1 88 0 0 D S
1 89 0 0 U D
1 90 0 0 D S
1 91 0 0 D S
1 92 0 0 L D
1 93 0 0 D S
1 94 0 0 D S
1 95 0 0 R S
1 96 0 0 U S
1 97 0 0 D U
1 98 0 0 U S
1 99 0 0 U S
1 100 0 0 L U
1 101 0 0 U S
1 102 0 0 U S
1 103 0 0 R S
1 104 0 0 D S
1 105 0 0 U D
1 106 0 0 D S
1 107 0 0 D S
1 108 0 0 L D
1 109 0 0 D S
1 110 0 0 D S
1 111 0 0 R S
1 112 0 0 U S
1 113 0 0 D U
1 114 0 0 U S
1 115 0 0 U S
1 116 0 0 L U
1 117 0 0 U S
1 118 0 0 U S
1 119 0 0 R S
1 120 0 0 D S
1 121 0 0 U D
1 122 0 0 D S
1 123 0 0 D S
1 124 0 0 L D
1 125 0 0 D S
1 126 0 0 D S
1 127 0 0 R S
1 128 0 0 U S
1 129 0 0 D U
1 130 0 0 U S
1 131 0 0 U S
1 132 0 0 L U
1 133 0 0 U S
1 134 0 0 U S
1 135 0 0 R S
1 136 0 0 D S
1 137 0 0 U D
1 138 0 0 D S
1 139 0 0 D S
1 140 0 0 L D
1 141 0 0 D S
1 142 0 0 D S
1 143 0 0 R S
1 144 0 0 U S
1 145 0 0 D U
1 146 0 0 U S
1 147 0 0 U S
1 148 0 0 L U
1 149 0 0 U S
1 150 0 0 U S
1 151 0 0 R S
1 152 0 0 D S
1 153 0 0 U D
1 154 0 0 D S
1 155 0 0 D S
1 156 0 0 L D
1 157 0 0 D S
1 158 0 0 D S
1 159 0 0 R S
1 160 0 0 U S
1 161 0 0 D U
1 162 0 0 U S
1 163 0 0 U S
1 164 0 0 L U
1 165 0 0 U S
1 166 0 0 U S
1 167 0 0 R S
1 168 0 0 D S
1 169 0 0 U D
1 170 0 0 D S
1 171 0 0 D S
1 172 0 0 L D
1 173 0 0 D S
1 174 0 0 D S
1 175 0 0 R S
1 176 0 0 U S
1 177 0 0 D U
1 178 0 0 U S
1 179 0 0 U S
1 180 0 0 L U
1 181 0 0 U S
1 182 0 0 U S
1 183 0 0 R S
1 184 0 0 D S
1 185 0 0 U D
1 186 0 0 D S
1 187 0 0 D S
1 188 0 0 L D
1 189 0 0 D S
1 190 0 0 D S
1 191 0 0 R S
1 192 0 0 U S
1 193 0 0 D U
1 194 0 0 U S
1 195 0 0 U S
1 196 0 0 L U
1 197 0 0 U S
1 198 0 0 U S
1 199 0 0 R S
2 0 0 0 D U
2 1 0 0 D U
2 2 0 0 D U
2 3 0 0 D U
2 4 0 0 D U
2 5 0 0 D U
2 6 0 0 R U
2 7 0 0 R U
2 8 0 0 R U
2 9 0 0 D U
2 10 0 0 L L
2 11 0 0 L L
2 12 0 0 U L
2 13 0 0 L L
2 14 0 0 L S
2 15 0 0 D S
2 16 0 0 R S
2 17 0 0 R S
2 18 0 0 U S
2 19 0 0 R S
2 20 0 0 R S
2 21 0 0 D S
2 22 0 0 L S
2 23 0 0 L S
2 24 0 0 U S
2 25 0 0 L S
2 26 0 0 L S
2 27 0 0 D S
2 28 0 0 R S
2 29 0 0 R S
2 30 0 0 U S
2 31 0 0 R S
2 32 0 0 R S
2 33 0 0 D S
2 34 0 0 L S
2 35 0 0 L S
2 36 0 0 U S
2 37 0 0 L S
2 38 0 0 L S
2 39 0 0 D S
2 40 0 0 R S
2 41 0 0 R S
2 42 0 0 U S
2 43 0 0 R S
2 44 0 0 R S
2 45 0 0 D S
2 46 0 0 L S
2 47 0 0 L S
2 48 0 0 U S
2 49 0 0 L S
2 50 0 0 L S
2 51 0 0 D S
2 52 0 0 R S
2 53 0 0 R S
2 54 0 0 U S
2 55 0 0 R S
2 56 0 0 R S
2 57 0 0 D S
2 58 0 0 L S
2 59 0 0 L S
2 60 0 0 U S
2 61 0 0 L S
2 62 0 0 L S
2 63 0 0 D S
2 64 0 0 R S
2 65 0 0 R S
2 66 0 0 U S
2 67 0 0 R S
2 68 0 0 R S
2 69 0 0 D S
2 70 0 0 L S
2 71 0 0 L S
2 72 0 0 U S
2 73 0 0 L S
2 74 0 0 L S
2 75 0 0 D S
2 76 0 0 R S
2 77 0 0 R S
2 78 0 0 U S
2 79 0 0 R S
2 80 0 0 R S
2 81 0 0 D S
2 82 0 0 L S
2 83 0 0 L S
2 84 0 0 U S
2 85 0 0 L S
2 86 0 0 L S
2 87 0 0 D S
2 88 0 0 R S
2 89 0 0 R S
2 90 0 0 U S
2 91 0 0 R S
2 92 0 0 R S
2 93 0 0 D S
2 94 0 0 L S
2 95 0 0 L S
2 96 0 0 U S
2 97 0 0 L S
2 98 0 0 L S
2 99 0 0 D S
2 100 0 0 R S
2 101 0 0 R S
2 102 0 0 U S
2 103 0 0 R S
2 104 0 0 R S
2 105 0 0 D S
2 106 0 0 L S
2 107 0 0 L S
2 108 0 0 U S
2 109 0 0 L S
2 110 0 0 L S
2 111 0 0 D S
2 112 0 0 R S
2 113 0 0 R S
2 114 0 0 U S
2 115 0 0 R S
2 116 0 0 R S
2 117 0 0 D S
2 118 0 0 L S
2 119 0 0 L S
2 120 0 0 U S
2 121 0 0 L S
2 122 0 0 L S
2 123 0 0 D S
2 124 0 0 R S
2 125 0 0 R S
2 126 0 0 U S
2 127 0 0 R S
2 128 0 0 R S
2 129 0 0 D S
2 130 0 0 L S
2 131 0 0 L S
2 132 0 0 U S
2 133 0 0 L S
2 134 0 0 L S
2 135 0 0 D S
2 136 0 0 R S
2 137 0 0 R S
2 138 0 0 U S
2 139 0 0 R S
2 140 0 0 R S
2 141 0 0 D S
2 142 0 0 L S
2 143 0 0 L S
2 144 0 0 U S
2 145 0 0 L S
2 146 0 0 L S
2 147 0 0 D S
2 148 0 0 R S
2 149 0 0 R S
2 150 0 0 U S
2 151 0 0 R S
2 152 0 0 R S
2 153 0 0 D S
2 154 0 0 L S
2 155 0 0 L S
2 156 0 0 U S
2 157 0 0 L S
2 158 0 0 L S
2 159 0 0 D S
2 160 0 0 R S
2 161 0 0 R S
2 162 0 0 U S
2 163 0 0 R S
2 164 0 0 R S
2 165 0 0 D S
2 166 0 0 L S
2 167 0 0 L S
2 168 0 0 U S
2 169 0 0 L S
2 170 0 0 L S
2 171 0 0 D S
2 172 0 0 R S
2 173 0 0 R S
2 174 0 0 U S
2 175 0 0 R S
2 176 0 0 R S
2 177 0 0 D S
2 178 0 0 L S
2 179 0 0 L S
2 180 0 0 U S
2 181 0 0 L S
2 182 0 0 L S
2 183 0 0 D S
2 184 0 0 R S
2 185 0 0 R S
2 186 0 0 U S
2 187 0 0 R S
2 188 0 0 R S
2 189 0 0 D S
2 190 0 0 L S
2 191 0 0 L S
2 192 0 0 U S
2 193 0 0 L S
2 194 0 0 L S
2 195 0 0 D S
2 196 0 0 R S
2 197 0 0 R S
2 198 0 0 U S
2 199 0 0 R S
3 0 0 0 D U
3 1 0 0 D R
3 2 0 0 D R
3 3 0 0 D R
3 4 0 0 L R
3 5 0 0 L R
3 6 0 0 L R
3 7 0 0 L R
3 8 0 0 L R
3 9 0 0 L U
3 10 1 0 L R
3 11 1 0 D R
3 12 1 0 D R
3 13 1 0 D R
3 14 1 0 D S
3 15 1 0 D S
3 16 1 0 L S
3 17 1 0 L S
3 18 1 0 L S
3 19 1 0 L S
3 20 1 0 D S
3 21 1 0 R S
3 22 1 0 R S
3 23 1 0 R S
3 24 1 0 U S
3 25 1 0 R S
3 26 1 0 R S
3 27 1 0 D S
3 28 1 0 L S
3 29 1 0 L S
3 30 1 0 U S
3 31 1 0 L S
3 32 1 0 L S
3 33 1 0 D S
3 34 1 0 R S
3 35 1 0 R S
3 36 1 0 U S
3 37 1 0 R S
3 38 1 0 R S
3 39 1 0 D S
3 40 1 0 L S
3 41 1 0 L S
3 42 1 0 U S
3 43 1 0 L S
3 44 1 0 L S
3 45 1 0 D S
3 46 1 0 R S
3 47 1 0 R S
3 48 1 0 U S
3 49 1 0 R S
3 50 1 0 R S
3 51 1 0 D S
3 52 1 0 L S
3 53 1 0 L S
3 54 1 0 U S
3 55 1 0 L S
3 56 1 0 L S
3 57 1 0 D S
3 58 1 0 R S
3 59 1 0 R S
3 60 1 0 U S
3 61 1 0 R S
3 62 1 0 R S
3 63 1 0 D S
3 64 1 0 L S
3 65 1 0 L S
3 66 1 0 U S
3 67 1 0 L S
3 68 1 0 L S
3 69 1 0 D S
3 70 1 0 R S
3 71 1 0 R S
3 72 1 0 U S
3 73 1 0 R S
3 74 1 0 R S
3 75 1 0 D S
3 76 1 0 L S
3 77 1 0 L S
3 78 1 0 U S
3 79 1 0 L S
3 80 1 0 L S
3 81 1 0 D S
3 82 1 0 R S
3 83 1 0 R S
3 84 1 0 U S
3 85 1 0 R S
3 86 1 0 R S
3 87 1 0 D S
3 88 1 0 L S
3 89 1 0 L S
3 90 1 0 U S
3 91 1 0 L S
3 92 1 0 L S
3 93 1 0 D S
3 94 1 0 R S
3 95 1 0 R S
3 96 1 0 U S
3 97 1 0 R S
3 98 1 0 R S
3 99 1 0 D S
3 100 1 0 L S
3 101 1 0 L S
3 102 1 0 U S
3 103 1 0 L S
3 104 1 0 L S
3 105 1 0 D S
3 106 1 0 R S
3 107 1 0 R S
3 108 1 0 U S
3 109 1 0 R S
3 110 1 0 R S
3 111 1 0 D S
3 112 1 0 L S
3 113 1 0 L S
3 114 1 0 U S
3 115 1 0 L S
3 116 1 0 L S
3 117 1 0 D S
3 118 1 0 R S
3 119 1 0 R S
3 120 1 0 U S
3 121 1 0 R S
3 122 1 0 R S
3 123 1 0 D S
3 124 1 0 L S
3 125 1 0 L S
3 126 1 0 U S
3 127 1 0 L S
3 128 1 0 L S
3 129 1 0 D S
3 130 1 0 R S
3 131 1 0 R S
3 132 1 0 U S
3 133 1 0 R S
3 134 1 0 R S
3 135 1 0 D S
3 136 1 0 L S
3 137 1 0 L S
3 138 1 0 U S
3 139 1 0 L S
3 140 1 0 L S
3 141 1 0 D S
3 142 1 0 R S
3 143 1 0 R S
3 144 1 0 U S
3 145 1 0 R S
3 146 1 0 R S
3 147 1 0 D S
3 148 1 0 L S
3 149 1 0 L S
3 150 1 0 U S
3 151 1 0 L S
3 152 1 0 L S
3 153 1 0 D S
3 154 1 0 R S
3 155 1 0 R S
3 156 1 0 U S
3 157 1 0 R S
3 158 1 0 R S
3 159 1 0 D S
3 160 1 0 L S
3 161 1 0 L S
3 162 1 0 U S
3 163 1 0 L S
3 164 1 0 L S
3 165 1 0 D S
3 166 1 0 R S
3 167 1 0 R S
3 168 1 0 U S
3 169 1 0 R S
3 170 1 0 R S
3 171 1 0 D S
3 172 1 0 L S
3 173 1 0 L S
3 174 1 0 U S
3 175 1 0 L S
3 176 1 0 L S
3 177 1 0 D S
3 178 1 0 R S
3 179 1 0 R S
3 180 1 0 U S
3 181 1 0 R S
3 182 1 0 R S
3 183 1 0 D S
3 184 1 0 L S
3 185 1 0 L S
3 186 1 0 U S
3 187 1 0 L S
3 188 1 0 L S
3 189 1 0 D S
3 190 1 0 R S
3 191 1 0 R S
3 192 1 0 U S
3 193 1 0 R S
3 194 1 0 R S
3 195 1 0 D S
3 196 1 0 L S
3 197 1 0 L S
3 198 1 0 U S
3 199 1 0 L S
4 0 0 0 D U
4 1 0 0 D U
4 2 0 0 D U
4 3 0 0 D S
4 4 0 0 D S
4 5 0 0 D S
4 6 0 0 L S
4 7 0 0 L S
4 8 0 0 L S
4 9 0 0 L L
4 10 0 0 U L
4 11 0 0 D S
4 12 0 0 L S
4 13 0 0 U L
4 14 0 0 U S
4 15 0 0 U S
4 16 0 0 U S
4 17 0 0 U S
4 18 0 0 U S
4 19 0 0 U S
4 20 0 0 U S
4 21 0 0 U S
4 22 0 0 U S
4 23 0 0 U S
4 24 0 0 U S
4 25 0 0 U S
4 26 0 0 U S
4 27 0 0 U S
4 28 0 0 U S
4 29 0 0 U S
4 30 0 0 U S
4 31 0 0 U S
4 32 0 0 U S
4 33 0 0 U S
4 34 0 0 U S
4 35 0 0 U S
4 36 0 0 U S
4 37 0 0 U S
4 38 0 0 U S
4 39 0 0 U S
4 40 0 0 U S
4 41 0 0 U S
4 42 0 0 U S
4 43 0 0 U S
4 44 0 0 U S
4 45 0 0 U S
4 46 0 0 U S
4 47 0 0 U S
4 48 0 0 U S
4 49 0 0 U S
4 50 0 0 U S
4 51 0 0 U S
4 52 0 0 U S
4 53 0 0 U S
4 54 0 0 U S
4 55 0 0 U S
4 56 0 0 U S
4 57 0 0 U S
4 58 0 0 U S
4 59 0 0 U S
4 60 0 0 U S
4 61 0 0 U S
4 62 0 0 U S
4 63 0 0 U S
4 64 0 0 U S
4 65 0 0 U S
4 66 0 0 U S
4 67 0 0 U S
4 68 0 0 U S
4 69 0 0 U S
4 70 0 0 U S
4 71 0 0 U S
4 72 0 0 U S
4 73 0 0 U S
4 74 0 0 U S
4 75 0 0 U S
4 76 0 0 U S
4 77 0 0 U S
4 78 0 0 U S
4 79 0 0 U S
4 80 0 0 U S
4 81 0 0 U S
4 82 0 0 U S
4 83 0 0 U S
4 84 0 0 U S
4 85 0 0 U S
4 86 0 0 U S
4 87 0 0 U S
4 88 0 0 U S
4 89 0 0 U S
4 90 0 0 U S
4 91 0 0 U S
4 92 0 0 U S
4 93 0 0 U S
4 94 0 0 U S
4 95 0 0 U S
4 96 0 0 U S
4 97 0 0 U S
4 98 0 0 U S
4 99 0 0 U S
4 100 0 0 U S
4 101 0 0 U S
4 102 0 0 U S
4 103 0 0 U S
4 104 0 0 U S
4 105 0 0 U S
4 106 0 0 U S
4 107 0 0 U S
4 108 0 0 U S
4 109 0 0 U S
4 110 0 0 U S
4 111 0 0 U S
4 112 0 0 U S
4 113 0 0 U S
4 114 0 0 U S
4 115 0 0 U S
4 116 0 0 U S
4 117 0 0 U S
4 118 0 0 U S
4 119 0 0 U S
4 120 0 0 U S
4 121 0 0 U S
4 122 0 0 U S
4 123 0 0 U S
4 124 0 0 U S
4 125 0 0 U S
4 126 0 0 U S
4 127 0 0 U S
4 128 0 0 U S
4 129 0 0 U S
4 130 0 0 U S
4 131 0 0 U S
4 132 0 0 U S
4 133 0 0 U S
4 134 0 0 U S
4 135 0 0 U S
4 136 0 0 U S
4 137 0 0 U S
4 138 0 0 U S
4 139 0 0 U S
4 140 0 0 U S
4 141 0 0 U S
4 142 0 0 U S
4 143 0 0 U S
4 144 0 0 U S
4 145 0 0 U S
4 146 0 0 U S
4 147 0 0 U S
4 148 0 0 U S
4 149 0 0 U S
4 150 0 0 U S
4 151 0 0 U S
4 152 0 0 U S
4 153 0 0 U S
4 154 0 0 U S
4 155 0 0 U S
4 156 0 0 U S
4 157 0 0 U S
4 158 0 0 U S
4 159 0 0 U S
4 160 0 0 U S
4 161 0 0 U S
4 162 0 0 U S
4 163 0 0 U S
4 164 0 0 U S
4 165 0 0 U S
4 166 0 0 U S
4 167 0 0 U S
4 168 0 0 U S
4 169 0 0 U S
4 170 0 0 U S
4 171 0 0 U S
4 172 0 0 U S
4 173 0 0 U S
4 174 0 0 U S
4 175 0 0 U S
4 176 0 0 U S
4 177 0 0 U S
4 178 0 0 U S
4 179 0 0 U S
4 180 0 0 U S
4 181 0 0 U S
4 182 0 0 U S
4 183 0 0 U S
4 184 0 0 U S
4 185 0 0 U S
4 186 0 0 U S
4 187 0 0 U S
4 188 0 0 U S
4 189 0 0 U S
4 190 0 0 U S
4 191 0 0 U S
4 192 0 0 U S
4 193 0 0 U S
4 194 0 0 U S
4 195 0 0 U S
4 196 0 0 U S
4 197 0 0 U S
4 198 0 0 U S
4 199 0 0 U S
5 0 0 0 U U
5 1 0 0 U U
5 2 0 0 U U
5 3 0 0 L U
5 4 0 0 L L
5 5 0 0 L L
5 6 0 0 L L
5 7 0 0 L S
5 8 0 0 L S
5 9 0 0 L S
5 10 0 0 L S
5 11 0 0 U S
5 12 0 0 L S
5 13 0 0 D S
5 14 1 0 D S
5 15 1 0 D S
5 16 1 0 D S
5 17 1 0 D S
5 18 1 0 D S
5 19 1 0 D S
5 20 1 0 D S
5 21 1 0 D S
5 22 1 0 D S
5 23 1 0 D S
5 24 1 0 D S
5 25 1 0 D S
5 26 1 0 D S
5 27 1 0 D S
5 28 1 0 D S
5 29 1 0 D S
5 30 1 0 D S
5 31 1 0 D S
5 32 1 0 D S
5 33 1 0 D S
5 34 1 0 D S
5 35 1 0 D S
5 36 1 0 D S
5 37 1 0 D S
5 38 1 0 D S
5 39 1 0 D S
5 40 1 0 D S
5 41 1 0 D S
5 42 1 0 D S
5 43 1 0 D S
5 44 1 0 D S
5 45 1 0 D S
5 46 1 0 D S
5 47 1 0 D S
5 48 1 0 D S
5 49 1 0 D S
5 50 1 0 D S
5 51 1 0 D S
5 52 1 0 D S
5 53 1 0 D S
5 54 1 0 D S
5 55 1 0 D S
5 56 1 0 D S
5 57 1 0 D S
5 58 1 0 D S
5 59 1 0 D S
5 60 1 0 D S
5 61 1 0 D S
5 62 1 0 D S
5 63 1 0 D S
5 64 1 0 D S
5 65 1 0 D S
5 66 1 0 D S
5 67 1 0 D S
5 68 1 0 D S
5 69 1 0 D S
5 70 1 0 D S
5 71 1 0 D S
5 72 1 0 D S
5 73 1 0 D S
5 74 1 0 D S
5 75 1 0 D S
5 76 1 0 D S
5 77 1 0 D S
5 78 1 0 D S
5 79 1 0 D S
5 80 1 0 D S
5 81 1 0 D S
5 82 1 0 D S
5 83 1 0 D S
5 84 1 0 D S
5 85 1 0 D S
5 86 1 0 D S
5 87 1 0 D S
5 88 1 0 D S
5 89 1 0 D S
5 90 1 0 D S
5 91 1 0 D S
5 92 1 0 D S
5 93 1 0 D S
5 94 1 0 D S
5 95 1 0 D S
5 96 1 0 D S
5 97 1 0 D S
5 98 1 0 D S
5 99 1 0 D S
5 100 1 0 D S
5 101 1 0 D S
5 102 1 0 D S
5 103 1 0 D S
5 104 1 0 D S
5 105 1 0 D S
5 106 1 0 D S
5 107 1 0 D S
5 108 1 0 D S
5 109 1 0 D S
5 110 1 0 D S
5 111 1 0 D S
5 112 1 0 D S
5 113 1 0 D S
5 114 1 0 D S
5 115 1 0 D S
5 116 1 0 D S
5 117 1 0 D S
5 118 1 0 D S
5 119 1 0 D S
5 120 1 0 D S
5 121 1 0 D S
5 122 1 0 D S
5 123 1 0 D S
5 124 1 0 D S
5 125 1 0 D S
5 126 1 0 D S
5 127 1 0 D S
5 128 1 0 D S
5 129 1 0 D S
5 130 1 0 D S
5 131 1 0 D S
5 132 1 0 D S
5 133 1 0 D S
5 134 1 0 D S
5 135 1 0 D S
5 136 1 0 D S
5 137 1 0 D S
5 138 1 0 D S
5 139 1 0 D S
5 140 1 0 D S
5 141 1 0 D S
5 142 1 0 D S
5 143 1 0 D S
5 144 1 0 D S
5 145 1 0 D S
5 146 1 0 D S
5 147 1 0 D S
5 148 1 0 D S
5 149 1 0 D S
5 150 1 0 D S
5 151 1 0 D S
5 152 1 0 D S
5 153 1 0 D S
5 154 1 0 D S
5 155 1 0 D S
5 156 1 0 D S
5 157 1 0 D S
5 158 1 0 D S
5 159 1 0 D S
5 160 1 0 D S
5 161 1 0 D S
5 162 1 0 D S
5 163 1 0 D S
5 164 1 0 D S
5 165 1 0 D S
5 166 1 0 D S
5 167 1 0 D S
5 168 1 0 D S
5 169 1 0 D S
5 170 1 0 D S
5 171 1 0 D S
5 172 1 0 D S
5 173 1 0 D S
5 174 1 0 D S
5 175 1 0 D S
5 176 1 0 D S
5 177 1 0 D S
5 178 1 0 D S
5 179 1 0 D S
5 180 1 0 D S
5 181 1 0 D S
5 182 1 0 D S
5 183 1 0 D S
5 184 1 0 D S
5 185 1 0 D S
5 186 1 0 D S
5 187 1 0 D S
5 188 1 0 D S
5 189 1 0 D S
5 190 1 0 D S
5 191 1 0 D S
5 192 1 0 D S
5 193 1 0 D S
5 194 1 0 D S
5 195 1 0 D S
5 196 1 0 D S
5 197 1 0 D S
5 198 1 0 D S
5 199 1 0 D S
6 0 0 0 D D
6 1 0 0 D D
6 2 0 0 D D
6 3 0 0 L D
6 4 0 0 L D
6 5 0 0 L D
6 6 0 0 L D
6 7 0 0 L D
6 8 0 0 L D
6 9 0 0 L D
6 10 0 0 D D
6 11 0 0 L D
6 12 1 0 U D
6 13 1 0 D D
6 14 1 0 D D
6 15 1 0 D D
6 16 1 0 R D
6 17 1 0 R D
6 18 1 0 U D
6 19 1 0 U D
6 20 1 0 U D
6 21 1 0 R D
6 22 1 0 U D
6 23 1 0 L D
6 24 2 0 L D
6 25 2 0 D D
6 26 2 0 D D
6 27 2 0 D D
6 28 2 0 D D
6 29 2 0 D D
6 30 2 0 L D
6 31 2 0 L D
6 32 2 0 L D
6 33 2 0 L D
6 34 2 0 D D
6 35 2 0 R D
6 36 2 0 R D
6 37 2 0 R D
6 38 2 0 U D
6 39 2 0 R D
6 40 2 0 R D
6 41 2 0 D D
6 42 2 0 L D
6 43 2 0 L D
6 44 2 0 U D
6 45 2 0 L D
6 46 2 0 L D
6 47 2 0 D D
6 48 2 0 R D
6 49 2 0 R D
6 50 2 0 U D
6 51 2 0 R D
6 52 2 0 R D
6 53 2 0 D D
6 54 2 0 L D
6 55 2 0 L D
6 56 2 0 U D
6 57 2 0 L D
6 58 2 0 L D
6 59 2 0 D D
6 60 2 0 R D
6 61 2 0 R D
6 62 2 0 U D
6 63 2 0 R D
6 64 2 0 R D
6 65 2 0 D D
6 66 2 0 L D
6 67 2 0 L D
6 68 2 0 U D
6 69 2 0 L D
6 70 2 0 L D
6 71 2 0 D D
6 72 2 0 R D
6 73 2 0 R D
6 74 2 0 U D
6 75 2 0 R D
6 76 2 0 R D
6 77 2 0 D D
6 78 2 0 L D
6 79 2 0 L D
6 80 2 0 U D
6 81 2 0 L D
6 82 2 0 L D
6 83 2 0 D D
6 84 2 0 R D
6 85 2 0 R D
6 86 2 0 U D
6 87 2 0 R D
6 88 2 0 R D
6 89 2 0 D D
6 90 2 0 L D
6 91 2 0 L D
6 92 2 0 U D
6 93 2 0 L D
6 94 2 0 L D
6 95 2 0 D D
6 96 2 0 R D
6 97 2 0 R D
6 98 2 0 U D
6 99 2 0 R D
6 100 2 0 R D
6 101 2 0 D D
6 102 2 0 L D
6 103 2 0 L D
6 104 2 0 U D
6 105 2 0 L D
6 106 2 0 L D
6 107 2 0 D D
6 108 2 0 R D
6 109 2 0 R D
6 110 2 0 U D
6 111 2 0 R D
6 112 2 0 R D
6 113 2 0 D D
6 114 2 0 L D
6 115 2 0 L D
6 116 2 0 U D
6 117 2 0 L D
6 118 2 0 L D
6 119 2 0 D D
6 120 2 0 R D
6 121 2 0 R D
6 122 2 0 U D
6 123 2 0 R D
6 124 2 0 R D
6 125 2 0 D D
6 126 2 0 L D
6 127 2 0 L D
6 128 2 0 U D
6 129 2 0 L D
6 130 2 0 L D
6 131 2 0 D D
6 132 2 0 R D
6 133 2 0 R D
6 134 2 0 U D
6 135 2 0 R D
6 136 2 0 R D
6 137 2 0 D D
6 138 2 0 L D
6 139 2 0 L D
6 140 2 0 U D
6 141 2 0 L D
6 142 2 0 L D
6 143 2 0 D D
6 144 2 0 R D
6 145 2 0 R D
6 146 2 0 U D
6 147 2 0 R D
6 148 2 0 R D
6 149 2 0 D D
6 150 2 0 L D
6 151 2 0 L D
6 152 2 0 U D
6 153 2 0 L D
6 154 2 0 L D
6 155 2 0 D D
6 156 2 0 R D
6 157 2 0 R D
6 158 2 0 U D
6 159 2 0 R D
6 160 2 0 R D
6 161 2 0 D D
6 162 2 0 L D
6 163 2 0 L D
6 164 2 0 U D
6 165 2 0 L D
6 166 2 0 L D
6 167 2 0 D D
6 168 2 0 R D
6 169 2 0 R D
6 170 2 0 U D
6 171 2 0 R D
6 172 2 0 R D
6 173 2 0 D D
6 174 2 0 L D
6 175 2 0 L D
6 176 2 0 U D
6 177 2 0 L D
6 178 2 0 L D
6 179 2 0 D D
6 180 2 0 R D
6 181 2 0 R D
6 182 2 0 U D
6 183 2 0 R D
6 184 2 0 R D
6 185 2 0 D D
6 186 2 0 L D
6 187 2 0 L D
6 188 2 0 U D
6 189 2 0 L D
6 190 2 0 L D
6 191 2 0 D D
6 192 2 0 R D
6 193 2 0 R D
6 194 2 0 U D
6 195 2 0 R D
6 196 2 0 R D
6 197 2 0 D D
6 198 2 0 L D
6 199 2 0 L D
7 0 0 0 U U
7 1 0 0 L L
7 2 0 0 L L
7 3 0 0 L L
7 4 0 0 L L
7 5 0 0 L S
7 6 0 0 L S
7 7 0 0 L S
7 8 0 0 L S
7 9 0 0 L S
7 10 0 0 D S
7 11 0 0 R S
7 12 0 0 R S
7 13 0 0 R S
7 14 0 0 R S
7 15 1 0 R S
7 16 1 0 D S
7 17 1 0 D S
7 18 1 0 D S
7 19 1 0 D S
7 20 1 0 D S
7 21 1 0 D S
7 22 1 0 D S
7 23 1 0 D S
7 24 1 0 L S
7 25 1 0 L S
7 26 1 0 L S
7 27 1 0 L S
7 28 1 0 L S
7 29 1 0 U S
7 30 1 0 U S
7 31 1 0 U S
7 32 1 0 U S
7 33 1 0 R S
7 34 1 0 U S
7 35 1 0 U S
7 36 1 0 L S
7 37 1 0 D S
7 38 1 0 D S
7 39 1 0 R S
7 40 1 0 D S
7 41 1 0 D S
7 42 1 0 L S
7 43 1 0 U S
7 44 1 0 U S
7 45 1 0 R S
7 46 1 0 U S
7 47 1 0 U S
7 48 1 0 L S
7 49 1 0 D S
7 50 1 0 D S
7 51 1 0 R S
7 52 1 0 D S
7 53 1 0 D S
7 54 1 0 L S
7 55 1 0 U S
7 56 1 0 U S
7 57 1 0 R S
7 58 1 0 U S
7 59 1 0 U S
7 60 1 0 L S
7 61 1 0 D S
7 62 1 0 D S
7 63 1 0 R S
7 64 1 0 D S
7 65 1 0 D S
7 66 1 0 L S
7 67 1 0 U S
7 68 1 0 U S
7 69 1 0 R S
7 70 1 0 U S
7 71 1 0 U S
7 72 1 0 L S
7 73 1 0 D S
7 74 1 0 D S
7 75 1 0 R S
7 76 1 0 D S
7 77 1 0 D S
7 78 1 0 L S
7 79 1 0 U S
7 80 1 0 U S
7 81 1 0 R S
7 82 1 0 U S
7 83 1 0 U S
7 84 1 0 L S
7 85 1 0 D S
7 86 1 0 D S
7 87 1 0 R S
7 88 1 0 D S
7 89 1 0 D S
7 90 1 0 L S
7 91 1 0 U S
7 92 1 0 U S
7 93 1 0 R S
7 94 1 0 U S
7 95 1 0 U S
7 96 1 0 L S
7 97 1 0 D S
7 98 1 0 D S
7 99 1 0 R S
7 100 1 0 D S
7 101 1 0 D S
7 102 1 0 L S
7 103 1 0 U S
7 104 1 0 U S
7 105 1 0 R S
7 106 1 0 U S
7 107 1 0 U S
7 108 1 0 L S
7 109 1 0 D S
7 110 1 0 D S
7 111 1 0 R S
7 112 1 0 D S
7 113 1 0 D S
7 114 1 0 L S
7 115 1 0 U S
7 116 1 0 U S
7 117 1 0 R S
7 118 1 0 U S
7 119 1 0 U S
7 120 1 0 L S
7 121 1 0 D S
7 122 1 0 D S
7 123 1 0 R S
7 124 1 0 D S
7 125 1 0 D S
7 126 1 0 L S
7 127 1 0 U S
7 128 1 0 U S
7 129 1 0 R S
7 130 1 0 U S
7 131 1 0 U S
7 132 1 0 L S
7 133 1 0 D S
7 134 1 0 D S
7 135 1 0 R S
7 136 1 0 D S
7 137 1 0 D S
7 138 1 0 L S
7 139 1 0 U S
7 140 1 0 U S
7 141 1 0 R S
7 142 1 0 U S
7 143 1 0 U S
7 144 1 0 L S
7 145 1 0 D S
7 146 1 0 D S
7 147 1 0 R S
7 148 1 0 D S
7 149 1 0 D S
7 150 1 0 L S
7 151 1 0 U S
7 152 1 0 U S
7 153 1 0 R S
7 154 1 0 U S
7 155 1 0 U S
7 156 1 0 L S
7 157 1 0 D S
7 158 1 0 D S
7 159 1 0 R S
7 160 1 0 D S
7 161 1 0 D S
7 162 1 0 L S
7 163 1 0 U S
7 164 1 0 U S
7 165 1 0 R S
7 166 1 0 U S
7 167 1 0 U S
7 168 1 0 L S
7 169 1 0 D S
7 170 1 0 D S
7 171 1 0 R S
7 172 1 0 D S
7 173 1 0 D S
7 174 1 0 L S
7 175 1 0 U S
7 176 1 0 U S
7 177 1 0 R S
7 178 1 0 U S
7 179 1 0 U S
7 180 1 0 L S
7 181 1 0 D S
7 182 1 0 D S
7 183 1 0 R S
7 184 1 0 D S
7 185 1 0 D S
7 186 1 0 L S
7 187 1 0 U S
7 188 1 0 U S
7 189 1 0 R S
7 190 1 0 U S
7 191 1 0 U S
7 192 1 0 L S
7 193 1 0 D S
7 194 1 0 D S
7 195 1 0 R S
7 196 1 0 D S
7 197 1 0 D S
7 198 1 0 L S
7 199 1 0 U S
8 0 0 0 D U
8 1 0 0 D L
8 2 0 0 D L
8 3 0 0 R L
8 4 0 0 R L
8 5 0 0 R L
8 6 0 0 U L
8 7 1 0 U L
8 8 1 0 U L
8 9 1 0 U S
8 10 1 0 U S
8 11 1 0 U S
8 12 1 0 U S
8 13 1 0 U S
8 14 1 0 U S
8 15 1 0 U S
8 16 1 0 U S
8 17 1 0 U S
8 18 1 0 U S
8 19 1 0 U S
8 20 1 0 U S
8 21 1 0 U S
8 22 1 0 U S
8 23 1 0 U S
8 24 1 0 U S
8 25 1 0 U S
8 26 1 0 U S
8 27 1 0 U S
8 28 1 0 U S
8 29 1 0 U S
8 30 1 0 U S
8 31 1 0 U S
8 32 1 0 U S
8 33 1 0 U S
8 34 1 0 U S
8 35 1 0 U S
8 36 1 0 U S
8 37 1 0 U S
8 38 1 0 U S
8 39 1 0 U S
8 40 1 0 U S
8 41 1 0 U S
8 42 1 0 U S
8 43 1 0 U S
8 44 1 0 U S
8 45 1 0 U S
8 46 1 0 U S
8 47 1 0 U S
8 48 1 0 U S
8 49 1 0 U S
8 50 1 0 U S
8 51 1 0 U S
8 52 1 0 U S
8 53 1 0 U S
8 54 1 0 U S
8 55 1 0 U S
8 56 1 0 U S
8 57 1 0 U S
8 58 1 0 U S
8 59 1 0 U S
8 60 1 0 U S
8 61 1 0 U S
8 62 1 0 U S
8 63 1 0 U S
8 64 1 0 U S
8 65 1 0 U S
8 66 1 0 U S
8 67 1 0 U S
8 68 1 0 U S
8 69 1 0 U S
8 70 1 0 U S
8 71 1 0 U S
8 72 1 0 U S
8 73 1 0 U S
8 74 1 0 U S
8 75 1 0 U S
8 76 1 0 U S
8 77 1 0 U S
8 78 1 0 U S
8 79 1 0 U S
8 80 1 0 U S
8 81 1 0 U S
8 82 1 0 U S
8 83 1 0 U S
8 84 1 0 U S
8 85 1 0 U S
8 86 1 0 U S
8 87 1 0 U S
8 88 1 0 U S
8 89 1 0 U S
8 90 1 0 U S
8 91 1 0 U S
8 92 1 0 U S
8 93 1 0 U S
8 94 1 0 U S
8 95 1 0 U S
8 96 1 0 U S
8 97 1 0 U S
8 98 1 0 U S
8 99 1 0 U S
8 100 1 0 U S
8 101 1 0 U S
8 102 1 0 U S
8 103 1 0 U S
8 104 1 0 U S
8 105 1 0 U S
8 106 1 0 U S
8 107 1 0 U S
8 108 1 0 U S
8 109 1 0 U S
8 110 1 0 U S
8 111 1 0 U S
8 112 1 0 U S
8 113 1 0 U S
8 114 1 0 U S
8 115 1 0 U S
8 116 1 0 U S
8 117 1 0 U S
8 118 1 0 U S
8 119 1 0 U S
8 120 1 0 U S
8 121 1 0 U S
8 122 1 0 U S
8 123 1 0 U S
8 124 1 0 U S
8 125 1 0 U S
8 126 1 0 U S
8 127 1 0 U S
8 128 1 0 U S
8 129 1 0 U S
8 130 1 0 U S
8 131 1 0 U S
8 132 1 0 U S
8 133 1 0 U S
8 134 1 0 U S
8 135 1 0 U S
8 136 1 0 U S
8 137 1 0 U S
8 138 1 0 U S
8 139 1 0 U S
8 140 1 0 U S
8 141 1 0 U S
8 142 1 0 U S
8 143 1 0 U S
8 144 1 0 U S
8 145 1 0 U S
8 146 1 0 U S
8 147 1 0 U S
8 148 1 0 U S
8 149 1 0 U S
8 150 1 0 U S
8 151 1 0 U S
8 152 1 0 U S
8 153 1 0 U S
8 154 1 0 U S
8 155 1 0 U S
8 156 1 0 U S
8 157 1 0 U S
8 158 1 0 U S
8 159 1 0 U S
8 160 1 0 U S
8 161 1 0 U S
8 162 1 0 U S
8 163 1 0 U S
8 164 1 0 U S
8 165 1 0 U S
8 166 1 0 U S
8 167 1 0 U S
8 168 1 0 U S
8 169 1 0 U S
8 170 1 0 U S
8 171 1 0 U S
8 172 1 0 U S
8 173 1 0 U S
8 174 1 0 U S
8 175 1 0 U S
8 176 1 0 U S
8 177 1 0 U S
8 178 1 0 U S
8 179 1 0 U S
8 180 1 0 U S
8 181 1 0 U S
8 182 1 0 U S
8 183 1 0 U S
8 184 1 0 U S
8 185 1 0 U S
8 186 1 0 U S
8 187 1 0 U S
8 188 1 0 U S
8 189 1 0 U S
8 190 1 0 U S
8 191 1 0 U S
8 192 1 0 U S
8 193 1 0 U S
8 194 1 0 U S
8 195 1 0 U S
8 196 1 0 U S
8 197 1 0 U S
8 198 1 0 U S
8 199 1 0 U S
9 0 0 0 D D
9 1 0 0 D D
9 2 0 0 L D
9 3 0 0 L D
9 4 0 0 L D
9 5 0 0 L D
9 6 0 0 L R
9 7 0 0 L R
9 8 1 0 U R
9 9 1 0 U D
9 10 1 0 L L
9 11 1 0 L S
9 12 1 0 L S
9 13 1 0 L S
9 14 1 0 L S
9 15 1 0 D S
9 16 1 0 D D
9 17 1 0 L D
9 18 1 0 R S
9 19 1 0 D S
9 20 1 0 L D
9 21 1 0 D S
9 22 1 0 D S
9 23 1 0 R S
9 24 1 0 U S
9 25 1 0 L U
9 26 1 0 R S
9 27 1 0 U S
9 28 1 0 L U
9 29 1 0 U S
9 30 1 0 U S
9 31 1 0 R S
9 32 1 0 D S
9 33 1 0 L D
9 34 1 0 R S
9 35 1 0 D S
9 36 1 0 L D
9 37 1 0 D S
9 38 1 0 D S
9 39 1 0 R S
9 40 1 0 U S
9 41 1 0 L U
9 42 1 0 R S
9 43 1 0 U S
9 44 1 0 L U
9 45 1 0 U S
9 46 1 0 U S
9 47 1 0 R S
9 48 1 0 D S
9 49 1 0 L D
9 50 1 0 R S
9 51 1 0 D S
9 52 1 0 L D
9 53 1 0 D S
9 54 1 0 D S
9 55 1 0 R S
9 56 1 0 U S
9 57 1 0 L U
9 58 1 0 R S
9 59 1 0 U S
9 60 1 0 L U
9 61 1 0 U S
9 62 1 0 U S
9 63 1 0 R S
9 64 1 0 D S
9 65 1 0 L D
9 66 1 0 R S
9 67 1 0 D S
9 68 1 0 L D
9 69 1 0 D S
9 70 1 0 D S
9 71 1 0 R S
9 72 1 0 U S
9 73 1 0 L U
9 74 1 0 R S
9 75 1 0 U S
9 76 1 0 L U
9 77 1 0 U S
9 78 1 0 U S
9 79 1 0 R S
9 80 1 0 D S
9 81 1 0 L D
9 82 1 0 R S
9 83 1 0 D S
9 84 1 0 L D
9 85 1 0 D S
9 86 1 0 D S
9 87 1 0 R S
9 88 1 0 U S
9 89 1 0 L U
9 90 1 0 R S
9 91 1 0 U S
9 92 1 0 L U
9 93 1 0 U S
9 94 1 0 U S
9 95 1 0 R S
9 96 1 0 D S
9 97 1 0 L D
9 98 1 0 R S
9 99 1 0 D S
9 100 1 0 L D
9 101 1 0 D S
9 102 1 0 D S
9 103 1 0 R S
9 104 1 0 U S
9 105 1 0 L U
9 106 1 0 R S
9 107 1 0 U S
9 108 1 0 L U
9 109 1 0 U S
9 110 1 0 U S
9 111 1 0 R S
9 112 1 0 D S
9 113 1 0 L D
9 114 1 0 R S
9 115 1 0 D S
9 116 1 0 L D
9 117 1 0 D S
9 118 1 0 D S
9 119 1 0 R S
9 120 1 0 U S
9 121 1 0 L U
9 122 1 0 R S
9 123 1 0 U S
9 124 1 0 L U
9 125 1 0 U S
9 126 1 0 U S
9 127 1 0 R S
9 128 1 0 D S
9 129 1 0 L D
9 130 1 0 R S
9 131 1 0 D S
9 132 1 0 L D
9 133 1 0 D S
9 134 1 0 D S
9 135 1 0 R S
9 136 1 0 U S
9 137 1 0 L U
9 138 1 0 R S
9 139 1 0 U S
9 140 1 0 L U
9 141 1 0 U S
9 142 1 0 U S
9 143 1 0 R S
9 144 1 0 D S
9 145 1 0 L D
9 146 1 0 R S
9 147 1 0 D S
9 148 1 0 L D
9 149 1 0 D S
9 150 1 0 D S
9 151 1 0 R S
9 152 1 0 U S
9 153 1 0 L U
9 154 1 0 R S
9 155 1 0 U S
9 156 1 0 L U
9 157 1 0 U S
9 158 1 0 U S
9 159 1 0 R S
9 160 1 0 D S
9 161 1 0 L D
9 162 1 0 R S
9 163 1 0 D S
9 164 1 0 L D
9 165 1 0 D S
9 166 1 0 D S
9 167 1 0 R S
9 168 1 0 U S
9 169 1 0 L U
9 170 1 0 R S
9 171 1 0 U S
9 172 1 0 L U
9 173 1 0 U S
9 174 1 0 U S
9 175 1 0 R S
9 176 1 0 D S
9 177 1 0 L D
9 178 1 0 R S
9 179 1 0 D S
9 180 1 0 L D
9 181 1 0 D S
9 182 1 0 D S
9 183 1 0 R S
9 184 1 0 U S
9 185 1 0 L U
9 186 1 0 R S
9 187 1 0 U S
9 188 1 0 L U
9 189 1 0 U S
9 190 1 0 U S
9 191 1 0 R S
9 192 1 0 D S
9 193 1 0 L D
9 194 1 0 R S
9 195 1 0 D S
9 196 1 0 L D
9 197 1 0 D S
9 198 1 0 D S
9 199 1 0 R S
10 0 0 0 D U
10 1 0 0 D L
10 2 0 0 D S
10 3 0 0 D S
10 4 0 0 D S
10 5 0 0 D S
10 6 0 0 L S
10 7 0 0 L S
10 8 0 0 L S
10 9 0 0 L S
10 10 0 0 L S
10 11 0 0 L S
10 12 0 0 L S
10 13 0 0 L S
10 14 0 0 D S
10 15 0 0 L S
10 16 0 0 U S
10 17 1 0 U S
10 18 1 0 U S
10 19 1 0 U S
10 20 1 0 U S
10 21 1 0 U S
10 22 1 0 U S
10 23 1 0 U S
10 24 1 0 U S
10 25 1 0 U S
10 26 1 0 U S
10 27 1 0 U S
10 28 1 0 U S
10 29 1 0 U S
10 30 1 0 U S
10 31 1 0 U S
10 32 1 0 U S
10 33 1 0 U S
10 34 1 0 U S
10 35 1 0 U S
10 36 1 0 U S
10 37 1 0 U S
10 38 1 0 U S
10 39 1 0 U S
10 40 1 0 U S
10 41 1 0 U S
10 42 1 0 U S
10 43 1 0 U S
10 44 1 0 U S
10 45 1 0 U S
10 46 1 0 U S
10 47 1 0 U S
10 48 1 0 U S
10 49 1 0 U S
10 50 1 0 U S
10 51 1 0 U S
10 52 1 0 U S
10 53 1 0 U S
10 54 1 0 U S
10 55 1 0 U S
10 56 1 0 U S
10 57 1 0 U S
10 58 1 0 U S
10 59 1 0 U S
10 60 1 0 U S
10 61 1 0 U S
10 62 1 0 U S
10 63 1 0 U S
10 64 1 0 U S
10 65 1 0 U S
10 66 1 0 U S
10 67 1 0 U S
10 68 1 0 U S
10 69 1 0 U S
10 70 1 0 U S
10 71 1 0 U S
10 72 1 0 U S
10 73 1 0 U S
10 74 1 0 U S
10 75 1 0 U S
10 76 1 0 U S
10 77 1 0 U S
10 78 1 0 U S
10 79 1 0 U S
10 80 1 0 U S
10 81 1 0 U S
10 82 1 0 U S
10 83 1 0 U S
10 84 1 0 U S
10 85 1 0 U S
10 86 1 0 U S
10 87 1 0 U S
10 88 1 0 U S
10 89 1 0 U S
10 90 1 0 U S
10 91 1 0 U S
10 92 1 0 U S
10 93 1 0 U S
10 94 1 0 U S
10 95 1 0 U S
10 96 1 0 U S
10 97 1 0 U S
10 98 1 0 U S
10 99 1 0 U S
10 100 1 0 U S
10 101 1 0 U S
10 102 1 0 U S
10 103 1 0 U S
10 104 1 0 U S
10 105 1 0 U S
10 106 1 0 U S
10 107 1 0 U S
10 108 1 0 U S
10 109 1 0 U S
10 110 1 0 U S
10 111 1 0 U S
10 112 1 0 U S
10 113 1 0 U S
10 114 1 0 U S
10 115 1 0 U S
10 116 1 0 U S
10 117 1 0 U S
10 118 1 0 U S
10 119 1 0 U S
10 120 1 0 U S
10 121 1 0 U S
10 122 1 0 U S
10 123 1 0 U S
10 124 1 0 U S
10 125 1 0 U S
10 126 1 0 U S
10 127 1 0 U S
10 128 1 0 U S
10 129 1 0 U S
10 130 1 0 U S
10 131 1 0 U S
10 132 1 0 U S
10 133 1 0 U S
10 134 1 0 U S
10 135 1 0 U S
10 136 1 0 U S
10 137 1 0 U S
10 138 1 0 U S
10 139 1 0 U S
10 140 1 0 U S
10 141 1 0 U S
10 142 1 0 U S
10 143 1 0 U S
10 144 1 0 U S
10 145 1 0 U S
10 146 1 0 U S
10 147 1 0 U S
10 148 1 0 U S
10 149 1 0 U S
10 150 1 0 U S
10 151 1 0 U S
10 152 1 0 U S
10 153 1 0 U S
10 154 1 0 U S
10 155 1 0 U S
10 156 1 0 U S
10 157 1 0 U S
10 158 1 0 U S
10 159 1 0 U S
10 160 1 0 U S
10 161 1 0 U S
10 162 1 0 U S
10 163 1 0 U S
10 164 1 0 U S
10 165 1 0 U S
10 166 1 0 U S
10 167 1 0 U S
10 168 1 0 U S
10 169 1 0 U S
10 170 1 0 U S
10 171 1 0 U S
10 172 1 0 U S
10 173 1 0 U S
10 174 1 0 U S
10 175 1 0 U S
10 176 1 0 U S
10 177 1 0 U S
10 178 1 0 U S
10 179 1 0 U S
10 180 1 0 U S
10 181 1 0 U S
10 182 1 0 U S
10 183 1 0 U S
10 184 1 0 U S
10 185 1 0 U S
10 186 1 0 U S
10 187 1 0 U S
10 188 1 0 U S
10 189 1 0 U S
10 190 1 0 U S
10 191 1 0 U S
10 192 1 0 U S
10 193 1 0 U S
10 194 1 0 U S
10 195 1 0 U S
10 196 1 0 U S
10 197 1 0 U S
10 198 1 0 U S
10 199 1 0 U S
11 0 0 0 D U
11 1 0 0 D U
11 2 0 0 D U
11 3 0 0 D U
11 4 0 0 L L
11 5 0 0 L L
11 6 0 0 L L
11 7 0 0 L L
11 8 0 0 L S
11 9 0 0 L S
11 10 0 0 L S
11 11 0 0 D S
11 12 0 0 L D
11 13 0 0 D D
11 14 1 0 R D
11 15 1 0 D D
11 16 1 0 D D
11 17 1 0 L D
11 18 1 0 D D
11 19 1 0 R D
11 20 1 0 D D
11 21 1 0 R D
11 22 1 0 U D
11 23 1 0 U D
11 24 2 0 U D
11 25 2 0 D D
11 26 2 0 D D
11 27 2 0 D D
11 28 2 0 D D
11 29 2 0 L D
11 30 2 0 L D
11 31 2 0 L D
11 32 2 0 L D
11 33 2 0 U D
11 34 2 0 U D
11 35 2 0 U D
11 36 2 0 U D
11 37 2 0 U D
11 38 2 0 R L
11 39 2 0 U L
11 40 2 0 U S
11 41 2 0 L L
11 42 2 0 D S
11 43 2 0 D D
11 44 2 0 U D
11 45 2 0 D S
11 46 2 0 R S
11 47 2 0 R S
11 48 2 0 D S
11 49 2 0 D S
11 50 2 0 L S
11 51 2 0 L S
11 52 2 0 U S
11 53 2 0 U U
11 54 2 0 D U
11 55 2 0 U S
11 56 2 0 R S
11 57 2 0 R S
11 58 2 0 U S
11 59 2 0 U S
11 60 2 0 L S
11 61 2 0 L S
11 62 2 0 D S
11 63 2 0 D D
11 64 2 0 U D
11 65 2 0 D S
11 66 2 0 R S
11 67 2 0 R S
11 68 2 0 D S
11 69 2 0 D S
11 70 2 0 L S
11 71 2 0 L S
11 72 2 0 U S
11 73 2 0 U U
11 74 2 0 D U
11 75 2 0 U S
11 76 2 0 R S
11 77 2 0 R S
11 78 2 0 U S
11 79 2 0 U S
11 80 2 0 L S
11 81 2 0 L S
11 82 2 0 D S
11 83 2 0 D D
11 84 2 0 U D
11 85 2 0 D S
11 86 2 0 R S
11 87 2 0 R S
11 88 2 0 D S
11 89 2 0 D S
11 90 2 0 L S
11 91 2 0 L S
11 92 2 0 U S
11 93 2 0 U U
11 94 2 0 D U
11 95 2 0 U S
11 96 2 0 R S
11 97 2 0 R S
11 98 2 0 U S
11 99 2 0 U S
11 100 2 0 L S
11 101 2 0 L S
11 102 2 0 D S
11 103 2 0 D D
11 104 2 0 U D
11 105 2 0 D S
11 106 2 0 R S
11 107 2 0 R S
11 108 2 0 D S
11 109 2 0 D S
11 110 2 0 L S
11 111 2 0 L S
11 112 2 0 U S
11 113 2 0 U U
11 114 2 0 D U
11 115 2 0 U S
11 116 2 0 R S
11 117 2 0 R S
11 118 2 0 U S
11 119 2 0 U S
11 120 2 0 L S
11 121 2 0 L S
11 122 2 0 D S
11 123 2 0 D D
11 124 2 0 U D
11 125 2 0 D S
11 126 2 0 R S
11 127 2 0 R S
11 128 2 0 D S
11 129 2 0 D S
11 130 2 0 L S
11 131 2 0 L S
11 132 2 0 U S
11 133 2 0 U U
11 134 2 0 D U
11 135 2 0 U S
11 136 2 0 R S
11 137 2 0 R S
11 138 2 0 U S
11 139 2 0 U S
11 140 2 0 L S
11 141 2 0 L S
11 142 2 0 D S
11 143 2 0 D D
11 144 2 0 U D
11 145 2 0 D S
11 146 2 0 R S
11 147 2 0 R S
11 148 2 0 D S
11 149 2 0 D S
11 150 2 0 L S
11 151 2 0 L S
11 152 2 0 U S
11 153 2 0 U U
11 154 2 0 D U
11 155 2 0 U S
11 156 2 0 R S
11 157 2 0 R S
11 158 2 0 U S
11 159 2 0 U S
11 160 2 0 L S
11 161 2 0 L S
11 162 2 0 D S
11 163 2 0 D D
11 164 2 0 U D
11 165 2 0 D S
11 166 2 0 R S
11 167 2 0 R S
11 168 2 0 D S
11 169 2 0 D S
11 170 2 0 L S
11 171 2 0 L S
11 172 2 0 U S
11 173 2 0 U U
11 174 2 0 D U
11 175 2 0 U S
11 176 2 0 R S
11 177 2 0 R S
11 178 2 0 U S
11 179 2 0 U S
11 180 2 0 L S
11 181 2 0 L S
11 182 2 0 D S
11 183 2 0 D D
11 184 2 0 U D
11 185 2 0 D S
11 186 2 0 R S
11 187 2 0 R S
11 188 2 0 D S
11 189 2 0 D S
11 190 2 0 L S
11 191 2 0 L S
11 192 2 0 U S
11 193 2 0 U U
11 194 2 0 D U
11 195 2 0 U S
11 196 2 0 R S
11 197 2 0 R S
11 198 2 0 U S
11 199 2 0 U S
12 0 0 0 D D
12 1 0 0 D D
12 2 0 0 D D
12 3 0 0 D S
12 4 0 0 D S
12 5 0 0 L S
12 6 0 0 L S
12 7 0 0 L S
12 8 0 0 L S
12 9 0 0 L S
12 10 0 0 L S
12 11 0 0 L S
12 12 0 0 L S
12 13 0 0 L S
12 14 1 0 L S
12 15 1 0 D S
12 16 1 0 D S
12 17 1 0 L S
12 18 1 0 D S
12 19 1 0 D S
12 20 1 0 R S
12 21 1 0 U S
12 22 1 0 U S
12 23 1 0 U S
12 24 1 0 R S
12 25 1 0 U S
12 26 2 0 L S
12 27 2 0 U S
12 28 2 0 U S
12 29 2 0 U S
12 30 2 0 U S
12 31 2 0 U S
12 32 2 0 U S
12 33 2 0 R S
12 34 2 0 R S
12 35 2 0 R S
12 36 2 0 R S
12 37 2 0 R S
12 38 2 0 R S
12 39 2 0 R S
12 40 2 0 R S
12 41 2 0 D S
12 42 2 0 R D
12 43 2 0 L S
12 44 2 0 D S
12 45 2 0 R D
12 46 2 0 D S
12 47 2 0 D S
12 48 2 0 L S
12 49 2 0 U S
12 50 2 0 R U
12 51 2 0 L S
12 52 2 0 U S
12 53 2 0 R U
12 54 2 0 U S
12 55 2 0 U S
12 56 2 0 L S
12 57 2 0 D S
12 58 2 0 R D
12 59 2 0 L S
12 60 2 0 D S
12 61 2 0 R D
12 62 2 0 D S
12 63 2 0 D S
12 64 2 0 L S
12 65 2 0 U S
12 66 2 0 R U
12 67 2 0 L S
12 68 2 0 U S
12 69 2 0 R U
12 70 2 0 U S
12 71 2 0 U S
12 72 2 0 L S
12 73 2 0 D S
12 74 2 0 R D
12 75 2 0 L S
12 76 2 0 D S
12 77 2 0 R D
12 78 2 0 D S
12 79 2 0 D S
12 80 2 0 L S
12 81 2 0 U S
12 82 2 0 R U
12 83 2 0 L S
12 84 2 0 U S
12 85 2 0 R U
12 86 2 0 U S
12 87 2 0 U S
12 88 2 0 L S
12 89 2 0 D S
12 90 2 0 R D
12 91 2 0 L S
12 92 2 0 D S
12 93 2 0 R D
12 94 2 0 D S
12 95 2 0 D S
12 96 2 0 L S
12 97 2 0 U S
12 98 2 0 R U
12 99 2 0 L S
12 100 2 0 U S
12 101 2 0 R U
12 102 2 0 U S
12 103 2 0 U S
12 104 2 0 L S
12 105 2 0 D S
12 106 2 0 R D
12 107 2 0 L S
12 108 2 0 D S
12 109 2 0 R D
12 110 2 0 D S
12 111 2 0 D S
12 112 2 0 L S
12 113 2 0 U S
12 114 2 0 R U
12 115 2 0 L S
12 116 2 0 U S
12 117 2 0 R U
12 118 2 0 U S
12 119 2 0 U S
12 120 2 0 L S
12 121 2 0 D S
12 122 2 0 R D
12 123 2 0 L S
12 124 2 0 D S
12 125 2 0 R D
12 126 2 0 D S
12 127 2 0 D S
12 128 2 0 L S
12 129 2 0 U S
12 130 2 0 R U
12 131 2 0 L S
12 132 2 0 U S
12 133 2 0 R U
12 134 2 0 U S
12 135 2 0 U S
12 136 2 0 L S
12 137 2 0 D S
12 138 2 0 R D
12 139 2 0 L S
12 140 2 0 D S
12 141 2 0 R D
12 142 2 0 D S
12 143 2 0 D S
12 144 2 0 L S
12 145 2 0 U S
12 146 2 0 R U
12 147 2 0 L S
12 148 2 0 U S
12 149 2 0 R U
12 150 2 0 U S
12 151 2 0 U S
12 152 2 0 L S
12 153 2 0 D S
12 154 2 0 R D
12 155 2 0 L S
12 156 2 0 D S
12 157 2 0 R D
12 158 2 0 D S
12 159 2 0 D S
12 160 2 0 L S
12 161 2 0 U S
12 162 2 0 R U
12 163 2 0 L S
12 164 2 0 U S
12 165 2 0 R U
12 166 2 0 U S
12 167 2 0 U S
12 168 2 0 L S
12 169 2 0 D S
12 170 2 0 R D
12 171 2 0 L S
12 172 2 0 D S
12 173 2 0 R D
12 174 2 0 D S
12 175 2 0 D S
12 176 2 0 L S
12 177 2 0 U S
12 178 2 0 R U
12 179 2 0 L S
12 180 2 0 U S
12 181 2 0 R U
12 182 2 0 U S
12 183 2 0 U S
12 184 2 0 L S
12 185 2 0 D S
12 186 2 0 R D
12 187 2 0 L S
12 188 2 0 D S
12 189 2 0 R D
12 190 2 0 D S
12 191 2 0 D S
12 192 2 0 L S
12 193 2 0 U S
12 194 2 0 R U
12 195 2 0 L S
12 196 2 0 U S
12 197 2 0 R U
12 198 2 0 U S
12 199 2 0 U S
13 0 0 0 D D
13 1 0 0 D R
13 2 0 0 D R
13 3 0 0 D R
13 4 0 0 D R
13 5 0 0 D R
13 6 0 0 D R
13 7 0 0 L S
13 8 0 0 L S
13 9 0 0 D S
13 10 0 0 R D
13 11 0 0 L S
13 12 0 0 D S
13 13 0 0 R D
13 14 0 0 D S
13 15 0 0 D S
13 16 0 0 L S
13 17 0 0 U S
13 18 0 0 R U
13 19 0 0 L S
13 20 0 0 U S
13 21 0 0 U U
13 22 0 0 U U
13 23 0 0 U U
13 24 0 0 R U
13 25 0 0 L S
13 26 0 0 U S
13 27 0 0 R U
13 28 0 0 U S
13 29 0 0 U S
13 30 0 0 L S
13 31 0 0 D S
13 32 0 0 R D
13 33 0 0 L S
13 34 0 0 D S
13 35 0 0 R D
13 36 0 0 D S
13 37 0 0 D S
13 38 0 0 L S
13 39 0 0 U S
13 40 0 0 R U
13 41 0 0 L S
13 42 0 0 U S
13 43 0 0 R U
13 44 0 0 U S
13 45 0 0 U S
13 46 0 0 L S
13 47 0 0 D S
13 48 0 0 R D
13 49 0 0 L S
13 50 0 0 D S
13 51 0 0 R D
13 52 0 0 D S
13 53 0 0 D S
13 54 0 0 L S
13 55 0 0 U S
13 56 0 0 R U
13 57 0 0 L S
13 58 0 0 U S
13 59 0 0 R U
13 60 0 0 U S
13 61 0 0 U S
13 62 0 0 L S
13 63 0 0 D S
13 64 0 0 R D
13 65 0 0 L S
13 66 0 0 D S
13 67 0 0 R D
13 68 0 0 D S
13 69 0 0 D S
13 70 0 0 L S
13 71 0 0 U S
13 72 0 0 R U
13 73 0 0 L S
13 74 0 0 U S
13 75 0 0 R U
13 76 0 0 U S
13 77 0 0 U S
13 78 0 0 L S
13 79 0 0 D S
13 80 0 0 R D
13 81 0 0 L S
13 82 0 0 D S
13 83 0 0 R D
13 84 0 0 D S
13 85 0 0 D S
13 86 0 0 L S
13 87 0 0 U S
13 88 0 0 R U
13 89 0 0 L S
13 90 0 0 U S
13 91 0 0 R U
13 92 0 0 U S
13 93 0 0 U S
13 94 0 0 L S
13 95 0 0 D S
13 96 0 0 R D
13 97 0 0 L S
13 98 0 0 D S
13 99 0 0 R D
13 100 0 0 D S
13 101 0 0 D S
13 102 0 0 L S
13 103 0 0 U S
13 104 0 0 R U
13 105 0 0 L S
13 106 0 0 U S
13 107 0 0 R U
13 108 0 0 U S
13 109 0 0 U S
13 110 0 0 L S
13 111 0 0 D S
13 112 0 0 R D
13 113 0 0 L S
13 114 0 0 D S
13 115 0 0 R D
13 116 0 0 D S
13 117 0 0 D S
13 118 0 0 L S
13 119 0 0 U S
13 120 0 0 R U
13 121 0 0 L S
13 122 0 0 U S
13 123 0 0 R U
13 124 0 0 U S
13 125 0 0 U S
13 126 0 0 L S
13 127 0 0 D S
13 128 0 0 R D
13 129 0 0 L S
13 130 0 0 D S
13 131 0 0 R D
13 132 0 0 D S
13 133 0 0 D S
13 134 0 0 L S
13 135 0 0 U S
13 136 0 0 R U
13 137 0 0 L S
13 138 0 0 U S
13 139 0 0 R U
13 140 0 0 U S
13 141 0 0 U S
13 142 0 0 L S
13 143 0 0 D S
13 144 0 0 R D
13 145 0 0 L S
13 146 0 0 D S
13 147 0 0 R D
13 148 0 0 D S
13 149 0 0 D S
13 150 0 0 L S
13 151 0 0 U S
13 152 0 0 R U
13 153 0 0 L S
13 154 0 0 U S
13 155 0 0 R U
13 156 0 0 U S
13 157 0 0 U S
13 158 0 0 L S
13 159 0 0 D S
13 160 0 0 R D
13 161 0 0 L S
13 162 0 0 D S
13 163 0 0 R D
13 164 0 0 D S
13 165 0 0 D S
13 166 0 0 L S
13 167 0 0 U S
13 168 0 0 R U
13 169 0 0 L S
13 170 0 0 U S
13 171 0 0 R U
13 172 0 0 U S
13 173 0 0 U S
13 174 0 0 L S
13 175 0 0 D S
13 176 0 0 R D
13 177 0 0 L S
13 178 0 0 D S
13 179 0 0 R D
13 180 0 0 D S
13 181 0 0 D S
13 182 0 0 L S
13 183 0 0 U S
13 184 0 0 R U
13 185 0 0 L S
13 186 0 0 U S
13 187 0 0 R U
13 188 0 0 U S
13 189 0 0 U S
13 190 0 0 L S
13 191 0 0 D S
13 192 0 0 R D
13 193 0 0 L S
13 194 0 0 D S
13 195 0 0 R D
13 196 0 0 D S
13 197 0 0 D S
13 198 0 0 L S
13 199 0 0 U S
14 0 0 0 U U
14 1 0 0 U R
14 2 0 0 U R
14 3 0 0 U R
14 4 0 0 U R
14 5 0 0 U R
14 6 0 0 U R
14 7 0 0 U R
14 8 0 0 U R
14 9 0 0 U S
14 10 0 0 R S
14 11 0 0 R S
14 12 0 0 R S
14 13 0 0 R S
14 14 0 0 U S
14 15 0 0 R S
14 16 0 0 R S
14 17 0 0 R S
14 18 0 0 R S
14 19 0 0 D S
14 20 0 0 D S
14 21 0 0 R R
14 22 0 0 D R
14 23 0 0 L S
14 24 0 0 L S
14 25 0 0 L S
14 26 0 0 L S
14 27 0 0 L S
14 28 0 0 L S
14 29 1 0 L S
14 30 1 0 S S
14 31 1 0 S S
14 32 1 0 S S
14 33 1 0 S S
14 34 1 0 S S
14 35 1 0 S S
14 36 1 0 S S
14 37 1 0 S S
14 38 1 0 S S
14 39 1 0 S S
14 40 1 0 S S
14 41 1 0 S S
14 42 1 0 S S
14 43 1 0 S S
14 44 1 0 S S
14 45 1 0 S S
14 46 1 0 S S
14 47 1 0 S S
14 48 1 0 S S
14 49 1 0 S S
14 50 1 0 S S
14 51 1 0 S S
14 52 1 0 S S
14 53 1 0 S S
14 54 1 0 S S
14 55 1 0 S S
14 56 1 0 S S
14 57 1 0 S S
14 58 1 0 S S
14 59 1 0 S S
14 60 1 0 S S
14 61 1 0 S S
14 62 1 0 S S
14 63 1 0 S S
14 64 1 0 S S
14 65 1 0 S S
14 66 1 0 S S
14 67 1 0 S S
14 68 1 0 S S
14 69 1 0 S S
14 70 1 0 S S
14 71 1 0 S S
14 72 1 0 S S
14 73 1 0 S S
14 74 1 0 S S
14 75 1 0 S S
14 76 1 0 S S
14 77 1 0 S S
14 78 1 0 S S
14 79 1 0 S S
14 80 1 0 S S
14 81 1 0 S S
14 82 1 0 S S
14 83 1 0 S S
14 84 1 0 S S
14 85 1 0 S S
14 86 1 0 S S
14 87 1 0 S S
14 88 1 0 S S
14 89 1 0 S S
14 90 1 0 S S
14 91 1 0 S S
14 92 1 0 S S
14 93 1 0 S S
14 94 1 0 S S
14 95 1 0 S S
14 96 1 0 S S
14 97 1 0 S S
14 98 1 0 S S
14 99 1 0 S S
14 100 1 0 S S
14 101 1 0 S S
14 102 1 0 S S
14 103 1 0 S S
14 104 1 0 S S
14 105 1 0 S S
14 106 1 0 S S
14 107 1 0 S S
14 108 1 0 S S
14 109 1 0 S S
14 110 1 0 S S
14 111 1 0 S S
14 112 1 0 S S
14 113 1 0 S S
14 114 1 0 S S
14 115 1 0 S S
14 116 1 0 S S
14 117 1 0 S S
14 118 1 0 S S
14 119 1 0 S S
14 120 1 0 S S
14 121 1 0 S S
14 122 1 0 S S
14 123 1 0 S S
14 124 1 0 S S
14 125 1 0 S S
14 126 1 0 S S
14 127 1 0 S S
14 128 1 0 S S
14 129 1 0 S S
14 130 1 0 S S
14 131 1 0 S S
14 132 1 0 S S
14 133 1 0 S S
14 134 1 0 S S
14 135 1 0 S S
14 136 1 0 S S
14 137 1 0 S S
14 138 1 0 S S
14 139 1 0 S S
14 140 1 0 S S
14 141 1 0 S S
14 142 1 0 S S
14 143 1 0 S S
14 144 1 0 S S
14 145 1 0 S S
14 146 1 0 S S
14 147 1 0 S S
14 148 1 0 S S
14 149 1 0 S S
14 150 1 0 S S
14 151 1 0 S S
14 152 1 0 S S
14 153 1 0 S S
14 154 1 0 S S
14 155 1 0 S S
14 156 1 0 S S
14 157 1 0 S S
14 158 1 0 S S
14 159 1 0 S S
14 160 1 0 S S
14 161 1 0 S S
14 162 1 0 S S
14 163 1 0 S S
14 164 1 0 S S
14 165 1 0 S S
14 166 1 0 S S
14 167 1 0 S S
14 168 1 0 S S
14 169 1 0 S S
14 170 1 0 S S
14 171 1 0 S S
14 172 1 0 S S
14 173 1 0 S S
14 174 1 0 S S
14 175 1 0 S S
14 176 1 0 S S
14 177 1 0 S S
14 178 1 0 S S
14 179 1 0 S S
14 180 1 0 S S
14 181 1 0 S S
14 182 1 0 S S
14 183 1 0 S S
14 184 1 0 S S
14 185 1 0 S S
14 186 1 0 S S
14 187 1 0 S S
14 188 1 0 S S
14 189 1 0 S S
14 190 1 0 S S
14 191 1 0 S S
14 192 1 0 S S
14 193 1 0 S S
14 194 1 0 S S
14 195 1 0 S S
14 196 1 0 S S
14 197 1 0 S S
14 198 1 0 S S
14 199 1 0 S S
15 0 0 0 U D
15 1 0 0 U D
15 2 0 0 U L
15 3 0 0 U L
15 4 0 0 U L
15 5 0 0 U L
15 6 0 0 U S
15 7 0 0 R S
15 8 0 0 U S
15 9 0 0 L U
15 10 0 0 L S
15 11 0 0 L S
15 12 0 0 L S
15 13 0 0 L S
15 14 0 0 L S
15 15 0 0 L S
15 16 0 0 L S
15 17 0 0 L S
15 18 0 0 L S
15 19 0 0 L S
15 20 0 0 L S
15 21 0 0 L S
15 22 0 0 L S
15 23 0 0 L S
15 24 0 0 L S
15 25 0 0 L S
15 26 0 0 L S
15 27 0 0 L S
15 28 0 0 L S
15 29 0 0 L S
15 30 0 0 L S
15 31 0 0 L S
15 32 0 0 L S
15 33 0 0 L S
15 34 0 0 L S
15 35 0 0 L S
15 36 0 0 L S
15 37 0 0 L S
15 38 0 0 L S
15 39 0 0 L S
15 40 0 0 L S
15 41 0 0 L S
15 42 0 0 L S
15 43 0 0 L S
15 44 0 0 L S
15 45 0 0 L S
15 46 0 0 L S
15 47 0 0 L S
15 48 0 0 L S
15 49 0 0 L S
15 50 0 0 L S
15 51 0 0 L S
15 52 0 0 L S
15 53 0 0 L S
15 54 0 0 L S
15 55 0 0 L S
15 56 0 0 L S
15 57 0 0 L S
15 58 0 0 L S
15 59 0 0 L S
15 60 0 0 L S
15 61 0 0 L S
15 62 0 0 L S
15 63 0 0 L S
15 64 0 0 L S
15 65 0 0 L S
15 66 0 0 L S
15 67 0 0 L S
15 68 0 0 L S
15 69 0 0 L S
15 70 0 0 L S
15 71 0 0 L S
15 72 0 0 L S
15 73 0 0 L S
15 74 0 0 L S
15 75 0 0 L S
15 76 0 0 L S
15 77 0 0 L S
15 78 0 0 L S
15 79 0 0 L S
15 80 0 0 L S
15 81 0 0 L S
15 82 0 0 L S
15 83 0 0 L S
15 84 0 0 L S
15 85 0 0 L S
15 86 0 0 L S
15 87 0 0 L S
15 88 0 0 L S
15 89 0 0 L S
15 90 0 0 L S
15 91 0 0 L S
15 92 0 0 L S
15 93 0 0 L S
15 94 0 0 L S
15 95 0 0 L S
15 96 0 0 L S
15 97 0 0 L S
15 98 0 0 L S
15 99 0 0 L S
15 100 0 0 L S
15 101 0 0 L S
15 102 0 0 L S
15 103 0 0 L S
15 104 0 0 L S
15 105 0 0 L S
15 106 0 0 L S
15 107 0 0 L S
15 108 0 0 L S
15 109 0 0 L S
15 110 0 0 L S
15 111 0 0 L S
15 112 0 0 L S
15 113 0 0 L S
15 114 0 0 L S
15 115 0 0 L S
15 116 0 0 L S
15 117 0 0 L S
15 118 0 0 L S
15 119 0 0 L S
15 120 0 0 L S
15 121 0 0 L S
15 122 0 0 L S
15 123 0 0 L S
15 124 0 0 L S
15 125 0 0 L S
15 126 0 0 L S
15 127 0 0 L S
15 128 0 0 L S
15 129 0 0 L S
15 130 0 0 L S
15 131 0 0 L S
15 132 0 0 L S
15 133 0 0 L S
15 134 0 0 L S
15 135 0 0 L S
15 136 0 0 L S
15 137 0 0 L S
15 138 0 0 L S
15 139 0 0 L S
15 140 0 0 L S
15 141 0 0 L S
15 142 0 0 L S
15 143 0 0 L S
15 144 0 0 L S
15 145 0 0 L S
15 146 0 0 L S
15 147 0 0 L S
15 148 0 0 L S
15 149 0 0 L S
15 150 0 0 L S
15 151 0 0 L S
15 152 0 0 L S
15 153 0 0 L S
15 154 0 0 L S
15 155 0 0 L S
15 156 0 0 L S
15 157 0 0 L S
15 158 0 0 L S
15 159 0 0 L S
15 160 0 0 L S
15 161 0 0 L S
15 162 0 0 L S
15 163 0 0 L S
15 164 0 0 L S
15 165 0 0 L S
15 166 0 0 L S
15 167 0 0 L S
15 168 0 0 L S
15 169 0 0 L S
15 170 0 0 L S
15 171 0 0 L S
15 172 0 0 L S
15 173 0 0 L S
15 174 0 0 L S
15 175 0 0 L S
15 176 0 0 L S
15 177 0 0 L S
15 178 0 0 L S
15 179 0 0 L S
15 180 0 0 L S
15 181 0 0 L S
15 182 0 0 L S
15 183 0 0 L S
15 184 0 0 L S
15 185 0 0 L S
15 186 0 0 L S
15 187 0 0 L S
15 188 0 0 L S
15 189 0 0 L S
15 190 0 0 L S
15 191 0 0 L S
15 192 0 0 L S
15 193 0 0 L S
15 194 0 0 L S
15 195 0 0 L S
15 196 0 0 L S
15 197 0 0 L S
15 198 0 0 L S
15 199 0 0 L S
16 0 0 0 U U
16 1 0 0 R U
16 2 0 0 U U
16 3 0 0 R U
16 4 0 0 R U
16 5 0 0 R U
16 6 0 0 R U
16 7 0 0 R U
16 8 0 0 R L
16 9 0 0 R L
16 10 0 0 R L
16 11 0 0 U S
16 12 0 0 R S
16 13 0 0 U S
16 14 0 0 L S
16 15 0 0 L S
16 16 0 0 L S
16 17 0 0 L S
16 18 0 0 L S
16 19 1 0 L S
16 20 1 0 D S
16 21 1 0 D S
16 22 1 0 D S
16 23 1 0 D S
16 24 1 0 D S
16 25 1 0 D S
16 26 1 0 D S
16 27 1 0 D S
16 28 1 0 D S
16 29 1 0 R S
16 30 1 0 R S
16 31 1 0 U S
16 32 1 0 U S
16 33 1 0 U S
16 34 1 0 U S
16 35 1 0 R S
16 36 1 0 U S
16 37 1 0 L S
16 38 1 0 L S
16 39 1 0 L S
16 40 1 0 L S
16 41 2 0 L S
16 42 2 0 S S
16 43 2 0 S S
16 44 2 0 S S
16 45 2 0 S S
16 46 2 0 S S
16 47 2 0 S S
16 48 2 0 S S
16 49 2 0 S S
16 50 2 0 S S
16 51 2 0 S S
16 52 2 0 S S
16 53 2 0 S S
16 54 2 0 S S
16 55 2 0 S S
16 56 2 0 S S
16 57 2 0 S S
16 58 2 0 S S
16 59 2 0 S S
16 60 2 0 S S
16 61 2 0 S S
16 62 2 0 S S
16 63 2 0 S S
16 64 2 0 S S
16 65 2 0 S S
16 66 2 0 S S
16 67 2 0 S S
16 68 2 0 S S
16 69 2 0 S S
16 70 2 0 S S
16 71 2 0 S S
16 72 2 0 S S
16 73 2 0 S S
16 74 2 0 S S
16 75 2 0 S S
16 76 2 0 S S
16 77 2 0 S S
16 78 2 0 S S
16 79 2 0 S S
16 80 2 0 S S
16 81 2 0 S S
16 82 2 0 S S
16 83 2 0 S S
16 84 2 0 S S
16 85 2 0 S S
16 86 2 0 S S
16 87 2 0 S S
16 88 2 0 S S
16 89 2 0 S S
16 90 2 0 S S
16 91 2 0 S S
16 92 2 0 S S
16 93 2 0 S S
16 94 2 0 S S
16 95 2 0 S S
16 96 2 0 S S
16 97 2 0 S S
16 98 2 0 S S
16 99 2 0 S S
16 100 2 0 S S
16 101 2 0 S S
16 102 2 0 S S
16 103 2 0 S S
16 104 2 0 S S
16 105 2 0 S S
16 106 2 0 S S
16 107 2 0 S S
16 108 2 0 S S
16 109 2 0 S S
16 110 2 0 S S
16 111 2 0 S S
16 112 2 0 S S
16 113 2 0 S S
16 114 2 0 S S
16 115 2 0 S S
16 116 2 0 S S
16 117 2 0 S S
16 118 2 0 S S
16 119 2 0 S S
16 120 2 0 S S
16 121 2 0 S S
16 122 2 0 S S
16 123 2 0 S S
16 124 2 0 S S
16 125 2 0 S S
16 126 2 0 S S
16 127 2 0 S S
16 128 2 0 S S
16 129 2 0 S S
16 130 2 0 S S
16 131 2 0 S S
16 132 2 0 S S
16 133 2 0 S S
16 134 2 0 S S
16 135 2 0 S S
16 136 2 0 S S
16 137 2 0 S S
16 138 2 0 S S
16 139 2 0 S S
16 140 2 0 S S
16 141 2 0 S S
16 142 2 0 S S
16 143 2 0 S S
16 144 2 0 S S
16 145 2 0 S S
16 146 2 0 S S
16 147 2 0 S S
16 148 2 0 S S
16 149 2 0 S S
16 150 2 0 S S
16 151 2 0 S S
16 152 2 0 S S
16 153 2 0 S S
16 154 2 0 S S
16 155 2 0 S S
16 156 2 0 S S
16 157 2 0 S S
16 158 2 0 S S
16 159 2 0 S S
16 160 2 0 S S
16 161 2 0 S S
16 162 2 0 S S
16 163 2 0 S S
16 164 2 0 S S
16 165 2 0 S S
16 166 2 0 S S
16 167 2 0 S S
16 168 2 0 S S
16 169 2 0 S S
16 170 2 0 S S
16 171 2 0 S S
16 172 2 0 S S
16 173 2 0 S S
16 174 2 0 S S
16 175 2 0 S S
16 176 2 0 S S
16 177 2 0 S S
16 178 2 0 S S
16 179 2 0 S S
16 180 2 0 S S
16 181 2 0 S S
16 182 2 0 S S
16 183 2 0 S S
16 184 2 0 S S
16 185 2 0 S S
16 186 2 0 S S
16 187 2 0 S S
16 188 2 0 S S
16 189 2 0 S S
16 190 2 0 S S
16 191 2 0 S S
16 192 2 0 S S
16 193 2 0 S S
16 194 2 0 S S
16 195 2 0 S S
16 196 2 0 S S
16 197 2 0 S S
16 198 2 0 S S
16 199 2 0 S S
17 0 0 0 L U
17 1 0 0 L U
17 2 0 0 L U
17 3 0 0 L U
17 4 0 0 L U
17 5 0 0 U U
17 6 0 0 L U
17 7 1 0 D U
17 8 1 0 D U
17 9 1 0 D U
17 10 1 0 D U
17 11 1 0 D U
17 12 1 0 D U
17 13 1 0 D U
17 14 1 0 D U
17 15 1 0 D U
17 16 1 0 D U
17 17 1 0 D U
17 18 1 0 D U
17 19 1 0 D U
17 20 1 0 D U
17 21 1 0 D U
17 22 1 0 D U
17 23 1 0 D U
17 24 1 0 D U
17 25 1 0 D U
17 26 1 0 D U
17 27 1 0 D U
17 28 1 0 D U
17 29 1 0 D U
17 30 1 0 D U
17 31 1 0 D U
17 32 1 0 D U
17 33 1 0 D U
17 34 1 0 D U
17 35 1 0 D U
17 36 1 0 D U
17 37 1 0 D U
17 38 1 0 D U
17 39 1 0 D U
17 40 1 0 D U
17 41 1 0 D U
17 42 1 0 D U
17 43 1 0 D U
17 44 1 0 D U
17 45 1 0 D U
17 46 1 0 D U
17 47 1 0 D U
17 48 1 0 D U
17 49 1 0 D U
17 50 1 0 D U
17 51 1 0 D U
17 52 1 0 D U
17 53 1 0 D U
17 54 1 0 D U
17 55 1 0 D U
17 56 1 0 D U
17 57 1 0 D U
17 58 1 0 D U
17 59 1 0 D U
17 60 1 0 D U
17 61 1 0 D U
17 62 1 0 D U
17 63 1 0 D U
17 64 1 0 D U
17 65 1 0 D U
17 66 1 0 D U
17 67 1 0 D U
17 68 1 0 D U
17 69 1 0 D U
17 70 1 0 D U
17 71 1 0 D U
17 72 1 0 D U
17 73 1 0 D U
17 74 1 0 D U
17 75 1 0 D U
17 76 1 0 D U
17 77 1 0 D U
17 78 1 0 D U
17 79 1 0 D U
17 80 1 0 D U
17 81 1 0 D U
17 82 1 0 D U
17 83 1 0 D U
17 84 1 0 D U
17 85 1 0 D U
17 86 1 0 D U
17 87 1 0 D U
17 88 1 0 D U
17 89 1 0 D U
17 90 1 0 D U
17 91 1 0 D U
17 92 1 0 D U
17 93 1 0 D U
17 94 1 0 D U
17 95 1 0 D U
17 96 1 0 D U
17 97 1 0 D U
17 98 1 0 D U
17 99 1 0 D U
17 100 1 0 D U
17 101 1 0 D U
17 102 1 0 D U
17 103 1 0 D U
17 104 1 0 D U
17 105 1 0 D U
17 106 1 0 D U
17 107 1 0 D U
17 108 1 0 D U
17 109 1 0 D U
17 110 1 0 D U
17 111 1 0 D U
17 112 1 0 D U
17 113 1 0 D U
17 114 1 0 D U
17 115 1 0 D U
17 116 1 0 D U
17 117 1 0 D U
17 118 1 0 D U
17 119 1 0 D U
17 120 1 0 D U
17 121 1 0 D U
17 122 1 0 D U
17 123 1 0 D U
17 124 1 0 D U
17 125 1 0 D U
17 126 1 0 D U
17 127 1 0 D U
17 128 1 0 D U
17 129 1 0 D U
17 130 1 0 D U
17 131 1 0 D U
17 132 1 0 D U
17 133 1 0 D U
17 134 1 0 D U
17 135 1 0 D U
17 136 1 0 D U
17 137 1 0 D U
17 138 1 0 D U
17 139 1 0 D U
17 140 1 0 D U
17 141 1 0 D U
17 142 1 0 D U
17 143 1 0 D U
17 144 1 0 D U
17 145 1 0 D U
17 146 1 0 D U
17 147 1 0 D U
17 148 1 0 D U
17 149 1 0 D U
17 150 1 0 D U
17 151 1 0 D U
17 152 1 0 D U
17 153 1 0 D U
17 154 1 0 D U
17 155 1 0 D U
17 156 1 0 D U
17 157 1 0 D U
17 158 1 0 D U
17 159 1 0 D U
17 160 1 0 D U
17 161 1 0 D U
17 162 1 0 D U
17 163 1 0 D U
17 164 1 0 D U
17 165 1 0 D U
17 166 1 0 D U
17 167 1 0 D U
17 168 1 0 D U
17 169 1 0 D U
17 170 1 0 D U
17 171 1 0 D U
17 172 1 0 D U
17 173 1 0 D U
17 174 1 0 D U
17 175 1 0 D U
17 176 1 0 D U
17 177 1 0 D U
17 178 1 0 D U
17 179 1 0 D U
17 180 1 0 D U
17 181 1 0 D U
17 182 1 0 D U
17 183 1 0 D U
17 184 1 0 D U
17 185 1 0 D U
17 186 1 0 D U
17 187 1 0 D U
17 188 1 0 D U
17 189 1 0 D U
17 190 1 0 D U
17 191 1 0 D U
17 192 1 0 D U
17 193 1 0 D U
17 194 1 0 D U
17 195 1 0 D U
17 196 1 0 D U
17 197 1 0 D U
17 198 1 0 D U
17 199 1 0 D U
18 0 0 0 U U
18 1 0 0 U U
18 2 0 0 U S
18 3 0 0 L S
18 4 0 0 U S
18 5 0 0 U S
18 6 0 0 U S
18 7 0 0 L S
18 8 0 0 L S
18 9 0 0 L S
18 10 0 0 L S
18 11 0 0 L L
18 12 0 0 L L
18 13 0 0 U L
18 14 0 0 D S
18 15 0 0 L S
18 16 0 0 U L
18 17 0 0 L S
18 18 0 0 L S
18 19 0 0 D S
18 20 0 0 R S
18 21 0 0 U R
18 22 0 0 D S
18 23 0 0 R S
18 24 0 0 U R
18 25 0 0 U S
18 26 0 0 R S
18 27 0 0 R S
18 28 0 0 R S
18 29 0 0 D S
18 30 0 0 D S
18 31 0 0 L S
18 32 0 0 L S
18 33 0 0 U L
18 34 0 0 D S
18 35 0 0 L S
18 36 0 0 U L
18 37 0 0 L S
18 38 0 0 L S
18 39 0 0 D S
18 40 0 0 R S
18 41 0 0 U R
18 42 0 0 D S
18 43 0 0 R S
18 44 0 0 U R
18 45 0 0 U S
18 46 0 0 R S
18 47 0 0 R S
18 48 0 0 R S
18 49 0 0 D S
18 50 0 0 D S
18 51 0 0 L S
18 52 0 0 L S
18 53 0 0 U L
18 54 0 0 D S
18 55 0 0 L S
18 56 0 0 U L
18 57 0 0 L S
18 58 0 0 L S
18 59 0 0 D S
18 60 0 0 R S
18 61 0 0 U R
18 62 0 0 D S
18 63 0 0 R S
18 64 0 0 U R
18 65 0 0 U S
18 66 0 0 R S
18 67 0 0 R S
18 68 0 0 R S
18 69 0 0 D S
18 70 0 0 D S
18 71 0 0 L S
18 72 0 0 L S
18 73 0 0 U L
18 74 0 0 D S
18 75 0 0 L S
18 76 0 0 U L
18 77 0 0 L S
18 78 0 0 L S
18 79 0 0 D S
18 80 0 0 R S
18 81 0 0 U R
18 82 0 0 D S
18 83 0 0 R S
18 84 0 0 U R
18 85 0 0 U S
18 86 0 0 R S
18 87 0 0 R S
18 88 0 0 R S
18 89 0 0 D S
18 90 0 0 D S
18 91 0 0 L S
18 92 0 0 L S
18 93 0 0 U L
18 94 0 0 D S
18 95 0 0 L S
18 96 0 0 U L
18 97 0 0 L S
18 98 0 0 L S
18 99 0 0 D S
18 100 0 0 R S
18 101 0 0 U R
18 102 0 0 D S
18 103 0 0 R S
18 104 0 0 U R
18 105 0 0 U S
18 106 0 0 R S
18 107 0 0 R S
18 108 0 0 R S
18 109 0 0 D S
18 110 0 0 D S
18 111 0 0 L S
18 112 0 0 L S
18 113 0 0 U L
18 114 0 0 D S
18 115 0 0 L S
18 116 0 0 U L
18 117 0 0 L S
18 118 0 0 L S
18 119 0 0 D S
18 120 0 0 R S
18 121 0 0 U R
18 122 0 0 D S
18 123 0 0 R S
18 124 0 0 U R
18 125 0 0 U S
18 126 0 0 R S
18 127 0 0 R S
18 128 0 0 R S
18 129 0 0 D S
18 130 0 0 D S
18 131 0 0 L S
18 132 0 0 L S
18 133 0 0 U L
18 134 0 0 D S
18 135 0 0 L S
18 136 0 0 U L
18 137 0 0 L S
18 138 0 0 L S
18 139 0 0 D S
18 140 0 0 R S
18 141 0 0 U R
18 142 0 0 D S
18 143 0 0 R S
18 144 0 0 U R
18 145 0 0 U S
18 146 0 0 R S
18 147 0 0 R S
18 148 0 0 R S
18 149 0 0 D S
18 150 0 0 D S
18 151 0 0 L S
18 152 0 0 L S
18 153 0 0 U L
18 154 0 0 D S
18 155 0 0 L S
18 156 0 0 U L
18 157 0 0 L S
18 158 0 0 L S
18 159 0 0 D S
18 160 0 0 R S
18 161 0 0 U R
18 162 0 0 D S
18 163 0 0 R S
18 164 0 0 U R
18 165 0 0 U S
18 166 0 0 R S
18 167 0 0 R S
18 168 0 0 R S
18 169 0 0 D S
18 170 0 0 D S
18 171 0 0 L S
18 172 0 0 L S
18 173 0 0 U L
18 174 0 0 D S
18 175 0 0 L S
18 176 0 0 U L
18 177 0 0 L S
18 178 0 0 L S
18 179 0 0 D S
18 180 0 0 R S
18 181 0 0 U R
18 182 0 0 D S
18 183 0 0 R S
18 184 0 0 U R
18 185 0 0 U S
18 186 0 0 R S
18 187 0 0 R S
18 188 0 0 R S
18 189 0 0 D S
18 190 0 0 D S
18 191 0 0 L S
18 192 0 0 L S
18 193 0 0 U L
18 194 0 0 D S
18 195 0 0 L S
18 196 0 0 U L
18 197 0 0 L S
18 198 0 0 L S
18 199 0 0 D S
19 0 0 0 U U
19 1 0 0 U U
19 2 0 0 U U
19 3 0 0 U U
19 4 0 0 U U
19 5 0 0 D U
19 6 0 0 U U
19 7 0 0 L U
19 8 0 0 L U
19 9 0 0 L U
19 10 0 0 L L
19 11 0 0 L L
19 12 0 0 L L
19 13 0 0 L S
19 14 0 0 L S
19 15 0 0 L S
19 16 0 0 L S
19 17 0 0 L S
19 18 0 0 L S
19 19 0 0 L S
19 20 0 0 L S
19 21 0 0 D S
19 22 0 0 R S
19 23 1 0 R S
19 24 1 0 U S
19 25 1 0 U S
19 26 1 0 U S
19 27 1 0 U S
19 28 1 0 U S
19 29 1 0 L S
19 30 1 0 U S
19 31 1 0 U S
19 32 1 0 R S
19 33 1 0 D S
19 34 1 0 D D
19 35 1 0 L D
19 36 1 0 R S
19 37 1 0 D S
19 38 1 0 D D
19 39 1 0 D D
19 40 1 0 D R
19 41 1 0 L R
19 42 1 0 D R
19 43 2 0 R R
19 44 2 0 U R
19 45 2 0 R R
19 46 2 0 R S
19 47 2 0 R S
19 48 2 0 R S
19 49 2 0 R S
19 50 2 0 R S
19 51 2 0 R S
19 52 2 0 R S
19 53 2 0 U S
19 54 2 0 U U
19 55 2 0 R U
19 56 2 0 L S
19 57 2 0 U S
19 58 2 0 R U
19 59 2 0 U S
19 60 2 0 U S
19 61 2 0 L S
19 62 2 0 D S
19 63 2 0 R D
19 64 2 0 L S
19 65 2 0 D S
19 66 2 0 R D
19 67 2 0 D S
19 68 2 0 D S
19 69 2 0 L S
19 70 2 0 U S
19 71 2 0 R U
19 72 2 0 L S
19 73 2 0 U S
19 74 2 0 R U
19 75 2 0 U S
19 76 2 0 U S
19 77 2 0 L S
19 78 2 0 D S
19 79 2 0 R D
19 80 2 0 L S
19 81 2 0 D S
19 82 2 0 R D
19 83 2 0 D S
19 84 2 0 D S
19 85 2 0 L S
19 86 2 0 U S
19 87 2 0 R U
19 88 2 0 L S
19 89 2 0 U S
19 90 2 0 R U
19 91 2 0 U S
19 92 2 0 U S
19 93 2 0 L S
19 94 2 0 D S
19 95 2 0 R D
19 96 2 0 L S
19 97 2 0 D S
19 98 2 0 R D
19 99 2 0 D S
19 100 2 0 D S
19 101 2 0 L S
19 102 2 0 U S
19 103 2 0 R U
19 104 2 0 L S
19 105 2 0 U S
19 106 2 0 R U
19 107 2 0 U S
19 108 2 0 U S
19 109 2 0 L S
19 110 2 0 D S
19 111 2 0 R D
19 112 2 0 L S
19 113 2 0 D S
19 114 2 0 R D
19 115 2 0 D S
19 116 2 0 D S
19 117 2 0 L S
19 118 2 0 U S
19 119 2 0 R U
19 120 2 0 L S
19 121 2 0 U S
19 122 2 0 R U
19 123 2 0 U S
19 124 2 0 U S
19 125 2 0 L S
19 126 2 0 D S
19 127 2 0 R D
19 128 2 0 L S
19 129 2 0 D S
19 130 2 0 R D
19 131 2 0 D S
19 132 2 0 D S
19 133 2 0 L S
19 134 2 0 U S
19 135 2 0 R U
19 136 2 0 L S
19 137 2 0 U S
19 138 2 0 R U
19 139 2 0 U S
19 140 2 0 U S
19 141 2 0 L S
19 142 2 0 D S
19 143 2 0 R D
19 144 2 0 L S
19 145 2 0 D S
19 146 2 0 R D
19 147 2 0 D S
19 148 2 0 D S
19 149 2 0 L S
19 150 2 0 U S
19 151 2 0 R U
19 152 2 0 L S
19 153 2 0 U S
19 154 2 0 R U
19 155 2 0 U S
19 156 2 0 U S
19 157 2 0 L S
19 158 2 0 D S
19 159 2 0 R D
19 160 2 0 L S
19 161 2 0 D S
19 162 2 0 R D
19 163 2 0 D S
19 164 2 0 D S
19 165 2 0 L S
19 166 2 0 U S
19 167 2 0 R U
19 168 2 0 L S
19 169 2 0 U S
19 170 2 0 R U
19 171 2 0 U S
19 172 2 0 U S
19 173 2 0 L S
19 174 2 0 D S
19 175 2 0 R D
19 176 2 0 L S
19 177 2 0 D S
19 178 2 0 R D
19 179 2 0 D S
19 180 2 0 D S
19 181 2 0 L S
19 182 2 0 U S
19 183 2 0 R U
19 184 2 0 L S
19 185 2 0 U S
19 186 2 0 R U
19 187 2 0 U S
19 188 2 0 U S
19 189 2 0 L S
19 190 2 0 D S
19 191 2 0 R D
19 192 2 0 L S
19 193 2 0 D S
19 194 2 0 R D
19 195 2 0 D S
19 196 2 0 D S
19 197 2 0 L S
19 198 2 0 U S
19 199 2 0 R U
20 0 0 0 D D
20 1 0 0 D L
20 2 0 0 D L
20 3 0 0 L S
20 4 0 0 L S
20 5 0 0 L S
20 6 0 0 L S
20 7 0 0 L S
20 8 0 0 U S
20 9 1 0 U U
20 10 1 0 D D
20 11 1 0 D D
20 12 1 0 U D
20 13 1 0 D R
20 14 1 0 R R
20 15 1 0 R R
20 16 1 0 R S
20 17 1 0 R S
20 18 1 0 R S
20 19 1 0 D S
20 20 1 0 R D
20 21 1 0 D S
20 22 1 0 D S
20 23 1 0 L S
20 24 1 0 U S
20 25 1 0 R U
20 26 1 0 D S
20 27 1 0 L S
20 28 1 0 L S
20 29 1 0 L S
20 30 1 0 L S
20 31 1 0 L S
20 32 1 0 L S
20 33 1 0 L S
20 34 1 0 D S
20 35 1 0 L S
20 36 1 0 U S
20 37 2 0 U S
20 38 2 0 R S
20 39 2 0 R S
20 40 2 0 R S
20 41 2 0 R S
20 42 2 0 R S
20 43 2 0 R S
20 44 2 0 R S
20 45 2 0 U S
20 46 2 0 U U
20 47 2 0 U U
20 48 2 0 U U
20 49 2 0 R U
20 50 2 0 L S
20 51 2 0 U S
20 52 2 0 R U
20 53 2 0 U S
20 54 2 0 U S
20 55 2 0 L S
20 56 2 0 D S
20 57 2 0 R D
20 58 2 0 L S
20 59 2 0 D S
20 60 2 0 R D
20 61 2 0 D S
20 62 2 0 D S
20 63 2 0 L S
20 64 2 0 U S
20 65 2 0 R U
20 66 2 0 L S
20 67 2 0 U S
20 68 2 0 R U
20 69 2 0 U S
20 70 2 0 U S
20 71 2 0 L S
20 72 2 0 D S
20 73 2 0 R D
20 74 2 0 L S
20 75 2 0 D S
20 76 2 0 R D
20 77 2 0 D S
20 78 2 0 D S
20 79 2 0 L S
20 80 2 0 U S
20 81 2 0 R U
20 82 2 0 L S
20 83 2 0 U S
20 84 2 0 R U
20 85 2 0 U S
20 86 2 0 U S
20 87 2 0 L S
20 88 2 0 D S
20 89 2 0 R D
20 90 2 0 L S
20 91 2 0 D S
20 92 2 0 R D
20 93 2 0 D S
20 94 2 0 D S
20 95 2 0 L S
20 96 2 0 U S
20 97 2 0 R U
20 98 2 0 L S
20 99 2 0 U S
20 100 2 0 R U
20 101 2 0 U S
20 102 2 0 U S
20 103 2 0 L S
20 104 2 0 D S
20 105 2 0 R D
20 106 2 0 L S
20 107 2 0 D S
20 108 2 0 R D
20 109 2 0 D S
20 110 2 0 D S
20 111 2 0 L S
20 112 2 0 U S
20 113 2 0 R U
20 114 2 0 L S
20 115 2 0 U S
20 116 2 0 R U
20 117 2 0 U S
20 118 2 0 U S
20 119 2 0 L S
20 120 2 0 D S
20 121 2 0 R D
20 122 2 0 L S
20 123 2 0 D S
20 124 2 0 R D
20 125 2 0 D S
20 126 2 0 D S
20 127 2 0 L S
20 128 2 0 U S
20 129 2 0 R U
20 130 2 0 L S
20 131 2 0 U S
20 132 2 0 R U
20 133 2 0 U S
20 134 2 0 U S
20 135 2 0 L S
20 136 2 0 D S
20 137 2 0 R D
20 138 2 0 L S
20 139 2 0 D S
20 140 2 0 R D
20 141 2 0 D S
20 142 2 0 D S
20 143 2 0 L S
20 144 2 0 U S
20 145 2 0 R U
20 146 2 0 L S
20 147 2 0 U S
20 148 2 0 R U
20 149 2 0 U S
20 150 2 0 U S
20 151 2 0 L S
20 152 2 0 D S
20 153 2 0 R D
20 154 2 0 L S
20 155 2 0 D S
20 156 2 0 R D
20 157 2 0 D S
20 158 2 0 D S
20 159 2 0 L S
20 160 2 0 U S
20 161 2 0 R U
20 162 2 0 L S
20 163 2 0 U S
20 164 2 0 R U
20 165 2 0 U S
20 166 2 0 U S
20 167 2 0 L S
20 168 2 0 D S
20 169 2 0 R D
20 170 2 0 L S
20 171 2 0 D S
20 172 2 0 R D
20 173 2 0 D S
20 174 2 0 D S
20 175 2 0 L S
20 176 2 0 U S
20 177 2 0 R U
20 178 2 0 L S
20 179 2 0 U S
20 180 2 0 R U
20 181 2 0 U S
20 182 2 0 U S
20 183 2 0 L S
20 184 2 0 D S
20 185 2 0 R D
20 186 2 0 L S
20 187 2 0 D S
20 188 2 0 R D
20 189 2 0 D S
20 190 2 0 D S
20 191 2 0 L S
20 192 2 0 U S
20 193 2 0 R U
20 194 2 0 L S
20 195 2 0 U S
20 196 2 0 R U
20 197 2 0 U S
20 198 2 0 U S
20 199 2 0 L S
21 0 0 0 D U
21 1 0 0 R U
21 2 0 0 R U
21 3 0 0 R U
21 4 0 0 R U
21 5 0 0 U U
21 6 0 0 D U
21 7 0 0 R U
21 8 0 0 R R
21 9 0 0 U R
21 10 0 0 U R
21 11 0 0 L R
21 12 0 0 L R
21 13 1 0 L R
21 14 1 0 D D
21 15 1 0 D R
21 16 1 0 R R
21 17 1 0 R R
21 18 1 0 U R
21 19 1 0 U R
21 20 1 0 U R
21 21 1 0 U R
21 22 1 0 U R
21 23 1 0 U R
21 24 1 0 U R
21 25 1 0 U R
21 26 1 0 U R
21 27 1 0 U R
21 28 1 0 U R
21 29 1 0 U R
21 30 1 0 U R
21 31 1 0 U R
21 32 1 0 U R
21 33 1 0 U R
21 34 1 0 U R
21 35 1 0 U R
21 36 1 0 U R
21 37 1 0 U R
21 38 1 0 U R
21 39 1 0 U R
21 40 1 0 U R
21 41 1 0 U R
21 42 1 0 U R
21 43 1 0 U R
21 44 1 0 U R
21 45 1 0 U R
21 46 1 0 U R
21 47 1 0 U R
21 48 1 0 U R
21 49 1 0 U R
21 50 1 0 U R
21 51 1 0 U R
21 52 1 0 U R
21 53 1 0 U R
21 54 1 0 U R
21 55 1 0 U R
21 56 1 0 U R
21 57 1 0 U R
21 58 1 0 U R
21 59 1 0 U R
21 60 1 0 U R
21 61 1 0 U R
21 62 1 0 U R
21 63 1 0 U R
21 64 1 0 U R
21 65 1 0 U R
21 66 1 0 U R
21 67 1 0 U R
21 68 1 0 U R
21 69 1 0 U R
21 70 1 0 U R
21 71 1 0 U R
21 72 1 0 U R
21 73 1 0 U R
21 74 1 0 U R
21 75 1 0 U R
21 76 1 0 U R
21 77 1 0 U R
21 78 1 0 U R
21 79 1 0 U R
21 80 1 0 U R
21 81 1 0 U R
21 82 1 0 U R
21 83 1 0 U R
21 84 1 0 U R
21 85 1 0 U R
21 86 1 0 U R
21 87 1 0 U R
21 88 1 0 U R
21 89 1 0 U R
21 90 1 0 U R
21 91 1 0 U R
21 92 1 0 U R
21 93 1 0 U R
21 94 1 0 U R
21 95 1 0 U R
21 96 1 0 U R
21 97 1 0 U R
21 98 1 0 U R
21 99 1 0 U R
21 100 1 0 U R
21 101 1 0 U R
21 102 1 0 U R
21 103 1 0 U R
21 104 1 0 U R
21 105 1 0 U R
21 106 1 0 U R
21 107 1 0 U R
21 108 1 0 U R
21 109 1 0 U R
21 110 1 0 U R
21 111 1 0 U R
21 112 1 0 U R
21 113 1 0 U R
21 114 1 0 U R
21 115 1 0 U R
21 116 1 0 U R
21 117 1 0 U R
21 118 1 0 U R
21 119 1 0 U R
21 120 1 0 U R
21 121 1 0 U R
21 122 1 0 U R
21 123 1 0 U R
21 124 1 0 U R
21 125 1 0 U R
21 126 1 0 U R
21 127 1 0 U R
21 128 1 0 U R
21 129 1 0 U R
21 130 1 0 U R
21 131 1 0 U R
21 132 1 0 U R
21 133 1 0 U R
21 134 1 0 U R
21 135 1 0 U R
21 136 1 0 U R
21 137 1 0 U R
21 138 1 0 U R
21 139 1 0 U R
21 140 1 0 U R
21 141 1 0 U R
21 142 1 0 U R
21 143 1 0 U R
21 144 1 0 U R
21 145 1 0 U R
21 146 1 0 U R
21 147 1 0 U R
21 148 1 0 U R
21 149 1 0 U R
21 150 1 0 U R
21 151 1 0 U R
21 152 1 0 U R
21 153 1 0 U R
21 154 1 0 U R
21 155 1 0 U R
21 156 1 0 U R
21 157 1 0 U R
21 158 1 0 U R
21 159 1 0 U R
21 160 1 0 U R
21 161 1 0 U R
21 162 1 0 U R
21 163 1 0 U R
21 164 1 0 U R
21 165 1 0 U R
21 166 1 0 U R
21 167 1 0 U R
21 168 1 0 U R
21 169 1 0 U R
21 170 1 0 U R
21 171 1 0 U R
21 172 1 0 U R
21 173 1 0 U R
21 174 1 0 U R
21 175 1 0 U R
21 176 1 0 U R
21 177 1 0 U R
21 178 1 0 U R
21 179 1 0 U R
21 180 1 0 U R
21 181 1 0 U R
21 182 1 0 U R
21 183 1 0 U R
21 184 1 0 U R
21 185 1 0 U R
21 186 1 0 U R
21 187 1 0 U R
21 188 1 0 U R
21 189 1 0 U R
21 190 1 0 U R
21 191 1 0 U R
21 192 1 0 U R
21 193 1 0 U R
21 194 1 0 U R
21 195 1 0 U R
21 196 1 0 U R
21 197 1 0 U R
21 198 1 0 U R
21 199 1 0 U R
22 0 0 0 D R
22 1 0 0 D D
22 2 0 0 R D
22 3 0 0 R D
22 4 0 0 R D
22 5 0 0 R D
22 6 0 0 R D
22 7 0 0 R D
22 8 0 0 R D
22 9 0 0 R D
22 10 0 0 R R
22 11 0 0 R S
22 12 0 0 R S
22 13 0 0 U S
22 14 0 0 R U
22 15 0 0 L S
22 16 0 0 U S
22 17 0 0 U U
22 18 0 0 U U
22 19 0 0 U U
22 20 0 0 R U
22 21 0 0 L S
22 22 0 0 U S
22 23 0 0 R U
22 24 0 0 U S
22 25 0 0 U S
22 26 0 0 L S
22 27 0 0 D S
22 28 0 0 R D
22 29 0 0 L S
22 30 0 0 D S
22 31 0 0 R D
22 32 0 0 D S
22 33 0 0 D S
22 34 0 0 L S
22 35 0 0 U S
22 36 0 0 R U
22 37 0 0 L S
22 38 0 0 U S
22 39 0 0 R U
22 40 0 0 U S
22 41 0 0 U S
22 42 0 0 L S
22 43 0 0 D S
22 44 0 0 R D
22 45 0 0 L S
22 46 0 0 D S
22 47 0 0 R D
22 48 0 0 D S
22 49 0 0 D S
22 50 0 0 L S
22 51 0 0 U S
22 52 0 0 R U
22 53 0 0 L S
22 54 0 0 U S
22 55 0 0 R U
22 56 0 0 U S
22 57 0 0 U S
22 58 0 0 L S
22 59 0 0 D S
22 60 0 0 R D
22 61 0 0 L S
22 62 0 0 D S
22 63 0 0 R D
22 64 0 0 D S
22 65 0 0 D S
22 66 0 0 L S
22 67 0 0 U S
22 68 0 0 R U
22 69 0 0 L S
22 70 0 0 U S
22 71 0 0 R U
22 72 0 0 U S
22 73 0 0 U S
22 74 0 0 L S
22 75 0 0 D S
22 76 0 0 R D
22 77 0 0 L S
22 78 0 0 D S
22 79 0 0 R D
22 80 0 0 D S
22 81 0 0 D S
22 82 0 0 L S
22 83 0 0 U S
22 84 0 0 R U
22 85 0 0 L S
22 86 0 0 U S
22 87 0 0 R U
22 88 0 0 U S
22 89 0 0 U S
22 90 0 0 L S
22 91 0 0 D S
22 92 0 0 R D
22 93 0 0 L S
22 94 0 0 D S
22 95 0 0 R D
22 96 0 0 D S
22 97 0 0 D S
22 98 0 0 L S
22 99 0 0 U S
22 100 0 0 R U
22 101 0 0 L S
22 102 0 0 U S
22 103 0 0 R U
22 104 0 0 U S
22 105 0 0 U S
22 106 0 0 L S
22 107 0 0 D S
22 108 0 0 R D
22 109 0 0 L S
22 110 0 0 D S
22 111 0 0 R D
22 112 0 0 D S
22 113 0 0 D S
22 114 0 0 L S
22 115 0 0 U S
22 116 0 0 R U
22 117 0 0 L S
22 118 0 0 U S
22 119 0 0 R U
22 120 0 0 U S
22 121 0 0 U S
22 122 0 0 L S
22 123 0 0 D S
22 124 0 0 R D
22 125 0 0 L S
22 126 0 0 D S
22 127 0 0 R D
22 128 0 0 D S
22 129 0 0 D S
22 130 0 0 L S
22 131 0 0 U S
22 132 0 0 R U
22 133 0 0 L S
22 134 0 0 U S
22 135 0 0 R U
22 136 0 0 U S
22 137 0 0 U S
22 138 0 0 L S
22 139 0 0 D S
22 140 0 0 R D
22 141 0 0 L S
22 142 0 0 D S
22 143 0 0 R D
22 144 0 0 D S
22 145 0 0 D S
22 146 0 0 L S
22 147 0 0 U S
22 148 0 0 R U
22 149 0 0 L S
22 150 0 0 U S
22 151 0 0 R U
22 152 0 0 U S
22 153 0 0 U S
22 154 0 0 L S
22 155 0 0 D S
22 156 0 0 R D
22 157 0 0 L S
22 158 0 0 D S
22 159 0 0 R D
22 160 0 0 D S
22 161 0 0 D S
22 162 0 0 L S
22 163 0 0 U S
22 164 0 0 R U
22 165 0 0 L S
22 166 0 0 U S
22 167 0 0 R U
22 168 0 0 U S
22 169 0 0 U S
22 170 0 0 L S
22 171 0 0 D S
22 172 0 0 R D
22 173 0 0 L S
22 174 0 0 D S
22 175 0 0 R D
22 176 0 0 D S
22 177 0 0 D S
22 178 0 0 L S
22 179 0 0 U S
22 180 0 0 R U
22 181 0 0 L S
22 182 0 0 U S
22 183 0 0 R U
22 184 0 0 U S
22 185 0 0 U S
22 186 0 0 L S
22 187 0 0 D S
22 188 0 0 R D
22 189 0 0 L S
22 190 0 0 D S
22 191 0 0 R D
22 192 0 0 D S
22 193 0 0 D S
22 194 0 0 L S
22 195 0 0 U S
22 196 0 0 R U
22 197 0 0 L S
22 198 0 0 U S
22 199 0 0 R U
23 0 0 0 U U
23 1 0 0 U U
23 2 0 0 U U
23 3 0 0 U L
23 4 0 0 U U
23 5 0 0 U U
23 6 0 0 U U
23 7 0 0 U U
23 8 0 0 U S
23 9 0 0 U S
23 10 0 0 U S
23 11 0 0 U S
23 12 0 0 U S
23 13 0 0 U S
23 14 0 0 U S
23 15 0 0 U S
23 16 0 0 U S
23 17 0 0 U S
23 18 0 0 U S
23 19 0 0 U S
23 20 0 0 U S
23 21 0 0 U S
23 22 0 0 U S
23 23 0 0 U S
23 24 0 0 U S
23 25 0 0 U S
23 26 0 0 U S
23 27 0 0 U S
23 28 0 0 U S
23 29 0 0 U S
23 30 0 0 U S
23 31 0 0 U S
23 32 0 0 U S
23 33 0 0 U S
23 34 0 0 U S
23 35 0 0 U S
23 36 0 0 U S
23 37 0 0 U S
23 38 0 0 U S
23 39 0 0 U S
23 40 0 0 U S
23 41 0 0 U S
23 42 0 0 U S
23 43 0 0 U S
23 44 0 0 U S
23 45 0 0 U S
23 46 0 0 U S
23 47 0 0 U S
23 48 0 0 U S
23 49 0 0 U S
23 50 0 0 U S
23 51 0 0 U S
23 52 0 0 U S
23 53 0 0 U S
23 54 0 0 U S
23 55 0 0 U S
23 56 0 0 U S
23 57 0 0 U S
23 58 0 0 U S
23 59 0 0 U S
23 60 0 0 U S
23 61 0 0 U S
23 62 0 0 U S
23 63 0 0 U S
23 64 0 0 U S
23 65 0 0 U S
23 66 0 0 U S
23 67 0 0 U S
23 68 0 0 U S
23 69 0 0 U S
23 70 0 0 U S
23 71 0 0 U S
23 72 0 0 U S
23 73 0 0 U S
23 74 0 0 U S
23 75 0 0 U S
23 76 0 0 U S
23 77 0 0 U S
23 78 0 0 U S
23 79 0 0 U S
23 80 0 0 U S
23 81 0 0 U S
23 82 0 0 U S
23 83 0 0 U S
23 84 0 0 U S
23 85 0 0 U S
23 86 0 0 U S
23 87 0 0 U S
23 88 0 0 U S
23 89 0 0 U S
23 90 0 0 U S
23 91 0 0 U S
23 92 0 0 U S
23 93 0 0 U S
23 94 0 0 U S
23 95 0 0 U S
23 96 0 0 U S
23 97 0 0 U S
23 98 0 0 U S
23 99 0 0 U S
23 100 0 0 U S
23 101 0 0 U S
23 102 0 0 U S
23 103 0 0 U S
23 104 0 0 U S
23 105 0 0 U S
23 106 0 0 U S
23 107 0 0 U S
23 108 0 0 U S
23 109 0 0 U S
23 110 0 0 U S
23 111 0 0 U S
23 112 0 0 U S
23 113 0 0 U S
23 114 0 0 U S
23 115 0 0 U S
23 116 0 0 U S
23 117 0 0 U S
23 118 0 0 U S
23 119 0 0 U S
23 120 0 0 U S
23 121 0 0 U S
23 122 0 0 U S
23 123 0 0 U S
23 124 0 0 U S
23 125 0 0 U S
23 126 0 0 U S
23 127 0 0 U S
23 128 0 0 U S
23 129 0 0 U S
23 130 0 0 U S
23 131 0 0 U S
23 132 0 0 U S
23 133 0 0 U S
23 134 0 0 U S
23 135 0 0 U S
23 136 0 0 U S
23 137 0 0 U S
23 138 0 0 U S
23 139 0 0 U S
23 140 0 0 U S
23 141 0 0 U S
23 142 0 0 U S
23 143 0 0 U S
23 144 0 0 U S
23 145 0 0 U S
23 146 0 0 U S
23 147 0 0 U S
23 148 0 0 U S
23 149 0 0 U S
23 150 0 0 U S
23 151 0 0 U S
23 152 0 0 U S
23 153 0 0 U S
23 154 0 0 U S
23 155 0 0 U S
23 156 0 0 U S
23 157 0 0 U S
23 158 0 0 U S
23 159 0 0 U S
23 160 0 0 U S
23 161 0 0 U S
23 162 0 0 U S
23 163 0 0 U S
23 164 0 0 U S
23 165 0 0 U S
23 166 0 0 U S
23 167 0 0 U S
23 168 0 0 U S
23 169 0 0 U S
23 170 0 0 U S
23 171 0 0 U S
23 172 0 0 U S
23 173 0 0 U S
23 174 0 0 U S
23 175 0 0 U S
23 176 0 0 U S
23 177 0 0 U S
23 178 0 0 U S
23 179 0 0 U S
23 180 0 0 U S
23 181 0 0 U S
23 182 0 0 U S
23 183 0 0 U S
23 184 0 0 U S
23 185 0 0 U S
23 186 0 0 U S
23 187 0 0 U S
23 188 0 0 U S
23 189 0 0 U S
23 190 0 0 U S
23 191 0 0 U S
23 192 0 0 U S
23 193 0 0 U S
23 194 0 0 U S
23 195 0 0 U S
23 196 0 0 U S
23 197 0 0 U S
23 198 0 0 U S
23 199 0 0 U S
24 0 0 0 D U
24 1 0 0 D U
24 2 0 0 L U
24 3 0 0 D U
24 4 0 0 D U
24 5 0 0 R U
24 6 0 0 U U
24 7 0 0 U U
24 8 0 0 U U
24 9 1 0 U U
24 10 1 0 U U
24 11 1 0 U U
24 12 1 0 U L
24 13 1 0 U L
24 14 1 0 U S
24 15 1 0 U S
24 16 1 0 U S
24 17 1 0 U S
24 18 1 0 U S
24 19 1 0 U S
24 20 1 0 U S
24 21 1 0 U S
24 22 1 0 U S
24 23 1 0 U S
24 24 1 0 U S
24 25 1 0 U S
24 26 1 0 U S
24 27 1 0 U S
24 28 1 0 U S
24 29 1 0 U S
24 30 1 0 U S
24 31 1 0 U S
24 32 1 0 U S
24 33 1 0 U S
24 34 1 0 U S
24 35 1 0 U S
24 36 1 0 U S
24 37 1 0 U S
24 38 1 0 U S
24 39 1 0 U S
24 40 1 0 U S
24 41 1 0 U S
24 42 1 0 U S
24 43 1 0 U S
24 44 1 0 U S
24 45 1 0 U S
24 46 1 0 U S
24 47 1 0 U S
24 48 1 0 U S
24 49 1 0 U S
24 50 1 0 U S
24 51 1 0 U S
24 52 1 0 U S
24 53 1 0 U S
24 54 1 0 U S
24 55 1 0 U S
24 56 1 0 U S
24 57 1 0 U S
24 58 1 0 U S
24 59 1 0 U S
24 60 1 0 U S
24 61 1 0 U S
24 62 1 0 U S
24 63 1 0 U S
24 64 1 0 U S
24 65 1 0 U S
24 66 1 0 U S
24 67 1 0 U S
24 68 1 0 U S
24 69 1 0 U S
24 70 1 0 U S
24 71 1 0 U S
24 72 1 0 U S
24 73 1 0 U S
24 74 1 0 U S
24 75 1 0 U S
24 76 1 0 U S
24 77 1 0 U S
24 78 1 0 U S
24 79 1 0 U S
24 80 1 0 U S
24 81 1 0 U S
24 82 1 0 U S
24 83 1 0 U S
24 84 1 0 U S
24 85 1 0 U S
24 86 1 0 U S
24 87 1 0 U S
24 88 1 0 U S
24 89 1 0 U S
24 90 1 0 U S
24 91 1 0 U S
24 92 1 0 U S
24 93 1 0 U S
24 94 1 0 U S
24 95 1 0 U S
24 96 1 0 U S
24 97 1 0 U S
24 98 1 0 U S
24 99 1 0 U S
24 100 1 0 U S
24 101 1 0 U S
24 102 1 0 U S
24 103 1 0 U S
24 104 1 0 U S
24 105 1 0 U S
24 106 1 0 U S
24 107 1 0 U S
24 108 1 0 U S
24 109 1 0 U S
24 110 1 0 U S
24 111 1 0 U S
24 112 1 0 U S
24 113 1 0 U S
24 114 1 0 U S
24 115 1 0 U S
24 116 1 0 U S
24 117 1 0 U S
24 118 1 0 U S
24 119 1 0 U S
24 120 1 0 U S
24 121 1 0 U S
24 122 1 0 U S
24 123 1 0 U S
24 124 1 0 U S
24 125 1 0 U S
24 126 1 0 U S
24 127 1 0 U S
24 128 1 0 U S
24 129 1 0 U S
24 130 1 0 U S
24 131 1 0 U S
24 132 1 0 U S
24 133 1 0 U S
24 134 1 0 U S
24 135 1 0 U S
24 136 1 0 U S
24 137 1 0 U S
24 138 1 0 U S
24 139 1 0 U S
24 140 1 0 U S
24 141 1 0 U S
24 142 1 0 U S
24 143 1 0 U S
24 144 1 0 U S
24 145 1 0 U S
24 146 1 0 U S
24 147 1 0 U S
24 148 1 0 U S
24 149 1 0 U S
24 150 1 0 U S
24 151 1 0 U S
24 152 1 0 U S
24 153 1 0 U S
24 154 1 0 U S
24 155 1 0 U S
24 156 1 0 U S
24 157 1 0 U S
24 158 1 0 U S
24 159 1 0 U S
24 160 1 0 U S
24 161 1 0 U S
24 162 1 0 U S
24 163 1 0 U S
24 164 1 0 U S
24 165 1 0 U S
24 166 1 0 U S
24 167 1 0 U S
24 168 1 0 U S
24 169 1 0 U S
24 170 1 0 U S
24 171 1 0 U S
24 172 1 0 U S
24 173 1 0 U S
24 174 1 0 U S
24 175 1 0 U S
24 176 1 0 U S
24 177 1 0 U S
24 178 1 0 U S
24 179 1 0 U S
24 180 1 0 U S
24 181 1 0 U S
24 182 1 0 U S
24 183 1 0 U S
24 184 1 0 U S
24 185 1 0 U S
24 186 1 0 U S
24 187 1 0 U S
24 188 1 0 U S
24 189 1 0 U S
24 190 1 0 U S
24 191 1 0 U S
24 192 1 0 U S
24 193 1 0 U S
24 194 1 0 U S
24 195 1 0 U S
24 196 1 0 U S
24 197 1 0 U S
24 198 1 0 U S
24 199 1 0 U S
0 0 0 0 D R
0 1 0 0 D R
0 2 0 0 L R
0 3 0 0 L R
0 4 0 0 L R
0 5 0 0 L R
0 6 0 0 L R
0 7 0 0 L R
0 8 0 0 L R
0 9 0 0 L D
0 10 0 0 L L
0 11 0 0 L L
0 12 0 0 D L
0 13 0 0 D L
0 14 0 0 R L
0 15 0 0 D L
0 16 0 0 D L
0 17 0 0 L L
0 18 0 0 U L
0 19 0 0 U L
0 20 0 0 R L
0 21 0 0 U L
0 22 0 0 U L
0 23 0 0 L D
0 24 0 0 D R
0 25 0 0 D R
0 26 0 0 R R
0 27 0 0 D R
0 28 0 0 D R
0 29 0 0 L R
0 30 0 0 U R
0 31 0 0 U R
0 32 0 0 R R
0 33 0 0 U R
0 34 0 0 U R
0 35 0 0 L R
0 36 0 0 D R
0 37 0 0 D D
0 38 0 0 R L
0 39 0 0 D L
0 40 0 0 D L
0 41 0 0 L L
0 42 0 0 U L
0 43 0 0 U L
0 44 0 0 R L
0 45 0 0 U L
0 46 0 0 U L
0 47 0 0 L L
0 48 0 0 D D
0 49 0 0 D R
0 50 0 0 R R
0 51 0 0 D R
0 52 0 0 D R
0 53 0 0 L R
0 54 0 0 U R
0 55 0 0 U R
0 56 0 0 R R
0 57 0 0 U R
0 58 0 0 U R
0 59 0 0 L D
0 60 0 0 D L
0 61 0 0 D L
0 62 0 0 R L
0 63 0 0 D L
0 64 0 0 D L
0 65 0 0 L L
0 66 0 0 U L
0 67 0 0 U L
0 68 0 0 R L
0 69 0 0 U L
0 70 0 0 U L
0 71 0 0 L L
0 72 0 0 D L
0 73 0 0 D L
0 74 0 0 R D
0 75 0 0 D R
0 76 0 0 D R
0 77 0 0 L R
0 78 0 0 U R
0 79 0 0 U R
0 80 0 0 R R
0 81 0 0 U R
0 82 0 0 U R
0 83 0 0 L R
0 84 0 0 D R
0 85 0 0 D R
0 86 0 0 R R
0 87 0 0 D R
0 88 0 0 D D
0 89 0 0 L L
0 90 0 0 U L
0 91 0 0 U D
0 92 0 0 R L
0 93 0 0 U L
0 94 0 0 U L
0 95 0 0 L L
0 96 0 0 D L
0 97 0 0 D L
0 98 0 0 R L
0 99 0 0 D L
0 100 0 0 D U
0 101 0 0 L R
0 102 0 0 U R
0 103 0 0 U R
0 104 0 0 R R
0 105 0 0 U R
0 106 0 0 U R
0 107 0 0 L U
0 108 0 0 D L
0 109 0 0 D L
0 110 0 0 R L
0 111 0 0 D L
0 112 0 0 D L
0 113 0 0 L L
0 114 0 0 U L
0 115 0 0 U D
0 116 0 0 R L
0 117 0 0 U L
0 118 0 0 U L
0 119 0 0 L D
0 120 0 0 D R
0 121 0 0 D R
0 122 0 0 R R
0 123 0 0 D D
0 124 0 0 D R
0 125 0 0 L R
0 126 0 0 U R
0 127 0 0 U R
0 128 0 0 R U
0 129 0 0 U L
0 130 0 0 U L
0 131 0 0 L U
0 132 0 0 D R
0 133 0 0 D R
0 134 0 0 R R
0 135 0 0 D R
0 136 0 0 D R
0 137 0 0 L D
0 138 0 0 U D
0 139 0 0 U L
0 140 0 0 R U
0 141 0 0 U L
0 142 0 0 U U
0 143 0 0 L U
0 144 0 0 D L
0 145 0 0 D L
0 146 0 0 R L
0 147 0 0 D L
0 148 0 0 D L
0 149 0 0 L U
0 150 0 0 U U
0 151 0 0 U R
0 152 0 0 R R
0 153 0 0 U R
0 154 0 0 U R
0 155 0 0 L U
0 156 0 0 D R
0 157 0 0 D R
0 158 0 0 R R
0 159 0 0 D R
0 160 0 0 D R
0 161 0 0 L R
0 162 0 0 U R
0 163 0 0 U R
0 164 0 0 R D
0 165 0 0 U L
0 166 0 0 U L
0 167 0 0 L U
0 168 0 0 D U
0 169 0 0 D L
0 170 0 0 R L
0 171 0 0 D L
0 172 0 0 D L
0 173 0 0 L L
0 174 0 0 U L
0 175 0 0 U L
0 176 0 0 R L
0 177 0 0 U L
0 178 0 0 U L
0 179 0 0 L L
0 180 0 0 D L
0 181 0 0 D U
0 182 0 0 R R
0 183 0 0 D R
0 184 0 0 D U
0 185 0 0 L R
0 186 0 0 U U
0 187 0 0 U L
0 188 0 0 R L
0 189 0 0 U L
0 190 0 0 U D
0 191 0 0 L R
0 192 0 0 D U
0 193 0 0 D U
0 194 0 0 R R
0 195 0 0 D R
0 196 0 0 D R
0 197 0 0 L R
0 198 0 0 U R
0 199 0 0 U R
1 0 0 0 U R
1 1 0 0 L R
1 2 0 0 L R
1 3 0 0 L R
1 4 0 0 L R
1 5 0 0 L R
1 6 0 0 L R
1 7 0 0 L R
1 8 0 0 L R
1 9 0 0 L R
1 10 0 0 D R
1 11 0 0 L R
1 12 0 0 D D
1 13 0 0 R L
1 14 1 0 R L
1 15 1 0 D L
1 16 1 0 D L
1 17 1 0 D L
1 18 1 0 L L
1 19 1 0 L L
1 20 1 0 L L
1 21 1 0 D L
1 22 2 0 R D
1 23 2 0 D L
1 24 2 0 D D
1 25 2 0 D D
1 26 2 0 D R
1 27 2 0 D R
1 28 2 0 D R
1 29 2 0 R R
1 30 2 0 R R
1 31 2 0 R D
1 32 2 0 R L
1 33 2 0 R L
1 34 2 0 U L
1 35 2 0 U D
1 36 2 0 U L
1 37 2 0 U L
1 38 2 0 U L
1 39 2 0 R L
1 40 2 0 U L
1 41 2 0 L L
1 42 2 0 L L
1 43 2 0 L D
1 44 3 0 L R
1 45 3 0 S R
1 46 3 0 S R
1 47 3 0 S R
1 48 3 0 S R
1 49 3 0 S R
1 50 3 0 S R
1 51 3 0 S R
1 52 3 0 S R
1 53 3 0 S R
1 54 3 0 S R
1 55 3 0 S R
1 56 3 0 S R
1 57 3 0 S R
1 58 3 0 S R
1 59 3 0 S D
1 60 3 0 S L
1 61 3 0 S L
1 62 3 0 S L
1 63 3 0 S L
1 64 3 0 S L
1 65 3 0 S L
1 66 3 0 S L
1 67 3 0 S L
1 68 3 0 S L
1 69 3 0 S L
1 70 3 0 S L
1 71 3 0 S L
1 72 3 0 S L
1 73 3 0 S L
1 74 3 0 S L
1 75 3 0 S U
1 76 3 0 S R
1 77 3 0 S R
1 78 3 0 S R
1 79 3 0 S R
1 80 3 0 S R
1 81 3 0 S R
1 82 3 0 S R
1 83 3 0 S R
1 84 3 0 S U
1 85 3 0 S R
1 86 3 0 S R
1 87 3 0 S D
1 88 3 0 S R
1 89 3 0 S R
1 90 3 0 S U
1 91 3 0 S R
1 92 3 0 S R
1 93 3 0 S R
1 94 3 0 S U
1 95 3 0 S L
1 96 3 0 S L
1 97 3 0 S L
1 98 3 0 S L
1 99 3 0 S U
1 100 3 0 S R
1 101 3 0 S R
1 102 3 0 S R
1 103 3 0 S R
1 104 3 0 S U
1 105 3 0 S L
1 106 3 0 S L
1 107 3 0 S L
1 1080 0 0 0 D R
0 1 0 0 L R
0 2 0 0 L U
0 3 0 0 L U
0 4 0 0 L U
0 5 0 0 L R
0 6 0 0 D U
0 7 0 0 D U
0 8 0 0 D U
0 9 0 0 D U
0 10 0 0 D U
0 11 0 0 D U
0 12 0 0 D U
0 13 0 0 D U
0 14 0 0 D U
0 15 0 0 D U
0 16 0 0 D U
0 17 0 0 D U
0 18 0 0 D U
0 19 0 0 D U
0 20 0 0 D U
0 21 0 0 D U
0 22 0 0 D U
0 23 0 0 D U
0 24 0 0 D U
0 25 0 0 D U
0 26 0 0 D U
0 27 0 0 D U
0 28 0 0 D U
0 29 0 0 D U
0 30 0 0 D U
0 31 0 0 D U
0 32 0 0 D U
0 33 0 0 D U
0 34 0 0 D U
0 35 0 0 D U
0 36 0 0 D U
0 37 0 0 D U
0 38 0 0 D U
0 39 0 0 D U
0 40 0 0 D U
0 41 0 0 D U
0 42 0 0 D U
0 43 0 0 D U
0 44 0 0 D U
0 45 0 0 D U
0 46 0 0 D U
0 47 0 0 D U
0 48 0 0 D U
0 49 0 0 D U
0 50 0 0 D U
0 51 0 0 D U
0 52 0 0 D U
0 53 0 0 D U
0 54 0 0 D U
0 55 0 0 D U
0 56 0 0 D U
0 57 0 0 D U
0 58 0 0 D U
0 59 0 0 D U
0 60 0 0 D U
0 61 0 0 D U
0 62 0 0 D U
0 63 0 0 D U
0 64 0 0 D U
0 65 0 0 D U
0 66 0 0 D U
0 67 0 0 D U
0 68 0 0 D U
0 69 0 0 D U
0 70 0 0 D U
0 71 0 0 D U
0 72 0 0 D U
0 73 0 0 D U
0 74 0 0 D U
0 75 0 0 D U
0 76 0 0 D U
0 77 0 0 D U
0 78 0 0 D U
0 79 0 0 D U
0 80 0 0 D U
0 81 0 0 D U
0 82 0 0 D U
0 83 0 0 D U
0 84 0 0 D U
0 85 0 0 D U
0 86 0 0 D U
0 87 0 0 D U
0 88 0 0 D U
0 89 0 0 D U
0 90 0 0 D U
0 91 0 0 D U
0 92 0 0 D U
0 93 0 0 D U
0 94 0 0 D U
0 95 0 0 D U
0 96 0 0 D U
0 97 0 0 D U
0 98 0 0 D U
0 99 0 0 D U
0 100 0 0 D U
0 101 0 0 D U
0 102 0 0 D U
0 103 0 0 D U
0 104 0 0 D U
0 105 0 0 D L
0 106 0 0 R L
0 107 0 0 D L
0 108 0 0 L L
0 109 1 0 L L
0 110 1 0 U L
0 111 1 0 U L
0 112 1 0 R L
0 113 1 0 R D
0 114 1 0 U R
0 115 1 0 R R
0 116 1 0 R R
0 117 1 0 R R
0 118 1 0 R R
0 119 1 0 U R
0 120 1 0 L R
0 121 1 0 L R
0 122 1 0 L R
0 123 1 0 L U
0 124 1 0 L R
0 125 1 0 L R
0 126 1 0 U R
0 127 1 0 L R
0 128 1 0 D R
0 129 1 0 D R
0 130 1 0 D D
0 131 2 0 D L
0 132 2 0 U L
0 133 2 0 U L
0 134 2 0 U L
0 135 2 0 R L
0 136 2 0 R D
0 137 2 0 R R
0 138 2 0 R R
0 139 2 0 R R
0 140 2 0 R R
0 141 2 0 R R
0 142 2 0 U D
0 143 2 0 L L
0 144 2 0 L L
0 145 2 0 L L
0 146 2 0 L L
0 147 2 0 L L
0 148 2 0 L L
0 149 2 0 L L
0 150 2 0 D L
0 151 2 0 L L
0 152 2 0 L L
0 153 2 0 U D
0 154 2 0 R R
0 155 2 0 R R
0 156 2 0 D R
0 157 2 0 R R
0 158 2 0 R R
0 159 2 0 U R
0 160 2 0 L R
0 161 2 0 L R
0 162 2 0 D R
0 163 2 0 L R
0 164 2 0 L D
0 165 2 0 U L
0 166 2 0 R L
0 167 2 0 R L
0 168 2 0 D L
0 169 2 0 R L
0 170 2 0 R L
0 171 2 0 U L
0 172 2 0 L L
0 173 2 0 L L
0 174 2 0 D L
0 175 2 0 L L
0 176 2 0 L L
0 177 2 0 U L
0 178 2 0 R U
0 179 2 0 R R
0 180 2 0 D R
0 181 2 0 R R
0 182 2 0 R R
0 183 2 0 U R
0 184 2 0 L R
0 185 2 0 L R
0 186 2 0 D R
0 187 2 0 L U
0 188 2 0 L L
0 189 2 0 U L
0 190 2 0 R U
0 191 2 0 R L
0 192 2 0 D L
0 193 2 0 R L
0 194 2 0 R L
0 195 2 0 U L
0 196 2 0 L L
0 197 2 0 L L
0 198 2 0 D L
0 199 2 0 L D
1 0 0 0 D R
1 1 0 0 L R
1 2 0 0 L R
1 3 0 0 U D
1 4 0 0 U R
1 5 0 0 R R
1 6 0 0 U R
1 7 0 0 U R
1 8 0 0 L R
1 9 0 0 D D
1 10 0 0 D D
1 11 0 0 D D
1 12 0 0 D D
1 13 0 0 D R
1 14 0 0 D D
1 15 0 0 R L
1 16 0 0 D L
1 17 0 1 D L
1 18 0 1 L D
1 19 0 1 U R
1 20 0 1 U R
1 21 0 1 R R
1 22 0 1 U D
1 23 0 1 U L
1 24 0 1 L L
1 25 0 1 D L
1 26 0 1 D L
1 27 0 1 R L
1 28 0 1 D L
1 29 0 1 D L
1 30 0 1 L L
1 31 0 1 U L
1 32 0 1 U L
1 33 0 1 R L
1 34 0 1 U L
1 35 0 1 U L
1 36 0 1 L U
1 37 0 1 D R
1 38 0 1 D R
1 39 0 1 R R
1 40 0 1 D R
1 41 0 1 D R
1 42 0 1 L R
1 43 0 1 U R
1 44 0 1 U R
1 45 0 1 R D
1 46 0 1 U L
1 47 0 1 U L
1 48 0 1 L L
1 49 0 1 D L
1 50 0 1 D L
1 51 0 1 R L
1 52 0 1 D L
1 53 0 1 D L
1 54 0 1 L L
1 55 0 1 U U
1 56 0 1 U R
1 57 0 1 R U
1 58 0 1 U R
1 59 0 1 U R
1 60 0 1 L R
1 61 0 1 D R
1 62 0 1 D D
1 63 0 1 R D
1 64 0 1 D R
1 65 0 1 D R
1 66 0 1 L R
1 67 0 1 U R
1 68 0 1 U R
1 69 0 1 R U
1 70 0 1 U L
1 71 0 1 U L
1 72 0 1 L L
1 73 0 1 D L
1 74 0 1 D L
1 75 0 1 R L
1 76 0 1 D L
1 77 0 1 D L
1 78 0 1 L L
1 79 0 1 U L
1 80 0 1 U L
1 81 0 1 R U
1 82 0 1 U R
1 83 0 1 U U
1 84 0 1 L R
1 85 0 1 D R
1 86 0 1 D R
1 87 0 1 R R
1 88 0 1 D R
1 89 0 1 D R
1 90 0 1 L R
1 91 0 1 U R
1 92 0 1 U R
1 93 0 1 R R
1 94 0 1 U U
1 95 0 1 U L
1 96 0 1 L L
1 97 0 1 D L
1 98 0 1 D L
1 99 0 1 R L
1 100 0 1 D L
1 101 0 1 D L
1 102 0 1 L L
1 103 0 1 U L
1 104 0 1 U L
1 105 0 1 R L
1 106 0 1 U D
1 107 0 1 U R
1 108 0 1 L R
1 109 0 1 D R
1 110 0 1 D R
1 111 0 1 R R
1 112 0 1 D R
1 113 0 1 D R
1 114 0 1 L D
1 115 0 1 U R
1 116 0 1 U R
1 117 0 1 R R
1 118 0 1 U D
1 119 0 1 U L
1 120 0 1 L L
1 121 0 1 D L
1 122 0 1 D L
1 123 0 1 R L
1 124 0 1 D L
1 125 0 1 D L
1 126 0 1 L L
1 127 0 1 U L
1 128 0 1 U L
1 129 0 1 R U
1 130 0 1 U R
1 131 0 1 U R
1 132 0 1 L R
1 133 0 1 D R
1 134 0 1 D R
1 135 0 1 R R
1 136 0 1 D R
1 137 0 1 D R
1 138 0 1 L R
1 139 0 1 U R
1 140 0 1 U D
1 141 0 1 R L
1 142 0 1 U L
1 143 0 1 U L
1 144 0 1 L L
1 145 0 1 D L
1 146 0 1 D L
1 147 0 1 R L
1 148 0 1 D L
1 149 0 1 D L
1 150 0 1 L L
1 151 0 1 U U
1 152 0 1 U R
1 153 0 1 R R
1 154 0 1 U R
1 155 0 1 U R
1 156 0 1 L R
1 157 0 1 D R
1 158 0 1 D R
1 159 0 1 R R
1 160 0 1 D R
1 161 0 1 D R
1 162 0 1 L D
1 163 0 1 U L
1 164 0 1 U L
1 165 0 1 R L
1 166 0 1 U L
1 167 0 1 U D
1 168 0 1 L R
1 169 0 1 D R
1 170 0 1 D R
1 171 0 1 R R
1 172 0 1 D R
1 173 0 1 D U
1 174 0 1 L L
1 175 0 1 U L
1 176 0 1 U L
1 177 0 1 R L
1 178 0 1 U L
1 179 0 1 U L
1 180 0 1 L D
1 181 0 1 D R
1 182 0 1 D R
1 183 0 1 R R
1 184 0 1 D R
1 185 0 1 D R
1 186 0 1 L R
1 187 0 1 U R
1 188 0 1 U U
1 189 0 1 R L
1 190 0 1 U L
1 191 0 1 U L
1 192 0 1 L L
1 193 0 1 D L
1 194 0 1 D L
1 195 0 1 R L
1 196 0 1 D L
1 197 0 1 D D
1 198 0 1 L L
1 199 0 1 U L
2 0 0 0 D U
2 1 0 0 D R
2 2 0 0 D R
2 3 0 0 D R
2 4 0 0 D U
2 5 0 0 R R
2 6 0 0 R R
2 7 0 0 R D
2 8 0 0 R R
2 9 0 0 R R
2 10 0 0 R U
2 11 0 0 R L
2 12 0 0 R U
2 13 0 0 R R
2 14 0 0 R U
2 15 0 0 R L
2 16 0 0 R L
2 17 0 0 R L
2 18 0 0 R D
2 19 0 0 U R
2 20 0 0 U D
2 21 0 0 R D
2 22 0 0 U L
2 23 0 0 L D
2 24 0 0 L R
2 25 0 0 L R
2 26 0 0 L R
2 27 0 0 L D
2 28 0 0 L L
2 29 0 0 L L
2 30 1 0 L D
2 31 1 0 U R
2 32 1 0 U R
2 33 1 0 U U
2 34 1 0 U L
2 35 1 0 U L
2 36 1 0 R L
2 37 1 0 R U
2 38 1 0 R R
2 39 1 0 R U
2 40 1 0 R R
2 41 1 0 R U
2 42 1 0 R L
2 43 1 0 R L
2 44 1 0 D L
2 45 1 0 D L
2 46 1 0 D L
2 47 1 0 D L
2 48 1 0 D L
2 49 1 0 L L
2 50 1 0 D L
2 51 1 0 D L
2 52 1 0 R U
2 53 1 0 U R
2 54 1 0 U R
2 55 1 0 L R
2 56 1 0 U R
2 57 1 0 U R
2 58 1 0 R R
2 59 1 0 D R
2 60 1 0 D U
2 61 1 0 L L
2 62 1 0 D L
2 63 1 0 D L
2 64 1 0 R L
2 65 1 0 U L
2 66 1 0 U L
2 67 1 0 L U
2 68 1 0 U R
2 69 1 0 U R
2 70 1 0 R R
2 71 1 0 D R
2 72 1 0 D R
2 73 1 0 L R
2 74 1 0 D R
2 75 1 0 D R
2 76 1 0 R R
2 77 1 0 U R
2 78 1 0 U U
2 79 1 0 L L
2 80 1 0 U L
2 81 1 0 U L
2 82 1 0 R L
2 83 1 0 D L
2 84 1 0 D L
2 85 1 0 L L
2 86 1 0 D L
2 87 1 0 D L
2 88 1 0 R L
2 89 1 0 U L
2 90 1 0 U L
2 91 1 0 L L
2 92 1 0 U U
2 93 1 0 U R
2 94 1 0 R R
2 95 1 0 D R
2 96 1 0 D R
2 97 1 0 L R
2 98 1 0 D R
2 99 1 0 D R
2 100 1 0 R R
2 101 1 0 U R
2 102 1 0 U R
2 103 1 0 L R
2 104 1 0 U R
2 105 1 0 U R
2 106 1 0 R U
2 107 1 0 L L
2 108 1 0 R L
2 109 1 0 D L
2 110 1 0 D L
2 111 1 0 L L
2 112 1 0 D L
2 113 1 0 D L
2 114 1 0 R L
2 115 1 0 U U
2 116 1 0 U R
2 117 1 0 L R
2 118 1 0 U R
2 119 1 0 U R
2 120 1 0 R R
2 121 1 0 D R
2 122 1 0 D R
2 123 1 0 L R
2 124 1 0 D U
2 125 1 0 D L
2 126 1 0 R L
2 127 1 0 U L
2 128 1 0 U L
2 129 1 0 L L
2 130 1 0 U L
2 131 1 0 U L
2 132 1 0 R L
2 133 1 0 D L
2 134 1 0 D L
2 135 1 0 L L
2 136 1 0 D L
2 137 1 0 D L
2 138 1 0 R L
2 139 1 0 U L
2 140 1 0 U D
2 141 1 0 L R
2 142 1 0 U R
2 143 1 0 U R
2 144 1 0 R R
2 145 1 0 D R
2 146 1 0 D R
2 147 1 0 L R
2 148 1 0 D R
2 149 1 0 D R
2 150 1 0 R R
2 151 1 0 U R
2 152 1 0 U R
2 153 1 0 L R
2 154 1 0 U R
2 155 1 0 U R
2 156 1 0 U R
2 157 1 0 U R
2 158 1 0 U R
2 159 1 0 U R
2 160 1 0 U R
2 161 1 0 U R
2 162 1 0 U R
2 163 1 0 U R
2 164 1 0 U R
2 165 1 0 U R
2 166 1 0 U R
2 167 1 0 U R
2 168 1 0 U R
2 169 1 0 U R
2 170 1 0 U R
2 171 1 0 U R
2 172 1 0 U R
2 173 1 0 U R
2 174 1 0 U R
2 175 1 0 U R
2 176 1 0 U R
2 177 1 0 U R
2 178 1 0 U R
2 179 1 0 U R
2 180 1 0 U R
2 181 1 0 U R
2 182 1 0 U R
2 183 1 0 U R
2 184 1 0 U R
2 185 1 0 U R
2 186 1 0 U R
2 187 1 0 U R
2 188 1 0 U R
2 189 1 0 U R
2 190 1 0 U R
2 191 1 0 U R
2 192 1 0 U R
2 193 1 0 U R
2 194 1 0 U R
2 195 1 0 U R
2 196 1 0 U R
2 197 1 0 U R
2 198 1 0 U R
2 199 1 0 U R
3 0 0 0 D R
3 1 0 0 D R
3 2 0 0 D R
3 3 0 0 L R
3 4 0 0 L R
3 5 0 0 L R
3 6 0 0 L R
3 7 0 0 L R
3 8 0 0 L R
3 9 0 0 L D
3 10 0 0 L L
3 11 0 0 L L
3 12 0 0 L L
3 13 0 0 D L
3 14 0 0 L L
3 15 0 0 D L
3 16 1 0 R L
3 17 1 0 U L
3 18 1 0 U L
3 19 1 0 U L
3 20 1 0 U L
3 21 1 0 U L
3 22 1 0 U L
3 23 1 0 U L
3 24 1 0 U L
3 25 1 0 R U
3 26 1 0 R R
3 27 1 0 R R
3 28 1 0 R R
3 29 1 0 R R
3 30 1 0 R R
3 31 1 0 R R
3 32 1 0 R U
3 33 1 0 D R
3 34 1 0 D U
3 35 1 0 D R
3 36 1 0 R R
3 37 1 0 D R
3 38 1 0 L R
3 39 1 0 L R
3 40 1 0 L R
3 41 1 0 L R
3 42 2 0 L R
3 43 2 0 D D
3 44 2 0 D L
3 45 2 0 D L
3 46 2 0 D L
3 47 2 0 D L
3 48 2 0 D L
3 49 2 0 R L
3 50 2 0 R L
3 51 2 0 R L
3 52 2 0 R L
3 53 2 0 R L
3 54 2 0 R U
3 55 2 0 R R
3 56 2 0 R U
3 57 2 0 U R
3 58 2 0 U R
3 59 2 0 U R
3 60 2 0 U R
3 61 2 0 U R
3 62 2 0 U R
3 63 2 0 L R
3 64 2 0 U R
3 65 2 0 U R
3 66 2 0 R U
3 67 2 0 D L
3 68 2 0 D L
3 69 2 0 L L
3 70 2 0 D L
3 71 2 0 D L
3 72 2 0 R L
3 73 2 0 U L
3 74 2 0 U L
3 75 2 0 L L
3 76 2 0 U L
3 77 2 0 U L
3 78 2 0 R L
3 79 2 0 D L
3 80 2 0 D L
3 81 2 0 L L
3 82 2 0 D D
3 83 2 0 D R
3 84 2 0 R R
3 85 2 0 U R
3 86 2 0 U R
3 87 2 0 L R
3 88 2 0 U R
3 89 2 0 U R
3 90 2 0 R R
3 91 2 0 D R
3 92 2 0 D R
3 93 2 0 L R
3 94 2 0 D R
3 95 2 0 D R
3 96 2 0 R D
3 97 2 0 U R
3 98 2 0 U R
3 99 2 0 L D
3 100 2 0 U L
3 101 2 0 U L
3 102 2 0 R L
3 103 2 0 D L
3 104 2 0 D L
3 105 2 0 L D
3 106 2 0 D R
3 107 2 0 D R
3 108 2 0 R R
3 109 2 0 U R
3 110 2 0 U R
3 111 2 0 L D
3 112 2 0 U L
3 113 2 0 U L
3 114 2 0 R L
3 115 2 0 D L
3 116 2 0 D L
3 117 2 0 L L
3 118 2 0 D L
3 119 2 0 D L
3 120 2 0 R L
3 121 2 0 U L
3 122 2 0 U L
3 123 2 0 L L
3 124 2 0 U L
3 125 2 0 U L
3 126 2 0 R L
3 127 2 0 D U
3 128 2 0 D U
3 129 2 0 L R
3 130 2 0 D R
3 131 2 0 D R
3 132 2 0 R U
3 133 2 0 U R
3 134 2 0 U U
3 135 2 0 L U
3 136 2 0 U R
3 137 2 0 U U
3 138 2 0 R U
3 139 2 0 D R
3 140 2 0 D R
3 141 2 0 L R
3 142 2 0 D R
3 143 2 0 D R
3 144 2 0 R R
3 145 2 0 U R
3 146 2 0 U R
3 147 2 0 L R
3 148 2 0 L U
3 149 2 0 U R
3 150 2 0 U D
3 151 2 0 D D
3 152 2 0 D L
3 153 2 0 D D
3 154 2 0 D D
3 155 2 0 D R
3 156 2 0 U U
3 157 2 0 U U
3 158 2 0 U U
3 159 2 0 U U
3 160 2 0 U U
3 161 2 0 U L
3 162 2 0 U U
3 163 2 0 U U
3 164 2 0 S R
3 165 2 0 R D
3 166 2 0 D D
3 167 2 0 D D
3 168 2 0 D D
3 169 2 0 D D
3 170 2 0 D D
3 171 2 0 D D
3 172 2 0 D D
3 173 2 0 D D
3 174 2 0 D D
3 175 2 0 D D
3 176 2 0 D D
3 177 2 0 D L
3 178 2 0 D L
3 179 2 0 D L
3 180 2 0 D L
3 181 2 0 D L
3 182 2 0 D L
3 183 2 0 D L
3 184 2 0 D L
3 185 2 0 D L
3 186 2 0 D L
3 187 2 0 D L
3 188 2 0 D L
3 189 2 0 D L
3 190 2 0 D L
3 191 2 0 D L
3 192 2 0 D L
3 193 2 0 D L
3 194 2 0 D L
3 195 2 0 D L
3 196 2 0 D L
3 197 2 0 D L
3 198 2 0 D L
3 199 2 0 D L
4 0 0 0 D U
4 1 0 0 D L
4 2 0 0 D L
4 3 0 0 D L
4 4 0 0 D L
4 5 0 0 D L
4 6 0 0 D L
4 7 0 0 D D
4 8 0 0 D R
4 9 0 0 D R
4 10 0 0 D R
4 11 0 0 D R
4 12 0 0 D R
4 13 0 0 D D
4 14 0 0 D R
4 15 0 0 D R
4 16 0 0 D R
4 17 0 0 D R
4 18 0 0 D U
4 19 0 0 D R
4 20 0 0 D D
4 21 0 0 D R
4 22 0 0 D R
4 23 0 0 D R
4 24 0 0 D R
4 25 0 0 D R
4 26 0 0 D D
4 27 0 0 D L
4 28 0 0 D L
4 29 0 0 D L
4 30 0 0 D L
4 31 0 0 D L
4 32 0 0 D L
4 33 0 0 D L
4 34 0 0 D L
4 35 0 0 D L
4 36 0 0 D L
4 37 0 0 D L
4 38 0 0 D L
4 39 0 0 D L
4 40 0 0 D L
4 41 0 0 D L
4 42 0 0 D U
4 43 0 0 D R
4 44 0 0 D R
4 45 0 0 D R
4 46 0 0 D R
4 47 0 0 D R
4 48 0 0 D R
4 49 0 0 D R
4 50 0 0 D U
4 51 0 0 D R
4 52 0 0 D U
4 53 0 0 D R
4 54 0 0 D R
4 55 0 0 D R
4 56 0 0 D R
4 57 0 0 D R
4 58 0 0 D U
4 59 0 0 D R
4 60 0 0 D D
4 61 0 0 D D
4 62 0 0 D R
4 63 0 0 D D
4 64 0 0 D L
4 65 0 0 D L
4 66 0 0 D L
4 67 0 0 D U
4 68 0 0 D R
4 69 0 0 D D
4 70 0 0 D R
4 71 0 0 D D
4 72 0 0 D R
4 73 0 0 D L
4 74 0 0 D L
4 75 0 0 D L
4 76 0 0 D L
4 77 0 1 D U
4 78 0 1 D R
4 79 0 1 D R
4 80 0 1 D R
4 81 0 1 D R
4 82 0 1 D D
4 83 0 1 D L
4 84 0 1 D L
4 85 0 1 D L
4 86 0 1 D L
4 87 0 1 D L
4 88 0 1 D L
4 89 0 1 D L
4 90 0 1 D L
4 91 0 1 D L
4 92 0 1 D L
4 93 0 1 D L
4 94 0 1 D L
4 95 0 1 D L
4 96 0 1 D L
4 97 0 1 D L
4 98 0 1 D U
4 99 0 1 D R
4 100 0 1 D R
4 101 0 1 D R
4 102 0 1 D R
4 103 0 1 D R
4 104 0 1 D R
4 105 0 1 D U
4 106 0 1 D U
4 107 0 1 D U
4 108 0 1 D L
4 109 0 1 D D
4 110 0 1 D L
4 111 0 1 D L
4 112 0 1 D U
4 113 0 1 D R
4 114 0 1 D U
4 115 0 1 D R
4 116 0 1 D R
4 117 0 1 D R
4 118 0 1 D U
4 119 0 1 D R
4 120 0 1 D U
4 121 0 1 D R
4 122 0 1 D R
4 123 0 1 D R
4 124 0 1 D R
4 125 0 1 D R
4 126 0 1 D U
4 127 0 1 D R
4 128 0 1 D U
4 129 0 1 D R
4 130 0 1 D U
4 131 0 1 D L
4 132 0 1 D L
4 133 0 1 D L
4 134 0 1 D L
4 135 0 1 D L
4 136 0 1 D L
4 137 0 1 D L
4 138 0 1 D L
4 139 0 1 D D
4 140 0 1 D L
4 141 0 1 D L
4 142 0 1 D L
4 143 0 1 D L
4 144 0 1 D L
4 145 0 1 D L
4 146 0 1 D D
4 147 0 1 D R
4 148 0 1 D R
4 149 0 1 D R
4 150 0 1 D R
4 151 0 1 D R
4 152 0 1 D R
4 153 0 1 D R
4 154 0 1 D R
4 155 0 1 D R
4 156 0 1 D R
4 157 0 1 D R
4 158 0 1 D U
4 159 0 1 D R
4 160 0 1 D R
4 161 0 1 D U
4 162 0 1 D U
4 163 0 1 D R
4 164 0 1 D U
4 165 0 1 D L
4 166 0 1 D L
4 167 0 1 D L
4 168 0 1 D L
4 169 0 1 D L
4 170 0 1 D L
4 171 0 1 D L
4 172 0 1 D L
4 173 0 1 D L
4 174 0 1 D L
4 175 0 1 D L
4 176 0 1 D L
4 177 0 1 D L
4 178 0 1 D L
4 179 0 1 D L
4 180 0 1 D D
4 181 0 1 D R
4 182 0 1 D R
4 183 0 1 D R
4 184 0 1 D R
4 185 0 1 D R
4 186 0 1 D D
4 187 0 1 L L
4 188 0 1 L L
4 189 0 1 L L
4 190 0 1 L L
4 191 0 1 L L
4 192 0 1 U D
4 193 0 1 U D
4 194 0 1 U D
4 195 0 1 U R
4 196 0 1 D R
4 197 0 1 D R
4 198 0 1 D R
4 199 0 1 D R
0 0 0 0 U U
0 1 0 0 U R
0 2 0 0 U R
0 3 0 0 U R
0 4 0 0 U R
0 5 0 0 U R
0 6 0 0 L R
0 7 0 0 L R
0 8 0 0 L U
0 9 0 0 L U
0 10 0 0 L R
0 11 0 0 U R
0 12 0 0 L R
0 13 0 0 D R
0 14 1 0 D R
0 15 1 0 L R
0 16 1 0 L U
0 17 1 0 D L
0 18 2 0 R L
0 19 2 0 U D
0 20 2 0 U L
0 21 2 0 R L
0 22 2 0 R U
0 23 2 0 U R
0 24 2 0 U R
0 25 2 0 R D
0 26 2 0 R R
0 27 2 0 D R
0 28 2 0 R U
0 29 2 0 U L
0 30 2 0 R L
0 31 2 0 L R
0 32 2 0 R D
0 33 2 0 U D
0 34 2 0 L U
0 35 2 0 L U
0 36 2 0 L L
0 37 2 0 L L
0 38 2 0 D L
0 39 2 0 L D
0 40 2 0 L L
0 41 2 0 R L
0 42 2 0 L D
0 43 2 0 R L
0 44 2 0 L L
0 45 2 0 R L
0 46 2 0 L U
0 47 2 0 R U
0 48 2 0 L R
0 49 2 0 R R
0 50 2 0 R R
0 51 2 0 R R
0 52 2 0 R R
0 53 2 0 R R
0 54 2 0 R R
0 55 2 0 R L
0 56 2 0 R D
0 57 2 0 U D
0 58 2 0 L U
0 59 2 0 L R
0 60 2 0 L S
0 61 2 0 L U
0 62 2 0 L L
0 63 2 0 L L
0 64 2 0 D L
0 65 2 0 L D
0 66 2 0 L L
0 67 2 0 R D
0 68 2 0 L L
0 69 2 0 R L
0 70 2 0 L U
0 71 2 0 L U
0 72 2 0 L U
0 73 2 0 L U
0 74 2 0 L U
0 75 2 0 L U
0 76 2 0 L U
0 77 2 0 L U
0 78 2 0 L U
0 79 2 0 L U
0 80 2 0 L U
0 81 2 0 L U
0 82 2 0 L U
0 83 2 0 L U
0 84 2 0 L U
0 85 2 0 L U
0 86 2 0 L U
0 87 2 0 L U
0 88 2 0 L U
0 89 2 0 L U
0 90 2 0 L U
0 91 2 0 L U
0 92 2 0 L U
0 93 2 0 L U
0 94 2 0 L U
0 95 2 0 L U
0 96 2 0 L U
0 97 2 0 L U
0 98 2 0 L U
0 99 2 0 L U
0 100 2 0 L U
0 101 2 0 L U
0 102 2 0 L U
0 103 2 0 L U
0 104 2 0 L U
0 105 2 0 L U
0 106 2 0 L U
0 107 2 0 L U
0 108 2 0 L U
0 109 2 0 L U
0 110 2 0 L U
0 111 2 0 L U
0 112 2 0 L U
0 113 2 0 L U
0 114 2 0 L U
0 115 2 0 L U
0 116 2 0 L U
0 117 2 0 L U
0 118 2 0 L U
0 119 2 0 L U
0 120 2 0 L U
0 121 2 0 L U
0 122 2 0 L U
0 123 2 0 L U
0 124 2 0 L U
0 125 2 0 L U
0 126 2 0 L U
0 127 2 0 L U
0 128 2 0 L U
0 129 2 0 L U
0 130 2 0 L U
0 131 2 0 L U
0 132 2 0 L U
0 133 2 0 L U
0 134 2 0 L U
0 135 2 0 L U
0 136 2 0 L U
0 137 2 0 L U
0 138 2 0 L U
0 139 2 0 L U
0 140 2 0 L U
0 141 2 0 L U
0 142 2 0 L U
0 143 2 0 L U
0 144 2 0 L U
0 145 2 0 L U
0 146 2 0 L U
0 147 2 0 L U
0 148 2 0 L U
0 149 2 0 L U
0 150 2 0 L U
0 151 2 0 L U
0 152 2 0 L U
0 153 2 0 L U
0 154 2 0 L U
0 155 2 0 L U
0 156 2 0 L U
0 157 2 0 L U
0 158 2 0 L U
0 159 2 0 L U
0 160 2 0 L U
0 161 2 0 L U
0 162 2 0 L U
0 163 2 0 L U
0 164 2 0 L U
0 165 2 0 L U
0 166 2 0 L U
0 167 2 0 L U
0 168 2 0 L U
0 169 2 0 L U
0 170 2 0 L U
0 171 2 0 L U
0 172 2 0 L U
0 173 2 0 L U
0 174 2 0 L U
0 175 2 0 L U
0 176 2 0 L U
0 177 2 0 L U
0 178 2 0 L U
0 179 2 0 L U
0 180 2 0 L U
0 181 2 0 L U
0 182 2 0 L U
0 183 2 0 L U
0 184 2 0 L U
0 185 2 0 L U
0 186 2 0 L U
0 187 2 0 L U
0 188 2 0 L U
0 189 2 0 L U
0 190 2 0 L U
0 191 2 0 L U
0 192 2 0 L U
0 193 2 0 L U
0 194 2 0 L U
0 195 2 0 L U
0 196 2 0 L U
0 197 2 0 L U
0 198 2 0 L U
0 199 2 0 L U
1 0 0 0 U U
1 1 0 0 U U
1 2 0 0 U U
1 3 0 0 U L
1 4 0 0 U U
1 5 0 0 U R
1 6 0 0 L R
1 7 0 0 L R
1 8 0 0 L R
1 9 0 0 L R
1 10 0 0 L R
1 11 0 0 L R
1 12 0 0 L R
1 13 0 0 L R
1 14 0 0 U R
1 15 0 0 L U
1 16 0 0 D R
1 17 1 0 D D
1 18 1 1 U D
1 19 1 1 L U
1 20 1 1 L U
1 21 1 1 L U
1 22 1 1 L U
1 23 1 1 L U
1 24 1 1 L U
1 25 1 1 D U
1 26 1 1 R U
1 27 1 1 L U
1 28 1 1 R D
1 29 1 1 L U
1 30 1 1 R D
1 31 1 1 L U
1 32 1 1 R D
1 33 1 1 L U
1 34 1 1 R D
1 35 1 1 L U
1 36 1 1 R D
1 37 1 1 L U
1 38 1 1 R D
1 39 1 1 L U
1 40 1 1 R D
1 41 1 1 L U
1 42 1 1 R D
1 43 1 1 L U
1 44 1 1 R D
1 45 1 1 L U
1 46 1 1 R D
1 47 1 1 L U
1 48 1 1 R D
1 49 1 1 L U
1 50 1 1 R D
1 51 1 1 L U
1 52 1 1 R D
1 53 1 1 L U
1 54 1 1 R D
1 55 1 1 L U
1 56 1 1 R D
1 57 1 1 L U
1 58 1 1 R D
1 59 1 1 L U
1 60 1 1 R D
1 61 1 1 L U
1 62 1 1 R D
1 63 1 1 L U
1 64 1 1 R D
1 65 1 1 L U
1 66 1 1 R D
1 67 1 1 L U
1 68 1 1 R D
1 69 1 1 L U
1 70 1 1 R D
1 71 1 1 L U
1 72 1 1 R D
1 73 1 1 L U
1 74 1 1 R D
1 75 1 1 L U
1 76 1 1 R D
1 77 1 1 L U
1 78 1 1 R D
1 79 1 1 L U
1 80 1 1 R D
1 81 1 1 L U
1 82 1 1 R D
1 83 1 1 L U
1 84 1 1 R D
1 85 1 1 L U
1 86 1 1 R D
1 87 1 1 L U
1 88 1 1 R D
1 89 1 1 L U
1 90 1 1 R D
1 91 1 1 L U
1 92 1 1 R D
1 93 1 1 L U
1 94 1 1 R D
1 95 1 1 L U
1 96 1 1 R D
1 97 1 1 L U
1 98 1 1 R D
1 99 1 1 L U
1 100 1 1 R D
1 101 1 1 L U
1 102 1 1 R D
1 103 1 1 L U
1 104 1 1 R D
1 105 1 1 L U
1 106 1 1 R D
1 107 1 1 L U
1 108 1 1 R D
1 109 1 1 L U
1 110 1 1 R D
1 111 1 1 L U
1 112 1 1 R D
1 113 1 1 L U
1 114 1 1 R D
1 115 1 1 L U
1 116 1 1 R D
1 117 1 1 L U
1 118 1 1 R D
1 119 1 1 L U
1 120 1 1 R D
1 121 1 1 L U
1 122 1 1 R D
1 123 1 1 L U
1 124 1 1 R D
1 125 1 1 L U
1 126 1 1 R D
1 127 1 1 L U
1 128 1 1 R D
1 129 1 1 L U
1 130 1 1 R D
1 131 1 1 L U
1 132 1 1 R D
1 133 1 1 L U
1 134 1 1 R D
1 135 1 1 L U
1 136 1 1 R D
1 137 1 1 L U
1 138 1 1 R D
1 139 1 1 L U
1 140 1 1 R D
1 141 1 1 L U
1 142 1 1 R D
1 143 1 1 L U
1 144 1 1 R D
1 145 1 1 L U
1 146 1 1 R D
1 147 1 1 L U
1 148 1 1 R D
1 149 1 1 L U
1 150 1 1 R D
1 151 1 1 L U
1 152 1 1 R D
1 153 1 1 L U
1 154 1 1 R D
1 155 1 1 L U
1 156 1 1 R D
1 157 1 1 L U
1 158 1 1 R D
1 159 1 1 L U
1 160 1 1 R D
1 161 1 1 L U
1 162 1 1 R D
1 163 1 1 L U
1 164 1 1 R D
1 165 1 1 L U
1 166 1 1 R D
1 167 1 1 L U
1 168 1 1 R D
1 169 1 1 L U
1 170 1 1 R D
1 171 1 1 L U
1 172 1 1 R D
1 173 1 1 L U
1 174 1 1 R D
1 175 1 1 L U
1 176 1 1 R D
1 177 1 1 L U
1 178 1 1 R D
1 179 1 1 L U
1 180 1 1 R D
1 181 1 1 L U
1 182 1 1 R D
1 183 1 1 L U
1 184 1 1 R D
1 185 1 1 L U
1 186 1 1 R D
1 187 1 1 L U
1 188 1 1 R D
1 189 1 1 L U
1 190 1 1 R D
1 191 1 1 L U
1 192 1 1 R D
1 193 1 1 L U
1 194 1 1 R D
1 195 1 1 L U
1 196 1 1 R D
1 197 1 1 L U
1 198 1 1 R D
1 199 1 1 L U
2 0 0 0 U D
2 1 0 0 R D
2 2 0 0 U D
2 3 0 0 R L
2 4 0 0 D L
2 5 0 0 D L
2 6 0 0 R L
2 7 0 0 D L
2 8 0 0 L L
2 9 0 0 L L
2 10 0 0 L D
2 11 1 0 L R
2 12 1 0 D R
2 13 1 0 D R
2 14 1 0 D R
2 15 1 0 D R
2 16 1 0 D U
2 17 1 0 D R
2 18 1 0 D R
2 19 1 0 D D
2 20 1 0 D L
2 21 1 0 D L
2 22 1 0 L U
2 23 1 0 L L
2 24 1 0 L L
2 25 1 0 L D
2 26 1 0 U R
2 27 1 0 U R
2 28 1 0 U U
2 29 1 0 U R
2 30 1 0 U R
2 31 1 0 L D
2 32 1 0 U L
2 33 2 0 R L
2 34 2 0 D U
2 35 2 0 D L
2 36 2 0 D L
2 37 2 0 D D
2 38 2 0 D R
2 39 2 0 R R
2 40 2 0 R U
2 41 2 0 U R
2 42 2 0 R R
2 43 2 0 R D
2 44 2 0 D L
2 45 2 0 R L
2 46 2 0 R U
2 47 2 0 U U
2 48 2 0 R L
2 49 2 0 R L
2 50 2 0 D D
2 51 2 0 R R
2 52 2 0 R R
2 53 2 0 R U
2 54 2 0 D U
2 55 2 0 L R
2 56 2 0 L S
2 57 2 0 L D
2 58 2 0 L L
2 59 2 0 L L
2 60 2 0 L L
2 61 2 0 L L
2 62 2 0 L L
2 63 2 0 U L
2 64 2 0 L U
2 65 2 0 L U
2 66 2 0 R L
2 67 2 0 L L
2 68 2 0 R L
2 69 2 0 L D
2 70 2 0 L D
2 71 2 0 L D
2 72 2 0 L D
2 73 2 0 L D
2 74 2 0 L D
2 75 2 0 L D
2 76 2 0 L D
2 77 2 0 L D
2 78 2 0 L D
2 79 2 0 L D
2 80 2 0 L D
2 81 2 0 L D
2 82 2 0 L D
2 83 2 0 L D
2 84 2 0 L D
2 85 2 0 L D
2 86 2 0 L D
2 87 2 0 L D
2 88 2 0 L D
2 89 2 0 L D
2 90 2 0 L D
2 91 2 0 L D
2 92 2 0 L D
2 93 2 0 L D
2 94 2 0 L D
2 95 2 0 L D
2 96 2 0 L D
2 97 2 0 L D
2 98 2 0 L D
2 99 2 0 L D
2 100 2 0 L D
2 101 2 0 L D
2 102 2 0 L D
2 103 2 0 L D
2 104 2 0 L D
2 105 2 0 L D
2 106 2 0 L D
2 107 2 0 L D
2 108 2 0 L D
2 109 2 0 L D
2 110 2 0 L D
2 111 2 0 L D
2 112 2 0 L D
2 113 2 0 L D
2 114 2 0 L D
2 115 2 0 L D
2 116 2 0 L D
2 117 2 0 L D
2 118 2 0 L D
2 119 2 0 L D
2 120 2 0 L D
2 121 2 0 L D
2 122 2 0 L D
2 123 2 0 L D
2 124 2 0 L D
2 125 2 0 L D
2 126 2 0 L D
2 127 2 0 L D
2 128 2 0 L D
2 129 2 0 L D
2 130 2 0 L D
2 131 2 0 L D
2 132 2 0 L D
2 133 2 0 L D
2 134 2 0 L D
2 135 2 0 L D
2 136 2 0 L D
2 137 2 0 L D
2 138 2 0 L D
2 139 2 0 L D
2 140 2 0 L D
2 141 2 0 L D
2 142 2 0 L D
2 143 2 0 L D
2 144 2 0 L D
2 145 2 0 L D
2 146 2 0 L D
2 147 2 0 L D
2 148 2 0 L D
2 149 2 0 L D
2 150 2 0 L D
2 151 2 0 L D
2 152 2 0 L D
2 153 2 0 L D
2 154 2 0 L D
2 155 2 0 L D
2 156 2 0 L D
2 157 2 0 L D
2 158 2 0 L D
2 159 2 0 L D
2 160 2 0 L D
2 161 2 0 L D
2 162 2 0 L D
2 163 2 0 L D
2 164 2 0 L D
2 165 2 0 L D
2 166 2 0 L D
2 167 2 0 L D
2 168 2 0 L D
2 169 2 0 L D
2 170 2 0 L D
2 171 2 0 L D
2 172 2 0 L D
2 173 2 0 L D
2 174 2 0 L D
2 175 2 0 L D
2 176 2 0 L D
2 177 2 0 L D
2 178 2 0 L D
2 179 2 0 L D
2 180 2 0 L D
2 181 2 0 L D
2 182 2 0 L D
2 183 2 0 L D
2 184 2 0 L D
2 185 2 0 L D
2 186 2 0 L D
2 187 2 0 L D
2 188 2 0 L D
2 189 2 0 L D
2 190 2 0 L D
2 191 2 0 L D
2 192 2 0 L D
2 193 2 0 L D
2 194 2 0 L D
2 195 2 0 L D
2 196 2 0 L D
2 197 2 0 L D
2 198 2 0 L D
2 199 2 0 L D
3 0 0 0 U D
3 1 0 0 D D
3 2 0 0 R D
3 3 0 0 R R
3 4 0 0 R R
3 5 0 0 R R
3 6 0 0 R R
3 7 0 0 R R
3 8 0 0 U D
3 9 0 0 L D
3 10 0 0 L D
3 11 0 0 U D
3 12 0 0 L D
3 13 0 0 D L
3 14 1 0 D D
3 15 1 0 D R
3 16 1 1 D R
3 17 1 1 D U
3 18 1 1 D U
3 19 1 1 D U
3 20 1 1 D U
3 21 1 1 D U
3 22 1 1 D L
3 23 1 1 D L
3 24 1 1 D L
3 25 1 1 D L
3 26 1 1 D D
3 27 1 1 D D
3 28 1 1 D D
3 29 1 1 D D
3 30 1 1 D L
3 31 1 1 D D
3 32 1 1 D R
3 33 1 1 D R
3 34 1 1 D R
3 35 1 1 D R
3 36 1 2 D R
3 37 1 2 S S
3 38 1 2 S S
3 39 1 2 S S
3 40 1 2 S S
3 41 1 2 S S
3 42 1 2 S S
3 43 1 2 S S
3 44 1 2 S S
3 45 1 2 S S
3 46 1 2 S S
3 47 1 2 S S
3 48 1 2 S S
3 49 1 2 S S
3 50 1 2 S S
3 51 1 2 S S
3 52 1 2 S S
3 53 1 2 S S
3 54 1 2 S S
3 55 1 2 S S
3 56 1 2 S S
3 57 1 2 S S
3 58 1 2 S S
3 59 1 2 S S
3 60 1 2 S S
3 61 1 2 S S
3 62 1 2 S S
3 63 1 2 S S
3 64 1 2 S S
3 65 1 2 S S
3 66 1 2 S S
3 67 1 2 S S
3 68 1 2 S S
3 69 1 2 S S
3 70 1 2 S S
3 71 1 2 S S
3 72 1 2 S S
3 73 1 2 S S
3 74 1 2 S S
3 75 1 2 S S
3 76 1 2 S S
3 77 1 2 S S
3 78 1 2 S S
3 79 1 2 S S
3 80 1 2 S S
3 81 1 2 S S
3 82 1 2 S S
3 83 1 2 S S
3 84 1 2 S S
3 85 1 2 S S
3 86 1 2 S S
3 87 1 2 S S
3 88 1 2 S S
3 89 1 2 S S
3 90 1 2 S S
3 91 1 2 S S
3 92 1 2 S S
3 93 1 2 S S
3 94 1 2 S S
3 95 1 2 S S
3 96 1 2 S S
3 97 1 2 S S
3 98 1 2 S S
3 99 1 2 S S
3 100 1 2 S S
3 101 1 2 S S
3 102 1 2 S S
3 103 1 2 S S
3 104 1 2 S S
3 105 1 2 S S
3 106 1 2 S S
3 107 1 2 S S
3 108 1 2 S S
3 109 1 2 S S
3 110 1 2 S S
3 111 1 2 S S
3 112 1 2 S S
3 113 1 2 S S
3 114 1 2 S S
3 115 1 2 S S
3 116 1 2 S S
3 117 1 2 S S
3 118 1 2 S S
3 119 1 2 S S
3 120 1 2 S S
3 121 1 2 S S
3 122 1 2 S S
3 123 1 2 S S
3 124 1 2 S S
3 125 1 2 S S
3 126 1 2 S S
3 127 1 2 S S
3 128 1 2 S S
3 129 1 2 S S
3 130 1 2 S S
3 131 1 2 S S
3 132 1 2 S S
3 133 1 2 S S
3 134 1 2 S S
3 135 1 2 S S
3 136 1 2 S S
3 137 1 2 S S
3 138 1 2 S S
3 139 1 2 S S
3 140 1 2 S S
3 141 1 2 S S
3 142 1 2 S S
3 143 1 2 S S
3 144 1 2 S S
3 145 1 2 S S
3 146 1 2 S S
3 147 1 2 S S
3 148 1 2 S S
3 149 1 2 S S
3 150 1 2 S S
3 151 1 2 S S
3 152 1 2 S S
3 153 1 2 S S
3 154 1 2 S S
3 155 1 2 S S
3 156 1 2 S S
3 157 1 2 S S
3 158 1 2 S S
3 159 1 2 S S
3 160 1 2 S S
3 161 1 2 S S
3 162 1 2 S S
3 163 1 2 S S
3 164 1 2 S S
3 165 1 2 S S
3 166 1 2 S S
3 167 1 2 S S
3 168 1 2 S S
3 169 1 2 S S
3 170 1 2 S S
3 171 1 2 S S
3 172 1 2 S S
3 173 1 2 S S
3 174 1 2 S S
3 175 1 2 S S
3 176 1 2 S S
3 177 1 2 S S
3 178 1 2 S S
3 179 1 2 S S
3 180 1 2 S S
3 181 1 2 S S
3 182 1 2 S S
3 183 1 2 S S
3 184 1 2 S S
3 185 1 2 S S
3 186 1 2 S S
3 187 1 2 S S
3 188 1 2 S S
3 189 1 2 S S
3 190 1 2 S S
3 191 1 2 S S
3 192 1 2 S S
3 193 1 2 S S
3 194 1 2 S S
3 195 1 2 S S
3 196 1 2 S S
3 197 1 2 S S
3 198 1 2 S S
3 199 1 2 S S
4 0 0 0 D D
4 1 0 0 L D
4 2 0 0 L D
4 3 0 0 L D
4 4 0 0 L D
4 5 0 0 D D
4 6 0 0 R D
4 7 0 0 D D
4 8 1 0 L D
4 9 1 0 D L
4 10 1 0 D U
4 11 1 0 D D
4 12 1 0 L L
4 13 1 0 L L
4 14 1 0 U L
4 15 1 0 U U
4 16 1 0 L L
4 17 1 0 U U
4 18 2 0 R L
4 19 2 0 U U
4 20 2 0 U U
4 21 2 0 U U
4 22 2 0 U U
4 23 2 0 U U
4 24 2 0 U L
4 25 2 0 U U
4 26 2 0 U U
4 27 2 0 U U
4 28 2 0 L D
4 29 2 0 L D
4 30 2 0 D L
4 31 2 0 D D
4 32 2 0 D D
4 33 2 0 D D
4 34 2 0 L U
4 35 2 0 D D
4 36 2 0 R L
4 37 2 0 R L
4 38 2 0 R L
4 39 2 0 R R
4 40 3 0 R R
4 41 3 0 S S
4 42 3 0 S S
4 43 3 0 S S
4 44 3 0 S S
4 45 3 0 S S
4 46 3 0 S S
4 47 3 0 S S
4 48 3 0 S S
4 49 3 0 S S
4 50 3 0 S S
4 51 3 0 S S
4 52 3 0 S S
4 53 3 0 S S
4 54 3 0 S S
4 55 3 0 S S
4 56 3 0 S S
4 57 3 0 S S
4 58 3 0 S S
4 59 3 0 S S
4 60 3 0 S S
4 61 3 0 S S
4 62 3 0 S S
4 63 3 0 S S
4 64 3 0 S S
4 65 3 0 S S
4 66 3 0 S S
4 67 3 0 S S
4 68 3 0 S S
4 69 3 0 S S
4 70 3 0 S S
4 71 3 0 S S
4 72 3 0 S S
4 73 3 0 S S
4 74 3 0 S S
4 75 3 0 S S
4 76 3 0 S S
4 77 3 0 S S
4 78 3 0 S S
4 79 3 0 S S
4 80 3 0 S S
4 81 3 0 S S
4 82 3 0 S S
4 83 3 0 S S
4 84 3 0 S S
4 85 3 0 S S
4 86 3 0 S S
4 87 3 0 S S
4 88 3 0 S S
4 89 3 0 S S
4 90 3 0 S S
4 91 3 0 S S
4 92 3 0 S S
4 93 3 0 S S
4 94 3 0 S S
4 95 3 0 S S
4 96 3 0 S S
4 97 3 0 S S
4 98 3 0 S S
4 99 3 0 S S
4 100 3 0 S S
4 101 3 0 S S
4 102 3 0 S S
4 103 3 0 S S
4 104 3 0 S S
4 105 3 0 S S
4 106 3 0 S S
4 107 3 0 S S
4 108 3 0 S S
4 109 3 0 S S
4 110 3 0 S S
4 111 3 0 S S
4 112 3 0 S S
4 113 3 0 S S
4 114 3 0 S S
4 115 3 0 S S
4 116 3 0 S S
4 117 3 0 S S
4 118 3 0 S S
4 119 3 0 S S
4 120 3 0 S S
4 121 3 0 S S
4 122 3 0 S S
4 123 3 0 S S
4 124 3 0 S S
4 125 3 0 S S
4 126 3 0 S S
4 127 3 0 S S
4 128 3 0 S S
4 129 3 0 S S
4 130 3 0 S S
4 131 3 0 S S
4 132 3 0 S S
4 133 3 0 S S
4 134 3 0 S S
4 135 3 0 S S
4 136 3 0 S S
4 137 3 0 S S
4 138 3 0 S S
4 139 3 0 S S
4 140 3 0 S S
4 141 3 0 S S
4 142 3 0 S S
4 143 3 0 S S
4 144 3 0 S S
4 145 3 0 S S
4 146 3 0 S S
4 147 3 0 S S
4 148 3 0 S S
4 149 3 0 S S
4 150 3 0 S S
4 151 3 0 S S
4 152 3 0 S S
4 153 3 0 S S
4 154 3 0 S S
4 155 3 0 S S
4 156 3 0 S S
4 157 3 0 S S
4 158 3 0 S S
4 159 3 0 S S
4 160 3 0 S S
4 161 3 0 S S
4 162 3 0 S S
4 163 3 0 S S
4 164 3 0 S S
4 165 3 0 S S
4 166 3 0 S S
4 167 3 0 S S
4 168 3 0 S S
4 169 3 0 S S
4 170 3 0 S S
4 171 3 0 S S
4 172 3 0 S S
4 173 3 0 S S
4 174 3 0 S S
4 175 3 0 S S
4 176 3 0 S S
4 177 3 0 S S
4 178 3 0 S S
4 179 3 0 S S
4 180 3 0 S S
4 181 3 0 S S
4 182 3 0 S S
4 183 3 0 S S
4 184 3 0 S S
4 185 3 0 S S
4 186 3 0 S S
4 187 3 0 S S
4 188 3 0 S S
4 189 3 0 S S
4 190 3 0 S S
4 191 3 0 S S
4 192 3 0 S S
4 193 3 0 S S
4 194 3 0 S S
4 195 3 0 S S
4 196 3 0 S S
4 197 3 0 S S
4 198 3 0 S S
4 199 3 0 S S
0 0 0 0 U U
0 1 0 0 U U
0 2 0 0 U U
0 3 0 0 U U
0 4 0 0 R U
0 5 0 0 R U
0 6 0 0 R U
0 7 0 0 R L
0 8 0 0 U L
0 9 0 0 R L
0 10 0 0 D L
0 11 0 0 D D
0 12 1 0 D L
0 13 1 0 U L
0 14 1 0 U U
0 15 1 0 U R
0 16 1 0 L R
0 17 1 0 L D
0 18 1 0 L R
0 19 1 0 U R
0 20 1 0 R U
0 21 1 0 R L
0 22 1 0 D L
0 23 1 0 R D
0 24 1 0 R L
0 25 1 0 R L
0 26 1 0 L U
0 27 1 0 L R
0 28 1 0 L R
0 29 1 0 R D
0 30 1 0 R R
0 31 1 0 R R
0 32 1 0 R U
0 33 1 0 L L
0 34 1 0 L L
0 35 1 0 L D
0 36 1 0 R L
0 37 1 0 R L
0 38 1 0 L U
0 39 1 0 L R
0 40 1 0 L R
0 41 1 0 R D
0 42 1 0 R R
0 43 1 0 R R
0 44 1 0 R U
0 45 1 0 L L
0 46 1 0 L L
0 47 1 0 L D
0 48 1 0 R L
0 49 1 0 R L
0 50 1 0 L U
0 51 1 0 L R
0 52 1 0 L R
0 53 1 0 R D
0 54 1 0 R R
0 55 1 0 R R
0 56 1 0 R U
0 57 1 0 L L
0 58 1 0 L L
0 59 1 0 L D
0 60 1 0 R L
0 61 1 0 R L
0 62 1 0 L U
0 63 1 0 L R
0 64 1 0 L R
0 65 1 0 R D
0 66 1 0 R R
0 67 1 0 R R
0 68 1 0 R U
0 69 1 0 L L
0 70 1 0 L L
0 71 1 0 L D
0 72 1 0 R L
0 73 1 0 R L
0 74 1 0 L U
0 75 1 0 L R
0 76 1 0 L R
0 77 1 0 R D
0 78 1 0 R R
0 79 1 0 R R
0 80 1 0 R U
0 81 1 0 L L
0 82 1 0 L L
0 83 1 0 L D
0 84 1 0 R L
0 85 1 0 R L
0 86 1 0 L U
0 87 1 0 L R
0 88 1 0 L R
0 89 1 0 R D
0 90 1 0 R R
0 91 1 0 R R
0 92 1 0 R U
0 93 1 0 L L
0 94 1 0 L L
0 95 1 0 L D
0 96 1 0 R L
0 97 1 0 R L
0 98 1 0 L U
0 99 1 0 L R
0 100 1 0 L R
0 101 1 0 R D
0 102 1 0 R R
0 103 1 0 R R
0 104 1 0 R U
0 105 1 0 L L
0 106 1 0 L L
0 107 1 0 L D
0 108 1 0 R L
0 109 1 0 R L
0 110 1 0 L U
0 111 1 0 L R
0 112 1 0 L R
0 113 1 0 R D
0 114 1 0 R R
0 115 1 0 R R
0 116 1 0 R U
0 117 1 0 L L
0 118 1 0 L L
0 119 1 0 L D
0 120 1 0 R L
0 121 1 0 R L
0 122 1 0 L U
0 123 1 0 L R
0 124 1 0 L R
0 125 1 0 R D
0 126 1 0 R R
0 127 1 0 R R
0 128 1 0 R U
0 129 1 0 L L
0 130 1 0 L L
0 131 1 0 L D
0 132 1 0 R L
0 133 1 0 R L
0 134 1 0 L U
0 135 1 0 L R
0 136 1 0 L R
0 137 1 0 R D
0 138 1 0 R R
0 139 1 0 R R
0 140 1 0 R U
0 141 1 0 L L
0 142 1 0 L L
0 143 1 0 L D
0 144 1 0 R L
0 145 1 0 R L
0 146 1 0 L U
0 147 1 0 L R
0 148 1 0 L R
0 149 1 0 R D
0 150 1 0 R R
0 151 1 0 R R
0 152 1 0 R U
0 153 1 0 L L
0 154 1 0 L L
0 155 1 0 L D
0 156 1 0 R L
0 157 1 0 R L
0 158 1 0 L U
0 159 1 0 L R
0 160 1 0 L R
0 161 1 0 R D
0 162 1 0 R R
0 163 1 0 R R
0 164 1 0 R U
0 165 1 0 L L
0 166 1 0 L L
0 167 1 0 L D
0 168 1 0 R L
0 169 1 0 R L
0 170 1 0 L U
0 171 1 0 L R
0 172 1 0 L R
0 173 1 0 R D
0 174 1 0 R R
0 175 1 0 R R
0 176 1 0 R U
0 177 1 0 L L
0 178 1 0 L L
0 179 1 0 L D
0 180 1 0 R L
0 181 1 0 R L
0 182 1 0 L U
0 183 1 0 L R
0 184 1 0 L R
0 185 1 0 R D
0 186 1 0 R R
0 187 1 0 R R
0 188 1 0 R U
0 189 1 0 L L
0 190 1 0 L L
0 191 1 0 L D
0 192 1 0 R L
0 193 1 0 R L
0 194 1 0 L U
0 195 1 0 L R
0 196 1 0 L R
0 197 1 0 R D
0 198 1 0 R R
0 199 1 0 R R
1 0 0 0 U R
1 1 0 0 U R
1 2 0 0 U R
1 3 0 0 U R
1 4 0 0 U R
1 5 0 0 U R
1 6 0 0 L U
1 7 0 0 L R
1 8 0 0 D D
1 9 0 0 D D
1 10 0 0 R D
1 11 0 0 U D
1 12 0 0 D D
1 13 0 0 D D
1 14 0 1 D D
1 15 0 1 U U
1 16 0 1 U U
1 17 0 1 U U
1 18 0 1 U U
1 19 0 1 U U
1 20 0 1 U U
1 21 0 1 U U
1 22 0 1 R U
1 23 0 1 R U
1 24 0 1 D R
1 25 0 1 R R
1 26 0 1 R R
1 27 0 1 U R
1 28 0 1 D D
1 29 0 1 D D
1 30 0 1 D D
1 31 0 1 D D
1 32 0 1 D D
1 33 0 1 L D
1 34 0 1 L D
1 35 0 1 L D
1 36 0 1 L D
1 37 0 1 L D
1 38 0 1 R L
1 39 0 1 D D
1 40 0 1 D D
1 41 0 1 L R
1 42 0 1 R U
1 43 0 1 L U
1 44 0 1 R L
1 45 0 1 D U
1 46 0 1 D U
1 47 0 1 D R
1 48 0 1 U D
1 49 0 1 U D
1 50 0 1 U L
1 51 0 1 D D
1 52 0 1 D D
1 53 0 1 U R
1 54 0 1 U U
1 55 0 1 L U
1 56 0 1 R L
1 57 0 1 D U
1 58 0 1 D U
1 59 0 1 D R
1 60 0 1 U D
1 61 0 1 U D
1 62 0 1 U L
1 63 0 1 D D
1 64 0 1 D D
1 65 0 1 U R
1 66 0 1 U U
1 67 0 1 L U
1 68 0 1 R L
1 69 0 1 D U
1 70 0 1 D U
1 71 0 1 D R
1 72 0 1 U D
1 73 0 1 U D
1 74 0 1 U L
1 75 0 1 D D
1 76 0 1 D D
1 77 0 1 U R
1 78 0 1 U U
1 79 0 1 L U
1 80 0 1 R L
1 81 0 1 D U
1 82 0 1 D U
1 83 0 1 D R
1 84 0 1 U D
1 85 0 1 U D
1 86 0 1 U L
1 87 0 1 D D
1 88 0 1 D D
1 89 0 1 U R
1 90 0 1 U U
1 91 0 1 L U
1 92 0 1 R L
1 93 0 1 D U
1 94 0 1 D U
1 95 0 1 D R
1 96 0 1 U D
1 97 0 1 U D
1 98 0 1 U L
1 99 0 1 D D
1 100 0 1 D D
1 101 0 1 U R
1 102 0 1 U U
1 103 0 1 L U
1 104 0 1 R L
1 105 0 1 D U
1 106 0 1 D U
1 107 0 1 D R
1 108 0 1 U D
1 109 0 1 U D
1 110 0 1 U L
1 111 0 1 D D
1 112 0 1 D D
1 113 0 1 U R
1 114 0 1 U U
1 115 0 1 L U
1 116 0 1 R L
1 117 0 1 D U
1 118 0 1 D U
1 119 0 1 D R
1 120 0 1 U D
1 121 0 1 U D
1 122 0 1 U L
1 123 0 1 D D
1 124 0 1 D D
1 125 0 1 U R
1 126 0 1 U U
1 127 0 1 L U
1 128 0 1 R L
1 129 0 1 D U
1 130 0 1 D U
1 131 0 1 D R
1 132 0 1 U D
1 133 0 1 U D
1 134 0 1 U L
1 135 0 1 D D
1 136 0 1 D D
1 137 0 1 U R
1 138 0 1 U U
1 139 0 1 L U
1 140 0 1 R L
1 141 0 1 D U
1 142 0 1 D U
1 143 0 1 D R
1 144 0 1 U D
1 145 0 1 U D
1 146 0 1 U L
1 147 0 1 D D
1 148 0 1 D D
1 149 0 1 U R
1 150 0 1 U U
1 151 0 1 L U
1 152 0 1 R L
1 153 0 1 D U
1 154 0 1 D U
1 155 0 1 D R
1 156 0 1 U D
1 157 0 1 U D
1 158 0 1 U L
1 159 0 1 D D
1 160 0 1 D D
1 161 0 1 U R
1 162 0 1 U U
1 163 0 1 L U
1 164 0 1 R L
1 165 0 1 D U
1 166 0 1 D U
1 167 0 1 D R
1 168 0 1 U D
1 169 0 1 U D
1 170 0 1 U L
1 171 0 1 D D
1 172 0 1 D D
1 173 0 1 U R
1 174 0 1 U U
1 175 0 1 L U
1 176 0 1 R L
1 177 0 1 D U
1 178 0 1 D U
1 179 0 1 D R
1 180 0 1 U D
1 181 0 1 U D
1 182 0 1 U L
1 183 0 1 D D
1 184 0 1 D D
1 185 0 1 U R
1 186 0 1 U U
1 187 0 1 L U
1 188 0 1 R L
1 189 0 1 D U
1 190 0 1 D U
1 191 0 1 D R
1 192 0 1 U D
1 193 0 1 U D
1 194 0 1 U L
1 195 0 1 D D
1 196 0 1 D D
1 197 0 1 U R
1 198 0 1 U U
1 199 0 1 L U
2 0 0 0 D D
2 1 0 0 D D
2 2 0 0 R D
2 3 0 0 R D
2 4 0 0 R D
2 5 0 0 R D
2 6 0 0 R L
2 7 0 0 R D
2 8 0 1 U D
2 9 0 1 U U
2 10 0 1 U U
2 11 0 1 U U
2 12 0 1 R U
2 13 0 1 U L
2 14 0 1 L L
2 15 1 1 L L
2 16 1 1 U U
2 17 1 1 U U
2 18 1 1 U U
2 19 1 1 U U
2 20 1 1 U U
2 21 1 1 U L
2 22 1 1 U U
2 23 1 1 U U
2 24 1 1 R L
2 25 1 1 R L
2 26 1 1 R L
2 27 1 1 R L
2 28 1 1 R L
2 29 1 1 R L
2 30 1 1 R L
2 31 1 1 R L
2 32 1 1 R L
2 33 1 1 R L
2 34 1 1 R L
2 35 1 1 R L
2 36 1 1 R L
2 37 1 1 R L
2 38 1 1 R L
2 39 1 1 R L
2 40 1 1 R L
2 41 1 1 R L
2 42 1 1 R L
2 43 1 1 R L
2 44 1 1 R L
2 45 1 1 R L
2 46 1 1 R L
2 47 1 1 R L
2 48 1 1 R L
2 49 1 1 R L
2 50 1 1 R L
2 51 1 1 R L
2 52 1 1 R L
2 53 1 1 R L
2 54 1 1 R L
2 55 1 1 R L
2 56 1 1 R L
2 57 1 1 R L
2 58 1 1 R L
2 59 1 1 R L
2 60 1 1 R L
2 61 1 1 R L
2 62 1 1 R L
2 63 1 1 R L
2 64 1 1 R L
2 65 1 1 R L
2 66 1 1 R L
2 67 1 1 R L
2 68 1 1 R L
2 69 1 1 R L
2 70 1 1 R L
2 71 1 1 R L
2 72 1 1 R L
2 73 1 1 R L
2 74 1 1 R L
2 75 1 1 R L
2 76 1 1 R L
2 77 1 1 R L
2 78 1 1 R L
2 79 1 1 R L
2 80 1 1 R L
2 81 1 1 R L
2 82 1 1 R L
2 83 1 1 R L
2 84 1 1 R L
2 85 1 1 R L
2 86 1 1 R L
2 87 1 1 R L
2 88 1 1 R L
2 89 1 1 R L
2 90 1 1 R L
2 91 1 1 R L
2 92 1 1 R L
2 93 1 1 R L
2 94 1 1 R L
2 95 1 1 R L
2 96 1 1 R L
2 97 1 1 R L
2 98 1 1 R L
2 99 1 1 R L
2 100 1 1 R L
2 101 1 1 R L
2 102 1 1 R L
2 103 1 1 R L
2 104 1 1 R L
2 105 1 1 R L
2 106 1 1 R L
2 107 1 1 R L
2 108 1 1 R L
2 109 1 1 R L
2 110 1 1 R L
2 111 1 1 R L
2 112 1 1 R L
2 113 1 1 R L
2 114 1 1 R L
2 115 1 1 R L
2 116 1 1 R L
2 117 1 1 R L
2 118 1 1 R L
2 119 1 1 R L
2 120 1 1 R L
2 121 1 1 R L
2 122 1 1 R L
2 123 1 1 R L
2 124 1 1 R L
2 125 1 1 R L
2 126 1 1 R L
2 127 1 1 R L
2 128 1 1 R L
2 129 1 1 R L
2 130 1 1 R L
2 131 1 1 R L
2 132 1 1 R L
2 133 1 1 R L
2 134 1 1 R L
2 135 1 1 R L
2 136 1 1 R L
2 137 1 1 R L
2 138 1 1 R L
2 139 1 1 R L
2 140 1 1 R L
2 141 1 1 R L
2 142 1 1 R L
2 143 1 1 R L
2 144 1 1 R L
2 145 1 1 R L
2 146 1 1 R L
2 147 1 1 R L
2 148 1 1 R L
2 149 1 1 R L
2 150 1 1 R L
2 151 1 1 R L
2 152 1 1 R L
2 153 1 1 R L
2 154 1 1 R L
2 155 1 1 R L
2 156 1 1 R L
2 157 1 1 R L
2 158 1 1 R L
2 159 1 1 R L
2 160 1 1 R L
2 161 1 1 R L
2 162 1 1 R L
2 163 1 1 R L
2 164 1 1 R L
2 165 1 1 R L
2 166 1 1 R L
2 167 1 1 R L
2 168 1 1 R L
2 169 1 1 R L
2 170 1 1 R L
2 171 1 1 R L
2 172 1 1 R L
2 173 1 1 R L
2 174 1 1 R L
2 175 1 1 R L
2 176 1 1 R L
2 177 1 1 R L
2 178 1 1 R L
2 179 1 1 R L
2 180 1 1 R L
2 181 1 1 R L
2 182 1 1 R L
2 183 1 1 R L
2 184 1 1 R L
2 185 1 1 R L
2 186 1 1 R L
2 187 1 1 R L
2 188 1 1 R L
2 189 1 1 R L
2 190 1 1 R L
2 191 1 1 R L
2 192 1 1 R L
2 193 1 1 R L
2 194 1 1 R L
2 195 1 1 R L
2 196 1 1 R L
2 197 1 1 R L
2 198 1 1 R L
2 199 1 1 R L
3 0 0 0 D D
3 1 0 0 D D
3 2 0 0 D D
3 3 0 0 D D
3 4 0 0 D R
3 5 0 0 D R
3 6 0 0 D R
3 7 0 0 D R
3 8 0 0 D R
3 9 0 0 R U
3 10 0 0 R U
3 11 0 0 U R
3 12 0 0 U D
3 13 0 0 R D
3 14 0 0 U R
3 15 0 0 L R
3 16 0 0 L R
3 17 0 0 L R
3 18 0 0 L D
3 19 0 1 L L
3 20 0 1 L U
3 21 0 1 L L
3 22 1 1 L L
3 23 1 1 D L
3 24 1 1 D L
3 25 1 1 D L
3 26 1 1 D U
3 27 1 1 D D
3 28 1 1 L L
3 29 1 1 L L
3 30 1 1 L L
3 31 1 1 L L
3 32 1 1 U L
3 33 1 1 U U
3 34 1 1 U U
3 35 1 1 U U
3 36 1 1 L U
3 37 1 1 U L
3 38 1 1 R D
3 39 1 1 R D
3 40 1 1 R D
3 41 1 1 R D
3 42 1 1 R D
3 43 1 1 R D
3 44 1 1 R D
3 45 1 1 R D
3 46 1 1 R D
3 47 1 1 R D
3 48 1 1 R D
3 49 1 1 R D
3 50 1 1 R D
3 51 1 1 R D
3 52 1 1 R D
3 53 1 1 R D
3 54 1 1 R D
3 55 1 1 R D
3 56 1 1 R D
3 57 1 1 R D
3 58 1 1 R D
3 59 1 1 R D
3 60 1 1 R D
3 61 1 1 R D
3 62 1 1 R D
3 63 1 1 R D
3 64 1 1 R D
3 65 1 1 R D
3 66 1 1 R D
3 67 1 1 R D
3 68 1 1 R D
3 69 1 1 R D
3 70 1 1 R D
3 71 1 1 R D
3 72 1 1 R D
3 73 1 1 R D
3 74 1 1 R D
3 75 1 1 R D
3 76 1 1 R D
3 77 1 1 R D
3 78 1 1 R D
3 79 1 1 R D
3 80 1 1 R D
3 81 1 1 R D
3 82 1 1 R D
3 83 1 1 R D
3 84 1 1 R D
3 85 1 1 R D
3 86 1 1 R D
3 87 1 1 R D
3 88 1 1 R D
3 89 1 1 R D
3 90 1 1 R D
3 91 1 1 R D
3 92 1 1 R D
3 93 1 1 R D
3 94 1 1 R D
3 95 1 1 R D
3 96 1 1 R D
3 97 1 1 R D
3 98 1 1 R D
3 99 1 1 R D
3 100 1 1 R D
3 101 1 1 R D
3 102 1 1 R D
3 103 1 1 R D
3 104 1 1 R D
3 105 1 1 R D
3 106 1 1 R D
3 107 1 1 R D
3 108 1 1 R D
3 109 1 1 R D
3 110 1 1 R D
3 111 1 1 R D
3 112 1 1 R D
3 113 1 1 R D
3 114 1 1 R D
3 115 1 1 R D
3 116 1 1 R D
3 117 1 1 R D
3 118 1 1 R D
3 119 1 1 R D
3 120 1 1 R D
3 121 1 1 R D
3 122 1 1 R D
3 123 1 1 R D
3 124 1 1 R D
3 125 1 1 R D
3 126 1 1 R D
3 127 1 1 R D
3 128 1 1 R D
3 129 1 1 R D
3 130 1 1 R D
3 131 1 1 R D
3 132 1 1 R D
3 133 1 1 R D
3 134 1 1 R D
3 135 1 1 R D
3 136 1 1 R D
3 137 1 1 R D
3 138 1 1 R D
3 139 1 1 R D
3 140 1 1 R D
3 141 1 1 R D
3 142 1 1 R D
3 143 1 1 R D
3 144 1 1 R D
3 145 1 1 R D
3 146 1 1 R D
3 147 1 1 R D
3 148 1 1 R D
3 149 1 1 R D
3 150 1 1 R D
3 151 1 1 R D
3 152 1 1 R D
3 153 1 1 R D
3 154 1 1 R D
3 155 1 1 R D
3 156 1 1 R D
3 157 1 1 R D
3 158 1 1 R D
3 159 1 1 R D
3 160 1 1 R D
3 161 1 1 R D
3 162 1 1 R D
3 163 1 1 R D
3 164 1 1 R D
3 165 1 1 R D
3 166 1 1 R D
3 167 1 1 R D
3 168 1 1 R D
3 169 1 1 R D
3 170 1 1 R D
3 171 1 1 R D
3 172 1 1 R D
3 173 1 1 R D
3 174 1 1 R D
3 175 1 1 R D
3 176 1 1 R D
3 177 1 1 R D
3 178 1 1 R D
3 179 1 1 R D
3 180 1 1 R D
3 181 1 1 R D
3 182 1 1 R D
3 183 1 1 R D
3 184 1 1 R D
3 185 1 1 R D
3 186 1 1 R D
3 187 1 1 R D
3 188 1 1 R D
3 189 1 1 R D
3 190 1 1 R D
3 191 1 1 R D
3 192 1 1 R D
3 193 1 1 R D
3 194 1 1 R D
3 195 1 1 R D
3 196 1 1 R D
3 197 1 1 R D
3 198 1 1 R D
3 199 1 1 R D
4 0 0 0 L D
4 1 0 0 D D
4 2 0 0 R D
4 3 0 0 D D
4 4 0 0 R D
4 5 0 0 U L
4 6 0 0 U D
4 7 0 1 U R
4 8 1 1 U U
4 9 1 1 U U
4 10 1 1 U U
4 11 1 1 U U
4 12 1 1 U U
4 13 1 1 U U
4 14 1 1 U U
4 15 1 1 U U
4 16 1 1 U U
4 17 1 1 U U
4 18 1 1 U U
4 19 1 1 U U
4 20 1 1 U U
4 21 1 1 U R
4 22 1 1 U R
4 23 1 1 U R
4 24 1 1 U D
4 25 1 1 U D
4 26 1 1 U D
4 27 1 1 U D
4 28 1 1 U D
4 29 1 1 U D
4 30 1 1 U D
4 31 1 1 U D
4 32 1 1 R D
4 33 1 1 D D
4 34 1 1 D D
4 35 1 1 D D
4 36 1 1 D R
4 37 1 1 R D
4 38 1 1 R L
4 39 1 2 R L
4 40 1 2 S S
4 41 1 2 S S
4 42 1 2 S S
4 43 1 2 S S
4 44 1 2 S S
4 45 1 2 S S
4 46 1 2 S S
4 47 1 2 S S
4 48 1 2 S S
4 49 1 2 S S
4 50 1 2 S S
4 51 1 2 S S
4 52 1 2 S S
4 53 1 2 S S
4 54 1 2 S S
4 55 1 2 S S
4 56 1 2 S S
4 57 1 2 S S
4 58 1 2 S S
4 59 1 2 S S
4 60 1 2 S S
4 61 1 2 S S
4 62 1 2 S S
4 63 1 2 S S
4 64 1 2 S S
4 65 1 2 S S
4 66 1 2 S S
4 67 1 2 S S
4 68 1 2 S S
4 69 1 2 S S
4 70 1 2 S S
4 71 1 2 S S
4 72 1 2 S S
4 73 1 2 S S
4 74 1 2 S S
4 75 1 2 S S
4 76 1 2 S S
4 77 1 2 S S
4 78 1 2 S S
4 79 1 2 S S
4 80 1 2 S S
4 81 1 2 S S
4 82 1 2 S S
4 83 1 2 S S
4 84 1 2 S S
4 85 1 2 S S
4 86 1 2 S S
4 87 1 2 S S
4 88 1 2 S S
4 89 1 2 S S
4 90 1 2 S S
4 91 1 2 S S
4 92 1 2 S S
4 93 1 2 S S
4 94 1 2 S S
4 95 1 2 S S
4 96 1 2 S S
4 97 1 2 S S
4 98 1 2 S S
4 99 1 2 S S
4 100 1 2 S S
4 101 1 2 S S
4 102 1 2 S S
4 103 1 2 S S
4 104 1 2 S S
4 105 1 2 S S
4 106 1 2 S S
4 107 1 2 S S
4 108 1 2 S S
4 109 1 2 S S
4 110 1 2 S S
4 111 1 2 S S
4 112 1 2 S S
4 113 1 2 S S
4 114 1 2 S S
4 115 1 2 S S
4 116 1 2 S S
4 117 1 2 S S
4 118 1 2 S S
4 119 1 2 S S
4 120 1 2 S S
4 121 1 2 S S
4 122 1 2 S S
4 123 1 2 S S
4 124 1 2 S S
4 125 1 2 S S
4 126 1 2 S S
4 127 1 2 S S
4 128 1 2 S S
4 129 1 2 S S
4 130 1 2 S S
4 131 1 2 S S
4 132 1 2 S S
4 133 1 2 S S
4 134 1 2 S S
4 135 1 2 S S
4 136 1 2 S S
4 137 1 2 S S
4 138 1 2 S S
4 139 1 2 S S
4 140 1 2 S S
4 141 1 2 S S
4 142 1 2 S S
4 143 1 2 S S
4 144 1 2 S S
4 145 1 2 S S
4 146 1 2 S S
4 147 1 2 S S
4 148 1 2 S S
4 149 1 2 S S
4 150 1 2 S S
4 151 1 2 S S
4 152 1 2 S S
4 153 1 2 S S
4 154 1 2 S S
4 155 1 2 S S
4 156 1 2 S S
4 157 1 2 S S
4 158 1 2 S S
4 159 1 2 S S
4 160 1 2 S S
4 161 1 2 S S
4 162 1 2 S S
4 163 1 2 S S
4 164 1 2 S S
4 165 1 2 S S
4 166 1 2 S S
4 167 1 2 S S
4 168 1 2 S S
4 169 1 2 S S
4 170 1 2 S S
4 171 1 2 S S
4 172 1 2 S S
4 173 1 2 S S
4 174 1 2 S S
4 175 1 2 S S
4 176 1 2 S S
4 177 1 2 S S
4 178 1 2 S S
4 179 1 2 S S
4 180 1 2 S S
4 181 1 2 S S
4 182 1 2 S S
4 183 1 2 S S
4 184 1 2 S S
4 185 1 2 S S
4 186 1 2 S S
4 187 1 2 S S
4 188 1 2 S S
4 189 1 2 S S
4 190 1 2 S S
4 191 1 2 S S
4 192 1 2 S S
4 193 1 2 S S
4 194 1 2 S S
4 195 1 2 S S
4 196 1 2 S S
4 197 1 2 S S
4 198 1 2 S S
4 199 1 2 S S
5 0 0 0 D D
5 1 0 0 R U
5 2 0 0 D D
5 3 0 0 L D
5 4 0 0 L D
5 5 0 0 L R
5 6 0 0 L R
5 7 0 0 L R
5 8 0 0 L R
5 9 0 0 L R
5 10 0 0 L L
5 11 0 0 L L
5 12 0 0 U L
5 13 0 0 U U
5 14 0 0 U L
5 15 0 0 D U
5 16 0 0 D R
5 17 0 0 D R
5 18 0 0 D R
5 19 0 0 D R
5 20 0 0 D R
5 21 0 0 D R
5 22 0 0 D R
5 23 0 0 D R
5 24 0 0 D R
5 25 0 0 D R
5 26 0 0 D R
5 27 0 0 D R
5 28 0 0 D R
5 29 0 0 D R
5 30 0 0 D R
5 31 0 0 D R
5 32 0 0 D R
5 33 0 0 D R
5 34 0 0 D R
5 35 0 0 D R
5 36 0 0 D R
5 37 0 0 D R
5 38 0 0 D R
5 39 0 0 D R
5 40 0 0 D R
5 41 0 0 D R
5 42 0 0 D R
5 43 0 0 D R
5 44 0 0 D R
5 45 0 0 D R
5 46 0 0 D R
5 47 0 0 D R
5 48 0 0 D R
5 49 0 0 D R
5 50 0 0 D R
5 51 0 0 D R
5 52 0 0 D R
5 53 0 0 D R
5 54 0 0 D R
5 55 0 0 D R
5 56 0 0 D R
5 57 0 0 D R
5 58 0 0 D R
5 59 0 0 D R
5 60 0 0 D R
5 61 0 0 D R
5 62 0 0 D R
5 63 0 0 D R
5 64 0 0 D R
5 65 0 0 D R
5 66 0 0 D R
5 67 0 0 D R
5 68 0 0 D R
5 69 0 0 D R
5 70 0 0 D R
5 71 0 0 D R
5 72 0 0 D R
5 73 0 0 D R
5 74 0 0 D R
5 75 0 0 D R
5 76 0 0 D R
5 77 0 0 D R
5 78 0 0 D R
5 79 0 0 D R
5 80 0 0 D R
5 81 0 0 D R
5 82 0 0 D R
5 83 0 0 D R
5 84 0 0 D R
5 85 0 0 D R
5 86 0 0 D R
5 87 0 0 D R
5 88 0 0 D R
5 89 0 0 D R
5 90 0 0 D R
5 91 0 0 D R
5 92 0 0 D R
5 93 0 0 D R
5 94 0 0 D R
5 95 0 0 D R
5 96 0 0 D R
5 97 0 0 D R
5 98 0 0 D R
5 99 0 0 D R
5 100 0 0 D R
5 101 0 0 D R
5 102 0 0 D R
5 103 0 0 D R
5 104 0 0 D R
5 105 0 0 D R
5 106 0 0 D R
5 107 0 0 D R
5 108 0 0 D R
5 109 0 0 D R
5 110 0 0 D R
5 111 0 0 D R
5 112 0 0 D R
5 113 0 0 D R
5 114 0 0 D R
5 115 0 0 D R
5 116 0 0 D R
5 117 0 0 D R
5 118 0 0 D R
5 119 0 0 D R
5 120 0 0 D R
5 121 0 0 D R
5 122 0 0 D R
5 123 0 0 D R
5 124 0 0 D R
5 125 0 0 D R
5 126 0 0 D R
5 127 0 0 D R
5 128 0 0 D R
5 129 0 0 D R
5 130 0 0 D R
5 131 0 0 D R
5 132 0 0 D R
5 133 0 0 D R
5 134 0 0 D R
5 135 0 0 D R
5 136 0 0 D R
5 137 0 0 D R
5 138 0 0 D R
5 139 0 0 D R
5 140 0 0 D R
5 141 0 0 D R
5 142 0 0 D R
5 143 0 0 D R
5 144 0 0 D R
5 145 0 0 D R
5 146 0 0 D R
5 147 0 0 D R
5 148 0 0 D R
5 149 0 0 D R
5 150 0 0 D R
5 151 0 0 D R
5 152 0 0 D R
5 153 0 0 D R
5 154 0 0 D R
5 155 0 0 D R
5 156 0 0 D R
5 157 0 0 D R
5 158 0 0 D R
5 159 0 0 D R
5 160 0 0 D R
5 161 0 0 D R
5 162 0 0 D R
5 163 0 0 D R
5 164 0 0 D R
5 165 0 0 D R
5 166 0 0 D R
5 167 0 0 D R
5 168 0 0 D R
5 169 0 0 D R
5 170 0 0 D R
5 171 0 0 D R
5 172 0 0 D R
5 173 0 0 D R
5 174 0 0 D R
5 175 0 0 D R
5 176 0 0 D R
5 177 0 0 D R
5 178 0 0 D R
5 179 0 0 D R
5 180 0 0 D R
5 181 0 0 D R
5 182 0 0 D R
5 183 0 0 D R
5 184 0 0 D R
5 185 0 0 D R
5 186 0 0 D R
5 187 0 0 D R
5 188 0 0 D R
5 189 0 0 D R
5 190 0 0 D R
5 191 0 0 D R
5 192 0 0 D R
5 193 0 0 D R
5 194 0 0 D R
5 195 0 0 D R
5 196 0 0 D R
5 197 0 0 D R
5 198 0 0 D R
5 199 0 0 D R
6 0 0 0 U D
6 1 0 0 R D
6 2 0 0 R D
6 3 0 0 R D
6 4 0 0 R D
6 5 0 0 R D
6 6 0 0 R D
6 7 0 0 U R
6 8 0 0 U D
6 9 0 0 U L
6 10 0 0 U L
6 11 0 1 R L
6 12 0 1 U U
6 13 0 1 L U
6 14 0 1 L U
6 15 1 1 L U
6 16 1 1 U U
6 17 1 1 U U
6 18 1 1 U U
6 19 1 1 U U
6 20 1 1 U U
6 21 1 1 R U
6 22 1 1 R U
6 23 1 1 R L
6 24 1 1 R L
6 25 1 1 R U
6 26 1 1 U D
6 27 1 1 L L
6 28 1 1 L S
6 29 1 1 L U
6 30 1 1 U L
6 31 1 1 L L
6 32 1 1 D L
6 33 2 1 D D
6 34 2 1 S S
6 35 2 1 S S
6 36 2 1 S S
6 37 2 1 S S
6 38 2 1 S S
6 39 2 1 S S
6 40 2 1 S S
6 41 2 1 S S
6 42 2 1 S S
6 43 2 1 S S
6 44 2 1 S S
6 45 2 1 S S
6 46 2 1 S S
6 47 2 1 S S
6 48 2 1 S S
6 49 2 1 S S
6 50 2 1 S S
6 51 2 1 S S
6 52 2 1 S S
6 53 2 1 S S
6 54 2 1 S S
6 55 2 1 S S
6 56 2 1 S S
6 57 2 1 S S
6 58 2 1 S S
6 59 2 1 S S
6 60 2 1 S S
6 61 2 1 S S
6 62 2 1 S S
6 63 2 1 S S
6 64 2 1 S S
6 65 2 1 S S
6 66 2 1 S S
6 67 2 1 S S
6 68 2 1 S S
6 69 2 1 S S
6 70 2 1 S S
6 71 2 1 S S
6 72 2 1 S S
6 73 2 1 S S
6 74 2 1 S S
6 75 2 1 S S
6 76 2 1 S S
6 77 2 1 S S
6 78 2 1 S S
6 79 2 1 S S
6 80 2 1 S S
6 81 2 1 S S
6 82 2 1 S S
6 83 2 1 S S
6 84 2 1 S S
6 85 2 1 S S
6 86 2 1 S S
6 87 2 1 S S
6 88 2 1 S S
6 89 2 1 S S
6 90 2 1 S S
6 91 2 1 S S
6 92 2 1 S S
6 93 2 1 S S
6 94 2 1 S S
6 95 2 1 S S
6 96 2 1 S S
6 97 2 1 S S
6 98 2 1 S S
6 99 2 1 S S
6 100 2 1 S S
6 101 2 1 S S
6 102 2 1 S S
6 103 2 1 S S
6 104 2 1 S S
6 105 2 1 S S
6 106 2 1 S S
6 107 2 1 S S
6 108 2 1 S S
6 109 2 1 S S
6 110 2 1 S S
6 111 2 1 S S
6 112 2 1 S S
6 113 2 1 S S
6 114 2 1 S S
6 115 2 1 S S
6 116 2 1 S S
6 117 2 1 S S
6 118 2 1 S S
6 119 2 1 S S
6 120 2 1 S S
6 121 2 1 S S
6 122 2 1 S S
6 123 2 1 S S
6 124 2 1 S S
6 125 2 1 S S
6 126 2 1 S S
6 127 2 1 S S
6 128 2 1 S S
6 129 2 1 S S
6 130 2 1 S S
6 131 2 1 S S
6 132 2 1 S S
6 133 2 1 S S
6 134 2 1 S S
6 135 2 1 S S
6 136 2 1 S S
6 137 2 1 S S
6 138 2 1 S S
6 139 2 1 S S
6 140 2 1 S S
6 141 2 1 S S
6 142 2 1 S S
6 143 2 1 S S
6 144 2 1 S S
6 145 2 1 S S
6 146 2 1 S S
6 147 2 1 S S
6 148 2 1 S S
6 149 2 1 S S
6 150 2 1 S S
6 151 2 1 S S
6 152 2 1 S S
6 153 2 1 S S
6 154 2 1 S S
6 155 2 1 S S
6 156 2 1 S S
6 157 2 1 S S
6 158 2 1 S S
6 159 2 1 S S
6 160 2 1 S S
6 161 2 1 S S
6 162 2 1 S S
6 163 2 1 S S
6 164 2 1 S S
6 165 2 1 S S
6 166 2 1 S S
6 167 2 1 S S
6 168 2 1 S S
6 169 2 1 S S
6 170 2 1 S S
6 171 2 1 S S
6 172 2 1 S S
6 173 2 1 S S
6 174 2 1 S S
6 175 2 1 S S
6 176 2 1 S S
6 177 2 1 S S
6 178 2 1 S S
6 179 2 1 S S
6 180 2 1 S S
6 181 2 1 S S
6 182 2 1 S S
6 183 2 1 S S
6 184 2 1 S S
6 185 2 1 S S
6 186 2 1 S S
6 187 2 1 S S
6 188 2 1 S S
6 189 2 1 S S
6 190 2 1 S S
6 191 2 1 S S
6 192 2 1 S S
6 193 2 1 S S
6 194 2 1 S S
6 195 2 1 S S
6 196 2 1 S S
6 197 2 1 S S
6 198 2 1 S S
6 199 2 1 S S
7 0 0 0 U D
7 1 0 0 U D
7 2 0 0 U D
7 3 0 0 R D
7 4 0 0 R D
7 5 0 0 R D
7 6 0 0 R D
7 7 0 0 R D
7 8 0 0 U D
7 9 0 0 R D
7 10 1 0 D D
7 11 1 0 U D
7 12 1 0 U D
7 13 1 0 U D
7 14 1 0 U D
7 15 1 0 R D
7 16 1 0 R D
7 17 1 0 R D
7 18 1 0 R D
7 19 1 0 D D
7 20 1 0 D D
7 21 1 0 D D
7 22 1 0 D D
7 23 1 0 R D
7 24 1 0 D D
7 25 1 0 L D
7 26 1 0 L D
7 27 1 0 L D
7 28 2 0 L D
7 29 2 0 D D
7 30 2 0 D D
7 31 2 0 D D
7 32 2 0 D D
7 33 2 0 D D
7 34 2 0 D D
7 35 2 0 D D
7 36 2 0 D D
7 37 2 0 D D
7 38 2 0 L D
7 39 2 0 L D
7 40 2 0 L D
7 41 2 0 U D
7 42 2 0 U D
7 43 2 0 U D
7 44 3 0 U D
7 45 3 0 S S
7 46 3 0 S S
7 47 3 0 S S
7 48 3 0 S S
7 49 3 0 S S
7 50 3 0 S S
7 51 3 0 S S
7 52 3 0 S S
7 53 3 0 S S
7 54 3 0 S S
7 55 3 0 S S
7 56 3 0 S S
7 57 3 0 S S
7 58 3 0 S S
7 59 3 0 S S
7 60 3 0 S S
7 61 3 0 S S
7 62 3 0 S S
7 63 3 0 S S
7 64 3 0 S S
7 65 3 0 S S
7 66 3 0 S S
7 67 3 0 S S
7 68 3 0 S S
7 69 3 0 S S
7 70 3 0 S S
7 71 3 0 S S
7 72 3 0 S S
7 73 3 0 S S
7 74 3 0 S S
7 75 3 0 S S
7 76 3 0 S S
7 77 3 0 S S
7 78 3 0 S S
7 79 3 0 S S
7 80 3 0 S S
7 81 3 0 S S
7 82 3 0 S S
7 83 3 0 S S
7 84 3 0 S S
7 85 3 0 S S
7 86 3 0 S S
7 87 3 0 S S
7 88 3 0 S S
7 89 3 0 S S
7 90 3 0 S S
7 91 3 0 S S
7 92 3 0 S S
7 93 3 0 S S
7 94 3 0 S S
7 95 3 0 S S
7 96 3 0 S S
7 97 3 0 S S
7 98 3 0 S S
7 99 3 0 S S
7 100 3 0 S S
7 101 3 0 S S
7 102 3 0 S S
7 103 3 0 S S
7 104 3 0 S S
7 105 3 0 S S
7 106 3 0 S S
7 107 3 0 S S
7 108 3 0 S S
7 109 3 0 S S
7 110 3 0 S S
7 111 3 0 S S
7 112 3 0 S S
7 113 3 0 S S
7 114 3 0 S S
7 115 3 0 S S
7 116 3 0 S S
7 117 3 0 S S
7 118 3 0 S S
7 119 3 0 S S
7 120 3 0 S S
7 121 3 0 S S
7 122 3 0 S S
7 123 3 0 S S
7 124 3 0 S S
7 125 3 0 S S
7 126 3 0 S S
7 127 3 0 S S
7 128 3 0 S S
7 129 3 0 S S
7 130 3 0 S S
7 131 3 0 S S
7 132 3 0 S S
7 133 3 0 S S
7 134 3 0 S S
7 135 3 0 S S
7 136 3 0 S S
7 137 3 0 S S
7 138 3 0 S S
7 139 3 0 S S
7 140 3 0 S S
7 141 3 0 S S
7 142 3 0 S S
7 143 3 0 S S
7 144 3 0 S S
7 145 3 0 S S
7 146 3 0 S S
7 147 3 0 S S
7 148 3 0 S S
7 149 3 0 S S
7 150 3 0 S S
7 151 3 0 S S
7 152 3 0 S S
7 153 3 0 S S
7 154 3 0 S S
7 155 3 0 S S
7 156 3 0 S S
7 157 3 0 S S
7 158 3 0 S S
7 159 3 0 S S
7 160 3 0 S S
7 161 3 0 S S
7 162 3 0 S S
7 163 3 0 S S
7 164 3 0 S S
7 165 3 0 S S
7 166 3 0 S S
7 167 3 0 S S
7 168 3 0 S S
7 169 3 0 S S
7 170 3 0 S S
7 171 3 0 S S
7 172 3 0 S S
7 173 3 0 S S
7 174 3 0 S S
7 175 3 0 S S
7 176 3 0 S S
7 177 3 0 S S
7 178 3 0 S S
7 179 3 0 S S
7 180 3 0 S S
7 181 3 0 S S
7 182 3 0 S S
7 183 3 0 S S
7 184 3 0 S S
7 185 3 0 S S
7 186 3 0 S S
7 187 3 0 S S
7 188 3 0 S S
7 189 3 0 S S
7 190 3 0 S S
7 191 3 0 S S
7 192 3 0 S S
7 193 3 0 S S
7 194 3 0 S S
7 195 3 0 S S
7 196 3 0 S S
7 197 3 0 S S
7 198 3 0 S S
7 199 3 0 S S
8 0 0 0 D R
8 1 0 0 L R
8 2 0 0 L R
8 3 0 0 L R
8 4 0 0 L R
8 5 0 0 L R
8 6 0 0 L R
8 7 1 0 L R
8 8 1 1 D D
8 9 1 1 D U
8 10 1 1 D L
8 11 1 1 D L
8 12 1 1 D L
8 13 1 1 D L
8 14 1 1 D L
8 15 1 1 D L
8 16 1 1 D L
8 17 1 1 D L
8 18 1 1 D L
8 19 1 1 D L
8 20 1 1 D L
8 21 1 1 D L
8 22 1 1 D L
8 23 1 1 D L
8 24 1 1 D L
8 25 1 1 D L
8 26 1 1 D L
8 27 1 1 D L
8 28 1 1 D L
8 29 1 1 D L
8 30 1 1 D L
8 31 1 1 D L
8 32 1 1 D L
8 33 1 1 D L
8 34 1 1 D L
8 35 1 1 D L
8 36 1 1 D L
8 37 1 1 D L
8 38 1 1 D L
8 39 1 1 D L
8 40 1 1 D L
8 41 1 1 D L
8 42 1 1 D L
8 43 1 1 D L
8 44 1 1 D L
8 45 1 1 D L
8 46 1 1 D L
8 47 1 1 D L
8 48 1 1 D L
8 49 1 1 D L
8 50 1 1 D L
8 51 1 1 D L
8 52 1 1 D L
8 53 1 1 D L
8 54 1 1 D L
8 55 1 1 D L
8 56 1 1 D L
8 57 1 1 D L
8 58 1 1 D L
8 59 1 1 D L
8 60 1 1 D L
8 61 1 1 D L
8 62 1 1 D L
8 63 1 1 D L
8 64 1 1 D L
8 65 1 1 D L
8 66 1 1 D L
8 67 1 1 D L
8 68 1 1 D L
8 69 1 1 D L
8 70 1 1 D L
8 71 1 1 D L
8 72 1 1 D L
8 73 1 1 D L
8 74 1 1 D L
8 75 1 1 D L
8 76 1 1 D L
8 77 1 1 D L
8 78 1 1 D L
8 79 1 1 D L
8 80 1 1 D L
8 81 1 1 D L
8 82 1 1 D L
8 83 1 1 D L
8 84 1 1 D L
8 85 1 1 D L
8 86 1 1 D L
8 87 1 1 D L
8 88 1 1 D L
8 89 1 1 D L
8 90 1 1 D L
8 91 1 1 D L
8 92 1 1 D L
8 93 1 1 D L
8 94 1 1 D L
8 95 1 1 D L
8 96 1 1 D L
8 97 1 1 D L
8 98 1 1 D L
8 99 1 1 D L
8 100 1 1 D L
8 101 1 1 D L
8 102 1 1 D L
8 103 1 1 D L
8 104 1 1 D L
8 105 1 1 D L
8 106 1 1 D L
8 107 1 1 D L
8 108 1 1 D L
8 109 1 1 D L
8 110 1 1 D L
8 111 1 1 D L
8 112 1 1 D L
8 113 1 1 D L
8 114 1 1 D L
8 115 1 1 D L
8 116 1 1 D L
8 117 1 1 D L
8 118 1 1 D L
8 119 1 1 D L
8 120 1 1 D L
8 121 1 1 D L
8 122 1 1 D L
8 123 1 1 D L
8 124 1 1 D L
8 125 1 1 D L
8 126 1 1 D L
8 127 1 1 D L
8 128 1 1 D L
8 129 1 1 D L
8 130 1 1 D L
8 131 1 1 D L
8 132 1 1 D L
8 133 1 1 D L
8 134 1 1 D L
8 135 1 1 D L
8 136 1 1 D L
8 137 1 1 D L
8 138 1 1 D L
8 139 1 1 D L
8 140 1 1 D L
8 141 1 1 D L
8 142 1 1 D L
8 143 1 1 D L
8 144 1 1 D L
8 145 1 1 D L
8 146 1 1 D L
8 147 1 1 D L
8 148 1 1 D L
8 149 1 1 D L
8 150 1 1 D L
8 151 1 1 D L
8 152 1 1 D L
8 153 1 1 D L
8 154 1 1 D L
8 155 1 1 D L
8 156 1 1 D L
8 157 1 1 D L
8 158 1 1 D L
8 159 1 1 D L
8 160 1 1 D L
8 161 1 1 D L
8 162 1 1 D L
8 163 1 1 D L
8 164 1 1 D L
8 165 1 1 D L
8 166 1 1 D L
8 167 1 1 D L
8 168 1 1 D L
8 169 1 1 D L
8 170 1 1 D L
8 171 1 1 D L
8 172 1 1 D L
8 173 1 1 D L
8 174 1 1 D L
8 175 1 1 D L
8 176 1 1 D L
8 177 1 1 D L
8 178 1 1 D L
8 179 1 1 D L
8 180 1 1 D L
8 181 1 1 D L
8 182 1 1 D L
8 183 1 1 D L
8 184 1 1 D L
8 185 1 1 D L
8 186 1 1 D L
8 187 1 1 D L
8 188 1 1 D L
8 189 1 1 D L
8 190 1 1 D L
8 191 1 1 D L
8 192 1 1 D L
8 193 1 1 D L
8 194 1 1 D L
8 195 1 1 D L
8 196 1 1 D L
8 197 1 1 D L
8 198 1 1 D L
8 199 1 1 D L
9 0 0 0 D D
9 1 0 0 D D
9 2 0 0 D D
9 3 0 0 D D
9 4 0 0 D D
9 5 0 0 D D
9 6 0 0 D D
9 7 0 0 D D
9 8 0 0 D D
9 9 0 0 D D
9 10 0 0 R R
9 11 0 0 R R
9 12 0 0 R R
9 13 0 0 U D
9 14 0 0 U L
9 15 0 0 U L
9 16 0 0 R U
9 17 0 0 U L
9 18 0 0 L L
9 19 1 0 L D
9 20 1 0 D R
9 21 1 0 D R
9 22 1 0 D U
9 23 1 0 D R
9 24 1 0 R R
9 25 1 0 R D
9 26 1 0 D L
9 27 1 0 R L
9 28 1 0 R U
9 29 1 0 U U
9 30 1 0 R L
9 31 1 0 R L
9 32 1 0 D D
9 33 1 0 R R
9 34 1 0 R R
9 35 1 0 R U
9 36 1 0 D U
9 37 1 0 L R
9 38 1 0 L S
9 39 1 0 L D
9 40 1 0 L L
9 41 1 0 L L
9 42 1 0 L L
9 43 1 0 L L
9 44 1 0 L L
9 45 1 0 U L
9 46 1 0 L U
9 47 1 0 L U
9 48 1 0 R L
9 49 1 0 L L
9 50 1 0 R L
9 51 1 0 L D
9 52 1 0 L D
9 53 1 0 L D
9 54 1 0 L D
9 55 1 0 L D
9 56 1 0 L D
9 57 1 0 L D
9 58 1 0 L D
9 59 1 0 L D
9 60 1 0 L D
9 61 1 0 L D
9 62 1 0 L D
9 63 1 0 L D
9 64 1 0 L D
9 65 1 0 L D
9 66 1 0 L D
9 67 1 0 L D
9 68 1 0 L D
9 69 1 0 L D
9 70 1 0 L D
9 71 1 0 L D
9 72 1 0 L D
9 73 1 0 L D
9 74 1 0 L D
9 75 1 0 L D
9 76 1 0 L D
9 77 1 0 L D
9 78 1 0 L D
9 79 1 0 L D
9 80 1 0 L D
9 81 1 0 L D
9 82 1 0 L D
9 83 1 0 L D
9 84 1 0 L D
9 85 1 0 L D
9 86 1 0 L D
9 87 1 0 L D
9 88 1 0 L D
9 89 1 0 L D
9 90 1 0 L D
9 91 1 0 L D
9 92 1 0 L D
9 93 1 0 L D
9 94 1 0 L D
9 95 1 0 L D
9 96 1 0 L D
9 97 1 0 L D
9 98 1 0 L D
9 99 1 0 L D
9 100 1 0 L D
9 101 1 0 L D
9 102 1 0 L D
9 103 1 0 L D
9 104 1 0 L D
9 105 1 0 L D
9 106 1 0 L D
9 107 1 0 L D
9 108 1 0 L D
9 109 1 0 L D
9 110 1 0 L D
9 111 1 0 L D
9 112 1 0 L D
9 113 1 0 L D
9 114 1 0 L D
9 115 1 0 L D
9 116 1 0 L D
9 117 1 0 L D
9 118 1 0 L D
9 119 1 0 L D
9 120 1 0 L D
9 121 1 0 L D
9 122 1 0 L D
9 123 1 0 L D
9 124 1 0 L D
9 125 1 0 L D
9 126 1 0 L D
9 127 1 0 L D
9 128 1 0 L D
9 129 1 0 L D
9 130 1 0 L D
9 131 1 0 L D
9 132 1 0 L D
9 133 1 0 L D
9 134 1 0 L D
9 135 1 0 L D
9 136 1 0 L D
9 137 1 0 L D
9 138 1 0 L D
9 139 1 0 L D
9 140 1 0 L D
9 141 1 0 L D
9 142 1 0 L D
9 143 1 0 L D
9 144 1 0 L D
9 145 1 0 L D
9 146 1 0 L D
9 147 1 0 L D
9 148 1 0 L D
9 149 1 0 L D
9 150 1 0 L D
9 151 1 0 L D
9 152 1 0 L D
9 153 1 0 L D
9 154 1 0 L D
9 155 1 0 L D
9 156 1 0 L D
9 157 1 0 L D
9 158 1 0 L D
9 159 1 0 L D
9 160 1 0 L D
9 161 1 0 L D
9 162 1 0 L D
9 163 1 0 L D
9 164 1 0 L D
9 165 1 0 L D
9 166 1 0 L D
9 167 1 0 L D
9 168 1 0 L D
9 169 1 0 L D
9 170 1 0 L D
9 171 1 0 L D
9 172 1 0 L D
9 173 1 0 L D
9 174 1 0 L D
9 175 1 0 L D
9 176 1 0 L D
9 177 1 0 L D
9 178 1 0 L D
9 179 1 0 L D
9 180 1 0 L D
9 181 1 0 L D
9 182 1 0 L D
9 183 1 0 L D
9 184 1 0 L D
9 185 1 0 L D
9 186 1 0 L D
9 187 1 0 L D
9 188 1 0 L D
9 189 1 0 L D
9 190 1 0 L D
9 191 1 0 L D
9 192 1 0 L D
9 193 1 0 L D
9 194 1 0 L D
9 195 1 0 L D
9 196 1 0 L D
9 197 1 0 L D
9 198 1 0 L D
9 199 1 0 L D
10 0 0 0 D D
10 1 0 0 D D
10 2 0 0 D D
10 3 0 0 D D
10 4 0 0 D R
10 5 0 0 L R
10 6 0 0 L R
10 7 0 0 L R
10 8 0 0 L R
10 9 0 0 D D
10 10 0 0 D D
10 11 0 0 D D
10 12 0 0 D D
10 13 0 0 D D
10 14 0 0 D L
10 15 0 0 D D
10 16 0 1 D R
10 17 0 1 L U
10 18 0 1 L U
10 19 0 1 L U
10 20 0 1 L U
10 21 0 1 L U
10 22 0 1 L U
10 23 0 1 L U
10 24 0 1 L U
10 25 0 1 L U
10 26 0 1 L U
10 27 0 1 L U
10 28 0 1 L U
10 29 0 1 L U
10 30 0 1 L U
10 31 0 1 L U
10 32 0 1 L U
10 33 0 1 L U
10 34 0 1 L U
10 35 0 1 L U
10 36 0 1 L U
10 37 0 1 L U
10 38 0 1 L U
10 39 0 1 L U
10 40 0 1 L U
10 41 0 1 L U
10 42 0 1 L U
10 43 0 1 L U
10 44 0 1 L U
10 45 0 1 L U
10 46 0 1 L U
10 47 0 1 L U
10 48 0 1 L U
10 49 0 1 L U
10 50 0 1 L U
10 51 0 1 L U
10 52 0 1 L U
10 53 0 1 L U
10 54 0 1 L U
10 55 0 1 L U
10 56 0 1 L U
10 57 0 1 L U
10 58 0 1 L U
10 59 0 1 L U
10 60 0 1 L U
10 61 0 1 L U
10 62 0 1 L U
10 63 0 1 L U
10 64 0 1 L U
10 65 0 1 L U
10 66 0 1 L U
10 67 0 1 L U
10 68 0 1 L U
10 69 0 1 L U
10 70 0 1 L U
10 71 0 1 L U
10 72 0 1 L U
10 73 0 1 L U
10 74 0 1 L U
10 75 0 1 L U
10 76 0 1 L U
10 77 0 1 L U
10 78 0 1 L U
10 79 0 1 L U
10 80 0 1 L U
10 81 0 1 L U
10 82 0 1 L U
10 83 0 1 L U
10 84 0 1 L U
10 85 0 1 L U
10 86 0 1 L U
10 87 0 1 L U
10 88 0 1 L U
10 89 0 1 L U
10 90 0 1 L U
10 91 0 1 L U
10 92 0 1 L U
10 93 0 1 L U
10 94 0 1 L U
10 95 0 1 L U
10 96 0 1 L U
10 97 0 1 L U
10 98 0 1 L U
10 99 0 1 L U
10 100 0 1 L U
10 101 0 1 L U
10 102 0 1 L U
10 103 0 1 L U
10 104 0 1 L U
10 105 0 1 L U
10 106 0 1 L U
10 107 0 1 L U
10 108 0 1 L U
10 109 0 1 L U
10 110 0 1 L U
10 111 0 1 L U
10 112 0 1 L U
10 113 0 1 L U
10 114 0 1 L U
10 115 0 1 L U
10 116 0 1 L U
10 117 0 1 L U
10 118 0 1 L U
10 119 0 1 L U
10 120 0 1 L U
10 121 0 1 L U
10 122 0 1 L U
10 123 0 1 L U
10 124 0 1 L U
10 125 0 1 L U
10 126 0 1 L U
10 127 0 1 L U
10 128 0 1 L U
10 129 0 1 L U
10 130 0 1 L U
10 131 0 1 L U
10 132 0 1 L U
10 133 0 1 L U
10 134 0 1 L U
10 135 0 1 L U
10 136 0 1 L U
10 137 0 1 L U
10 138 0 1 L U
10 139 0 1 L U
10 140 0 1 L U
10 141 0 1 L U
10 142 0 1 L U
10 143 0 1 L U
10 144 0 1 L U
10 145 0 1 L U
10 146 0 1 L U
10 147 0 1 L U
10 148 0 1 L U
10 149 0 1 L U
10 150 0 1 L U
10 151 0 1 L U
10 152 0 1 L U
10 153 0 1 L U
10 154 0 1 L U
10 155 0 1 L U
10 156 0 1 L U
10 157 0 1 L U
10 158 0 1 L U
10 159 0 1 L U
10 160 0 1 L U
10 161 0 1 L U
10 162 0 1 L U
10 163 0 1 L U
10 164 0 1 L U
10 165 0 1 L U
10 166 0 1 L U
10 167 0 1 L U
10 168 0 1 L U
10 169 0 1 L U
10 170 0 1 L U
10 171 0 1 L U
10 172 0 1 L U
10 173 0 1 L U
10 174 0 1 L U
10 175 0 1 L U
10 176 0 1 L U
10 177 0 1 L U
10 178 0 1 L U
10 179 0 1 L U
10 180 0 1 L U
10 181 0 1 L U
10 182 0 1 L U
10 183 0 1 L U
10 184 0 1 L U
10 185 0 1 L U
10 186 0 1 L U
10 187 0 1 L U
10 188 0 1 L U
10 189 0 1 L U
10 190 0 1 L U
10 191 0 1 L U
10 192 0 1 L U
10 193 0 1 L U
10 194 0 1 L U
10 195 0 1 L U
10 196 0 1 L U
10 197 0 1 L U
10 198 0 1 L U
10 199 0 1 L U
11 0 0 0 L U
11 1 0 0 U U
11 2 0 0 L U
11 3 0 0 D L
11 4 0 0 D D
11 5 0 0 D D
11 6 1 0 D D
11 7 1 0 U D
11 8 1 0 U D
11 9 1 0 U D
11 10 1 0 R D
11 11 1 0 R D
11 12 1 0 R L
11 13 1 0 R D
11 14 1 1 R R
11 15 1 1 R U
11 16 1 1 D U
11 17 1 1 D U
11 18 1 1 D U
11 19 1 1 R U
11 20 1 1 D U
11 21 1 1 L U
11 22 1 1 L U
11 23 1 1 L U
11 24 1 1 L U
11 25 1 1 L U
11 26 1 1 L U
11 27 1 1 L U
11 28 1 1 L U
11 29 1 1 L U
11 30 1 1 L U
11 31 1 1 L U
11 32 1 1 L U
11 33 1 1 L U
11 34 1 1 L U
11 35 1 1 L U
11 36 1 1 L U
11 37 1 1 L U
11 38 1 1 L U
11 39 1 1 L U
11 40 1 1 L U
11 41 1 1 L U
11 42 1 1 L U
11 43 1 1 L U
11 44 1 1 L U
11 45 1 1 L U
11 46 1 1 L U
11 47 1 1 L U
11 48 1 1 L U
11 49 1 1 L U
11 50 1 1 L U
11 51 1 1 L U
11 52 1 1 L U
11 53 1 1 L U
11 54 1 1 L U
11 55 1 1 L U
11 56 1 1 L U
11 57 1 1 L U
11 58 1 1 L U
11 59 1 1 L U
11 60 1 1 L U
11 61 1 1 L U
11 62 1 1 L U
11 63 1 1 L U
11 64 1 1 L U
11 65 1 1 L U
11 66 1 1 L U
11 67 1 1 L U
11 68 1 1 L U
11 69 1 1 L U
11 70 1 1 L U
11 71 1 1 L U
11 72 1 1 L U
11 73 1 1 L U
11 74 1 1 L U
11 75 1 1 L U
11 76 1 1 L U
11 77 1 1 L U
11 78 1 1 L U
11 79 1 1 L U
11 80 1 1 L U
11 81 1 1 L U
11 82 1 1 L U
11 83 1 1 L U
11 84 1 1 L U
11 85 1 1 L U
11 86 1 1 L U
11 87 1 1 L U
11 88 1 1 L U
11 89 1 1 L U
11 90 1 1 L U
11 91 1 1 L U
11 92 1 1 L U
11 93 1 1 L U
11 94 1 1 L U
11 95 1 1 L U
11 96 1 1 L U
11 97 1 1 L U
11 98 1 1 L U
11 99 1 1 L U
11 100 1 1 L U
11 101 1 1 L U
11 102 1 1 L U
11 103 1 1 L U
11 104 1 1 L U
11 105 1 1 L U
11 106 1 1 L U
11 107 1 1 L U
11 108 1 1 L U
11 109 1 1 L U
11 110 1 1 L U
11 111 1 1 L U
11 112 1 1 L U
11 113 1 1 L U
11 114 1 1 L U
11 115 1 1 L U
11 116 1 1 L U
11 117 1 1 L U
11 118 1 1 L U
11 119 1 1 L U
11 120 1 1 L U
11 121 1 1 L U
11 122 1 1 L U
11 123 1 1 L U
11 124 1 1 L U
11 125 1 1 L U
11 126 1 1 L U
11 127 1 1 L U
11 128 1 1 L U
11 129 1 1 L U
11 130 1 1 L U
11 131 1 1 L U
11 132 1 1 L U
11 133 1 1 L U
11 134 1 1 L U
11 135 1 1 L U
11 136 1 1 L U
11 137 1 1 L U
11 138 1 1 L U
11 139 1 1 L U
11 140 1 1 L U
11 141 1 1 L U
11 142 1 1 L U
11 143 1 1 L U
11 144 1 1 L U
11 145 1 1 L U
11 146 1 1 L U
11 147 1 1 L U
11 148 1 1 L U
11 149 1 1 L U
11 150 1 1 L U
11 151 1 1 L U
11 152 1 1 L U
11 153 1 1 L U
11 154 1 1 L U
11 155 1 1 L U
11 156 1 1 L U
11 157 1 1 L U
11 158 1 1 L U
11 159 1 1 L U
11 160 1 1 L U
11 161 1 1 L U
11 162 1 1 L U
11 163 1 1 L U
11 164 1 1 L U
11 165 1 1 L U
11 166 1 1 L U
11 167 1 1 L U
11 168 1 1 L U
11 169 1 1 L U
11 170 1 1 L U
11 171 1 1 L U
11 172 1 1 L U
11 173 1 1 L U
11 174 1 1 L U
11 175 1 1 L U
11 176 1 1 L U
11 177 1 1 L U
11 178 1 1 L U
11 179 1 1 L U
11 180 1 1 L U
11 181 1 1 L U
11 182 1 1 L U
11 183 1 1 L U
11 184 1 1 L U
11 185 1 1 L U
11 186 1 1 L U
11 187 1 1 L U
11 188 1 1 L U
11 189 1 1 L U
11 190 1 1 L U
11 191 1 1 L U
11 192 1 1 L U
11 193 1 1 L U
11 194 1 1 L U
11 195 1 1 L U
11 196 1 1 L U
11 197 1 1 L U
11 198 1 1 L U
11 199 1 1 L U
12 0 0 0 U D
12 1 0 0 U D
12 2 0 0 U D
12 3 0 0 U D
12 4 0 0 U D
12 5 0 0 R D
12 6 0 0 R D
12 7 0 0 R D
12 8 0 0 R L
12 9 0 0 R D
12 10 0 0 R D
12 11 0 0 R R
12 12 0 0 R U
12 13 0 0 U R
12 14 0 0 L U
12 15 0 0 L L
12 16 0 1 L L
12 17 1 1 L U
12 18 1 1 D U
12 19 1 1 D U
12 20 1 1 R U
12 21 1 1 R U
12 22 1 1 R U
12 23 1 1 U U
12 24 1 1 D U
12 25 1 1 R R
12 26 1 1 R R
12 27 1 1 R R
12 28 1 1 R D
12 29 1 1 D D
12 30 1 1 D D
12 31 1 1 D D
12 32 1 1 D D
12 33 1 1 D D
12 34 1 1 D D
12 35 1 1 D D
12 36 1 1 D L
12 37 1 1 R S
12 38 1 1 U D
12 39 1 1 U S
12 40 1 1 U U
12 41 1 1 U U
12 42 1 1 U U
12 43 1 1 L U
12 44 1 1 L U
12 45 1 1 L U
12 46 1 1 L U
12 47 1 1 L U
12 48 1 1 L U
12 49 1 1 L U
12 50 1 1 L U
12 51 1 1 L U
12 52 1 1 L U
12 53 1 1 L U
12 54 1 1 L U
12 55 1 1 L U
12 56 1 1 L U
12 57 1 1 L U
12 58 1 1 L U
12 59 1 1 L U
12 60 1 1 L U
12 61 1 1 L U
12 62 1 1 L U
12 63 1 1 L U
12 64 1 1 L U
12 65 1 1 L U
12 66 1 1 L U
12 67 1 1 L U
12 68 1 1 L U
12 69 1 1 L U
12 70 1 1 L U
12 71 1 1 L U
12 72 1 1 L U
12 73 1 1 L U
12 74 1 1 L U
12 75 1 1 L U
12 76 1 1 L U
12 77 1 1 L U
12 78 1 1 L U
12 79 1 1 L U
12 80 1 1 L U
12 81 1 1 L U
12 82 1 1 L U
12 83 1 1 L U
12 84 1 1 L U
12 85 1 1 L U
12 86 1 1 L U
12 87 1 1 L U
12 88 1 1 L U
12 89 1 1 L U
12 90 1 1 L U
12 91 1 1 L U
12 92 1 1 L U
12 93 1 1 L U
12 94 1 1 L U
12 95 1 1 L U
12 96 1 1 L U
12 97 1 1 L U
12 98 1 1 L U
12 99 1 1 L U
12 100 1 1 L U
12 101 1 1 L U
12 102 1 1 L U
12 103 1 1 L U
12 104 1 1 L U
12 105 1 1 L U
12 106 1 1 L U
12 107 1 1 L U
12 108 1 1 L U
12 109 1 1 L U
12 110 1 1 L U
12 111 1 1 L U
12 112 1 1 L U
12 113 1 1 L U
12 114 1 1 L U
12 115 1 1 L U
12 116 1 1 L U
12 117 1 1 L U
12 118 1 1 L U
12 119 1 1 L U
12 120 1 1 L U
12 121 1 1 L U
12 122 1 1 L U
12 123 1 1 L U
12 124 1 1 L U
12 125 1 1 L U
12 126 1 1 L U
12 127 1 1 L U
12 128 1 1 L U
12 129 1 1 L U
12 130 1 1 L U
12 131 1 1 L U
12 132 1 1 L U
12 133 1 1 L U
12 134 1 1 L U
12 135 1 1 L U
12 136 1 1 L U
12 137 1 1 L U
12 138 1 1 L U
12 139 1 1 L U
12 140 1 1 L U
12 141 1 1 L U
12 142 1 1 L U
12 143 1 1 L U
12 144 1 1 L U
12 145 1 1 L U
12 146 1 1 L U
12 147 1 1 L U
12 148 1 1 L U
12 149 1 1 L U
12 150 1 1 L U
12 151 1 1 L U
12 152 1 1 L U
12 153 1 1 L U
12 154 1 1 L U
12 155 1 1 L U
12 156 1 1 L U
12 157 1 1 L U
12 158 1 1 L U
12 159 1 1 L U
12 160 1 1 L U
12 161 1 1 L U
12 162 1 1 L U
12 163 1 1 L U
12 164 1 1 L U
12 165 1 1 L U
12 166 1 1 L U
12 167 1 1 L U
12 168 1 1 L U
12 169 1 1 L U
12 170 1 1 L U
12 171 1 1 L U
12 172 1 1 L U
12 173 1 1 L U
12 174 1 1 L U
12 175 1 1 L U
12 176 1 1 L U
12 177 1 1 L U
12 178 1 1 L U
12 179 1 1 L U
12 180 1 1 L U
12 181 1 1 L U
12 182 1 1 L U
12 183 1 1 L U
12 184 1 1 L U
12 185 1 1 L U
12 186 1 1 L U
12 187 1 1 L U
12 188 1 1 L U
12 189 1 1 L U
12 190 1 1 L U
12 191 1 1 L U
12 192 1 1 L U
12 193 1 1 L U
12 194 1 1 L U
12 195 1 1 L U
12 196 1 1 L U
12 197 1 1 L U
12 198 1 1 L U
12 199 1 1 L U
13 0 0 0 L U
13 1 0 0 U L
13 2 0 0 L U
13 3 0 0 L R
13 4 0 0 L R
13 5 0 0 U R
13 6 0 0 U R
13 7 0 0 U R
13 8 0 0 U R
13 9 0 0 U R
13 10 0 0 U R
13 11 0 0 U R
13 12 0 0 U R
13 13 0 0 U R
13 14 0 0 U R
13 15 0 0 U R
13 16 0 0 U R
13 17 0 0 U R
13 18 0 0 U R
13 19 0 0 U R
13 20 0 0 U R
13 21 0 0 U R
13 22 0 0 U R
13 23 0 0 U R
13 24 0 0 U R
13 25 0 0 U R
13 26 0 0 U R
13 27 0 0 U R
13 28 0 0 U R
13 29 0 0 U R
13 30 0 0 U R
13 31 0 0 U R
13 32 0 0 U R
13 33 0 0 U R
13 34 0 0 U R
13 35 0 0 U R
13 36 0 0 U R
13 37 0 0 U R
13 38 0 0 U R
13 39 0 0 U R
13 40 0 0 U R
13 41 0 0 U R
13 42 0 0 U R
13 43 0 0 U R
13 44 0 0 U R
13 45 0 0 U R
13 46 0 0 U R
13 47 0 0 U R
13 48 0 0 U R
13 49 0 0 U R
13 50 0 0 U R
13 51 0 0 U R
13 52 0 0 U R
13 53 0 0 U R
13 54 0 0 U R
13 55 0 0 U R
13 56 0 0 U R
13 57 0 0 U R
13 58 0 0 U R
13 59 0 0 U R
13 60 0 0 U R
13 61 0 0 U R
13 62 0 0 U R
13 63 0 0 U R
13 64 0 0 U R
13 65 0 0 U R
13 66 0 0 U R
13 67 0 0 U R
13 68 0 0 U R
13 69 0 0 U R
13 70 0 0 U R
13 71 0 0 U R
13 72 0 0 U R
13 73 0 0 U R
13 74 0 0 U R
13 75 0 0 U R
13 76 0 0 U R
13 77 0 0 U R
13 78 0 0 U R
13 79 0 0 U R
13 80 0 0 U R
13 81 0 0 U R
13 82 0 0 U R
13 83 0 0 U R
13 84 0 0 U R
13 85 0 0 U R
13 86 0 0 U R
13 87 0 0 U R
13 88 0 0 U R
13 89 0 0 U R
13 90 0 0 U R
13 91 0 0 U R
13 92 0 0 U R
13 93 0 0 U R
13 94 0 0 U R
13 95 0 0 U R
13 96 0 0 U R
13 97 0 0 U R
13 98 0 0 U R
13 99 0 0 U R
13 100 0 0 U R
13 101 0 0 U R
13 102 0 0 U R
13 103 0 0 U R
13 104 0 0 U R
13 105 0 0 U R
13 106 0 0 U R
13 107 0 0 U R
13 108 0 0 U R
13 109 0 0 U R
13 110 0 0 U R
13 111 0 0 U R
13 112 0 0 U R
13 113 0 0 U R
13 114 0 0 U R
13 115 0 0 U R
13 116 0 0 U R
13 117 0 0 U R
13 118 0 0 U R
13 119 0 0 U R
13 120 0 0 U R
13 121 0 0 U R
13 122 0 0 U R
13 123 0 0 U R
13 124 0 0 U R
13 125 0 0 U R
13 126 0 0 U R
13 127 0 0 U R
13 128 0 0 U R
13 129 0 0 U R
13 130 0 0 U R
13 131 0 0 U R
13 132 0 0 U R
13 133 0 0 U R
13 134 0 0 U R
13 135 0 0 U R
13 136 0 0 U R
13 137 0 0 U R
13 138 0 0 U R
13 139 0 0 U R
13 140 0 0 U R
13 141 0 0 U R
13 142 0 0 U R
13 143 0 0 U R
13 144 0 0 U R
13 145 0 0 U R
13 146 0 0 U R
13 147 0 0 U R
13 148 0 0 U R
13 149 0 0 U R
13 150 0 0 U R
13 151 0 0 U R
13 152 0 0 U R
13 153 0 0 U R
13 154 0 0 U R
13 155 0 0 U R
13 156 0 0 U R
13 157 0 0 U R
13 158 0 0 U R
13 159 0 0 U R
13 160 0 0 U R
13 161 0 0 U R
13 162 0 0 U R
13 163 0 0 U R
13 164 0 0 U R
13 165 0 0 U R
13 166 0 0 U R
13 167 0 0 U R
13 168 0 0 U R
13 169 0 0 U R
13 170 0 0 U R
13 171 0 0 U R
13 172 0 0 U R
13 173 0 0 U R
13 174 0 0 U R
13 175 0 0 U R
13 176 0 0 U R
13 177 0 0 U R
13 178 0 0 U R
13 179 0 0 U R
13 180 0 0 U R
13 181 0 0 U R
13 182 0 0 U R
13 183 0 0 U R
13 184 0 0 U R
13 185 0 0 U R
13 186 0 0 U R
13 187 0 0 U R
13 188 0 0 U R
13 189 0 0 U R
13 190 0 0 U R
13 191 0 0 U R
13 192 0 0 U R
13 193 0 0 U R
13 194 0 0 U R
13 195 0 0 U R
13 196 0 0 U R
13 197 0 0 U R
13 198 0 0 U R
13 199 0 0 U R
14 0 0 0 L D
14 1 0 0 L D
14 2 0 0 L D
14 3 0 0 L D
14 4 0 0 L D
14 5 0 0 L D
14 6 0 0 U D
14 7 0 0 R U
14 8 0 0 U L
14 9 0 0 L L
14 10 0 0 L L
14 11 0 0 L L
14 12 0 0 L U
14 13 1 0 L U
14 14 1 0 D U
14 15 1 0 D L
14 16 1 0 D U
14 17 1 0 L R
14 18 1 0 U U
14 19 2 0 U R
14 20 2 0 U D
14 21 2 0 U D
14 22 2 0 U D
14 23 2 0 U D
14 24 2 0 U D
14 25 2 0 R D
14 26 2 0 D D
14 27 2 0 D D
14 28 2 1 D D
14 29 2 1 S S
14 30 2 1 S S
14 31 2 1 S S
14 32 2 1 S S
14 33 2 1 S S
14 34 2 1 S S
14 35 2 1 S S
14 36 2 1 S S
14 37 2 1 S S
14 38 2 1 S S
14 39 2 1 S S
14 40 2 1 S S
14 41 2 1 S S
14 42 2 1 S S
14 43 2 1 S S
14 44 2 1 S S
14 45 2 1 S S
14 46 2 1 S S
14 47 2 1 S S
14 48 2 1 S S
14 49 2 1 S S
14 50 2 1 S S
14 51 2 1 S S
14 52 2 1 S S
14 53 2 1 S S
14 54 2 1 S S
14 55 2 1 S S
14 56 2 1 S S
14 57 2 1 S S
14 58 2 1 S S
14 59 2 1 S S
14 60 2 1 S S
14 61 2 1 S S
14 62 2 1 S S
14 63 2 1 S S
14 64 2 1 S S
14 65 2 1 S S
14 66 2 1 S S
14 67 2 1 S S
14 68 2 1 S S
14 69 2 1 S S
14 70 2 1 S S
14 71 2 1 S S
14 72 2 1 S S
14 73 2 1 S S
14 74 2 1 S S
14 75 2 1 S S
14 76 2 1 S S
14 77 2 1 S S
14 78 2 1 S S
14 79 2 1 S S
14 80 2 1 S S
14 81 2 1 S S
14 82 2 1 S S
14 83 2 1 S S
14 84 2 1 S S
14 85 2 1 S S
14 86 2 1 S S
14 87 2 1 S S
14 88 2 1 S S
14 89 2 1 S S
14 90 2 1 S S
14 91 2 1 S S
14 92 2 1 S S
14 93 2 1 S S
14 94 2 1 S S
14 95 2 1 S S
14 96 2 1 S S
14 97 2 1 S S
14 98 2 1 S S
14 99 2 1 S S
14 100 2 1 S S
14 101 2 1 S S
14 102 2 1 S S
14 103 2 1 S S
14 104 2 1 S S
14 105 2 1 S S
14 106 2 1 S S
14 107 2 1 S S
14 108 2 1 S S
14 109 2 1 S S
14 110 2 1 S S
14 111 2 1 S S
14 112 2 1 S S
14 113 2 1 S S
14 114 2 1 S S
14 115 2 1 S S
14 116 2 1 S S
14 117 2 1 S S
14 118 2 1 S S
14 119 2 1 S S
14 120 2 1 S S
14 121 2 1 S S
14 122 2 1 S S
14 123 2 1 S S
14 124 2 1 S S
14 125 2 1 S S
14 126 2 1 S S
14 127 2 1 S S
14 128 2 1 S S
14 129 2 1 S S
14 130 2 1 S S
14 131 2 1 S S
14 132 2 1 S S
14 133 2 1 S S
14 134 2 1 S S
14 135 2 1 S S
14 136 2 1 S S
14 137 2 1 S S
14 138 2 1 S S
14 139 2 1 S S
14 140 2 1 S S
14 141 2 1 S S
14 142 2 1 S S
14 143 2 1 S S
14 144 2 1 S S
14 145 2 1 S S
14 146 2 1 S S
14 147 2 1 S S
14 148 2 1 S S
14 149 2 1 S S
14 150 2 1 S S
14 151 2 1 S S
14 152 2 1 S S
14 153 2 1 S S
14 154 2 1 S S
14 155 2 1 S S
14 156 2 1 S S
14 157 2 1 S S
14 158 2 1 S S
14 159 2 1 S S
14 160 2 1 S S
14 161 2 1 S S
14 162 2 1 S S
14 163 2 1 S S
14 164 2 1 S S
14 165 2 1 S S
14 166 2 1 S S
14 167 2 1 S S
14 168 2 1 S S
14 169 2 1 S S
14 170 2 1 S S
14 171 2 1 S S
14 172 2 1 S S
14 173 2 1 S S
14 174 2 1 S S
14 175 2 1 S S
14 176 2 1 S S
14 177 2 1 S S
14 178 2 1 S S
14 179 2 1 S S
14 180 2 1 S S
14 181 2 1 S S
14 182 2 1 S S
14 183 2 1 S S
14 184 2 1 S S
14 185 2 1 S S
14 186 2 1 S S
14 187 2 1 S S
14 188 2 1 S S
14 189 2 1 S S
14 190 2 1 S S
14 191 2 1 S S
14 192 2 1 S S
14 193 2 1 S S
14 194 2 1 S S
14 195 2 1 S S
14 196 2 1 S S
14 197 2 1 S S
14 198 2 1 S S
14 199 2 1 S S
15 0 0 0 D D
15 1 0 0 D D
15 2 0 0 D D
15 3 0 0 D D
15 4 0 0 L D
15 5 0 0 L D
15 6 0 0 D D
15 7 0 0 L L
15 8 1 0 U L
15 9 1 0 U D
15 10 1 0 U D
15 11 1 0 U D
15 12 1 0 U D
15 13 1 0 U D
15 14 1 0 U L
15 15 1 0 U L
15 16 1 0 U L
15 17 1 0 U L
15 18 1 0 U L
15 19 1 0 U L
15 20 1 0 U L
15 21 1 0 U D
15 22 1 0 U R
15 23 1 0 U R
15 24 1 0 U R
15 25 1 0 U R
15 26 1 0 U R
15 27 1 0 U R
15 28 1 0 U R
15 29 1 0 U R
15 30 1 0 U R
15 31 1 0 U R
15 32 1 0 U U
15 33 1 0 U R
15 34 1 0 U R
15 35 1 0 U D
15 36 1 0 U L
15 37 1 0 U L
15 38 1 0 U U
15 39 1 0 U L
15 40 1 0 U L
15 41 1 0 U D
15 42 1 0 U R
15 43 1 0 U R
15 44 1 0 U U
15 45 1 0 U R
15 46 1 0 U R
15 47 1 0 U D
15 48 1 0 U L
15 49 1 0 U L
15 50 1 0 U U
15 51 1 0 U L
15 52 1 0 U L
15 53 1 0 U D
15 54 1 0 U R
15 55 1 0 U R
15 56 1 0 U U
15 57 1 0 U R
15 58 1 0 U R
15 59 1 0 U D
15 60 1 0 U L
15 61 1 0 U L
15 62 1 0 U U
15 63 1 0 U L
15 64 1 0 U L
15 65 1 0 U D
15 66 1 0 U R
15 67 1 0 U R
15 68 1 0 U U
15 69 1 0 U R
15 70 1 0 U R
15 71 1 0 U D
15 72 1 0 U L
15 73 1 0 U L
15 74 1 0 U U
15 75 1 0 U L
15 76 1 0 U L
15 77 1 0 U D
15 78 1 0 U R
15 79 1 0 U R
15 80 1 0 U U
15 81 1 0 U R
15 82 1 0 U R
15 83 1 0 U D
15 84 1 0 U L
15 85 1 0 U L
15 86 1 0 U U
15 87 1 0 U L
15 88 1 0 U L
15 89 1 0 U D
15 90 1 0 U R
15 91 1 0 U R
15 92 1 0 U U
15 93 1 0 U R
15 94 1 0 U R
15 95 1 0 U D
15 96 1 0 U L
15 97 1 0 U L
15 98 1 0 U U
15 99 1 0 U L
15 100 1 0 U L
15 101 1 0 U D
15 102 1 0 U R
15 103 1 0 U R
15 104 1 0 U U
15 105 1 0 U R
15 106 1 0 U R
15 107 1 0 U D
15 108 1 0 U L
15 109 1 0 U L
15 110 1 0 U U
15 111 1 0 U L
15 112 1 0 U L
15 113 1 0 U D
15 114 1 0 U R
15 115 1 0 U R
15 116 1 0 U U
15 117 1 0 U R
15 118 1 0 U R
15 119 1 0 U D
15 120 1 0 U L
15 121 1 0 U L
15 122 1 0 U U
15 123 1 0 U L
15 124 1 0 U L
15 125 1 0 U D
15 126 1 0 U R
15 127 1 0 U R
15 128 1 0 U U
15 129 1 0 U R
15 130 1 0 U R
15 131 1 0 U D
15 132 1 0 U L
15 133 1 0 U L
15 134 1 0 U U
15 135 1 0 U L
15 136 1 0 U L
15 137 1 0 U D
15 138 1 0 U R
15 139 1 0 U R
15 140 1 0 U U
15 141 1 0 U R
15 142 1 0 U R
15 143 1 0 U D
15 144 1 0 U L
15 145 1 0 U L
15 146 1 0 U U
15 147 1 0 U L
15 148 1 0 U L
15 149 1 0 U D
15 150 1 0 U R
15 151 1 0 U R
15 152 1 0 U U
15 153 1 0 U R
15 154 1 0 U R
15 155 1 0 U D
15 156 1 0 U L
15 157 1 0 U L
15 158 1 0 U U
15 159 1 0 U L
15 160 1 0 U L
15 161 1 0 U D
15 162 1 0 U R
15 163 1 0 U R
15 164 1 0 U U
15 165 1 0 U R
15 166 1 0 U R
15 167 1 0 U D
15 168 1 0 U L
15 169 1 0 U L
15 170 1 0 U U
15 171 1 0 U L
15 172 1 0 U L
15 173 1 0 U D
15 174 1 0 U R
15 175 1 0 U R
15 176 1 0 U U
15 177 1 0 U R
15 178 1 0 U R
15 179 1 0 U D
15 180 1 0 U L
15 181 1 0 U L
15 182 1 0 U U
15 183 1 0 U L
15 184 1 0 U L
15 185 1 0 U D
15 186 1 0 U R
15 187 1 0 U R
15 188 1 0 U U
15 189 1 0 U R
15 190 1 0 U R
15 191 1 0 U D
15 192 1 0 U L
15 193 1 0 U L
15 194 1 0 U U
15 195 1 0 U L
15 196 1 0 U L
15 197 1 0 U D
15 198 1 0 U R
15 199 1 0 U R
16 0 0 0 D D
16 1 0 0 D D
16 2 0 0 R D
16 3 0 0 U D
16 4 0 0 R D
16 5 0 0 U D
16 6 0 0 L D
16 7 0 0 L D
16 8 0 0 L D
16 9 0 0 L D
16 10 0 0 L D
16 11 0 0 L D
16 12 0 0 L D
16 13 0 0 L D
16 14 0 0 L D
16 15 0 0 L D
16 16 0 0 L D
16 17 0 0 L D
16 18 0 0 L D
16 19 0 0 L D
16 20 0 0 L D
16 21 0 0 L D
16 22 0 0 L D
16 23 0 0 L D
16 24 0 0 L D
16 25 0 0 L D
16 26 0 0 L D
16 27 0 0 L D
16 28 0 0 L D
16 29 0 0 L D
16 30 0 0 L D
16 31 0 0 L D
16 32 0 0 L D
16 33 0 0 L D
16 34 0 0 L D
16 35 0 0 L D
16 36 0 0 L D
16 37 0 0 L D
16 38 0 0 L D
16 39 0 0 L D
16 40 0 0 L D
16 41 0 0 L D
16 42 0 0 L D
16 43 0 0 L D
16 44 0 0 L D
16 45 0 0 L D
16 46 0 0 L D
16 47 0 0 L D
16 48 0 0 L D
16 49 0 0 L D
16 50 0 0 L D
16 51 0 0 L D
16 52 0 0 L D
16 53 0 0 L D
16 54 0 0 L D
16 55 0 0 L D
16 56 0 0 L D
16 57 0 0 L D
16 58 0 0 L D
16 59 0 0 L D
16 60 0 0 L D
16 61 0 0 L D
16 62 0 0 L D
16 63 0 0 L D
16 64 0 0 L D
16 65 0 0 L D
16 66 0 0 L D
16 67 0 0 L D
16 68 0 0 L D
16 69 0 0 L D
16 70 0 0 L D
16 71 0 0 L D
16 72 0 0 L D
16 73 0 0 L D
16 74 0 0 L D
16 75 0 0 L D
16 76 0 0 L D
16 77 0 0 L D
16 78 0 0 L D
16 79 0 0 L D
16 80 0 0 L D
16 81 0 0 L D
16 82 0 0 L D
16 83 0 0 L D
16 84 0 0 L D
16 85 0 0 L D
16 86 0 0 L D
16 87 0 0 L D
16 88 0 0 L D
16 89 0 0 L D
16 90 0 0 L D
16 91 0 0 L D
16 92 0 0 L D
16 93 0 0 L D
16 94 0 0 L D
16 95 0 0 L D
16 96 0 0 L D
16 97 0 0 L D
16 98 0 0 L D
16 99 0 0 L D
16 100 0 0 L D
16 101 0 0 L D
16 102 0 0 L D
16 103 0 0 L D
16 104 0 0 L D
16 105 0 0 L D
16 106 0 0 L D
16 107 0 0 L D
16 108 0 0 L D
16 109 0 0 L D
16 110 0 0 L D
16 111 0 0 L D
16 112 0 0 L D
16 113 0 0 L D
16 114 0 0 L D
16 115 0 0 L D
16 116 0 0 L D
16 117 0 0 L D
16 118 0 0 L D
16 119 0 0 L D
16 120 0 0 L D
16 121 0 0 L D
16 122 0 0 L D
16 123 0 0 L D
16 124 0 0 L D
16 125 0 0 L D
16 126 0 0 L D
16 127 0 0 L D
16 128 0 0 L D
16 129 0 0 L D
16 130 0 0 L D
16 131 0 0 L D
16 132 0 0 L D
16 133 0 0 L D
16 134 0 0 L D
16 135 0 0 L D
16 136 0 0 L D
16 137 0 0 L D
16 138 0 0 L D
16 139 0 0 L D
16 140 0 0 L D
16 141 0 0 L D
16 142 0 0 L D
16 143 0 0 L D
16 144 0 0 L D
16 145 0 0 L D
16 146 0 0 L D
16 147 0 0 L D
16 148 0 0 L D
16 149 0 0 L D
16 150 0 0 L D
16 151 0 0 L D
16 152 0 0 L D
16 153 0 0 L D
16 154 0 0 L D
16 155 0 0 L D
16 156 0 0 L D
16 157 0 0 L D
16 158 0 0 L D
16 159 0 0 L D
16 160 0 0 L D
16 161 0 0 L D
16 162 0 0 L D
16 163 0 0 L D
16 164 0 0 L D
16 165 0 0 L D
16 166 0 0 L D
16 167 0 0 L D
16 168 0 0 L D
16 169 0 0 L D
16 170 0 0 L D
16 171 0 0 L D
16 172 0 0 L D
16 173 0 0 L D
16 174 0 0 L D
16 175 0 0 L D
16 176 0 0 L D
16 177 0 0 L D
16 178 0 0 L D
16 179 0 0 L D
16 180 0 0 L D
16 181 0 0 L D
16 182 0 0 L D
16 183 0 0 L D
16 184 0 0 L D
16 185 0 0 L D
16 186 0 0 L D
16 187 0 0 L D
16 188 0 0 L D
16 189 0 0 L D
16 190 0 0 L D
16 191 0 0 L D
16 192 0 0 L D
16 193 0 0 L D
16 194 0 0 L D
16 195 0 0 L D
16 196 0 0 L D
16 197 0 0 L D
16 198 0 0 L D
16 199 0 0 L D
17 0 0 0 U D
17 1 0 0 U D
17 2 0 0 U D
17 3 0 0 R D
17 4 0 0 R L
17 5 0 0 R L
17 6 0 0 R L
17 7 0 0 R L
17 8 0 0 R L
17 9 0 0 R D
17 10 0 0 D D
17 11 0 0 D D
17 12 0 0 D R
17 13 0 0 R R
17 14 0 0 R L
17 15 0 0 L D
17 16 0 0 U R
17 17 0 0 U R
17 18 0 0 U R
17 19 0 0 U R
17 20 0 0 U R
17 21 0 0 U R
17 22 0 0 U R
17 23 0 0 U R
17 24 0 0 U R
17 25 0 0 U R
17 26 0 0 U R
17 27 0 0 U R
17 28 0 0 U R
17 29 0 0 U R
17 30 0 0 U R
17 31 0 0 U R
17 32 0 0 U R
17 33 0 0 U R
17 34 0 0 U R
17 35 0 0 U R
17 36 0 0 U R
17 37 0 0 U R
17 38 0 0 U R
17 39 0 0 U R
17 40 0 0 U R
17 41 0 0 U R
17 42 0 0 U R
17 43 0 0 U R
17 44 0 0 U R
17 45 0 0 U R
17 46 0 0 U R
17 47 0 0 U R
17 48 0 0 U R
17 49 0 0 U R
17 50 0 0 U R
17 51 0 0 U R
17 52 0 0 U R
17 53 0 0 U R
17 54 0 0 U R
17 55 0 0 U R
17 56 0 0 U R
17 57 0 0 U R
17 58 0 0 U R
17 59 0 0 U R
17 60 0 0 U R
17 61 0 0 U R
17 62 0 0 U R
17 63 0 0 U R
17 64 0 0 U R
17 65 0 0 U R
17 66 0 0 U R
17 67 0 0 U R
17 68 0 0 U R
17 69 0 0 U R
17 70 0 0 U R
17 71 0 0 U R
17 72 0 0 U R
17 73 0 0 U R
17 74 0 0 U R
17 75 0 0 U R
17 76 0 0 U R
17 77 0 0 U R
17 78 0 0 U R
17 79 0 0 U R
17 80 0 0 U R
17 81 0 0 U R
17 82 0 0 U R
17 83 0 0 U R
17 84 0 0 U R
17 85 0 0 U R
17 86 0 0 U R
17 87 0 0 U R
17 88 0 0 U R
17 89 0 0 U R
17 90 0 0 U R
17 91 0 0 U R
17 92 0 0 U R
17 93 0 0 U R
17 94 0 0 U R
17 95 0 0 U R
17 96 0 0 U R
17 97 0 0 U R
17 98 0 0 U R
17 99 0 0 U R
17 100 0 0 U R
17 101 0 0 U R
17 102 0 0 U R
17 103 0 0 U R
17 104 0 0 U R
17 105 0 0 U R
17 106 0 0 U R
17 107 0 0 U R
17 108 0 0 U R
17 109 0 0 U R
17 110 0 0 U R
17 111 0 0 U R
17 112 0 0 U R
17 113 0 0 U R
17 114 0 0 U R
17 115 0 0 U R
17 116 0 0 U R
17 117 0 0 U R
17 118 0 0 U R
17 119 0 0 U R
17 120 0 0 U R
17 121 0 0 U R
17 122 0 0 U R
17 123 0 0 U R
17 124 0 0 U R
17 125 0 0 U R
17 126 0 0 U R
17 127 0 0 U R
17 128 0 0 U R
17 129 0 0 U R
17 130 0 0 U R
17 131 0 0 U R
17 132 0 0 U R
17 133 0 0 U R
17 134 0 0 U R
17 135 0 0 U R
17 136 0 0 U R
17 137 0 0 U R
17 138 0 0 U R
17 139 0 0 U R
17 140 0 0 U R
17 141 0 0 U R
17 142 0 0 U R
17 143 0 0 U R
17 144 0 0 U R
17 145 0 0 U R
17 146 0 0 U R
17 147 0 0 U R
17 148 0 0 U R
17 149 0 0 U R
17 150 0 0 U R
17 151 0 0 U R
17 152 0 0 U R
17 153 0 0 U R
17 154 0 0 U R
17 155 0 0 U R
17 156 0 0 U R
17 157 0 0 U R
17 158 0 0 U R
17 159 0 0 U R
17 160 0 0 U R
17 161 0 0 U R
17 162 0 0 U R
17 163 0 0 U R
17 164 0 0 U R
17 165 0 0 U R
17 166 0 0 U R
17 167 0 0 U R
17 168 0 0 U R
17 169 0 0 U R
17 170 0 0 U R
17 171 0 0 U R
17 172 0 0 U R
17 173 0 0 U R
17 174 0 0 U R
17 175 0 0 U R
17 176 0 0 U R
17 177 0 0 U R
17 178 0 0 U R
17 179 0 0 U R
17 180 0 0 U R
17 181 0 0 U R
17 182 0 0 U R
17 183 0 0 U R
17 184 0 0 U R
17 185 0 0 U R
17 186 0 0 U R
17 187 0 0 U R
17 188 0 0 U R
17 189 0 0 U R
17 190 0 0 U R
17 191 0 0 U R
17 192 0 0 U R
17 193 0 0 U R
17 194 0 0 U R
17 195 0 0 U R
17 196 0 0 U R
17 197 0 0 U R
17 198 0 0 U R
17 199 0 0 U R
18 0 0 0 D D
18 1 0 0 D D
18 2 0 0 D D
18 3 0 0 D L
18 4 0 0 L D
18 5 0 0 U R
18 6 0 0 U R
18 7 0 0 U R
18 8 0 0 U R
18 9 0 0 U R
18 10 0 0 U U
18 11 0 0 D R
18 12 0 0 D R
18 13 0 0 D D
18 14 0 0 U L
18 15 0 0 U L
18 16 0 0 U U
18 17 0 0 D L
18 18 0 0 D L
18 19 0 0 D D
18 20 0 0 U R
18 21 0 0 U R
18 22 0 0 U U
18 23 0 0 D R
18 24 0 0 D R
18 25 0 0 D D
18 26 0 0 U L
18 27 0 0 U L
18 28 0 0 U U
18 29 0 0 D L
18 30 0 0 D L
18 31 0 0 D D
18 32 0 0 U R
18 33 0 0 U R
18 34 0 0 U U
18 35 0 0 D R
18 36 0 0 D R
18 37 0 0 D D
18 38 0 0 U L
18 39 0 0 U L
18 40 0 0 U U
18 41 0 0 D L
18 42 0 0 D L
18 43 0 0 D D
18 44 0 0 U R
18 45 0 0 U R
18 46 0 0 U U
18 47 0 0 D R
18 48 0 0 D R
18 49 0 0 D D
18 50 0 0 U L
18 51 0 0 U L
18 52 0 0 U U
18 53 0 0 D L
18 54 0 0 D L
18 55 0 0 D D
18 56 0 0 U R
18 57 0 0 U R
18 58 0 0 U U
18 59 0 0 D R
18 60 0 0 D R
18 61 0 0 D D
18 62 0 0 U L
18 63 0 0 U L
18 64 0 0 U U
18 65 0 0 D L
18 66 0 0 D L
18 67 0 0 D D
18 68 0 0 U R
18 69 0 0 U R
18 70 0 0 U U
18 71 0 0 D R
18 72 0 0 D R
18 73 0 0 D D
18 74 0 0 U L
18 75 0 0 U L
18 76 0 0 U U
18 77 0 0 D L
18 78 0 0 D L
18 79 0 0 D D
18 80 0 0 U R
18 81 0 0 U R
18 82 0 0 U U
18 83 0 0 D R
18 84 0 0 D R
18 85 0 0 D D
18 86 0 0 U L
18 87 0 0 U L
18 88 0 0 U U
18 89 0 0 D L
18 90 0 0 D L
18 91 0 0 D D
18 92 0 0 U R
18 93 0 0 U R
18 94 0 0 U U
18 95 0 0 D R
18 96 0 0 D R
18 97 0 0 D D
18 98 0 0 U L
18 99 0 0 U L
18 100 0 0 U U
18 101 0 0 D L
18 102 0 0 D L
18 103 0 0 D D
18 104 0 0 U R
18 105 0 0 U R
18 106 0 0 U U
18 107 0 0 D R
18 108 0 0 D R
18 109 0 0 D D
18 110 0 0 U L
18 111 0 0 U L
18 112 0 0 U U
18 113 0 0 D L
18 114 0 0 D L
18 115 0 0 D D
18 116 0 0 U R
18 117 0 0 U R
18 118 0 0 U U
18 119 0 0 D R
18 120 0 0 D R
18 121 0 0 D D
18 122 0 0 U L
18 123 0 0 U L
18 124 0 0 U U
18 125 0 0 D L
18 126 0 0 D L
18 127 0 0 D D
18 128 0 0 U R
18 129 0 0 U R
18 130 0 0 U U
18 131 0 0 D R
18 132 0 0 D R
18 133 0 0 D D
18 134 0 0 U L
18 135 0 0 U L
18 136 0 0 U U
18 137 0 0 D L
18 138 0 0 D L
18 139 0 0 D D
18 140 0 0 U R
18 141 0 0 U R
18 142 0 0 U U
18 143 0 0 D R
18 144 0 0 D R
18 145 0 0 D D
18 146 0 0 U L
18 147 0 0 U L
18 148 0 0 U U
18 149 0 0 D L
18 150 0 0 D L
18 151 0 0 D D
18 152 0 0 U R
18 153 0 0 U R
18 154 0 0 U U
18 155 0 0 D R
18 156 0 0 D R
18 157 0 0 D D
18 158 0 0 U L
18 159 0 0 U L
18 160 0 0 U U
18 161 0 0 D L
18 162 0 0 D L
18 163 0 0 D D
18 164 0 0 U R
18 165 0 0 U R
18 166 0 0 U U
18 167 0 0 D R
18 168 0 0 D R
18 169 0 0 D D
18 170 0 0 U L
18 171 0 0 U L
18 172 0 0 U U
18 173 0 0 D L
18 174 0 0 D L
18 175 0 0 D D
18 176 0 0 U R
18 177 0 0 U R
18 178 0 0 U U
18 179 0 0 D R
18 180 0 0 D R
18 181 0 0 D D
18 182 0 0 U L
18 183 0 0 U L
18 184 0 0 U U
18 185 0 0 D L
18 186 0 0 D L
18 187 0 0 D D
18 188 0 0 U R
18 189 0 0 U R
18 190 0 0 U U
18 191 0 0 D R
18 192 0 0 D R
18 193 0 0 D D
18 194 0 0 U L
18 195 0 0 U L
18 196 0 0 U U
18 197 0 0 D L
18 198 0 0 D L
18 199 0 0 D D
19 0 0 0 U U
19 1 0 0 U R
19 2 0 0 U R
19 3 0 0 U R
19 4 0 0 U D
19 5 0 0 U D
19 6 0 0 U D
19 7 0 0 U D
19 8 0 0 U D
19 9 0 0 U L
19 10 0 0 U D
19 11 0 0 L D
19 12 0 0 U R
19 13 0 0 R U
19 14 0 0 U U
19 15 0 0 R L
19 16 0 0 D U
19 17 0 0 D U
19 18 1 0 D R
19 19 1 0 D D
19 20 1 0 D D
19 21 1 0 D L
19 22 1 0 D D
19 23 1 0 D D
19 24 1 0 D R
19 25 1 0 D U
19 26 1 0 D U
19 27 1 0 D L
19 28 1 0 D U
19 29 1 0 D U
19 30 1 0 D R
19 31 1 0 D D
19 32 1 0 D D
19 33 1 0 D L
19 34 1 0 D D
19 35 1 0 D D
19 36 1 0 D R
19 37 1 0 D U
19 38 1 0 D U
19 39 1 0 D L
19 40 1 0 D U
19 41 1 0 D U
19 42 1 0 D R
19 43 1 0 D D
19 44 1 0 D D
19 45 1 0 D L
19 46 1 0 D D
19 47 1 0 D D
19 48 1 0 D R
19 49 1 0 D U
19 50 1 0 D U
19 51 1 0 D L
19 52 1 0 D U
19 53 1 0 D U
19 54 1 0 D R
19 55 1 0 D D
19 56 1 0 D D
19 57 1 0 D L
19 58 1 0 D D
19 59 1 0 D D
19 60 1 0 D R
19 61 1 0 D U
19 62 1 0 D U
19 63 1 0 D L
19 64 1 0 D U
19 65 1 0 D U
19 66 1 0 D R
19 67 1 0 D D
19 68 1 0 D D
19 69 1 0 D L
19 70 1 0 D D
19 71 1 0 D D
19 72 1 0 D R
19 73 1 0 D U
19 74 1 0 D U
19 75 1 0 D L
19 76 1 0 D U
19 77 1 0 D U
19 78 1 0 D R
19 79 1 0 D D
19 80 1 0 D D
19 81 1 0 D L
19 82 1 0 D D
19 83 1 0 D D
19 84 1 0 D R
19 85 1 0 D U
19 86 1 0 D U
19 87 1 0 D L
19 88 1 0 D U
19 89 1 0 D U
19 90 1 0 D R
19 91 1 0 D D
19 92 1 0 D D
19 93 1 0 D L
19 94 1 0 D D
19 95 1 0 D D
19 96 1 0 D R
19 97 1 0 D U
19 98 1 0 D U
19 99 1 0 D L
19 100 1 0 D U
19 101 1 0 D U
19 102 1 0 D R
19 103 1 0 D D
19 104 1 0 D D
19 105 1 0 D L
19 106 1 0 D D
19 107 1 0 D D
19 108 1 0 D R
19 109 1 0 D U
19 110 1 0 D U
19 111 1 0 D L
19 112 1 0 D U
19 113 1 0 D U
19 114 1 0 D R
19 115 1 0 D D
19 116 1 0 D D
19 117 1 0 D L
19 118 1 0 D D
19 119 1 0 D D
19 120 1 0 D R
19 121 1 0 D U
19 122 1 0 D U
19 123 1 0 D L
19 124 1 0 D U
19 125 1 0 D U
19 126 1 0 D R
19 127 1 0 D D
19 128 1 0 D D
19 129 1 0 D L
19 130 1 0 D D
19 131 1 0 D D
19 132 1 0 D R
19 133 1 0 D U
19 134 1 0 D U
19 135 1 0 D L
19 136 1 0 D U
19 137 1 0 D U
19 138 1 0 D R
19 139 1 0 D D
19 140 1 0 D D
19 141 1 0 D L
19 142 1 0 D D
19 143 1 0 D D
19 144 1 0 D R
19 145 1 0 D U
19 146 1 0 D U
19 147 1 0 D L
19 148 1 0 D U
19 149 1 0 D U
19 150 1 0 D R
19 151 1 0 D D
19 152 1 0 D D
19 153 1 0 D L
19 154 1 0 D D
19 155 1 0 D D
19 156 1 0 D R
19 157 1 0 D U
19 158 1 0 D U
19 159 1 0 D L
19 160 1 0 D U
19 161 1 0 D U
19 162 1 0 D R
19 163 1 0 D D
19 164 1 0 D D
19 165 1 0 D L
19 166 1 0 D D
19 167 1 0 D D
19 168 1 0 D R
19 169 1 0 D U
19 170 1 0 D U
19 171 1 0 D L
19 172 1 0 D U
19 173 1 0 D U
19 174 1 0 D R
19 175 1 0 D D
19 176 1 0 D D
19 177 1 0 D L
19 178 1 0 D D
19 179 1 0 D D
19 180 1 0 D R
19 181 1 0 D U
19 182 1 0 D U
19 183 1 0 D L
19 184 1 0 D U
19 185 1 0 D U
19 186 1 0 D R
19 187 1 0 D D
19 188 1 0 D D
19 189 1 0 D L
19 190 1 0 D D
19 191 1 0 D D
19 192 1 0 D R
19 193 1 0 D U
19 194 1 0 D U
19 195 1 0 D L
19 196 1 0 D U
19 197 1 0 D U
19 198 1 0 D R
19 199 1 0 D D
20 0 0 0 U D
20 1 0 0 L D
20 2 0 0 U D
20 3 0 0 U D
20 4 0 0 U D
20 5 0 0 R R
20 6 0 0 U R
20 7 0 0 L R
20 8 0 0 L R
20 9 0 0 L R
20 10 0 0 L D
20 11 0 0 L R
20 12 0 0 L D
20 13 1 0 L L
20 14 1 1 U L
20 15 1 1 U U
20 16 1 1 R U
20 17 1 1 R U
20 18 1 1 U U
20 19 1 1 R U
20 20 1 1 R U
20 21 1 1 R U
20 22 1 1 R U
20 23 1 1 R U
20 24 1 1 D R
20 25 1 1 D D
20 26 1 1 R D
20 27 1 1 D U
20 28 1 1 U U
20 29 1 1 D R
20 30 1 1 L D
20 31 1 1 L D
20 32 1 1 L D
20 33 1 1 L D
20 34 1 1 L D
20 35 1 1 L D
20 36 1 1 L D
20 37 1 1 L D
20 38 1 1 L D
20 39 1 1 L D
20 40 1 1 L D
20 41 1 1 L D
20 42 1 1 L D
20 43 1 1 L D
20 44 1 1 L D
20 45 1 1 L D
20 46 1 1 L D
20 47 1 1 L D
20 48 1 1 L D
20 49 1 1 L D
20 50 1 1 L D
20 51 1 1 L D
20 52 1 1 L D
20 53 1 1 L D
20 54 1 1 L D
20 55 1 1 L D
20 56 1 1 L D
20 57 1 1 L D
20 58 1 1 L D
20 59 1 1 L D
20 60 1 1 L D
20 61 1 1 L D
20 62 1 1 L D
20 63 1 1 L D
20 64 1 1 L D
20 65 1 1 L D
20 66 1 1 L D
20 67 1 1 L D
20 68 1 1 L D
20 69 1 1 L D
20 70 1 1 L D
20 71 1 1 L D
20 72 1 1 L D
20 73 1 1 L D
20 74 1 1 L D
20 75 1 1 L D
20 76 1 1 L D
20 77 1 1 L D
20 78 1 1 L D
20 79 1 1 L D
20 80 1 1 L D
20 81 1 1 L D
20 82 1 1 L D
20 83 1 1 L D
20 84 1 1 L D
20 85 1 1 L D
20 86 1 1 L D
20 87 1 1 L D
20 88 1 1 L D
20 89 1 1 L D
20 90 1 1 L D
20 91 1 1 L D
20 92 1 1 L D
20 93 1 1 L D
20 94 1 1 L D
20 95 1 1 L D
20 96 1 1 L D
20 97 1 1 L D
20 98 1 1 L D
20 99 1 1 L D
20 100 1 1 L D
20 101 1 1 L D
20 102 1 1 L D
20 103 1 1 L D
20 104 1 1 L D
20 105 1 1 L D
20 106 1 1 L D
20 107 1 1 L D
20 108 1 1 L D
20 109 1 1 L D
20 110 1 1 L D
20 111 1 1 L D
20 112 1 1 L D
20 113 1 1 L D
20 114 1 1 L D
20 115 1 1 L D
20 116 1 1 L D
20 117 1 1 L D
20 118 1 1 L D
20 119 1 1 L D
20 120 1 1 L D
20 121 1 1 L D
20 122 1 1 L D
20 123 1 1 L D
20 124 1 1 L D
20 125 1 1 L D
20 126 1 1 L D
20 127 1 1 L D
20 128 1 1 L D
20 129 1 1 L D
20 130 1 1 L D
20 131 1 1 L D
20 132 1 1 L D
20 133 1 1 L D
20 134 1 1 L D
20 135 1 1 L D
20 136 1 1 L D
20 137 1 1 L D
20 138 1 1 L D
20 139 1 1 L D
20 140 1 1 L D
20 141 1 1 L D
20 142 1 1 L D
20 143 1 1 L D
20 144 1 1 L D
20 145 1 1 L D
20 146 1 1 L D
20 147 1 1 L D
20 148 1 1 L D
20 149 1 1 L D
20 150 1 1 L D
20 151 1 1 L D
20 152 1 1 L D
20 153 1 1 L D
20 154 1 1 L D
20 155 1 1 L D
20 156 1 1 L D
20 157 1 1 L D
20 158 1 1 L D
20 159 1 1 L D
20 160 1 1 L D
20 161 1 1 L D
20 162 1 1 L D
20 163 1 1 L D
20 164 1 1 L D
20 165 1 1 L D
20 166 1 1 L D
20 167 1 1 L D
20 168 1 1 L D
20 169 1 1 L D
20 170 1 1 L D
20 171 1 1 L D
20 172 1 1 L D
20 173 1 1 L D
20 174 1 1 L D
20 175 1 1 L D
20 176 1 1 L D
20 177 1 1 L D
20 178 1 1 L D
20 179 1 1 L D
20 180 1 1 L D
20 181 1 1 L D
20 182 1 1 L D
20 183 1 1 L D
20 184 1 1 L D
20 185 1 1 L D
20 186 1 1 L D
20 187 1 1 L D
20 188 1 1 L D
20 189 1 1 L D
20 190 1 1 L D
20 191 1 1 L D
20 192 1 1 L D
20 193 1 1 L D
20 194 1 1 L D
20 195 1 1 L D
20 196 1 1 L D
20 197 1 1 L D
20 198 1 1 L D
20 199 1 1 L D
21 0 0 0 U U
21 1 0 0 U U
21 2 0 0 L U
21 3 0 0 U R
21 4 0 0 U U
21 5 0 0 D R
21 6 0 0 D D
21 7 0 0 D D
21 8 0 0 D D
21 9 0 1 D D
21 10 0 1 U U
21 11 0 1 U U
21 12 0 1 U U
21 13 0 1 U U
21 14 0 1 U U
21 15 0 1 U U
21 16 0 1 U U
21 17 0 1 U U
21 18 0 1 U U
21 19 0 1 U U
21 20 0 1 U U
21 21 0 1 U L
21 22 0 1 L L
21 23 0 1 D D
21 24 0 1 D D
21 25 0 1 D D
21 26 0 1 D D
21 27 0 1 D D
21 28 0 1 D D
21 29 0 1 D D
21 30 0 1 D D
21 31 0 1 D D
21 32 0 1 D D
21 33 0 1 D D
21 34 0 1 D L
21 35 0 1 D D
21 36 0 1 D R
21 37 0 2 L R
21 38 0 2 U U
21 39 0 2 U U
21 40 0 2 U U
21 41 0 2 U U
21 42 0 2 U U
21 43 0 2 U U
21 44 0 2 U U
21 45 0 2 U U
21 46 0 2 U L
21 47 0 2 U L
21 48 0 2 U L
21 49 0 2 L L
21 50 0 2 L L
21 51 0 2 L L
21 52 0 2 L L
21 53 0 2 L L
21 54 0 2 L L
21 55 1 2 D L
21 56 1 2 S S
21 57 1 2 S S
21 58 1 2 S S
21 59 1 2 S S
21 60 1 2 S S
21 61 1 2 S S
21 62 1 2 S S
21 63 1 2 S S
21 64 1 2 S S
21 65 1 2 S S
21 66 1 2 S S
21 67 1 2 S S
21 68 1 2 S S
21 69 1 2 S S
21 70 1 2 S S
21 71 1 2 S S
21 72 1 2 S S
21 73 1 2 S S
21 74 1 2 S S
21 75 1 2 S S
21 76 1 2 S S
21 77 1 2 S S
21 78 1 2 S S
21 79 1 2 S S
21 80 1 2 S S
21 81 1 2 S S
21 82 1 2 S S
21 83 1 2 S S
21 84 1 2 S S
21 85 1 2 S S
21 86 1 2 S S
21 87 1 2 S S
21 88 1 2 S S
21 89 1 2 S S
21 90 1 2 S S
21 91 1 2 S S
21 92 1 2 S S
21 93 1 2 S S
21 94 1 2 S S
21 95 1 2 S S
21 96 1 2 S S
21 97 1 2 S S
21 98 1 2 S S
21 99 1 2 S S
21 100 1 2 S S
21 101 1 2 S S
21 102 1 2 S S
21 103 1 2 S S
21 104 1 2 S S
21 105 1 2 S S
21 106 1 2 S S
21 107 1 2 S S
21 108 1 2 S S
21 109 1 2 S S
21 110 1 2 S S
21 111 1 2 S S
21 112 1 2 S S
21 113 1 2 S S
21 114 1 2 S S
21 115 1 2 S S
21 116 1 2 S S
21 117 1 2 S S
21 118 1 2 S S
21 119 1 2 S S
21 120 1 2 S S
21 121 1 2 S S
21 122 1 2 S S
21 123 1 2 S S
21 124 1 2 S S
21 125 1 2 S S
21 126 1 2 S S
21 127 1 2 S S
21 128 1 2 S S
21 129 1 2 S S
21 130 1 2 S S
21 131 1 2 S S
21 132 1 2 S S
21 133 1 2 S S
21 134 1 2 S S
21 135 1 2 S S
21 136 1 2 S S
21 137 1 2 S S
21 138 1 2 S S
21 139 1 2 S S
21 140 1 2 S S
21 141 1 2 S S
21 142 1 2 S S
21 143 1 2 S S
21 144 1 2 S S
21 145 1 2 S S
21 146 1 2 S S
21 147 1 2 S S
21 148 1 2 S S
21 149 1 2 S S
21 150 1 2 S S
21 151 1 2 S S
21 152 1 2 S S
21 153 1 2 S S
21 154 1 2 S S
21 155 1 2 S S
21 156 1 2 S S
21 157 1 2 S S
21 158 1 2 S S
21 159 1 2 S S
21 160 1 2 S S
21 161 1 2 S S
21 162 1 2 S S
21 163 1 2 S S
21 164 1 2 S S
21 165 1 2 S S
21 166 1 2 S S
21 167 1 2 S S
21 168 1 2 S S
21 169 1 2 S S
21 170 1 2 S S
21 171 1 2 S S
21 172 1 2 S S
21 173 1 2 S S
21 174 1 2 S S
21 175 1 2 S S
21 176 1 2 S S
21 177 1 2 S S
21 178 1 2 S S
21 179 1 2 S S
21 180 1 2 S S
21 181 1 2 S S
21 182 1 2 S S
21 183 1 2 S S
21 184 1 2 S S
21 185 1 2 S S
21 186 1 2 S S
21 187 1 2 S S
21 188 1 2 S S
21 189 1 2 S S
21 190 1 2 S S
21 191 1 2 S S
21 192 1 2 S S
21 193 1 2 S S
21 194 1 2 S S
21 195 1 2 S S
21 196 1 2 S S
21 197 1 2 S S
21 198 1 2 S S
21 199 1 2 S S
22 0 0 0 D D
22 1 0 0 D D
22 2 0 0 D D
22 3 0 0 D R
22 4 0 0 D R
22 5 0 0 D R
22 6 0 0 R R
22 7 0 0 R R
22 8 0 0 R R
22 9 0 0 R R
22 10 0 0 R R
22 11 0 0 R R
22 12 0 0 D D
22 13 0 0 R R
22 14 0 1 D U
22 15 0 1 L U
22 16 0 1 L U
22 17 0 1 L U
22 18 0 1 L U
22 19 1 1 L U
22 20 1 1 U U
22 21 1 1 R U
22 22 1 1 R U
22 23 1 1 R U
22 24 1 1 R U
22 25 1 1 R U
22 26 1 1 R U
22 27 1 1 R U
22 28 1 1 R U
22 29 1 1 R U
22 30 1 1 D U
22 31 1 1 L U
22 32 1 1 L U
22 33 1 1 L U
22 34 1 1 L U
22 35 1 1 L U
22 36 1 1 L U
22 37 1 1 L U
22 38 1 1 L U
22 39 2 1 L U
22 40 2 1 S S
22 41 2 1 S S
22 42 2 1 S S
22 43 2 1 S S
22 44 2 1 S S
22 45 2 1 S S
22 46 2 1 S S
22 47 2 1 S S
22 48 2 1 S S
22 49 2 1 S S
22 50 2 1 S S
22 51 2 1 S S
22 52 2 1 S S
22 53 2 1 S S
22 54 2 1 S S
22 55 2 1 S S
22 56 2 1 S S
22 57 2 1 S S
22 58 2 1 S S
22 59 2 1 S S
22 60 2 1 S S
22 61 2 1 S S
22 62 2 1 S S
22 63 2 1 S S
22 64 2 1 S S
22 65 2 1 S S
22 66 2 1 S S
22 67 2 1 S S
22 68 2 1 S S
22 69 2 1 S S
22 70 2 1 S S
22 71 2 1 S S
22 72 2 1 S S
22 73 2 1 S S
22 74 2 1 S S
22 75 2 1 S S
22 76 2 1 S S
22 77 2 1 S S
22 78 2 1 S S
22 79 2 1 S S
22 80 2 1 S S
22 81 2 1 S S
22 82 2 1 S S
22 83 2 1 S S
22 84 2 1 S S
22 85 2 1 S S
22 86 2 1 S S
22 87 2 1 S S
22 88 2 1 S S
22 89 2 1 S S
22 90 2 1 S S
22 91 2 1 S S
22 92 2 1 S S
22 93 2 1 S S
22 94 2 1 S S
22 95 2 1 S S
22 96 2 1 S S
22 97 2 1 S S
22 98 2 1 S S
22 99 2 1 S S
22 100 2 1 S S
22 101 2 1 S S
22 102 2 1 S S
22 103 2 1 S S
22 104 2 1 S S
22 105 2 1 S S
22 106 2 1 S S
22 107 2 1 S S
22 108 2 1 S S
22 109 2 1 S S
22 110 2 1 S S
22 111 2 1 S S
22 112 2 1 S S
22 113 2 1 S S
22 114 2 1 S S
22 115 2 1 S S
22 116 2 1 S S
22 117 2 1 S S
22 118 2 1 S S
22 119 2 1 S S
22 120 2 1 S S
22 121 2 1 S S
22 122 2 1 S S
22 123 2 1 S S
22 124 2 1 S S
22 125 2 1 S S
22 126 2 1 S S
22 127 2 1 S S
22 128 2 1 S S
22 129 2 1 S S
22 130 2 1 S S
22 131 2 1 S S
22 132 2 1 S S
22 133 2 1 S S
22 134 2 1 S S
22 135 2 1 S S
22 136 2 1 S S
22 137 2 1 S S
22 138 2 1 S S
22 139 2 1 S S
22 140 2 1 S S
22 141 2 1 S S
22 142 2 1 S S
22 143 2 1 S S
22 144 2 1 S S
22 145 2 1 S S
22 146 2 1 S S
22 147 2 1 S S
22 148 2 1 S S
22 149 2 1 S S
22 150 2 1 S S
22 151 2 1 S S
22 152 2 1 S S
22 153 2 1 S S
22 154 2 1 S S
22 155 2 1 S S
22 156 2 1 S S
22 157 2 1 S S
22 158 2 1 S S
22 159 2 1 S S
22 160 2 1 S S
22 161 2 1 S S
22 162 2 1 S S
22 163 2 1 S S
22 164 2 1 S S
22 165 2 1 S S
22 166 2 1 S S
22 167 2 1 S S
22 168 2 1 S S
22 169 2 1 S S
22 170 2 1 S S
22 171 2 1 S S
22 172 2 1 S S
22 173 2 1 S S
22 174 2 1 S S
22 175 2 1 S S
22 176 2 1 S S
22 177 2 1 S S
22 178 2 1 S S
22 179 2 1 S S
22 180 2 1 S S
22 181 2 1 S S
22 182 2 1 S S
22 183 2 1 S S
22 184 2 1 S S
22 185 2 1 S S
22 186 2 1 S S
22 187 2 1 S S
22 188 2 1 S S
22 189 2 1 S S
22 190 2 1 S S
22 191 2 1 S S
22 192 2 1 S S
22 193 2 1 S S
22 194 2 1 S S
22 195 2 1 S S
22 196 2 1 S S
22 197 2 1 S S
22 198 2 1 S S
22 199 2 1 S S
23 0 0 0 U R
23 1 0 0 U R
23 2 0 0 U R
23 3 0 0 U R
23 4 0 0 U U
23 5 0 0 U U
23 6 0 0 U L
23 7 0 0 U U
23 8 0 0 U U
23 9 0 0 U R
23 10 0 0 U D
23 11 0 0 U D
23 12 0 0 U L
23 13 0 0 U D
23 14 0 0 U D
23 15 0 0 U R
23 16 0 0 U U
23 17 0 0 U U
23 18 0 0 U L
23 19 0 0 U U
23 20 0 0 U U
23 21 0 0 U R
23 22 0 0 U D
23 23 0 0 U D
23 24 0 0 U L
23 25 0 0 U D
23 26 0 0 U D
23 27 0 0 U R
23 28 0 0 U U
23 29 0 0 U U
23 30 0 0 U L
23 31 0 0 U U
23 32 0 0 U U
23 33 0 0 U R
23 34 0 0 U D
23 35 0 0 U D
23 36 0 0 U L
23 37 0 0 U D
23 38 0 0 U D
23 39 0 0 U R
23 40 0 0 U U
23 41 0 0 U U
23 42 0 0 U L
23 43 0 0 U U
23 44 0 0 U U
23 45 0 0 U R
23 46 0 0 U D
23 47 0 0 U D
23 48 0 0 U L
23 49 0 0 U D
23 50 0 0 U D
23 51 0 0 U R
23 52 0 0 U U
23 53 0 0 U U
23 54 0 0 U L
23 55 0 0 U U
23 56 0 0 U U
23 57 0 0 U R
23 58 0 0 U D
23 59 0 0 U D
23 60 0 0 U L
23 61 0 0 U D
23 62 0 0 U D
23 63 0 0 U R
23 64 0 0 U U
23 65 0 0 U U
23 66 0 0 U L
23 67 0 0 U U
23 68 0 0 U U
23 69 0 0 U R
23 70 0 0 U D
23 71 0 0 U D
23 72 0 0 U L
23 73 0 0 U D
23 74 0 0 U D
23 75 0 0 U R
23 76 0 0 U U
23 77 0 0 U U
23 78 0 0 U L
23 79 0 0 U U
23 80 0 0 U U
23 81 0 0 U R
23 82 0 0 U D
23 83 0 0 U D
23 84 0 0 U L
23 85 0 0 U D
23 86 0 0 U D
23 87 0 0 U R
23 88 0 0 U U
23 89 0 0 U U
23 90 0 0 U L
23 91 0 0 U U
23 92 0 0 U U
23 93 0 0 U R
23 94 0 0 U D
23 95 0 0 U D
23 96 0 0 U L
23 97 0 0 U D
23 98 0 0 U D
23 99 0 0 U R
23 100 0 0 U U
23 101 0 0 U U
23 102 0 0 U L
23 103 0 0 U U
23 104 0 0 U U
23 105 0 0 U R
23 106 0 0 U D
23 107 0 0 U D
23 108 0 0 U L
23 109 0 0 U D
23 110 0 0 U D
23 111 0 0 U R
23 112 0 0 U U
23 113 0 0 U U
23 114 0 0 U L
23 115 0 0 U U
23 116 0 0 U U
23 117 0 0 U R
23 118 0 0 U D
23 119 0 0 U D
23 120 0 0 U L
23 121 0 0 U D
23 122 0 0 U D
23 123 0 0 U R
23 124 0 0 U U
23 125 0 0 U U
23 126 0 0 U L
23 127 0 0 U U
23 128 0 0 U U
23 129 0 0 U R
23 130 0 0 U D
23 131 0 0 U D
23 132 0 0 U L
23 133 0 0 U D
23 134 0 0 U D
23 135 0 0 U R
23 136 0 0 U U
23 137 0 0 U U
23 138 0 0 U L
23 139 0 0 U U
23 140 0 0 U U
23 141 0 0 U R
23 142 0 0 U D
23 143 0 0 U D
23 144 0 0 U L
23 145 0 0 U D
23 146 0 0 U D
23 147 0 0 U R
23 148 0 0 U U
23 149 0 0 U U
23 150 0 0 U L
23 151 0 0 U U
23 152 0 0 U U
23 153 0 0 U R
23 154 0 0 U D
23 155 0 0 U D
23 156 0 0 U L
23 157 0 0 U D
23 158 0 0 U D
23 159 0 0 U R
23 160 0 0 U U
23 161 0 0 U U
23 162 0 0 U L
23 163 0 0 U U
23 164 0 0 U U
23 165 0 0 U R
23 166 0 0 U D
23 167 0 0 U D
23 168 0 0 U L
23 169 0 0 U D
23 170 0 0 U D
23 171 0 0 U R
23 172 0 0 U U
23 173 0 0 U U
23 174 0 0 U L
23 175 0 0 U U
23 176 0 0 U U
23 177 0 0 U R
23 178 0 0 U D
23 179 0 0 U D
23 180 0 0 U L
23 181 0 0 U D
23 182 0 0 U D
23 183 0 0 U R
23 184 0 0 U U
23 185 0 0 U U
23 186 0 0 U L
23 187 0 0 U U
23 188 0 0 U U
23 189 0 0 U R
23 190 0 0 U D
23 191 0 0 U D
23 192 0 0 U L
23 193 0 0 U D
23 194 0 0 U D
23 195 0 0 U R
23 196 0 0 U U
23 197 0 0 U U
23 198 0 0 U L
23 199 0 0 U U
24 0 0 0 R U
24 1 0 0 R U
24 2 0 0 R U
24 3 0 0 U R
24 4 0 0 R U
24 5 0 0 U R
24 6 0 0 L U
24 7 0 0 L R
24 8 1 0 L R
24 9 1 0 D R
24 10 1 0 D R
24 11 1 0 D R
24 12 1 0 D R
24 13 1 0 D R
24 14 1 0 D R
24 15 1 0 D R
24 16 1 0 D R
24 17 1 0 D R
24 18 1 0 D R
24 19 1 0 D R
24 20 1 0 D R
24 21 1 0 D R
24 22 1 0 D R
24 23 1 0 D R
24 24 1 0 D R
24 25 1 0 D R
24 26 1 0 D R
24 27 1 0 D R
24 28 1 0 D R
24 29 1 0 D R
24 30 1 0 D R
24 31 1 0 D R
24 32 1 0 D R
24 33 1 0 D R
24 34 1 0 D R
24 35 1 0 D R
24 36 1 0 D R
24 37 1 0 D R
24 38 1 0 D R
24 39 1 0 D R
24 40 1 0 D R
24 41 1 0 D R
24 42 1 0 D R
24 43 1 0 D R
24 44 1 0 D R
24 45 1 0 D R
24 46 1 0 D R
24 47 1 0 D R
24 48 1 0 D R
24 49 1 0 D R
24 50 1 0 D R
24 51 1 0 D R
24 52 1 0 D R
24 53 1 0 D R
24 54 1 0 D R
24 55 1 0 D R
24 56 1 0 D R
24 57 1 0 D R
24 58 1 0 D R
24 59 1 0 D R
24 60 1 0 D R
24 61 1 0 D R
24 62 1 0 D R
24 63 1 0 D R
24 64 1 0 D R
24 65 1 0 D R
24 66 1 0 D R
24 67 1 0 D R
24 68 1 0 D R
24 69 1 0 D R
24 70 1 0 D R
24 71 1 0 D R
24 72 1 0 D R
24 73 1 0 D R
24 74 1 0 D R
24 75 1 0 D R
24 76 1 0 D R
24 77 1 0 D R
24 78 1 0 D R
24 79 1 0 D R
24 80 1 0 D R
24 81 1 0 D R
24 82 1 0 D R
24 83 1 0 D R
24 84 1 0 D R
24 85 1 0 D R
24 86 1 0 D R
24 87 1 0 D R
24 88 1 0 D R
24 89 1 0 D R
24 90 1 0 D R
24 91 1 0 D R
24 92 1 0 D R
24 93 1 0 D R
24 94 1 0 D R
24 95 1 0 D R
24 96 1 0 D R
24 97 1 0 D R
24 98 1 0 D R
24 99 1 0 D R
24 100 1 0 D R
24 101 1 0 D R
24 102 1 0 D R
24 103 1 0 D R
24 104 1 0 D R
24 105 1 0 D R
24 106 1 0 D R
24 107 1 0 D R
24 108 1 0 D R
24 109 1 0 D R
24 110 1 0 D R
24 111 1 0 D R
24 112 1 0 D R
24 113 1 0 D R
24 114 1 0 D R
24 115 1 0 D R
24 116 1 0 D R
24 117 1 0 D R
24 118 1 0 D R
24 119 1 0 D R
24 120 1 0 D R
24 121 1 0 D R
24 122 1 0 D R
24 123 1 0 D R
24 124 1 0 D R
24 125 1 0 D R
24 126 1 0 D R
24 127 1 0 D R
24 128 1 0 D R
24 129 1 0 D R
24 130 1 0 D R
24 131 1 0 D R
24 132 1 0 D R
24 133 1 0 D R
24 134 1 0 D R
24 135 1 0 D R
24 136 1 0 D R
24 137 1 0 D R
24 138 1 0 D R
24 139 1 0 D R
24 140 1 0 D R
24 141 1 0 D R
24 142 1 0 D R
24 143 1 0 D R
24 144 1 0 D R
24 145 1 0 D R
24 146 1 0 D R
24 147 1 0 D R
24 148 1 0 D R
24 149 1 0 D R
24 150 1 0 D R
24 151 1 0 D R
24 152 1 0 D R
24 153 1 0 D R
24 154 1 0 D R
24 155 1 0 D R
24 156 1 0 D R
24 157 1 0 D R
24 158 1 0 D R
24 159 1 0 D R
24 160 1 0 D R
24 161 1 0 D R
24 162 1 0 D R
24 163 1 0 D R
24 164 1 0 D R
24 165 1 0 D R
24 166 1 0 D R
24 167 1 0 D R
24 168 1 0 D R
24 169 1 0 D R
24 170 1 0 D R
24 171 1 0 D R
24 172 1 0 D R
24 173 1 0 D R
24 174 1 0 D R
24 175 1 0 D R
24 176 1 0 D R
24 177 1 0 D R
24 178 1 0 D R
24 179 1 0 D R
24 180 1 0 D R
24 181 1 0 D R
24 182 1 0 D R
24 183 1 0 D R
24 184 1 0 D R
24 185 1 0 D R
24 186 1 0 D R
24 187 1 0 D R
24 188 1 0 D R
24 189 1 0 D R
24 190 1 0 D R
24 191 1 0 D R
24 192 1 0 D R
24 193 1 0 D R
24 194 1 0 D R
24 195 1 0 D R
24 196 1 0 D R
24 197 1 0 D R
24 198 1 0 D R
24 199 1 0 D R
0 0 0 0 U U
0 1 0 0 U U
0 2 0 0 U U
0 3 0 0 U U
0 4 0 0 U U
0 5 0 0 U U
0 6 0 0 U U
0 7 0 0 U U
0 8 0 0 U U
0 9 0 0 U L
0 10 0 0 U L
0 11 0 0 U U
0 12 0 0 R L
0 13 0 0 R D
0 14 0 0 D D
0 15 0 0 D D
0 16 0 0 D D
0 17 0 0 D D
0 18 0 0 D D
0 19 0 0 D D
0 20 0 1 D D
0 21 0 1 U U
0 22 0 1 U U
0 23 0 1 U U
0 24 0 1 U U
0 25 0 1 U U
0 26 0 1 U U
0 27 0 1 U U
0 28 0 1 U U
0 29 0 1 R L
0 30 0 1 U U
0 31 0 1 U U
0 32 0 1 U R
0 33 0 1 U D
0 34 0 1 L D
0 35 0 1 L D
0 36 0 1 L D
0 37 0 1 L D
0 38 0 1 L D
0 39 0 1 L D
0 40 0 1 D D
0 41 0 1 D D
0 42 0 2 D D
0 43 0 2 L U
0 44 0 2 D U
0 45 0 2 R U
0 46 0 2 R U
0 47 1 2 R U
0 48 1 2 S S
0 49 1 2 S S
0 50 1 2 S S
0 51 1 2 S S
0 52 1 2 S S
0 53 1 2 S S
0 54 1 2 S S
0 55 1 2 S S
0 56 1 2 S S
0 57 1 2 S S
0 58 1 2 S S
0 59 1 2 S S
0 60 1 2 S S
0 61 1 2 S S
0 62 1 2 S S
0 63 1 2 S S
0 64 1 2 S S
0 65 1 2 S S
0 66 1 2 S S
0 67 1 2 S S
0 68 1 2 S S
0 69 1 2 S S
0 70 1 2 S S
0 71 1 2 S S
0 72 1 2 S S
0 73 1 2 S S
0 74 1 2 S S
0 75 1 2 S S
0 76 1 2 S S
0 77 1 2 S S
0 78 1 2 S S
0 79 1 2 S S
0 80 1 2 S S
0 81 1 2 S S
0 82 1 2 S S
0 83 1 2 S S
0 84 1 2 S S
0 85 1 2 S S
0 86 1 2 S S
0 87 1 2 S S
0 88 1 2 S S
0 89 1 2 S S
0 90 1 2 S S
0 91 1 2 S S
0 92 1 2 S S
0 93 1 2 S S
0 94 1 2 S S
0 95 1 2 S S
0 96 1 2 S S
0 97 1 2 S S
0 98 1 2 S S
0 99 1 2 S S
0 100 1 2 S S
0 101 1 2 S S
0 102 1 2 S S
0 103 1 2 S S
0 104 1 2 S S
0 105 1 2 S S
0 106 1 2 S S
0 107 1 2 S S
0 108 1 2 S S
0 109 1 2 S S
0 110 1 2 S S
0 111 1 2 S S
0 112 1 2 S S
0 113 1 2 S S
0 114 1 2 S S
0 115 1 2 S S
0 116 1 2 S S
0 117 1 2 S S
0 118 1 2 S S
0 119 1 2 S S
0 120 1 2 S S
0 121 1 2 S S
0 122 1 2 S S
0 123 1 2 S S
0 124 1 2 S S
0 125 1 2 S S
0 126 1 2 S S
0 127 1 2 S S
0 128 1 2 S S
0 129 1 2 S S
0 130 1 2 S S
0 131 1 2 S S
0 132 1 2 S S
0 133 1 2 S S
0 134 1 2 S S
0 135 1 2 S S
0 136 1 2 S S
0 137 1 2 S S
0 138 1 2 S S
0 139 1 2 S S
0 140 1 2 S S
0 141 1 2 S S
0 142 1 2 S S
0 143 1 2 S S
0 144 1 2 S S
0 145 1 2 S S
0 146 1 2 S S
0 147 1 2 S S
0 148 1 2 S S
0 149 1 2 S S
0 150 1 2 S S
0 151 1 2 S S
0 152 1 2 S S
0 153 1 2 S S
0 154 1 2 S S
0 155 1 2 S S
0 156 1 2 S S
0 157 1 2 S S
0 158 1 2 S S
0 159 1 2 S S
0 160 1 2 S S
0 161 1 2 S S
0 162 1 2 S S
0 163 1 2 S S
0 164 1 2 S S
0 165 1 2 S S
0 166 1 2 S S
0 167 1 2 S S
0 168 1 2 S S
0 169 1 2 S S
0 170 1 2 S S
0 171 1 2 S S
0 172 1 2 S S
0 173 1 2 S S
0 174 1 2 S S
0 175 1 2 S S
0 176 1 2 S S
0 177 1 2 S S
0 178 1 2 S S
0 179 1 2 S S
0 180 1 2 S S
0 181 1 2 S S
0 182 1 2 S S
0 183 1 2 S S
0 184 1 2 S S
0 185 1 2 S S
0 186 1 2 S S
0 187 1 2 S S
0 188 1 2 S S
0 189 1 2 S S
0 190 1 2 S S
0 191 1 2 S S
0 192 1 2 S S
0 193 1 2 S S
0 194 1 2 S S
0 195 1 2 S S
0 196 1 2 S S
0 197 1 2 S S
0 198 1 2 S S
0 199 1 2 S S
1 0 0 0 L D
1 1 0 0 L D
1 2 0 0 L D
1 3 0 0 L D
1 4 0 0 L D
1 5 0 0 L D
1 6 0 0 L D
1 7 0 0 L D
1 8 0 0 L D
1 9 0 0 L D
1 10 0 0 D D
1 11 0 0 L D
1 12 1 0 U D
1 13 1 0 U U
1 14 1 0 U U
1 15 1 0 U U
1 16 1 0 U U
1 17 1 0 U U
1 18 1 0 U U
1 19 1 0 U U
1 20 1 0 U U
1 21 1 0 U R
1 22 1 0 U R
1 23 1 0 U R
1 24 1 0 U R
1 25 1 0 U R
1 26 1 0 U R
1 27 1 0 U R
1 28 1 0 U D
1 29 1 0 U R
1 30 1 0 U R
1 31 1 0 U U
1 32 1 0 U L
1 33 1 0 U L
1 34 1 0 U D
1 35 1 0 U L
1 36 1 0 U L
1 37 1 0 U U
1 38 1 0 U R
1 39 1 0 U R
1 40 1 0 U D
1 41 1 0 U R
1 42 1 0 U R
1 43 1 0 U U
1 44 1 0 U L
1 45 1 0 U L
1 46 1 0 U D
1 47 1 0 U L
1 48 1 0 U L
1 49 1 0 U U
1 50 1 0 U R
1 51 1 0 U R
1 52 1 0 U D
1 53 1 0 U R
1 54 1 0 U R
1 55 1 0 U U
1 56 1 0 U L
1 57 1 0 U L
1 58 1 0 U D
1 59 1 0 U L
1 60 1 0 U L
1 61 1 0 U U
1 62 1 0 U R
1 63 1 0 U R
1 64 1 0 U D
1 65 1 0 U R
1 66 1 0 U R
1 67 1 0 U U
1 68 1 0 U L
1 69 1 0 U L
1 70 1 0 U D
1 71 1 0 U L
1 72 1 0 U L
1 73 1 0 U U
1 74 1 0 U R
1 75 1 0 U R
1 76 1 0 U D
1 77 1 0 U R
1 78 1 0 U R
1 79 1 0 U U
1 80 1 0 U L
1 81 1 0 U L
1 82 1 0 U D
1 83 1 0 U L
1 84 1 0 U L
1 85 1 0 U U
1 86 1 0 U R
1 87 1 0 U R
1 88 1 0 U D
1 89 1 0 U R
1 90 1 0 U R
1 91 1 0 U U
1 92 1 0 U L
1 93 1 0 U L
1 94 1 0 U D
1 95 1 0 U L
1 96 1 0 U L
1 97 1 0 U U
1 98 1 0 U R
1 99 1 0 U R
1 100 1 0 U D
1 101 1 0 U R
1 102 1 0 U R
1 103 1 0 U U
1 104 1 0 U L
1 105 1 0 U L
1 106 1 0 U D
1 107 1 0 U L
1 108 1 0 U L
1 109 1 0 U U
1 110 1 0 U R
1 111 1 0 U R
1 112 1 0 U D
1 113 1 0 U R
1 114 1 0 U R
1 115 1 0 U U
1 116 1 0 U L
1 117 1 0 U L
1 118 1 0 U D
1 119 1 0 U L
1 120 1 0 U L
1 121 1 0 U U
1 122 1 0 U R
1 123 1 0 U R
1 124 1 0 U D
1 125 1 0 U R
1 126 1 0 U R
1 127 1 0 U U
1 128 1 0 U L
1 129 1 0 U L
1 130 1 0 U D
1 131 1 0 U L
1 132 1 0 U L
1 133 1 0 U U
1 134 1 0 U R
1 135 1 0 U R
1 136 1 0 U D
1 137 1 0 U R
1 138 1 0 U R
1 139 1 0 U U
1 140 1 0 U L
1 141 1 0 U L
1 142 1 0 U D
1 143 1 0 U L
1 144 1 0 U L
1 145 1 0 U U
1 146 1 0 U R
1 147 1 0 U R
1 148 1 0 U D
1 149 1 0 U R
1 150 1 0 U R
1 151 1 0 U U
1 152 1 0 U L
1 153 1 0 U L
1 154 1 0 U D
1 155 1 0 U L
1 156 1 0 U L
1 157 1 0 U U
1 158 1 0 U R
1 159 1 0 U R
1 160 1 0 U D
1 161 1 0 U R
1 162 1 0 U R
1 163 1 0 U U
1 164 1 0 U L
1 165 1 0 U L
1 166 1 0 U D
1 167 1 0 U L
1 168 1 0 U L
1 169 1 0 U U
1 170 1 0 U R
1 171 1 0 U R
1 172 1 0 U D
1 173 1 0 U R
1 174 1 0 U R
1 175 1 0 U U
1 176 1 0 U L
1 177 1 0 U L
1 178 1 0 U D
1 179 1 0 U L
1 180 1 0 U L
1 181 1 0 U U
1 182 1 0 U R
1 183 1 0 U R
1 184 1 0 U D
1 185 1 0 U R
1 186 1 0 U R
1 187 1 0 U U
1 188 1 0 U L
1 189 1 0 U L
1 190 1 0 U D
1 191 1 0 U L
1 192 1 0 U L
1 193 1 0 U U
1 194 1 0 U R
1 195 1 0 U R
1 196 1 0 U D
1 197 1 0 U R
1 198 1 0 U R
1 199 1 0 U U
2 0 0 0 U U
2 1 0 0 U U
2 2 0 0 U U
2 3 0 0 R U
2 4 0 0 R U
2 5 0 0 R U
2 6 0 0 R L
2 7 0 0 R L
2 8 0 0 U L
2 9 0 0 R U
2 10 0 0 U L
2 11 0 0 L L
2 12 1 0 L L
2 13 1 0 U D
2 14 1 0 U D
2 15 1 0 U D
2 16 1 0 U D
2 17 1 0 U D
2 18 1 0 R D
2 19 1 0 R D
2 20 1 0 R D
2 21 1 0 R D
2 22 1 0 R D
2 23 1 0 R D
2 24 1 0 R L
2 25 1 0 D L
2 26 1 0 D L
2 27 1 0 D L
2 28 1 0 D L
2 29 1 0 R L
2 30 1 0 D L
2 31 1 0 L L
2 32 1 0 L U
2 33 1 0 L U
2 34 1 0 L R
2 35 1 0 L U
2 36 1 0 L U
2 37 1 0 L L
2 38 2 0 L D
2 39 2 0 D D
2 40 2 0 D R
2 41 2 0 D D
2 42 2 0 D D
2 43 2 0 D L
2 44 2 0 D U
2 45 2 0 D U
2 46 2 0 L R
2 47 2 0 D U
2 48 2 0 L U
2 49 2 0 L L
2 50 2 0 L D
2 51 2 0 L D
2 52 2 0 D R
2 53 2 0 D D
2 54 2 0 L D
2 55 2 0 L D
2 56 2 0 L D
2 57 2 0 L D
2 58 2 0 L D
2 59 2 0 L D
2 60 2 0 L D
2 61 2 0 L D
2 62 2 0 L D
2 63 2 0 L D
2 64 2 0 L D
2 65 2 0 L D
2 66 2 0 L D
2 67 2 0 L D
2 68 2 0 L D
2 69 2 0 L D
2 70 2 0 L D
2 71 2 0 L D
2 72 2 0 L D
2 73 2 0 L D
2 74 2 0 L D
2 75 2 0 L D
2 76 2 0 L D
2 77 2 0 L D
2 78 2 0 L D
2 79 2 0 L D
2 80 2 0 L D
2 81 2 0 L D
2 82 2 0 L D
2 83 2 0 L D
2 84 2 0 L D
2 85 2 0 L D
2 86 2 0 L D
2 87 2 0 L D
2 88 2 0 L D
2 89 2 0 L D
2 90 2 0 L D
2 91 2 0 L D
2 92 2 0 L D
2 93 2 0 L D
2 94 2 0 L D
2 95 2 0 L D
2 96 2 0 L D
2 97 2 0 L D
2 98 2 0 L D
2 99 2 0 L D
2 100 2 0 L D
2 101 2 0 L D
2 102 2 0 L D
2 103 2 0 L D
2 104 2 0 L D
2 105 2 0 L D
2 106 2 0 L D
2 107 2 0 L D
2 108 2 0 L D
2 109 2 0 L D
2 110 2 0 L D
2 111 2 0 L D
2 112 2 0 L D
2 113 2 0 L D
2 114 2 0 L D
2 115 2 0 L D
2 116 2 0 L D
2 117 2 0 L D
2 118 2 0 L D
2 119 2 0 L D
2 120 2 0 L D
2 121 2 0 L D
2 122 2 0 L D
2 123 2 0 L D
2 124 2 0 L D
2 125 2 0 L D
2 126 2 0 L D
2 127 2 0 L D
2 128 2 0 L D
2 129 2 0 L D
2 130 2 0 L D
2 131 2 0 L D
2 132 2 0 L D
2 133 2 0 L D
2 134 2 0 L D
2 135 2 0 L D
2 136 2 0 L D
2 137 2 0 L D
2 138 2 0 L D
2 139 2 0 L D
2 140 2 0 L D
2 141 2 0 L D
2 142 2 0 L D
2 143 2 0 L D
2 144 2 0 L D
2 145 2 0 L D
2 146 2 0 L D
2 147 2 0 L D
2 148 2 0 L D
2 149 2 0 L D
2 150 2 0 L D
2 151 2 0 L D
2 152 2 0 L D
2 153 2 0 L D
2 154 2 0 L D
2 155 2 0 L D
2 156 2 0 L D
2 157 2 0 L D
2 158 2 0 L D
2 159 2 0 L D
2 160 2 0 L D
2 161 2 0 L D
2 162 2 0 L D
2 163 2 0 L D
2 164 2 0 L D
2 165 2 0 L D
2 166 2 0 L D
2 167 2 0 L D
2 168 2 0 L D
2 169 2 0 L D
2 170 2 0 L D
2 171 2 0 L D
2 172 2 0 L D
2 173 2 0 L D
2 174 2 0 L D
2 175 2 0 L D
2 176 2 0 L D
2 177 2 0 L D
2 178 2 0 L D
2 179 2 0 L D
2 180 2 0 L D
2 181 2 0 L D
2 182 2 0 L D
2 183 2 0 L D
2 184 2 0 L D
2 185 2 0 L D
2 186 2 0 L D
2 187 2 0 L D
2 188 2 0 L D
2 189 2 0 L D
2 190 2 0 L D
2 191 2 0 L D
2 192 2 0 L D
2 193 2 0 L D
2 194 2 0 L D
2 195 2 0 L D
2 196 2 0 L D
2 197 2 0 L D
2 198 2 0 L D
2 199 2 0 L D
3 0 0 0 U D
3 1 0 0 U D
3 2 0 0 U D
3 3 0 0 U R
3 4 0 0 U R
3 5 0 0 U R
3 6 0 0 U R
3 7 0 0 U R
3 8 0 0 R R
3 9 0 0 R R
3 10 0 0 R R
3 11 0 0 R D
3 12 0 0 R D
3 13 0 0 R D
3 14 0 0 R D
3 15 0 0 R D
3 16 0 0 R D
3 17 0 0 R D
3 18 0 0 R D
3 19 0 0 R D
3 20 0 0 R D
3 21 0 0 R D
3 22 0 0 R D
3 23 0 0 R D
3 24 0 0 R D
3 25 0 0 R D
3 26 0 0 R D
3 27 0 0 R D
3 28 0 0 R D
3 29 0 0 R D
3 30 0 0 R D
3 31 0 0 R D
3 32 0 0 R D
3 33 0 0 R D
3 34 0 0 R D
3 35 0 0 R D
3 36 0 0 R D
3 37 0 0 R D
3 38 0 0 R D
3 39 0 0 R D
3 40 0 0 R D
3 41 0 0 R D
3 42 0 0 R D
3 43 0 0 R D
3 44 0 0 R D
3 45 0 0 R D
3 46 0 0 R D
3 47 0 0 R D
3 48 0 0 R D
3 49 0 0 R D
3 50 0 0 R D
3 51 0 0 R D
3 52 0 0 R D
3 53 0 0 R D
3 54 0 0 R D
3 55 0 0 R D
3 56 0 0 R D
3 57 0 0 R D
3 58 0 0 R D
3 59 0 0 R D
3 60 0 0 R D
3 61 0 0 R D
3 62 0 0 R D
3 63 0 0 R D
3 64 0 0 R D
3 65 0 0 R D
3 66 0 0 R D
3 67 0 0 R D
3 68 0 0 R D
3 69 0 0 R D
3 70 0 0 R D
3 71 0 0 R D
3 72 0 0 R D
3 73 0 0 R D
3 74 0 0 R D
3 75 0 0 R D
3 76 0 0 R D
3 77 0 0 R D
3 78 0 0 R D
3 79 0 0 R D
3 80 0 0 R D
3 81 0 0 R D
3 82 0 0 R D
3 83 0 0 R D
3 84 0 0 R D
3 85 0 0 R D
3 86 0 0 R D
3 87 0 0 R D
3 88 0 0 R D
3 89 0 0 R D
3 90 0 0 R D
3 91 0 0 R D
3 92 0 0 R D
3 93 0 0 R D
3 94 0 0 R D
3 95 0 0 R D
3 96 0 0 R D
3 97 0 0 R D
3 98 0 0 R D
3 99 0 0 R D
3 100 0 0 R D
3 101 0 0 R D
3 102 0 0 R D
3 103 0 0 R D
3 104 0 0 R D
3 105 0 0 R D
3 106 0 0 R D
3 107 0 0 R D
3 108 0 0 R D
3 109 0 0 R D
3 110 0 0 R D
3 111 0 0 R D
3 112 0 0 R D
3 113 0 0 R D
3 114 0 0 R D
3 115 0 0 R D
3 116 0 0 R D
3 117 0 0 R D
3 118 0 0 R D
3 119 0 0 R D
3 120 0 0 R D
3 121 0 0 R D
3 122 0 0 R D
3 123 0 0 R D
3 124 0 0 R D
3 125 0 0 R D
3 126 0 0 R D
3 127 0 0 R D
3 128 0 0 R D
3 129 0 0 R D
3 130 0 0 R D
3 131 0 0 R D
3 132 0 0 R D
3 133 0 0 R D
3 134 0 0 R D
3 135 0 0 R D
3 136 0 0 R D
3 137 0 0 R D
3 138 0 0 R D
3 139 0 0 R D
3 140 0 0 R D
3 141 0 0 R D
3 142 0 0 R D
3 143 0 0 R D
3 144 0 0 R D
3 145 0 0 R D
3 146 0 0 R D
3 147 0 0 R D
3 148 0 0 R D
3 149 0 0 R D
3 150 0 0 R D
3 151 0 0 R D
3 152 0 0 R D
3 153 0 0 R D
3 154 0 0 R D
3 155 0 0 R D
3 156 0 0 R D
3 157 0 0 R D
3 158 0 0 R D
3 159 0 0 R D
3 160 0 0 R D
3 161 0 0 R D
3 162 0 0 R D
3 163 0 0 R D
3 164 0 0 R D
3 165 0 0 R D
3 166 0 0 R D
3 167 0 0 R D
3 168 0 0 R D
3 169 0 0 R D
3 170 0 0 R D
3 171 0 0 R D
3 172 0 0 R D
3 173 0 0 R D
3 174 0 0 R D
3 175 0 0 R D
3 176 0 0 R D
3 177 0 0 R D
3 178 0 0 R D
3 179 0 0 R D
3 180 0 0 R D
3 181 0 0 R D
3 182 0 0 R D
3 183 0 0 R D
3 184 0 0 R D
3 185 0 0 R D
3 186 0 0 R D
3 187 0 0 R D
3 188 0 0 R D
3 189 0 0 R D
3 190 0 0 R D
3 191 0 0 R D
3 192 0 0 R D
3 193 0 0 R D
3 194 0 0 R D
3 195 0 0 R D
3 196 0 0 R D
3 197 0 0 R D
3 198 0 0 R D
3 199 0 0 R D
4 0 0 0 D D
4 1 0 0 D D
4 2 0 0 D D
4 3 0 0 D L
4 4 0 0 D L
4 5 0 0 D L
4 6 0 0 D L
4 7 0 0 R L
4 8 0 0 R D
4 9 0 0 R D
4 10 0 0 R D
4 11 0 0 R D
4 12 0 0 R D
4 13 0 0 R D
4 14 0 0 R D
4 15 0 0 R D
4 16 0 0 R D
4 17 0 0 R D
4 18 0 0 R D
4 19 0 0 R D
4 20 0 0 R D
4 21 0 0 R D
4 22 0 0 R D
4 23 0 0 R D
4 24 0 0 R D
4 25 0 0 R D
4 26 0 0 R D
4 27 0 0 R D
4 28 0 0 R D
4 29 0 0 R D
4 30 0 0 R D
4 31 0 0 R D
4 32 0 0 R D
4 33 0 0 R D
4 34 0 0 R D
4 35 0 0 R D
4 36 0 0 R D
4 37 0 0 R D
4 38 0 0 R D
4 39 0 0 R D
4 40 0 0 R D
4 41 0 0 R D
4 42 0 0 R D
4 43 0 0 R D
4 44 0 0 R D
4 45 0 0 R D
4 46 0 0 R D
4 47 0 0 R D
4 48 0 0 R D
4 49 0 0 R D
4 50 0 0 R D
4 51 0 0 R D
4 52 0 0 R D
4 53 0 0 R D
4 54 0 0 R D
4 55 0 0 R D
4 56 0 0 R D
4 57 0 0 R D
4 58 0 0 R D
4 59 0 0 R D
4 60 0 0 R D
4 61 0 0 R D
4 62 0 0 R D
4 63 0 0 R D
4 64 0 0 R D
4 65 0 0 R D
4 66 0 0 R D
4 67 0 0 R D
4 68 0 0 R D
4 69 0 0 R D
4 70 0 0 R D
4 71 0 0 R D
4 72 0 0 R D
4 73 0 0 R D
4 74 0 0 R D
4 75 0 0 R D
4 76 0 0 R D
4 77 0 0 R D
4 78 0 0 R D
4 79 0 0 R D
4 80 0 0 R D
4 81 0 0 R D
4 82 0 0 R D
4 83 0 0 R D
4 84 0 0 R D
4 85 0 0 R D
4 86 0 0 R D
4 87 0 0 R D
4 88 0 0 R D
4 89 0 0 R D
4 90 0 0 R D
4 91 0 0 R D
4 92 0 0 R D
4 93 0 0 R D
4 94 0 0 R D
4 95 0 0 R D
4 96 0 0 R D
4 97 0 0 R D
4 98 0 0 R D
4 99 0 0 R D
4 100 0 0 R D
4 101 0 0 R D
4 102 0 0 R D
4 103 0 0 R D
4 104 0 0 R D
4 105 0 0 R D
4 106 0 0 R D
4 107 0 0 R D
4 108 0 0 R D
4 109 0 0 R D
4 110 0 0 R D
4 111 0 0 R D
4 112 0 0 R D
4 113 0 0 R D
4 114 0 0 R D
4 115 0 0 R D
4 116 0 0 R D
4 117 0 0 R D
4 118 0 0 R D
4 119 0 0 R D
4 120 0 0 R D
4 121 0 0 R D
4 122 0 0 R D
4 123 0 0 R D
4 124 0 0 R D
4 125 0 0 R D
4 126 0 0 R D
4 127 0 0 R D
4 128 0 0 R D
4 129 0 0 R D
4 130 0 0 R D
4 131 0 0 R D
4 132 0 0 R D
4 133 0 0 R D
4 134 0 0 R D
4 135 0 0 R D
4 136 0 0 R D
4 137 0 0 R D
4 138 0 0 R D
4 139 0 0 R D
4 140 0 0 R D
4 141 0 0 R D
4 142 0 0 R D
4 143 0 0 R D
4 144 0 0 R D
4 145 0 0 R D
4 146 0 0 R D
4 147 0 0 R D
4 148 0 0 R D
4 149 0 0 R D
4 150 0 0 R D
4 151 0 0 R D
4 152 0 0 R D
4 153 0 0 R D
4 154 0 0 R D
4 155 0 0 R D
4 156 0 0 R D
4 157 0 0 R D
4 158 0 0 R D
4 159 0 0 R D
4 160 0 0 R D
4 161 0 0 R D
4 162 0 0 R D
4 163 0 0 R D
4 164 0 0 R D
4 165 0 0 R D
4 166 0 0 R D
4 167 0 0 R D
4 168 0 0 R D
4 169 0 0 R D
4 170 0 0 R D
4 171 0 0 R D
4 172 0 0 R D
4 173 0 0 R D
4 174 0 0 R D
4 175 0 0 R D
4 176 0 0 R D
4 177 0 0 R D
4 178 0 0 R D
4 179 0 0 R D
4 180 0 0 R D
4 181 0 0 R D
4 182 0 0 R D
4 183 0 0 R D
4 184 0 0 R D
4 185 0 0 R D
4 186 0 0 R D
4 187 0 0 R D
4 188 0 0 R D
4 189 0 0 R D
4 190 0 0 R D
4 191 0 0 R D
4 192 0 0 R D
4 193 0 0 R D
4 194 0 0 R D
4 195 0 0 R D
4 196 0 0 R D
4 197 0 0 R D
4 198 0 0 R D
4 199 0 0 R D
5 0 0 0 D D
5 1 0 0 D D
5 2 0 0 D D
5 3 0 0 D D
5 4 0 0 D D
5 5 0 0 D R
5 6 0 0 D R
5 7 0 0 D R
5 8 0 0 D R
5 9 0 0 R R
5 10 0 0 D R
5 11 0 0 L R
5 12 0 0 L R
5 13 0 1 D U
5 14 0 1 L D
5 15 0 1 U U
5 16 0 1 U U
5 17 0 1 U R
5 18 0 1 U U
5 19 0 1 U U
5 20 0 1 R U
5 21 0 1 U U
5 22 0 1 L L
5 23 0 1 L L
5 24 0 1 L L
5 25 0 1 L L
5 26 0 1 L L
5 27 0 1 L L
5 28 0 1 L L
5 29 1 1 L L
5 30 1 1 D D
5 31 1 1 D D
5 32 1 1 D L
5 33 1 1 D L
5 34 1 1 D L
5 35 1 1 L D
5 36 1 1 L R
5 37 1 1 U R
5 38 1 1 U R
5 39 1 1 U R
5 40 1 1 U R
5 41 1 1 U R
5 42 1 1 U R
5 43 1 1 U R
5 44 1 1 U R
5 45 1 1 U R
5 46 1 1 U R
5 47 1 1 U R
5 48 1 1 U R
5 49 1 1 U R
5 50 1 1 U R
5 51 1 1 U R
5 52 1 1 U R
5 53 1 1 U R
5 54 1 1 U R
5 55 1 1 U R
5 56 1 1 U R
5 57 1 1 U R
5 58 1 1 U R
5 59 1 1 U R
5 60 1 1 U R
5 61 1 1 U R
5 62 1 1 U R
5 63 1 1 U R
5 64 1 1 U R
5 65 1 1 U R
5 66 1 1 U R
5 67 1 1 U R
5 68 1 1 U R
5 69 1 1 U R
5 70 1 1 U R
5 71 1 1 U R
5 72 1 1 U R
5 73 1 1 U R
5 74 1 1 U R
5 75 1 1 U R
5 76 1 1 U R
5 77 1 1 U R
5 78 1 1 U R
5 79 1 1 U R
5 80 1 1 U R
5 81 1 1 U R
5 82 1 1 U R
5 83 1 1 U R
5 84 1 1 U R
5 85 1 1 U R
5 86 1 1 U R
5 87 1 1 U R
5 88 1 1 U R
5 89 1 1 U R
5 90 1 1 U R
5 91 1 1 U R
5 92 1 1 U R
5 93 1 1 U R
5 94 1 1 U R
5 95 1 1 U R
5 96 1 1 U R
5 97 1 1 U R
5 98 1 1 U R
5 99 1 1 U R
5 100 1 1 U R
5 101 1 1 U R
5 102 1 1 U R
5 103 1 1 U R
5 104 1 1 U R
5 105 1 1 U R
5 106 1 1 U R
5 107 1 1 U R
5 108 1 1 U R
5 109 1 1 U R
5 110 1 1 U R
5 111 1 1 U R
5 112 1 1 U R
5 113 1 1 U R
5 114 1 1 U R
5 115 1 1 U R
5 116 1 1 U R
5 117 1 1 U R
5 118 1 1 U R
5 119 1 1 U R
5 120 1 1 U R
5 121 1 1 U R
5 122 1 1 U R
5 123 1 1 U R
5 124 1 1 U R
5 125 1 1 U R
5 126 1 1 U R
5 127 1 1 U R
5 128 1 1 U R
5 129 1 1 U R
5 130 1 1 U R
5 131 1 1 U R
5 132 1 1 U R
5 133 1 1 U R
5 134 1 1 U R
5 135 1 1 U R
5 136 1 1 U R
5 137 1 1 U R
5 138 1 1 U R
5 139 1 1 U R
5 140 1 1 U R
5 141 1 1 U R
5 142 1 1 U R
5 143 1 1 U R
5 144 1 1 U R
5 145 1 1 U R
5 146 1 1 U R
5 147 1 1 U R
5 148 1 1 U R
5 149 1 1 U R
5 150 1 1 U R
5 151 1 1 U R
5 152 1 1 U R
5 153 1 1 U R
5 154 1 1 U R
5 155 1 1 U R
5 156 1 1 U R
5 157 1 1 U R
5 158 1 1 U R
5 159 1 1 U R
5 160 1 1 U R
5 161 1 1 U R
5 162 1 1 U R
5 163 1 1 U R
5 164 1 1 U R
5 165 1 1 U R
5 166 1 1 U R
5 167 1 1 U R
5 168 1 1 U R
5 169 1 1 U R
5 170 1 1 U R
5 171 1 1 U R
5 172 1 1 U R
5 173 1 1 U R
5 174 1 1 U R
5 175 1 1 U R
5 176 1 1 U R
5 177 1 1 U R
5 178 1 1 U R
5 179 1 1 U R
5 180 1 1 U R
5 181 1 1 U R
5 182 1 1 U R
5 183 1 1 U R
5 184 1 1 U R
5 185 1 1 U R
5 186 1 1 U R
5 187 1 1 U R
5 188 1 1 U R
5 189 1 1 U R
5 190 1 1 U R
5 191 1 1 U R
5 192 1 1 U R
5 193 1 1 U R
5 194 1 1 U R
5 195 1 1 U R
5 196 1 1 U R
5 197 1 1 U R
5 198 1 1 U R
5 199 1 1 U R
6 0 0 0 L D
6 1 0 0 L D
6 2 0 0 L D
6 3 0 0 L D
6 4 0 0 L D
6 5 0 0 U R
6 6 0 0 U R
6 7 0 0 U U
6 8 0 0 U U
6 9 0 0 R U
6 10 0 0 U R
6 11 0 0 L U
6 12 0 0 L R
6 13 1 0 L R
6 14 1 0 R U
6 15 1 0 U U
6 16 1 0 U U
6 17 1 0 U U
6 18 1 0 U R
6 19 1 0 U R
6 20 1 0 U R
6 21 1 0 U R
6 22 1 0 U R
6 23 1 0 U U
6 24 1 0 U R
6 25 1 0 U D
6 26 1 0 R D
6 27 1 0 D D
6 28 1 0 D D
6 29 1 0 D D
6 30 1 0 D D
6 31 1 0 D D
6 32 1 0 D D
6 33 1 1 D D
6 34 1 1 D L
6 35 1 1 L L
6 36 1 1 L L
6 37 1 1 L L
6 38 1 1 L L
6 39 1 1 L L
6 40 1 1 L L
6 41 1 1 L L
6 42 1 1 U S
6 43 1 1 U S
6 44 1 1 U S
6 45 1 1 U S
6 46 1 1 R S
6 47 1 1 L U
6 48 1 1 R S
6 49 1 1 L U
6 50 1 1 R S
6 51 1 1 L U
6 52 1 1 R S
6 53 1 1 L U
6 54 1 1 R S
6 55 1 1 L L
6 56 1 1 R S
6 57 1 1 L L
6 58 1 1 R S
6 59 1 1 L L
6 60 1 1 R S
6 61 1 1 L D
6 62 1 1 L D
6 63 1 1 L D
6 64 1 1 L D
6 65 1 1 L D
6 66 1 1 L D
6 67 1 1 L D
6 68 1 1 L D
6 69 1 1 L D
6 70 1 1 L D
6 71 1 1 L D
6 72 1 1 L D
6 73 1 1 L D
6 74 1 1 L D
6 75 1 1 L D
6 76 1 1 L D
6 77 1 1 L D
6 78 1 1 L D
6 79 1 1 L D
6 80 1 1 L D
6 81 1 1 L D
6 82 1 1 L D
6 83 1 1 L D
6 84 1 1 L D
6 85 1 1 L D
6 86 1 1 L D
6 87 1 1 L D
6 88 1 1 L D
6 89 1 1 L D
6 90 1 1 L D
6 91 1 1 L D
6 92 1 1 L D
6 93 1 1 L D
6 94 1 1 L D
6 95 1 1 L D
6 96 1 1 L D
6 97 1 1 L D
6 98 1 1 L D
6 99 1 1 L D
6 100 1 1 L D
6 101 1 1 L D
6 102 1 1 L D
6 103 1 1 L D
6 104 1 1 L D
6 105 1 1 L D
6 106 1 1 L D
6 107 1 1 L D
6 108 1 1 L D
6 109 1 1 L D
6 110 1 1 L D
6 111 1 1 L D
6 112 1 1 L D
6 113 1 1 L D
6 114 1 1 L D
6 115 1 1 L D
6 116 1 1 L D
6 117 1 1 L D
6 118 1 1 L D
6 119 1 1 L D
6 120 1 1 L D
6 121 1 1 L D
6 122 1 1 L D
6 123 1 1 L D
6 124 1 1 L D
6 125 1 1 L D
6 126 1 1 L D
6 127 1 1 L D
6 128 1 1 L D
6 129 1 1 L D
6 130 1 1 L D
6 131 1 1 L D
6 132 1 1 L D
6 133 1 1 L D
6 134 1 1 L D
6 135 1 1 L D
6 136 1 1 L D
6 137 1 1 L D
6 138 1 1 L D
6 139 1 1 L D
6 140 1 1 L D
6 141 1 1 L D
6 142 1 1 L D
6 143 1 1 L D
6 144 1 1 L D
6 145 1 1 L D
6 146 1 1 L D
6 147 1 1 L D
6 148 1 1 L D
6 149 1 1 L D
6 150 1 1 L D
6 151 1 1 L D
6 152 1 1 L D
6 153 1 1 L D
6 154 1 1 L D
6 155 1 1 L D
6 156 1 1 L D
6 157 1 1 L D
6 158 1 1 L D
6 159 1 1 L D
6 160 1 1 L D
6 161 1 1 L D
6 162 1 1 L D
6 163 1 1 L D
6 164 1 1 L D
6 165 1 1 L D
6 166 1 1 L D
6 167 1 1 L D
6 168 1 1 L D
6 169 1 1 L D
6 170 1 1 L D
6 171 1 1 L D
6 172 1 1 L D
6 173 1 1 L D
6 174 1 1 L D
6 175 1 1 L D
6 176 1 1 L D
6 177 1 1 L D
6 178 1 1 L D
6 179 1 1 L D
6 180 1 1 L D
6 181 1 1 L D
6 182 1 1 L D
6 183 1 1 L D
6 184 1 1 L D
6 185 1 1 L D
6 186 1 1 L D
6 187 1 1 L D
6 188 1 1 L D
6 189 1 1 L D
6 190 1 1 L D
6 191 1 1 L D
6 192 1 1 L D
6 193 1 1 L D
6 194 1 1 L D
6 195 1 1 L D
6 196 1 1 L D
6 197 1 1 L D
6 198 1 1 L D
6 199 1 1 L D
7 0 0 0 D D
7 1 0 0 D D
7 2 0 0 D D
7 3 0 0 D D
7 4 0 0 D D
7 5 0 0 L D
7 6 0 0 L D
7 7 0 0 L D
7 8 0 0 L D
7 9 0 0 L R
7 10 0 0 L R
7 11 0 0 D R
7 12 0 0 L R
7 13 0 0 L R
7 14 0 0 L R
7 15 0 0 U R
7 16 0 0 U R
7 17 0 0 U R
7 18 0 0 U R
7 19 0 0 U R
7 20 0 0 U R
7 21 0 0 U R
7 22 0 0 U R
7 23 0 0 U R
7 24 0 0 U R
7 25 0 0 U R
7 26 0 0 U R
7 27 0 0 U R
7 28 0 0 U R
7 29 0 0 U R
7 30 0 0 U R
7 31 0 0 U R
7 32 0 0 U R
7 33 0 0 U R
7 34 0 0 U R
7 35 0 0 U R
7 36 0 0 U R
7 37 0 0 U R
7 38 0 0 U R
7 39 0 0 U R
7 40 0 0 U R
7 41 0 0 U R
7 42 0 0 U R
7 43 0 0 U R
7 44 0 0 U R
7 45 0 0 U R
7 46 0 0 U R
7 47 0 0 U R
7 48 0 0 U R
7 49 0 0 U R
7 50 0 0 U R
7 51 0 0 U R
7 52 0 0 U R
7 53 0 0 U R
7 54 0 0 U R
7 55 0 0 U R
7 56 0 0 U R
7 57 0 0 U R
7 58 0 0 U R
7 59 0 0 U R
7 60 0 0 U R
7 61 0 0 U R
7 62 0 0 U R
7 63 0 0 U R
7 64 0 0 U R
7 65 0 0 U R
7 66 0 0 U R
7 67 0 0 U R
7 68 0 0 U R
7 69 0 0 U R
7 70 0 0 U R
7 71 0 0 U R
7 72 0 0 U R
7 73 0 0 U R
7 74 0 0 U R
7 75 0 0 U R
7 76 0 0 U R
7 77 0 0 U R
7 78 0 0 U R
7 79 0 0 U R
7 80 0 0 U R
7 81 0 0 U R
7 82 0 0 U R
7 83 0 0 U R
7 84 0 0 U R
7 85 0 0 U R
7 86 0 0 U R
7 87 0 0 U R
7 88 0 0 U R
7 89 0 0 U R
7 90 0 0 U R
7 91 0 0 U R
7 92 0 0 U R
7 93 0 0 U R
7 94 0 0 U R
7 95 0 0 U R
7 96 0 0 U R
7 97 0 0 U R
7 98 0 0 U R
7 99 0 0 U R
7 100 0 0 U R
7 101 0 0 U R
7 102 0 0 U R
7 103 0 0 U R
7 104 0 0 U R
7 105 0 0 U R
7 106 0 0 U R
7 107 0 0 U R
7 108 0 0 U R
7 109 0 0 U R
7 110 0 0 U R
7 111 0 0 U R
7 112 0 0 U R
7 113 0 0 U R
7 114 0 0 U R
7 115 0 0 U R
7 116 0 0 U R
7 117 0 0 U R
7 118 0 0 U R
7 119 0 0 U R
7 120 0 0 U R
7 121 0 0 U R
7 122 0 0 U R
7 123 0 0 U R
7 124 0 0 U R
7 125 0 0 U R
7 126 0 0 U R
7 127 0 0 U R
7 128 0 0 U R
7 129 0 0 U R
7 130 0 0 U R
7 131 0 0 U R
7 132 0 0 U R
7 133 0 0 U R
7 134 0 0 U R
7 135 0 0 U R
7 136 0 0 U R
7 137 0 0 U R
7 138 0 0 U R
7 139 0 0 U R
7 140 0 0 U R
7 141 0 0 U R
7 142 0 0 U R
7 143 0 0 U R
7 144 0 0 U R
7 145 0 0 U R
7 146 0 0 U R
7 147 0 0 U R
7 148 0 0 U R
7 149 0 0 U R
7 150 0 0 U R
7 151 0 0 U R
7 152 0 0 U R
7 153 0 0 U R
7 154 0 0 U R
7 155 0 0 U R
7 156 0 0 U R
7 157 0 0 U R
7 158 0 0 U R
7 159 0 0 U R
7 160 0 0 U R
7 161 0 0 U R
7 162 0 0 U R
7 163 0 0 U R
7 164 0 0 U R
7 165 0 0 U R
7 166 0 0 U R
7 167 0 0 U R
7 168 0 0 U R
7 169 0 0 U R
7 170 0 0 U R
7 171 0 0 U R
7 172 0 0 U R
7 173 0 0 U R
7 174 0 0 U R
7 175 0 0 U R
7 176 0 0 U R
7 177 0 0 U R
7 178 0 0 U R
7 179 0 0 U R
7 180 0 0 U R
7 181 0 0 U R
7 182 0 0 U R
7 183 0 0 U R
7 184 0 0 U R
7 185 0 0 U R
7 186 0 0 U R
7 187 0 0 U R
7 188 0 0 U R
7 189 0 0 U R
7 190 0 0 U R
7 191 0 0 U R
7 192 0 0 U R
7 193 0 0 U R
7 194 0 0 U R
7 195 0 0 U R
7 196 0 0 U R
7 197 0 0 U R
7 198 0 0 U R
7 199 0 0 U R
8 0 0 0 U L
8 1 0 0 U D
8 2 0 0 R D
8 3 0 0 R L
8 4 0 0 R L
8 5 0 0 R L
8 6 0 0 U D
8 7 0 0 R D
8 8 0 0 D D
8 9 0 0 D D
8 10 0 0 D L
8 11 0 0 D D
8 12 0 0 L R
8 13 0 0 D R
8 14 1 0 R R
8 15 1 0 D R
8 16 1 0 D R
8 17 1 0 R R
8 18 1 0 R R
8 19 1 0 R U
8 20 1 0 D R
8 21 1 0 D D
8 22 1 0 D D
8 23 1 0 D D
8 24 1 0 D D
8 25 1 1 D D
8 26 1 1 U U
8 27 1 1 U U
8 28 1 1 U U
8 29 1 1 U U
8 30 1 1 U U
8 31 1 1 U U
8 32 1 1 U U
8 33 1 1 U U
8 34 1 1 U U
8 35 1 1 U U
8 36 1 1 L U
8 37 1 1 U U
8 38 1 1 U L
8 39 1 1 U L
8 40 1 1 L D
8 41 1 1 D L
8 42 1 1 D U
8 43 1 1 D D
8 44 2 1 D L
8 45 2 1 S S
8 46 2 1 S S
8 47 2 1 S S
8 48 2 1 S S
8 49 2 1 S S
8 50 2 1 S S
8 51 2 1 S S
8 52 2 1 S S
8 53 2 1 S S
8 54 2 1 S S
8 55 2 1 S S
8 56 2 1 S S
8 57 2 1 S S
8 58 2 1 S S
8 59 2 1 S S
8 60 2 1 S S
8 61 2 1 S S
8 62 2 1 S S
8 63 2 1 S S
8 64 2 1 S S
8 65 2 1 S S
8 66 2 1 S S
8 67 2 1 S S
8 68 2 1 S S
8 69 2 1 S S
8 70 2 1 S S
8 71 2 1 S S
8 72 2 1 S S
8 73 2 1 S S
8 74 2 1 S S
8 75 2 1 S S
8 76 2 1 S S
8 77 2 1 S S
8 78 2 1 S S
8 79 2 1 S S
8 80 2 1 S S
8 81 2 1 S S
8 82 2 1 S S
8 83 2 1 S S
8 84 2 1 S S
8 85 2 1 S S
8 86 2 1 S S
8 87 2 1 S S
8 88 2 1 S S
8 89 2 1 S S
8 90 2 1 S S
8 91 2 1 S S
8 92 2 1 S S
8 93 2 1 S S
8 94 2 1 S S
8 95 2 1 S S
8 96 2 1 S S
8 97 2 1 S S
8 98 2 1 S S
8 99 2 1 S S
8 100 2 1 S S
8 101 2 1 S S
8 102 2 1 S S
8 103 2 1 S S
8 104 2 1 S S
8 105 2 1 S S
8 106 2 1 S S
8 107 2 1 S S
8 108 2 1 S S
8 109 2 1 S S
8 110 2 1 S S
8 111 2 1 S S
8 112 2 1 S S
8 113 2 1 S S
8 114 2 1 S S
8 115 2 1 S S
8 116 2 1 S S
8 117 2 1 S S
8 118 2 1 S S
8 119 2 1 S S
8 120 2 1 S S
8 121 2 1 S S
8 122 2 1 S S
8 123 2 1 S S
8 124 2 1 S S
8 125 2 1 S S
8 126 2 1 S S
8 127 2 1 S S
8 128 2 1 S S
8 129 2 1 S S
8 130 2 1 S S
8 131 2 1 S S
8 132 2 1 S S
8 133 2 1 S S
8 134 2 1 S S
8 135 2 1 S S
8 136 2 1 S S
8 137 2 1 S S
8 138 2 1 S S
8 139 2 1 S S
8 140 2 1 S S
8 141 2 1 S S
8 142 2 1 S S
8 143 2 1 S S
8 144 2 1 S S
8 145 2 1 S S
8 146 2 1 S S
8 147 2 1 S S
8 148 2 1 S S
8 149 2 1 S S
8 150 2 1 S S
8 151 2 1 S S
8 152 2 1 S S
8 153 2 1 S S
8 154 2 1 S S
8 155 2 1 S S
8 156 2 1 S S
8 157 2 1 S S
8 158 2 1 S S
8 159 2 1 S S
8 160 2 1 S S
8 161 2 1 S S
8 162 2 1 S S
8 163 2 1 S S
8 164 2 1 S S
8 165 2 1 S S
8 166 2 1 S S
8 167 2 1 S S
8 168 2 1 S S
8 169 2 1 S S
8 170 2 1 S S
8 171 2 1 S S
8 172 2 1 S S
8 173 2 1 S S
8 174 2 1 S S
8 175 2 1 S S
8 176 2 1 S S
8 177 2 1 S S
8 178 2 1 S S
8 179 2 1 S S
8 180 2 1 S S
8 181 2 1 S S
8 182 2 1 S S
8 183 2 1 S S
8 184 2 1 S S
8 185 2 1 S S
8 186 2 1 S S
8 187 2 1 S S
8 188 2 1 S S
8 189 2 1 S S
8 190 2 1 S S
8 191 2 1 S S
8 192 2 1 S S
8 193 2 1 S S
8 194 2 1 S S
8 195 2 1 S S
8 196 2 1 S S
8 197 2 1 S S
8 198 2 1 S S
8 199 2 1 S S
9 0 0 0 U R
9 1 0 0 R R
9 2 0 0 R R
9 3 0 0 R U
9 4 0 0 R R
9 5 0 0 R R
9 6 0 0 L L
9 7 0 0 R R
9 8 0 0 L L
9 9 0 0 R R
9 10 0 0 L L
9 11 0 0 R R
9 12 0 0 L L
9 13 0 0 R R
9 14 0 0 L L
9 15 0 0 R R
9 16 0 0 L L
9 17 0 0 R R
9 18 0 0 L L
9 19 0 0 R R
9 20 0 0 L L
9 21 0 0 R R
9 22 0 0 L L
9 23 0 0 R R
9 24 0 0 L L
9 25 0 0 R R
9 26 0 0 L L
9 27 0 0 R R
9 28 0 0 L L
9 29 0 0 R R
9 30 0 0 L L
9 31 0 0 R R
9 32 0 0 L L
9 33 0 0 R R
9 34 0 0 L L
9 35 0 0 R R
9 36 0 0 L L
9 37 0 0 R R
9 38 0 0 L L
9 39 0 0 R R
9 40 0 0 L L
9 41 0 0 R R
9 42 0 0 L L
9 43 0 0 R R
9 44 0 0 L L
9 45 0 0 R R
9 46 0 0 L L
9 47 0 0 R R
9 48 0 0 L L
9 49 0 0 R R
9 50 0 0 L L
9 51 0 0 R R
9 52 0 0 L L
9 53 0 0 R R
9 54 0 0 L L
9 55 0 0 R R
9 56 0 0 L L
9 57 0 0 R R
9 58 0 0 L L
9 59 0 0 R R
9 60 0 0 L L
9 61 0 0 R R
9 62 0 0 L L
9 63 0 0 R R
9 64 0 0 L L
9 65 0 0 R R
9 66 0 0 L L
9 67 0 0 R R
9 68 0 0 L L
9 69 0 0 R R
9 70 0 0 L L
9 71 0 0 R R
9 72 0 0 L L
9 73 0 0 R R
9 74 0 0 L L
9 75 0 0 R R
9 76 0 0 L L
9 77 0 0 R R
9 78 0 0 L L
9 79 0 0 R R
9 80 0 0 L L
9 81 0 0 R R
9 82 0 0 L L
9 83 0 0 R R
9 84 0 0 L L
9 85 0 0 R R
9 86 0 0 L L
9 87 0 0 R R
9 88 0 0 L L
9 89 0 0 R R
9 90 0 0 L L
9 91 0 0 R R
9 92 0 0 L L
9 93 0 0 R R
9 94 0 0 L L
9 95 0 0 R R
9 96 0 0 L L
9 97 0 0 R R
9 98 0 0 L L
9 99 0 0 R R
9 100 0 0 L L
9 101 0 0 R R
9 102 0 0 L L
9 103 0 0 R R
9 104 0 0 L L
9 105 0 0 R R
9 106 0 0 L L
9 107 0 0 R R
9 108 0 0 L L
9 109 0 0 R R
9 110 0 0 L L
9 111 0 0 R R
9 112 0 0 L L
9 113 0 0 R R
9 114 0 0 L L
9 115 0 0 R R
9 116 0 0 L L
9 117 0 0 R R
9 118 0 0 L L
9 119 0 0 R R
9 120 0 0 L L
9 121 0 0 R R
9 122 0 0 L L
9 123 0 0 R R
9 124 0 0 L L
9 125 0 0 R R
9 126 0 0 L L
9 127 0 0 R R
9 128 0 0 L L
9 129 0 0 R R
9 130 0 0 L L
9 131 0 0 R R
9 132 0 0 L L
9 133 0 0 R R
9 134 0 0 L L
9 135 0 0 R R
9 136 0 0 L L
9 137 0 0 R R
9 138 0 0 L L
9 139 0 0 R R
9 140 0 0 L L
9 141 0 0 R R
9 142 0 0 L L
9 143 0 0 R R
9 144 0 0 L L
9 145 0 0 R R
9 146 0 0 L L
9 147 0 0 R R
9 148 0 0 L L
9 149 0 0 R R
9 150 0 0 L L
9 151 0 0 R R
9 152 0 0 L L
9 153 0 0 R R
9 154 0 0 L L
9 155 0 0 R R
9 156 0 0 L L
9 157 0 0 R R
9 158 0 0 L L
9 159 0 0 R R
9 160 0 0 L L
9 161 0 0 R R
9 162 0 0 L L
9 163 0 0 R R
9 164 0 0 L L
9 165 0 0 R R
9 166 0 0 L L
9 167 0 0 R R
9 168 0 0 L L
9 169 0 0 R R
9 170 0 0 L L
9 171 0 0 R R
9 172 0 0 L L
9 173 0 0 R R
9 174 0 0 L L
9 175 0 0 R R
9 176 0 0 L L
9 177 0 0 R R
9 178 0 0 L L
9 179 0 0 R R
9 180 0 0 L L
9 181 0 0 R R
9 182 0 0 L L
9 183 0 0 R R
9 184 0 0 L L
9 185 0 0 R R
9 186 0 0 L L
9 187 0 0 R R
9 188 0 0 L L
9 189 0 0 R R
9 190 0 0 L L
9 191 0 0 R R
9 192 0 0 L L
9 193 0 0 R R
9 194 0 0 L L
9 195 0 0 R R
9 196 0 0 L L
9 197 0 0 R R
9 198 0 0 L L
9 199 0 0 R R
10 0 0 0 D U
10 1 0 0 D U
10 2 0 0 D U
10 3 0 0 L U
10 4 0 0 L U
10 5 0 0 L U
10 6 0 0 U R
10 7 0 0 U R
10 8 0 0 U R
10 9 0 0 U D
10 10 0 0 U D
10 11 0 0 L D
10 12 0 0 U D
10 13 0 1 R D
10 14 1 1 R U
10 15 1 1 U U
10 16 1 1 U U
10 17 1 1 U U
10 18 1 1 U U
10 19 1 1 U U
10 20 1 1 U U
10 21 1 1 R U
10 22 1 1 R U
10 23 1 1 R L
10 24 1 1 R L
10 25 1 1 U U
10 26 1 1 U U
10 27 1 1 U S
10 28 1 1 R D
10 29 1 1 R D
10 30 1 1 D L
10 31 1 1 L S
10 32 1 1 L L
10 33 1 1 U U
10 34 1 1 L L
10 35 1 1 L L
10 36 1 1 R U
10 37 1 1 D R
10 38 1 1 D R
10 39 1 1 D R
10 40 1 1 D R
10 41 1 1 D R
10 42 1 1 D R
10 43 1 1 D R
10 44 1 1 D R
10 45 1 1 D R
10 46 1 1 D R
10 47 1 1 D R
10 48 1 1 D R
10 49 1 1 D R
10 50 1 1 D R
10 51 1 1 D R
10 52 1 1 D R
10 53 1 1 D R
10 54 1 1 D R
10 55 1 1 D R
10 56 1 1 D R
10 57 1 1 D R
10 58 1 1 D R
10 59 1 1 D R
10 60 1 1 D R
10 61 1 1 D R
10 62 1 1 D R
10 63 1 1 D R
10 64 1 1 D R
10 65 1 1 D R
10 66 1 1 D R
10 67 1 1 D R
10 68 1 1 D R
10 69 1 1 D R
10 70 1 1 D R
10 71 1 1 D R
10 72 1 1 D R
10 73 1 1 D R
10 74 1 1 D R
10 75 1 1 D R
10 76 1 1 D R
10 77 1 1 D R
10 78 1 1 D R
10 79 1 1 D R
10 80 1 1 D R
10 81 1 1 D R
10 82 1 1 D R
10 83 1 1 D R
10 84 1 1 D R
10 85 1 1 D R
10 86 1 1 D R
10 87 1 1 D R
10 88 1 1 D R
10 89 1 1 D R
10 90 1 1 D R
10 91 1 1 D R
10 92 1 1 D R
10 93 1 1 D R
10 94 1 1 D R
10 95 1 1 D R
10 96 1 1 D R
10 97 1 1 D R
10 98 1 1 D R
10 99 1 1 D R
10 100 1 1 D R
10 101 1 1 D R
10 102 1 1 D R
10 103 1 1 D R
10 104 1 1 D R
10 105 1 1 D R
10 106 1 1 D R
10 107 1 1 D R
10 108 1 1 D R
10 109 1 1 D R
10 110 1 1 D R
10 111 1 1 D R
10 112 1 1 D R
10 113 1 1 D R
10 114 1 1 D R
10 115 1 1 D R
10 116 1 1 D R
10 117 1 1 D R
10 118 1 1 D R
10 119 1 1 D R
10 120 1 1 D R
10 121 1 1 D R
10 122 1 1 D R
10 123 1 1 D R
10 124 1 1 D R
10 125 1 1 D R
10 126 1 1 D R
10 127 1 1 D R
10 128 1 1 D R
10 129 1 1 D R
10 130 1 1 D R
10 131 1 1 D R
10 132 1 1 D R
10 133 1 1 D R
10 134 1 1 D R
10 135 1 1 D R
10 136 1 1 D R
10 137 1 1 D R
10 138 1 1 D R
10 139 1 1 D R
10 140 1 1 D R
10 141 1 1 D R
10 142 1 1 D R
10 143 1 1 D R
10 144 1 1 D R
10 145 1 1 D R
10 146 1 1 D R
10 147 1 1 D R
10 148 1 1 D R
10 149 1 1 D R
10 150 1 1 D R
10 151 1 1 D R
10 152 1 1 D R
10 153 1 1 D R
10 154 1 1 D R
10 155 1 1 D R
10 156 1 1 D R
10 157 1 1 D R
10 158 1 1 D R
10 159 1 1 D R
10 160 1 1 D R
10 161 1 1 D R
10 162 1 1 D R
10 163 1 1 D R
10 164 1 1 D R
10 165 1 1 D R
10 166 1 1 D R
10 167 1 1 D R
10 168 1 1 D R
10 169 1 1 D R
10 170 1 1 D R
10 171 1 1 D R
10 172 1 1 D R
10 173 1 1 D R
10 174 1 1 D R
10 175 1 1 D R
10 176 1 1 D R
10 177 1 1 D R
10 178 1 1 D R
10 179 1 1 D R
10 180 1 1 D R
10 181 1 1 D R
10 182 1 1 D R
10 183 1 1 D R
10 184 1 1 D R
10 185 1 1 D R
10 186 1 1 D R
10 187 1 1 D R
10 188 1 1 D R
10 189 1 1 D R
10 190 1 1 D R
10 191 1 1 D R
10 192 1 1 D R
10 193 1 1 D R
10 194 1 1 D R
10 195 1 1 D R
10 196 1 1 D R
10 197 1 1 D R
10 198 1 1 D R
10 199 1 1 D R
11 0 0 0 D D
11 1 0 0 D D
11 2 0 0 L D
11 3 0 0 L D
11 4 0 0 L R
11 5 0 0 D D
11 6 0 0 L D
11 7 1 0 U L
11 8 1 0 L D
11 9 1 0 L D
11 10 1 0 L D
11 11 1 0 L D
11 12 1 0 L D
11 13 1 0 L D
11 14 1 0 L D
11 15 1 0 L D
11 16 1 0 L D
11 17 1 0 L D
11 18 1 0 L D
11 19 1 0 L D
11 20 1 0 L D
11 21 1 0 L D
11 22 1 0 L D
11 23 1 0 L D
11 24 1 0 L D
11 25 1 0 L D
11 26 1 0 L D
11 27 1 0 L D
11 28 1 0 L D
11 29 1 0 L D
11 30 1 0 L D
11 31 1 0 L D
11 32 1 0 L D
11 33 1 0 L D
11 34 1 0 L D
11 35 1 0 L D
11 36 1 0 L D
11 37 1 0 L D
11 38 1 0 L D
11 39 1 0 L D
11 40 1 0 L D
11 41 1 0 L D
11 42 1 0 L D
11 43 1 0 L D
11 44 1 0 L D
11 45 1 0 L D
11 46 1 0 L D
11 47 1 0 L D
11 48 1 0 L D
11 49 1 0 L D
11 50 1 0 L D
11 51 1 0 L D
11 52 1 0 L D
11 53 1 0 L D
11 54 1 0 L D
11 55 1 0 L D
11 56 1 0 L D
11 57 1 0 L D
11 58 1 0 L D
11 59 1 0 L D
11 60 1 0 L D
11 61 1 0 L D
11 62 1 0 L D
11 63 1 0 L D
11 64 1 0 L D
11 65 1 0 L D
11 66 1 0 L D
11 67 1 0 L D
11 68 1 0 L D
11 69 1 0 L D
11 70 1 0 L D
11 71 1 0 L D
11 72 1 0 L D
11 73 1 0 L D
11 74 1 0 L D
11 75 1 0 L D
11 76 1 0 L D
11 77 1 0 L D
11 78 1 0 L D
11 79 1 0 L D
11 80 1 0 L D
11 81 1 0 L D
11 82 1 0 L D
11 83 1 0 L D
11 84 1 0 L D
11 85 1 0 L D
11 86 1 0 L D
11 87 1 0 L D
11 88 1 0 L D
11 89 1 0 L D
11 90 1 0 L D
11 91 1 0 L D
11 92 1 0 L D
11 93 1 0 L D
11 94 1 0 L D
11 95 1 0 L D
11 96 1 0 L D
11 97 1 0 L D
11 98 1 0 L D
11 99 1 0 L D
11 100 1 0 L D
11 101 1 0 L D
11 102 1 0 L D
11 103 1 0 L D
11 104 1 0 L D
11 105 1 0 L D
11 106 1 0 L D
11 107 1 0 L D
11 108 1 0 L D
11 109 1 0 L D
11 110 1 0 L D
11 111 1 0 L D
11 112 1 0 L D
11 113 1 0 L D
11 114 1 0 L D
11 115 1 0 L D
11 116 1 0 L D
11 117 1 0 L D
11 118 1 0 L D
11 119 1 0 L D
11 120 1 0 L D
11 121 1 0 L D
11 122 1 0 L D
11 123 1 0 L D
11 124 1 0 L D
11 125 1 0 L D
11 126 1 0 L D
11 127 1 0 L D
11 128 1 0 L D
11 129 1 0 L D
11 130 1 0 L D
11 131 1 0 L D
11 132 1 0 L D
11 133 1 0 L D
11 134 1 0 L D
11 135 1 0 L D
11 136 1 0 L D
11 137 1 0 L D
11 138 1 0 L D
11 139 1 0 L D
11 140 1 0 L D
11 141 1 0 L D
11 142 1 0 L D
11 143 1 0 L D
11 144 1 0 L D
11 145 1 0 L D
11 146 1 0 L D
11 147 1 0 L D
11 148 1 0 L D
11 149 1 0 L D
11 150 1 0 L D
11 151 1 0 L D
11 152 1 0 L D
11 153 1 0 L D
11 154 1 0 L D
11 155 1 0 L D
11 156 1 0 L D
11 157 1 0 L D
11 158 1 0 L D
11 159 1 0 L D
11 160 1 0 L D
11 161 1 0 L D
11 162 1 0 L D
11 163 1 0 L D
11 164 1 0 L D
11 165 1 0 L D
11 166 1 0 L D
11 167 1 0 L D
11 168 1 0 L D
11 169 1 0 L D
11 170 1 0 L D
11 171 1 0 L D
11 172 1 0 L D
11 173 1 0 L D
11 174 1 0 L D
11 175 1 0 L D
11 176 1 0 L D
11 177 1 0 L D
11 178 1 0 L D
11 179 1 0 L D
11 180 1 0 L D
11 181 1 0 L D
11 182 1 0 L D
11 183 1 0 L D
11 184 1 0 L D
11 185 1 0 L D
11 186 1 0 L D
11 187 1 0 L D
11 188 1 0 L D
11 189 1 0 L D
11 190 1 0 L D
11 191 1 0 L D
11 192 1 0 L D
11 193 1 0 L D
11 194 1 0 L D
11 195 1 0 L D
11 196 1 0 L D
11 197 1 0 L D
11 198 1 0 L D
11 199 1 0 L D
12 0 0 0 D D
12 1 0 0 D D
12 2 0 0 D D
12 3 0 0 D R
12 4 0 0 D R
12 5 0 0 D D
12 6 0 0 L D
12 7 0 0 D D
12 8 0 0 L D
12 9 0 0 D D
12 10 1 0 R D
12 11 1 0 D L
12 12 1 0 D D
12 13 1 0 D R
12 14 1 0 D R
12 15 1 0 D R
12 16 1 1 D R
12 17 1 1 L D
12 18 1 1 L L
12 19 1 1 L S
12 20 1 1 U S
12 21 1 1 U S
12 22 1 1 U S
12 23 1 1 U S
12 24 1 1 U S
12 25 1 1 R S
12 26 1 1 L U
12 27 1 1 R S
12 28 1 1 L U
12 29 1 1 R S
12 30 1 1 L U
12 31 1 1 R S
12 32 1 1 L U
12 33 1 1 R S
12 34 1 1 L U
12 35 1 1 R S
12 36 1 1 L U
12 37 1 1 R S
12 38 1 1 L L
12 39 1 1 R S
12 40 1 1 L L
12 41 1 1 R S
12 42 1 1 L L
12 43 1 1 R S
12 44 1 1 L L
12 45 1 1 R S
12 46 1 1 L L
12 47 1 1 R S
12 48 1 1 L L
12 49 1 1 R S
12 50 1 1 L L
12 51 1 1 R S
12 52 1 1 L L
12 53 1 1 R S
12 54 1 1 L L
12 55 1 1 R S
12 56 1 1 L D
12 57 1 1 L D
12 58 1 1 L D
12 59 1 1 L D
12 60 1 1 L D
12 61 1 1 L D
12 62 1 1 L D
12 63 1 1 L D
12 64 1 1 L D
12 65 1 1 L D
12 66 1 1 L D
12 67 1 1 L D
12 68 1 1 L D
12 69 1 1 L D
12 70 1 1 L D
12 71 1 1 L D
12 72 1 1 L D
12 73 1 1 L D
12 74 1 1 L D
12 75 1 1 L D
12 76 1 1 L D
12 77 1 1 L D
12 78 1 1 L D
12 79 1 1 L D
12 80 1 1 L D
12 81 1 1 L D
12 82 1 1 L D
12 83 1 1 L D
12 84 1 1 L D
12 85 1 1 L D
12 86 1 1 L D
12 87 1 1 L D
12 88 1 1 L D
12 89 1 1 L D
12 90 1 1 L D
12 91 1 1 L D
12 92 1 1 L D
12 93 1 1 L D
12 94 1 1 L D
12 95 1 1 L D
12 96 1 1 L D
12 97 1 1 L D
12 98 1 1 L D
12 99 1 1 L D
12 100 1 1 L D
12 101 1 1 L D
12 102 1 1 L D
12 103 1 1 L D
12 104 1 1 L D
12 105 1 1 L D
12 106 1 1 L D
12 107 1 1 L D
12 108 1 1 L D
12 109 1 1 L D
12 110 1 1 L D
12 111 1 1 L D
12 112 1 1 L D
12 113 1 1 L D
12 114 1 1 L D
12 115 1 1 L D
12 116 1 1 L D
12 117 1 1 L D
12 118 1 1 L D
12 119 1 1 L D
12 120 1 1 L D
12 121 1 1 L D
12 122 1 1 L D
12 123 1 1 L D
12 124 1 1 L D
12 125 1 1 L D
12 126 1 1 L D
12 127 1 1 L D
12 128 1 1 L D
12 129 1 1 L D
12 130 1 1 L D
12 131 1 1 L D
12 132 1 1 L D
12 133 1 1 L D
12 134 1 1 L D
12 135 1 1 L D
12 136 1 1 L D
12 137 1 1 L D
12 138 1 1 L D
12 139 1 1 L D
12 140 1 1 L D
12 141 1 1 L D
12 142 1 1 L D
12 143 1 1 L D
12 144 1 1 L D
12 145 1 1 L D
12 146 1 1 L D
12 147 1 1 L D
12 148 1 1 L D
12 149 1 1 L D
12 150 1 1 L D
12 151 1 1 L D
12 152 1 1 L D
12 153 1 1 L D
12 154 1 1 L D
12 155 1 1 L D
12 156 1 1 L D
12 157 1 1 L D
12 158 1 1 L D
12 159 1 1 L D
12 160 1 1 L D
12 161 1 1 L D
12 162 1 1 L D
12 163 1 1 L D
12 164 1 1 L D
12 165 1 1 L D
12 166 1 1 L D
12 167 1 1 L D
12 168 1 1 L D
12 169 1 1 L D
12 170 1 1 L D
12 171 1 1 L D
12 172 1 1 L D
12 173 1 1 L D
12 174 1 1 L D
12 175 1 1 L D
12 176 1 1 L D
12 177 1 1 L D
12 178 1 1 L D
12 179 1 1 L D
12 180 1 1 L D
12 181 1 1 L D
12 182 1 1 L D
12 183 1 1 L D
12 184 1 1 L D
12 185 1 1 L D
12 186 1 1 L D
12 187 1 1 L D
12 188 1 1 L D
12 189 1 1 L D
12 190 1 1 L D
12 191 1 1 L D
12 192 1 1 L D
12 193 1 1 L D
12 194 1 1 L D
12 195 1 1 L D
12 196 1 1 L D
12 197 1 1 L D
12 198 1 1 L D
12 199 1 1 L D
13 0 0 0 U U
13 1 0 0 U R
13 2 0 0 U D
13 3 0 0 U D
13 4 0 0 D D
13 5 0 0 D D
13 6 0 0 D D
13 7 0 1 D D
13 8 0 1 U U
13 9 0 1 U U
13 10 0 1 U U
13 11 0 1 U U
13 12 0 1 U U
13 13 0 1 U U
13 14 0 1 D U
13 15 0 1 L L
13 16 0 1 L L
13 17 0 1 L L
13 18 0 1 L L
13 19 0 1 U D
13 20 0 1 D D
13 21 0 1 D D
13 22 0 1 D D
13 23 0 1 D D
13 24 0 1 D D
13 25 0 1 D D
13 26 0 1 D L
13 27 0 1 D D
13 28 0 1 D R
13 29 0 1 D R
13 30 0 1 D R
13 31 0 2 D R
13 32 0 2 U U
13 33 0 2 U U
13 34 0 2 U U
13 35 0 2 U U
13 36 0 2 U U
13 37 0 2 U U
13 38 0 2 U U
13 39 0 2 U U
13 40 0 2 U L
13 41 0 2 L L
13 42 0 2 L L
13 43 0 2 L L
13 44 0 2 L L
13 45 0 2 L L
13 46 1 2 D L
13 47 1 2 S S
13 48 1 2 S S
13 49 1 2 S S
13 50 1 2 S S
13 51 1 2 S S
13 52 1 2 S S
13 53 1 2 S S
13 54 1 2 S S
13 55 1 2 S S
13 56 1 2 S S
13 57 1 2 S S
13 58 1 2 S S
13 59 1 2 S S
13 60 1 2 S S
13 61 1 2 S S
13 62 1 2 S S
13 63 1 2 S S
13 64 1 2 S S
13 65 1 2 S S
13 66 1 2 S S
13 67 1 2 S S
13 68 1 2 S S
13 69 1 2 S S
13 70 1 2 S S
13 71 1 2 S S
13 72 1 2 S S
13 73 1 2 S S
13 74 1 2 S S
13 75 1 2 S S
13 76 1 2 S S
13 77 1 2 S S
13 78 1 2 S S
13 79 1 2 S S
13 80 1 2 S S
13 81 1 2 S S
13 82 1 2 S S
13 83 1 2 S S
13 84 1 2 S S
13 85 1 2 S S
13 86 1 2 S S
13 87 1 2 S S
13 88 1 2 S S
13 89 1 2 S S
13 90 1 2 S S
13 91 1 2 S S
13 92 1 2 S S
13 93 1 2 S S
13 94 1 2 S S
13 95 1 2 S S
13 96 1 2 S S
13 97 1 2 S S
13 98 1 2 S S
13 99 1 2 S S
13 100 1 2 S S
13 101 1 2 S S
13 102 1 2 S S
13 103 1 2 S S
13 104 1 2 S S
13 105 1 2 S S
13 106 1 2 S S
13 107 1 2 S S
13 108 1 2 S S
13 109 1 2 S S
13 110 1 2 S S
13 111 1 2 S S
13 112 1 2 S S
13 113 1 2 S S
13 114 1 2 S S
13 115 1 2 S S
13 116 1 2 S S
13 117 1 2 S S
13 118 1 2 S S
13 119 1 2 S S
13 120 1 2 S S
13 121 1 2 S S
13 122 1 2 S S
13 123 1 2 S S
13 124 1 2 S S
13 125 1 2 S S
13 126 1 2 S S
13 127 1 2 S S
13 128 1 2 S S
13 129 1 2 S S
13 130 1 2 S S
13 131 1 2 S S
13 132 1 2 S S
13 133 1 2 S S
13 134 1 2 S S
13 135 1 2 S S
13 136 1 2 S S
13 137 1 2 S S
13 138 1 2 S S
13 139 1 2 S S
13 140 1 2 S S
13 141 1 2 S S
13 142 1 2 S S
13 143 1 2 S S
13 144 1 2 S S
13 145 1 2 S S
13 146 1 2 S S
13 147 1 2 S S
13 148 1 2 S S
13 149 1 2 S S
13 150 1 2 S S
13 151 1 2 S S
13 152 1 2 S S
13 153 1 2 S S
13 154 1 2 S S
13 155 1 2 S S
13 156 1 2 S S
13 157 1 2 S S
13 158 1 2 S S
13 159 1 2 S S
13 160 1 2 S S
13 161 1 2 S S
13 162 1 2 S S
13 163 1 2 S S
13 164 1 2 S S
13 165 1 2 S S
13 166 1 2 S S
13 167 1 2 S S
13 168 1 2 S S
13 169 1 2 S S
13 170 1 2 S S
13 171 1 2 S S
13 172 1 2 S S
13 173 1 2 S S
13 174 1 2 S S
13 175 1 2 S S
13 176 1 2 S S
13 177 1 2 S S
13 178 1 2 S S
13 179 1 2 S S
13 180 1 2 S S
13 181 1 2 S S
13 182 1 2 S S
13 183 1 2 S S
13 184 1 2 S S
13 185 1 2 S S
13 186 1 2 S S
13 187 1 2 S S
13 188 1 2 S S
13 189 1 2 S S
13 190 1 2 S S
13 191 1 2 S S
13 192 1 2 S S
13 193 1 2 S S
13 194 1 2 S S
13 195 1 2 S S
13 196 1 2 S S
13 197 1 2 S S
13 198 1 2 S S
13 199 1 2 S S
14 0 0 0 L U
14 1 0 0 L U
14 2 0 0 U U
14 3 0 0 U U
14 4 0 0 U U
14 5 0 0 R R
14 6 0 0 U R
14 7 0 0 L U
14 8 1 0 L U
14 9 1 0 D L
14 10 1 0 L D
14 11 1 0 U D
14 12 1 0 U D
14 13 1 0 U L
14 14 1 0 D D
14 15 1 0 L R
14 16 1 0 D R
14 17 1 0 D R
14 18 1 0 D R
14 19 1 0 D R
14 20 1 0 D R
14 21 1 0 D R
14 22 1 0 D R
14 23 1 0 D R
14 24 1 0 D R
14 25 1 0 D R
14 26 1 0 D R
14 27 1 0 D R
14 28 1 0 D R
14 29 1 0 D R
14 30 1 0 D R
14 31 1 0 D R
14 32 1 0 D R
14 33 1 0 D R
14 34 1 0 D R
14 35 1 0 D R
14 36 1 0 D R
14 37 1 0 D R
14 38 1 0 D R
14 39 1 0 D R
14 40 1 0 D R
14 41 1 0 D R
14 42 1 0 D R
14 43 1 0 D R
14 44 1 0 D R
14 45 1 0 D R
14 46 1 0 D R
14 47 1 0 D R
14 48 1 0 D R
14 49 1 0 D R
14 50 1 0 D R
14 51 1 0 D R
14 52 1 0 D R
14 53 1 0 D R
14 54 1 0 D R
14 55 1 0 D R
14 56 1 0 D R
14 57 1 0 D R
14 58 1 0 D R
14 59 1 0 D R
14 60 1 0 D R
14 61 1 0 D R
14 62 1 0 D R
14 63 1 0 D R
14 64 1 0 D R
14 65 1 0 D R
14 66 1 0 D R
14 67 1 0 D R
14 68 1 0 D R
14 69 1 0 D R
14 70 1 0 D R
14 71 1 0 D R
14 72 1 0 D R
14 73 1 0 D R
14 74 1 0 D R
14 75 1 0 D R
14 76 1 0 D R
14 77 1 0 D R
14 78 1 0 D R
14 79 1 0 D R
14 80 1 0 D R
14 81 1 0 D R
14 82 1 0 D R
14 83 1 0 D R
14 84 1 0 D R
14 85 1 0 D R
14 86 1 0 D R
14 87 1 0 D R
14 88 1 0 D R
14 89 1 0 D R
14 90 1 0 D R
14 91 1 0 D R
14 92 1 0 D R
14 93 1 0 D R
14 94 1 0 D R
14 95 1 0 D R
14 96 1 0 D R
14 97 1 0 D R
14 98 1 0 D R
14 99 1 0 D R
14 100 1 0 D R
14 101 1 0 D R
14 102 1 0 D R
14 103 1 0 D R
14 104 1 0 D R
14 105 1 0 D R
14 106 1 0 D R
14 107 1 0 D R
14 108 1 0 D R
14 109 1 0 D R
14 110 1 0 D R
14 111 1 0 D R
14 112 1 0 D R
14 113 1 0 D R
14 114 1 0 D R
14 115 1 0 D R
14 116 1 0 D R
14 117 1 0 D R
14 118 1 0 D R
14 119 1 0 D R
14 120 1 0 D R
14 121 1 0 D R
14 122 1 0 D R
14 123 1 0 D R
14 124 1 0 D R
14 125 1 0 D R
14 126 1 0 D R
14 127 1 0 D R
14 128 1 0 D R
14 129 1 0 D R
14 130 1 0 D R
14 131 1 0 D R
14 132 1 0 D R
14 133 1 0 D R
14 134 1 0 D R
14 135 1 0 D R
14 136 1 0 D R
14 137 1 0 D R
14 138 1 0 D R
14 139 1 0 D R
14 140 1 0 D R
14 141 1 0 D R
14 142 1 0 D R
14 143 1 0 D R
14 144 1 0 D R
14 145 1 0 D R
14 146 1 0 D R
14 147 1 0 D R
14 148 1 0 D R
14 149 1 0 D R
14 150 1 0 D R
14 151 1 0 D R
14 152 1 0 D R
14 153 1 0 D R
14 154 1 0 D R
14 155 1 0 D R
14 156 1 0 D R
14 157 1 0 D R
14 158 1 0 D R
14 159 1 0 D R
14 160 1 0 D R
14 161 1 0 D R
14 162 1 0 D R
14 163 1 0 D R
14 164 1 0 D R
14 165 1 0 D R
14 166 1 0 D R
14 167 1 0 D R
14 168 1 0 D R
14 169 1 0 D R
14 170 1 0 D R
14 171 1 0 D R
14 172 1 0 D R
14 173 1 0 D R
14 174 1 0 D R
14 175 1 0 D R
14 176 1 0 D R
14 177 1 0 D R
14 178 1 0 D R
14 179 1 0 D R
14 180 1 0 D R
14 181 1 0 D R
14 182 1 0 D R
14 183 1 0 D R
14 184 1 0 D R
14 185 1 0 D R
14 186 1 0 D R
14 187 1 0 D R
14 188 1 0 D R
14 189 1 0 D R
14 190 1 0 D R
14 191 1 0 D R
14 192 1 0 D R
14 193 1 0 D R
14 194 1 0 D R
14 195 1 0 D R
14 196 1 0 D R
14 197 1 0 D R
14 198 1 0 D R
14 199 1 0 D R
15 0 0 0 U U
15 1 0 0 U U
15 2 0 0 U U
15 3 0 0 U U
15 4 0 0 U U
15 5 1 0 L U
15 6 1 0 D U
15 7 1 0 D U
15 8 1 0 L U
15 9 1 0 L R
15 10 1 0 U R
15 11 1 0 L R
15 12 1 0 U R
15 13 2 0 R R
15 14 2 0 U R
15 15 2 0 R R
15 16 2 0 R R
15 17 2 0 U R
15 18 2 0 D D
15 19 2 0 U D
15 20 2 0 D D
15 21 2 0 D D
15 22 2 0 D D
15 23 2 0 D D
15 24 2 0 D D
15 25 2 0 D D
15 26 2 0 D D
15 27 2 0 D R
15 28 2 0 D D
15 29 2 1 D L
15 30 2 1 S S
15 31 2 1 S S
15 32 2 1 S S
15 33 2 1 S S
15 34 2 1 S S
15 35 2 1 S S
15 36 2 1 S S
15 37 2 1 S S
15 38 2 1 S S
15 39 2 1 S S
15 40 2 1 S S
15 41 2 1 S S
15 42 2 1 S S
15 43 2 1 S S
15 44 2 1 S S
15 45 2 1 S S
15 46 2 1 S S
15 47 2 1 S S
15 48 2 1 S S
15 49 2 1 S S
15 50 2 1 S S
15 51 2 1 S S
15 52 2 1 S S
15 53 2 1 S S
15 54 2 1 S S
15 55 2 1 S S
15 56 2 1 S S
15 57 2 1 S S
15 58 2 1 S S
15 59 2 1 S S
15 60 2 1 S S
15 61 2 1 S S
15 62 2 1 S S
15 63 2 1 S S
15 64 2 1 S S
15 65 2 1 S S
15 66 2 1 S S
15 67 2 1 S S
15 68 2 1 S S
15 69 2 1 S S
15 70 2 1 S S
15 71 2 1 S S
15 72 2 1 S S
15 73 2 1 S S
15 74 2 1 S S
15 75 2 1 S S
15 76 2 1 S S
15 77 2 1 S S
15 78 2 1 S S
15 79 2 1 S S
15 80 2 1 S S
15 81 2 1 S S
15 82 2 1 S S
15 83 2 1 S S
15 84 2 1 S S
15 85 2 1 S S
15 86 2 1 S S
15 87 2 1 S S
15 88 2 1 S S
15 89 2 1 S S
15 90 2 1 S S
15 91 2 1 S S
15 92 2 1 S S
15 93 2 1 S S
15 94 2 1 S S
15 95 2 1 S S
15 96 2 1 S S
15 97 2 1 S S
15 98 2 1 S S
15 99 2 1 S S
15 100 2 1 S S
15 101 2 1 S S
15 102 2 1 S S
15 103 2 1 S S
15 104 2 1 S S
15 105 2 1 S S
15 106 2 1 S S
15 107 2 1 S S
15 108 2 1 S S
15 109 2 1 S S
15 110 2 1 S S
15 111 2 1 S S
15 112 2 1 S S
15 113 2 1 S S
15 114 2 1 S S
15 115 2 1 S S
15 116 2 1 S S
15 117 2 1 S S
15 118 2 1 S S
15 119 2 1 S S
15 120 2 1 S S
15 121 2 1 S S
15 122 2 1 S S
15 123 2 1 S S
15 124 2 1 S S
15 125 2 1 S S
15 126 2 1 S S
15 127 2 1 S S
15 128 2 1 S S
15 129 2 1 S S
15 130 2 1 S S
15 131 2 1 S S
15 132 2 1 S S
15 133 2 1 S S
15 134 2 1 S S
15 135 2 1 S S
15 136 2 1 S S
15 137 2 1 S S
15 138 2 1 S S
15 139 2 1 S S
15 140 2 1 S S
15 141 2 1 S S
15 142 2 1 S S
15 143 2 1 S S
15 144 2 1 S S
15 145 2 1 S S
15 146 2 1 S S
15 147 2 1 S S
15 148 2 1 S S
15 149 2 1 S S
15 150 2 1 S S
15 151 2 1 S S
15 152 2 1 S S
15 153 2 1 S S
15 154 2 1 S S
15 155 2 1 S S
15 156 2 1 S S
15 157 2 1 S S
15 158 2 1 S S
15 159 2 1 S S
15 160 2 1 S S
15 161 2 1 S S
15 162 2 1 S S
15 163 2 1 S S
15 164 2 1 S S
15 165 2 1 S S
15 166 2 1 S S
15 167 2 1 S S
15 168 2 1 S S
15 169 2 1 S S
15 170 2 1 S S
15 171 2 1 S S
15 172 2 1 S S
15 173 2 1 S S
15 174 2 1 S S
15 175 2 1 S S
15 176 2 1 S S
15 177 2 1 S S
15 178 2 1 S S
15 179 2 1 S S
15 180 2 1 S S
15 181 2 1 S S
15 182 2 1 S S
15 183 2 1 S S
15 184 2 1 S S
15 185 2 1 S S
15 186 2 1 S S
15 187 2 1 S S
15 188 2 1 S S
15 189 2 1 S S
15 190 2 1 S S
15 191 2 1 S S
15 192 2 1 S S
15 193 2 1 S S
15 194 2 1 S S
15 195 2 1 S S
15 196 2 1 S S
15 197 2 1 S S
15 198 2 1 S S
15 199 2 1 S S
16 0 0 0 U U
16 1 0 0 U U
16 2 0 0 U U
16 3 0 0 U U
16 4 0 0 U L
16 5 0 0 L L
16 6 0 0 L L
16 7 0 0 U D
16 8 0 0 L D
16 9 0 0 L D
16 10 0 0 L D
16 11 0 0 L D
16 12 0 0 L D
16 13 0 0 D D
16 14 0 0 D D
16 15 0 0 L L
16 16 0 0 D D
16 17 0 0 R R
16 18 0 0 R R
16 19 0 0 R R
16 20 1 0 R R
16 21 1 0 U R
16 22 1 0 U R
16 23 1 0 U R
16 24 1 0 U R
16 25 1 0 L R
16 26 1 1 L R
16 27 1 1 L U
16 28 1 1 L U
16 29 1 1 U U
16 30 1 1 R S
16 31 1 1 R S
16 32 1 1 R S
16 33 1 1 R S
16 34 1 1 D S
16 35 1 1 R U
16 36 1 1 L U
16 37 1 1 R U
16 38 1 1 L U
16 39 1 1 R U
16 40 1 1 L U
16 41 1 1 R U
16 42 1 1 L L
16 43 1 1 R L
16 44 1 1 L L
16 45 1 1 R U
16 46 1 1 L L
16 47 1 1 R L
16 48 1 1 L U
16 49 1 1 L U
16 50 1 1 L U
16 51 1 1 L U
16 52 1 1 L U
16 53 1 1 L U
16 54 1 1 L U
16 55 1 1 L U
16 56 1 1 L U
16 57 1 1 L U
16 58 1 1 L U
16 59 1 1 L U
16 60 1 1 L U
16 61 1 1 L U
16 62 1 1 L U
16 63 1 1 L U
16 64 1 1 L U
16 65 1 1 L U
16 66 1 1 L U
16 67 1 1 L U
16 68 1 1 L U
16 69 1 1 L U
16 70 1 1 L U
16 71 1 1 L U
16 72 1 1 L U
16 73 1 1 L U
16 74 1 1 L U
16 75 1 1 L U
16 76 1 1 L U
16 77 1 1 L U
16 78 1 1 L U
16 79 1 1 L U
16 80 1 1 L U
16 81 1 1 L U
16 82 1 1 L U
16 83 1 1 L U
16 84 1 1 L U
16 85 1 1 L U
16 86 1 1 L U
16 87 1 1 L U
16 88 1 1 L U
16 89 1 1 L U
16 90 1 1 L U
16 91 1 1 L U
16 92 1 1 L U
16 93 1 1 L U
16 94 1 1 L U
16 95 1 1 L U
16 96 1 1 L U
16 97 1 1 L U
16 98 1 1 L U
16 99 1 1 L U
16 100 1 1 L U
16 101 1 1 L U
16 102 1 1 L U
16 103 1 1 L U
16 104 1 1 L U
16 105 1 1 L U
16 106 1 1 L U
16 107 1 1 L U
16 108 1 1 L U
16 109 1 1 L U
16 110 1 1 L U
16 111 1 1 L U
16 112 1 1 L U
16 113 1 1 L U
16 114 1 1 L U
16 115 1 1 L U
16 116 1 1 L U
16 117 1 1 L U
16 118 1 1 L U
16 119 1 1 L U
16 120 1 1 L U
16 121 1 1 L U
16 122 1 1 L U
16 123 1 1 L U
16 124 1 1 L U
16 125 1 1 L U
16 126 1 1 L U
16 127 1 1 L U
16 128 1 1 L U
16 129 1 1 L U
16 130 1 1 L U
16 131 1 1 L U
16 132 1 1 L U
16 133 1 1 L U
16 134 1 1 L U
16 135 1 1 L U
16 136 1 1 L U
16 137 1 1 L U
16 138 1 1 L U
16 139 1 1 L U
16 140 1 1 L U
16 141 1 1 L U
16 142 1 1 L U
16 143 1 1 L U
16 144 1 1 L U
16 145 1 1 L U
16 146 1 1 L U
16 147 1 1 L U
16 148 1 1 L U
16 149 1 1 L U
16 150 1 1 L U
16 151 1 1 L U
16 152 1 1 L U
16 153 1 1 L U
16 154 1 1 L U
16 155 1 1 L U
16 156 1 1 L U
16 157 1 1 L U
16 158 1 1 L U
16 159 1 1 L U
16 160 1 1 L U
16 161 1 1 L U
16 162 1 1 L U
16 163 1 1 L U
16 164 1 1 L U
16 165 1 1 L U
16 166 1 1 L U
16 167 1 1 L U
16 168 1 1 L U
16 169 1 1 L U
16 170 1 1 L U
16 171 1 1 L U
16 172 1 1 L U
16 173 1 1 L U
16 174 1 1 L U
16 175 1 1 L U
16 176 1 1 L U
16 177 1 1 L U
16 178 1 1 L U
16 179 1 1 L U
16 180 1 1 L U
16 181 1 1 L U
16 182 1 1 L U
16 183 1 1 L U
16 184 1 1 L U
16 185 1 1 L U
16 186 1 1 L U
16 187 1 1 L U
16 188 1 1 L U
16 189 1 1 L U
16 190 1 1 L U
16 191 1 1 L U
16 192 1 1 L U
16 193 1 1 L U
16 194 1 1 L U
16 195 1 1 L U
16 196 1 1 L U
16 197 1 1 L U
16 198 1 1 L U
16 199 1 1 L U
17 0 0 0 D D
17 1 0 0 D D
17 2 0 0 D D
17 3 0 0 D L
17 4 0 0 D D
17 5 0 0 D D
17 6 0 0 D R
17 7 0 0 D D
17 8 0 1 R L
17 9 0 1 D U
17 10 0 1 L U
17 11 0 1 L U
17 12 0 1 L U
17 13 0 1 L U
17 14 1 1 L L
17 15 1 1 U U
17 16 1 1 U U
17 17 1 1 U U
17 18 1 1 L L
17 19 1 1 U U
17 20 2 1 R L
17 21 2 1 S S
17 22 2 1 S S
17 23 2 1 S S
17 24 2 1 S S
17 25 2 1 S S
17 26 2 1 S S
17 27 2 1 S S
17 28 2 1 S S
17 29 2 1 S S
17 30 2 1 S S
17 31 2 1 S S
17 32 2 1 S S
17 33 2 1 S S
17 34 2 1 S S
17 35 2 1 S S
17 36 2 1 S S
17 37 2 1 S S
17 38 2 1 S S
17 39 2 1 S S
17 40 2 1 S S
17 41 2 1 S S
17 42 2 1 S S
17 43 2 1 S S
17 44 2 1 S S
17 45 2 1 S S
17 46 2 1 S S
17 47 2 1 S S
17 48 2 1 S S
17 49 2 1 S S
17 50 2 1 S S
17 51 2 1 S S
17 52 2 1 S S
17 53 2 1 S S
17 54 2 1 S S
17 55 2 1 S S
17 56 2 1 S S
17 57 2 1 S S
17 58 2 1 S S
17 59 2 1 S S
17 60 2 1 S S
17 61 2 1 S S
17 62 2 1 S S
17 63 2 1 S S
17 64 2 1 S S
17 65 2 1 S S
17 66 2 1 S S
17 67 2 1 S S
17 68 2 1 S S
17 69 2 1 S S
17 70 2 1 S S
17 71 2 1 S S
17 72 2 1 S S
17 73 2 1 S S
17 74 2 1 S S
17 75 2 1 S S
17 76 2 1 S S
17 77 2 1 S S
17 78 2 1 S S
17 79 2 1 S S
17 80 2 1 S S
17 81 2 1 S S
17 82 2 1 S S
17 83 2 1 S S
17 84 2 1 S S
17 85 2 1 S S
17 86 2 1 S S
17 87 2 1 S S
17 88 2 1 S S
17 89 2 1 S S
17 90 2 1 S S
17 91 2 1 S S
17 92 2 1 S S
17 93 2 1 S S
17 94 2 1 S S
17 95 2 1 S S
17 96 2 1 S S
17 97 2 1 S S
17 98 2 1 S S
17 99 2 1 S S
17 100 2 1 S S
17 101 2 1 S S
17 102 2 1 S S
17 103 2 1 S S
17 104 2 1 S S
17 105 2 1 S S
17 106 2 1 S S
17 107 2 1 S S
17 108 2 1 S S
17 109 2 1 S S
17 110 2 1 S S
17 111 2 1 S S
17 112 2 1 S S
17 113 2 1 S S
17 114 2 1 S S
17 115 2 1 S S
17 116 2 1 S S
17 117 2 1 S S
17 118 2 1 S S
17 119 2 1 S S
17 120 2 1 S S
17 121 2 1 S S
17 122 2 1 S S
17 123 2 1 S S
17 124 2 1 S S
17 125 2 1 S S
17 126 2 1 S S
17 127 2 1 S S
17 128 2 1 S S
17 129 2 1 S S
17 130 2 1 S S
17 131 2 1 S S
17 132 2 1 S S
17 133 2 1 S S
17 134 2 1 S S
17 135 2 1 S S
17 136 2 1 S S
17 137 2 1 S S
17 138 2 1 S S
17 139 2 1 S S
17 140 2 1 S S
17 141 2 1 S S
17 142 2 1 S S
17 143 2 1 S S
17 144 2 1 S S
17 145 2 1 S S
17 146 2 1 S S
17 147 2 1 S S
17 148 2 1 S S
17 149 2 1 S S
17 150 2 1 S S
17 151 2 1 S S
17 152 2 1 S S
17 153 2 1 S S
17 154 2 1 S S
17 155 2 1 S S
17 156 2 1 S S
17 157 2 1 S S
17 158 2 1 S S
17 159 2 1 S S
17 160 2 1 S S
17 161 2 1 S S
17 162 2 1 S S
17 163 2 1 S S
17 164 2 1 S S
17 165 2 1 S S
17 166 2 1 S S
17 167 2 1 S S
17 168 2 1 S S
17 169 2 1 S S
17 170 2 1 S S
17 171 2 1 S S
17 172 2 1 S S
17 173 2 1 S S
17 174 2 1 S S
17 175 2 1 S S
17 176 2 1 S S
17 177 2 1 S S
17 178 2 1 S S
17 179 2 1 S S
17 180 2 1 S S
17 181 2 1 S S
17 182 2 1 S S
17 183 2 1 S S
17 184 2 1 S S
17 185 2 1 S S
17 186 2 1 S S
17 187 2 1 S S
17 188 2 1 S S
17 189 2 1 S S
17 190 2 1 S S
17 191 2 1 S S
17 192 2 1 S S
17 193 2 1 S S
17 194 2 1 S S
17 195 2 1 S S
17 196 2 1 S S
17 197 2 1 S S
17 198 2 1 S S
17 199 2 1 S S
18 0 0 0 U D
18 1 0 0 U D
18 2 0 0 L D
18 3 0 0 L D
18 4 0 0 L D
18 5 0 0 L D
18 6 0 0 L D
18 7 0 0 U L
18 8 0 0 U U
18 9 0 0 L L
18 10 0 0 U U
18 11 1 0 R L
18 12 1 0 U U
18 13 1 0 U U
18 14 1 0 U U
18 15 1 0 U U
18 16 1 0 U R
18 17 1 0 U U
18 18 1 0 U R
18 19 1 0 R R
18 20 1 0 R R
18 21 1 0 D R
18 22 1 0 D R
18 23 1 0 L R
18 24 1 0 D R
18 25 2 0 R R
18 26 2 0 R D
18 27 2 0 D D
18 28 2 0 D D
18 29 2 0 D D
18 30 2 0 D D
18 31 2 0 D D
18 32 2 0 D D
18 33 2 0 D D
18 34 2 0 D D
18 35 2 0 D R
18 36 2 0 R D
18 37 2 0 R L
18 38 2 0 R L
18 39 2 1 R L
18 40 2 1 S S
18 41 2 1 S S
18 42 2 1 S S
18 43 2 1 S S
18 44 2 1 S S
18 45 2 1 S S
18 46 2 1 S S
18 47 2 1 S S
18 48 2 1 S S
18 49 2 1 S S
18 50 2 1 S S
18 51 2 1 S S
18 52 2 1 S S
18 53 2 1 S S
18 54 2 1 S S
18 55 2 1 S S
18 56 2 1 S S
18 57 2 1 S S
18 58 2 1 S S
18 59 2 1 S S
18 60 2 1 S S
18 61 2 1 S S
18 62 2 1 S S
18 63 2 1 S S
18 64 2 1 S S
18 65 2 1 S S
18 66 2 1 S S
18 67 2 1 S S
18 68 2 1 S S
18 69 2 1 S S
18 70 2 1 S S
18 71 2 1 S S
18 72 2 1 S S
18 73 2 1 S S
18 74 2 1 S S
18 75 2 1 S S
18 76 2 1 S S
18 77 2 1 S S
18 78 2 1 S S
18 79 2 1 S S
18 80 2 1 S S
18 81 2 1 S S
18 82 2 1 S S
18 83 2 1 S S
18 84 2 1 S S
18 85 2 1 S S
18 86 2 1 S S
18 87 2 1 S S
18 88 2 1 S S
18 89 2 1 S S
18 90 2 1 S S
18 91 2 1 S S
18 92 2 1 S S
18 93 2 1 S S
18 94 2 1 S S
18 95 2 1 S S
18 96 2 1 S S
18 97 2 1 S S
18 98 2 1 S S
18 99 2 1 S S
18 100 2 1 S S
18 101 2 1 S S
18 102 2 1 S S
18 103 2 1 S S
18 104 2 1 S S
18 105 2 1 S S
18 106 2 1 S S
18 107 2 1 S S
18 108 2 1 S S
18 109 2 1 S S
18 110 2 1 S S
18 111 2 1 S S
18 112 2 1 S S
18 113 2 1 S S
18 114 2 1 S S
18 115 2 1 S S
18 116 2 1 S S
18 117 2 1 S S
18 118 2 1 S S
18 119 2 1 S S
18 120 2 1 S S
18 121 2 1 S S
18 122 2 1 S S
18 123 2 1 S S
18 124 2 1 S S
18 125 2 1 S S
18 126 2 1 S S
18 127 2 1 S S
18 128 2 1 S S
18 129 2 1 S S
18 130 2 1 S S
18 131 2 1 S S
18 132 2 1 S S
18 133 2 1 S S
18 134 2 1 S S
18 135 2 1 S S
18 136 2 1 S S
18 137 2 1 S S
18 138 2 1 S S
18 139 2 1 S S
18 140 2 1 S S
18 141 2 1 S S
18 142 2 1 S S
18 143 2 1 S S
18 144 2 1 S S
18 145 2 1 S S
18 146 2 1 S S
18 147 2 1 S S
18 148 2 1 S S
18 149 2 1 S S
18 150 2 1 S S
18 151 2 1 S S
18 152 2 1 S S
18 153 2 1 S S
18 154 2 1 S S
18 155 2 1 S S
18 156 2 1 S S
18 157 2 1 S S
18 158 2 1 S S
18 159 2 1 S S
18 160 2 1 S S
18 161 2 1 S S
18 162 2 1 S S
18 163 2 1 S S
18 164 2 1 S S
18 165 2 1 S S
18 166 2 1 S S
18 167 2 1 S S
18 168 2 1 S S
18 169 2 1 S S
18 170 2 1 S S
18 171 2 1 S S
18 172 2 1 S S
18 173 2 1 S S
18 174 2 1 S S
18 175 2 1 S S
18 176 2 1 S S
18 177 2 1 S S
18 178 2 1 S S
18 179 2 1 S S
18 180 2 1 S S
18 181 2 1 S S
18 182 2 1 S S
18 183 2 1 S S
18 184 2 1 S S
18 185 2 1 S S
18 186 2 1 S S
18 187 2 1 S S
18 188 2 1 S S
18 189 2 1 S S
18 190 2 1 S S
18 191 2 1 S S
18 192 2 1 S S
18 193 2 1 S S
18 194 2 1 S S
18 195 2 1 S S
18 196 2 1 S S
18 197 2 1 S S
18 198 2 1 S S
18 199 2 1 S S
19 0 0 0 U L
19 1 0 0 U L
19 2 0 0 U L
19 3 0 0 L L
19 4 0 0 U L
19 5 0 0 R L
19 6 0 0 D L
19 7 0 0 D L
19 8 0 0 D L
19 9 0 0 L L
19 10 0 0 L L
19 11 0 0 L L
19 12 0 0 L L
19 13 0 0 D L
19 14 0 0 L D
19 15 0 0 D D
19 16 0 0 R L
19 17 0 0 R U
19 18 0 0 R U
19 19 0 0 R U
19 20 1 0 R U
19 21 1 0 L L
19 22 1 0 L L
19 23 1 0 L L
19 24 1 0 L U
19 25 1 0 D U
19 26 1 0 D D
19 27 1 0 D D
19 28 1 0 L D
19 29 1 0 D D
19 30 1 0 R L
19 31 1 0 R D
19 32 1 0 R D
19 33 1 0 R D
19 34 1 0 R D
19 35 1 0 R D
19 36 1 0 R D
19 37 1 0 R D
19 38 1 0 R D
19 39 1 0 R D
19 40 1 0 R D
19 41 1 0 R D
19 42 1 0 R D
19 43 1 0 R D
19 44 1 0 R D
19 45 1 0 R D
19 46 1 0 R D
19 47 1 0 R D
19 48 1 0 R D
19 49 1 0 R D
19 50 1 0 R D
19 51 1 0 R D
19 52 1 0 R D
19 53 1 0 R D
19 54 1 0 R D
19 55 1 0 R D
19 56 1 0 R D
19 57 1 0 R D
19 58 1 0 R D
19 59 1 0 R D
19 60 1 0 R D
19 61 1 0 R D
19 62 1 0 R D
19 63 1 0 R D
19 64 1 0 R D
19 65 1 0 R D
19 66 1 0 R D
19 67 1 0 R D
19 68 1 0 R D
19 69 1 0 R D
19 70 1 0 R D
19 71 1 0 R D
19 72 1 0 R D
19 73 1 0 R D
19 74 1 0 R D
19 75 1 0 R D
19 76 1 0 R D
19 77 1 0 R D
19 78 1 0 R D
19 79 1 0 R D
19 80 1 0 R D
19 81 1 0 R D
19 82 1 0 R D
19 83 1 0 R D
19 84 1 0 R D
19 85 1 0 R D
19 86 1 0 R D
19 87 1 0 R D
19 88 1 0 R D
19 89 1 0 R D
19 90 1 0 R D
19 91 1 0 R D
19 92 1 0 R D
19 93 1 0 R D
19 94 1 0 R D
19 95 1 0 R D
19 96 1 0 R D
19 97 1 0 R D
19 98 1 0 R D
19 99 1 0 R D
19 100 1 0 R D
19 101 1 0 R D
19 102 1 0 R D
19 103 1 0 R D
19 104 1 0 R D
19 105 1 0 R D
19 106 1 0 R D
19 107 1 0 R D
19 108 1 0 R D
19 109 1 0 R D
19 110 1 0 R D
19 111 1 0 R D
19 112 1 0 R D
19 113 1 0 R D
19 114 1 0 R D
19 115 1 0 R D
19 116 1 0 R D
19 117 1 0 R D
19 118 1 0 R D
19 119 1 0 R D
19 120 1 0 R D
19 121 1 0 R D
19 122 1 0 R D
19 123 1 0 R D
19 124 1 0 R D
19 125 1 0 R D
19 126 1 0 R D
19 127 1 0 R D
19 128 1 0 R D
19 129 1 0 R D
19 130 1 0 R D
19 131 1 0 R D
19 132 1 0 R D
19 133 1 0 R D
19 134 1 0 R D
19 135 1 0 R D
19 136 1 0 R D
19 137 1 0 R D
19 138 1 0 R D
19 139 1 0 R D
19 140 1 0 R D
19 141 1 0 R D
19 142 1 0 R D
19 143 1 0 R D
19 144 1 0 R D
19 145 1 0 R D
19 146 1 0 R D
19 147 1 0 R D
19 148 1 0 R D
19 149 1 0 R D
19 150 1 0 R D
19 151 1 0 R D
19 152 1 0 R D
19 153 1 0 R D
19 154 1 0 R D
19 155 1 0 R D
19 156 1 0 R D
19 157 1 0 R D
19 158 1 0 R D
19 159 1 0 R D
19 160 1 0 R D
19 161 1 0 R D
19 162 1 0 R D
19 163 1 0 R D
19 164 1 0 R D
19 165 1 0 R D
19 166 1 0 R D
19 167 1 0 R D
19 168 1 0 R D
19 169 1 0 R D
19 170 1 0 R D
19 171 1 0 R D
19 172 1 0 R D
19 173 1 0 R D
19 174 1 0 R D
19 175 1 0 R D
19 176 1 0 R D
19 177 1 0 R D
19 178 1 0 R D
19 179 1 0 R D
19 180 1 0 R D
19 181 1 0 R D
19 182 1 0 R D
19 183 1 0 R D
19 184 1 0 R D
19 185 1 0 R D
19 186 1 0 R D
19 187 1 0 R D
19 188 1 0 R D
19 189 1 0 R D
19 190 1 0 R D
19 191 1 0 R D
19 192 1 0 R D
19 193 1 0 R D
19 194 1 0 R D
19 195 1 0 R D
19 196 1 0 R D
19 197 1 0 R D
19 198 1 0 R D
19 199 1 0 R D
20 0 0 0 D D
20 1 0 0 D D
20 2 0 0 D D
20 3 0 0 D D
20 4 0 0 R D
20 5 0 0 R R
20 6 0 0 R D
20 7 0 0 U D
20 8 0 0 R R
20 9 0 0 U R
20 10 0 0 L R
20 11 1 0 L R
20 12 1 0 D R
20 13 1 0 D R
20 14 1 0 D U
20 15 1 0 D R
20 16 1 1 D D
20 17 1 1 R D
20 18 1 1 R D
20 19 1 1 D D
20 20 1 1 L S
20 21 1 1 L S
20 22 1 1 U S
20 23 1 1 L D
20 24 1 1 L D
20 25 1 1 R D
20 26 1 1 L D
20 27 1 1 R D
20 28 1 1 L D
20 29 1 1 R D
20 30 1 1 L D
20 31 1 1 R D
20 32 1 1 L D
20 33 1 1 R D
20 34 1 1 L D
20 35 1 1 R D
20 36 1 1 L D
20 37 1 1 R D
20 38 1 1 L D
20 39 1 1 R D
20 40 1 1 L D
20 41 1 1 R D
20 42 1 1 L D
20 43 1 1 R D
20 44 1 1 L D
20 45 1 1 R D
20 46 1 1 L D
20 47 1 1 R D
20 48 1 1 L D
20 49 1 1 R D
20 50 1 1 L D
20 51 1 1 R D
20 52 1 1 L D
20 53 1 1 R D
20 54 1 1 L D
20 55 1 1 R D
20 56 1 1 L D
20 57 1 1 R D
20 58 1 1 L D
20 59 1 1 R D
20 60 1 1 L D
20 61 1 1 R D
20 62 1 1 L D
20 63 1 1 R D
20 64 1 1 L D
20 65 1 1 R D
20 66 1 1 L D
20 67 1 1 R D
20 68 1 1 L D
20 69 1 1 R D
20 70 1 1 L D
20 71 1 1 R D
20 72 1 1 L D
20 73 1 1 R D
20 74 1 1 L D
20 75 1 1 R D
20 76 1 1 L D
20 77 1 1 R D
20 78 1 1 L D
20 79 1 1 R D
20 80 1 1 L D
20 81 1 1 R D
20 82 1 1 L D
20 83 1 1 R D
20 84 1 1 L D
20 85 1 1 R D
20 86 1 1 L D
20 87 1 1 R D
20 88 1 1 L D
20 89 1 1 R D
20 90 1 1 L D
20 91 1 1 R D
20 92 1 1 L D
20 93 1 1 R D
20 94 1 1 L D
20 95 1 1 R D
20 96 1 1 L D
20 97 1 1 R D
20 98 1 1 L D
20 99 1 1 R D
20 100 1 1 L D
20 101 1 1 R D
20 102 1 1 L D
20 103 1 1 R D
20 104 1 1 L D
20 105 1 1 R D
20 106 1 1 L D
20 107 1 1 R D
20 108 1 1 L D
20 109 1 1 R D
20 110 1 1 L D
20 111 1 1 R D
20 112 1 1 L D
20 113 1 1 R D
20 114 1 1 L D
20 115 1 1 R D
20 116 1 1 L D
20 117 1 1 R D
20 118 1 1 L D
20 119 1 1 R D
20 120 1 1 L D
20 121 1 1 R D
20 122 1 1 L D
20 123 1 1 R D
20 124 1 1 L D
20 125 1 1 R D
20 126 1 1 L D
20 127 1 1 R D
20 128 1 1 L D
20 129 1 1 R D
20 130 1 1 L D
20 131 1 1 R D
20 132 1 1 L D
20 133 1 1 R D
20 134 1 1 L D
20 135 1 1 R D
20 136 1 1 L D
20 137 1 1 R D
20 138 1 1 L D
20 139 1 1 R D
20 140 1 1 L D
20 141 1 1 R D
20 142 1 1 L D
20 143 1 1 R D
20 144 1 1 L D
20 145 1 1 R D
20 146 1 1 L D
20 147 1 1 R D
20 148 1 1 L D
20 149 1 1 R D
20 150 1 1 L D
20 151 1 1 R D
20 152 1 1 L D
20 153 1 1 R D
20 154 1 1 L D
20 155 1 1 R D
20 156 1 1 L D
20 157 1 1 R D
20 158 1 1 L D
20 159 1 1 R D
20 160 1 1 L D
20 161 1 1 R D
20 162 1 1 L D
20 163 1 1 R D
20 164 1 1 L D
20 165 1 1 R D
20 166 1 1 L D
20 167 1 1 R D
20 168 1 1 L D
20 169 1 1 R D
20 170 1 1 L D
20 171 1 1 R D
20 172 1 1 L D
20 173 1 1 R D
20 174 1 1 L D
20 175 1 1 R D
20 176 1 1 L D
20 177 1 1 R D
20 178 1 1 L D
20 179 1 1 R D
20 180 1 1 L D
20 181 1 1 R D
20 182 1 1 L D
20 183 1 1 R D
20 184 1 1 L D
20 185 1 1 R D
20 186 1 1 L D
20 187 1 1 R D
20 188 1 1 L D
20 189 1 1 R D
20 190 1 1 L D
20 191 1 1 R D
20 192 1 1 L D
20 193 1 1 R D
20 194 1 1 L D
20 195 1 1 R D
20 196 1 1 L D
20 197 1 1 R D
20 198 1 1 L D
20 199 1 1 R D
21 0 0 0 D D
21 1 0 0 D D
21 2 0 0 L D
21 3 0 0 D D
21 4 0 0 D D
21 5 0 0 D D
21 6 0 0 U D
21 7 0 0 D D
21 8 0 0 L D
21 9 0 0 L D
21 10 0 0 L L
21 11 0 0 L L
21 12 0 0 L L
21 13 0 0 L L
21 14 0 0 L L
21 15 0 0 L D
21 16 0 0 L L
21 17 0 0 L D
21 18 0 0 L R
21 19 0 0 L R
21 20 0 0 L R
21 21 0 0 L R
21 22 0 0 D R
21 23 0 0 R R
21 24 0 0 D R
21 25 0 0 D R
21 26 0 1 D R
21 27 0 1 U U
21 28 0 1 L U
21 29 0 1 R U
21 30 0 1 L U
21 31 0 1 R U
21 32 0 1 L U
21 33 0 1 R U
21 34 0 1 L U
21 35 0 1 R U
21 36 0 1 L R
21 37 0 1 R R
21 38 0 1 L R
21 39 0 1 R R
21 40 0 1 L R
21 41 0 1 R D
21 42 0 1 L D
21 43 0 1 R D
21 44 0 1 L D
21 45 0 1 R D
21 46 0 1 L D
21 47 0 1 R D
21 48 0 1 L D
21 49 0 1 R D
21 50 0 1 L L
21 51 0 1 D D
21 52 0 1 D D
21 53 0 1 U R
21 54 0 1 U U
21 55 0 1 R U
21 56 0 1 L L
21 57 0 1 D U
21 58 0 1 D U
21 59 0 1 D R
21 60 0 1 U D
21 61 0 1 U D
21 62 0 1 U L
21 63 0 1 D D
21 64 0 1 D D
21 65 0 1 U R
21 66 0 1 U U
21 67 0 1 R U
21 68 0 1 L L
21 69 0 1 D U
21 70 0 1 D U
21 71 0 1 D R
21 72 0 1 U D
21 73 0 1 U D
21 74 0 1 U L
21 75 0 1 D D
21 76 0 1 D D
21 77 0 1 U R
21 78 0 1 U U
21 79 0 1 R U
21 80 0 1 L L
21 81 0 1 D U
21 82 0 1 D U
21 83 0 1 D R
21 84 0 1 U D
21 85 0 1 U D
21 86 0 1 U L
21 87 0 1 D D
21 88 0 1 D D
21 89 0 1 U R
21 90 0 1 U U
21 91 0 1 R U
21 92 0 1 L L
21 93 0 1 D U
21 94 0 1 D U
21 95 0 1 D R
21 96 0 1 U D
21 97 0 1 U D
21 98 0 1 U L
21 99 0 1 D D
21 100 0 1 D D
21 101 0 1 U R
21 102 0 1 U U
21 103 0 1 R U
21 104 0 1 L L
21 105 0 1 D U
21 106 0 1 D U
21 107 0 1 D R
21 108 0 1 U D
21 109 0 1 U D
21 110 0 1 U L
21 111 0 1 D D
21 112 0 1 D D
21 113 0 1 U R
21 114 0 1 U U
21 115 0 1 R U
21 116 0 1 L L
21 117 0 1 D U
21 118 0 1 D U
21 119 0 1 D R
21 120 0 1 U D
21 121 0 1 U D
21 122 0 1 U L
21 123 0 1 D D
21 124 0 1 D D
21 125 0 1 U R
21 126 0 1 U U
21 127 0 1 R U
21 128 0 1 L L
21 129 0 1 D U
21 130 0 1 D U
21 131 0 1 D R
21 132 0 1 U D
21 133 0 1 U D
21 134 0 1 U L
21 135 0 1 D D
21 136 0 1 D D
21 137 0 1 U R
21 138 0 1 U U
21 139 0 1 R U
21 140 0 1 L L
21 141 0 1 D U
21 142 0 1 D U
21 143 0 1 D R
21 144 0 1 U D
21 145 0 1 U D
21 146 0 1 U L
21 147 0 1 D D
21 148 0 1 D D
21 149 0 1 U R
21 150 0 1 U U
21 151 0 1 R U
21 152 0 1 L L
21 153 0 1 D U
21 154 0 1 D U
21 155 0 1 D R
21 156 0 1 U D
21 157 0 1 U D
21 158 0 1 U L
21 159 0 1 D D
21 160 0 1 D D
21 161 0 1 U R
21 162 0 1 U U
21 163 0 1 R U
21 164 0 1 L L
21 165 0 1 D U
21 166 0 1 D U
21 167 0 1 D R
21 168 0 1 U D
21 169 0 1 U D
21 170 0 1 U L
21 171 0 1 D D
21 172 0 1 D D
21 173 0 1 U R
21 174 0 1 U U
21 175 0 1 R U
21 176 0 1 L L
21 177 0 1 D U
21 178 0 1 D U
21 179 0 1 D R
21 180 0 1 U D
21 181 0 1 U D
21 182 0 1 U L
21 183 0 1 D D
21 184 0 1 D D
21 185 0 1 U R
21 186 0 1 U U
21 187 0 1 R U
21 188 0 1 L L
21 189 0 1 D U
21 190 0 1 D U
21 191 0 1 D R
21 192 0 1 U D
21 193 0 1 U D
21 194 0 1 U L
21 195 0 1 D D
21 196 0 1 D D
21 197 0 1 U R
21 198 0 1 U U
21 199 0 1 R U
22 0 0 0 U D
22 1 0 0 L D
22 2 0 0 L D
22 3 0 0 L D
22 4 0 0 D D
22 5 0 0 R D
22 6 0 0 R D
22 7 0 0 U U
22 8 0 0 U U
22 9 0 0 U U
22 10 0 0 U U
22 11 0 0 U U
22 12 0 0 U U
22 13 0 0 U U
22 14 0 0 U U
22 15 0 0 U L
22 16 0 0 U L
22 17 0 0 U L
22 18 0 0 U L
22 19 0 0 U L
22 20 0 0 U L
22 21 0 0 U L
22 22 0 0 U L
22 23 0 0 U L
22 24 0 0 U L
22 25 0 0 U L
22 26 0 0 U L
22 27 0 0 U L
22 28 0 0 U L
22 29 0 0 U L
22 30 0 0 U L
22 31 0 0 U L
22 32 0 0 U L
22 33 0 0 U L
22 34 0 0 U L
22 35 0 0 U L
22 36 0 0 U L
22 37 0 0 U L
22 38 0 0 U L
22 39 0 0 U L
22 40 0 0 U L
22 41 0 0 U L
22 42 0 0 U L
22 43 0 0 U L
22 44 0 0 U L
22 45 0 0 U L
22 46 0 0 U L
22 47 0 0 U L
22 48 0 0 U L
22 49 0 0 U L
22 50 0 0 U L
22 51 0 0 U L
22 52 0 0 U L
22 53 0 0 U L
22 54 0 0 U L
22 55 0 0 U L
22 56 0 0 U L
22 57 0 0 U L
22 58 0 0 U L
22 59 0 0 U L
22 60 0 0 U L
22 61 0 0 U L
22 62 0 0 U L
22 63 0 0 U L
22 64 0 0 U L
22 65 0 0 U L
22 66 0 0 U L
22 67 0 0 U L
22 68 0 0 U L
22 69 0 0 U L
22 70 0 0 U L
22 71 0 0 U L
22 72 0 0 U L
22 73 0 0 U L
22 74 0 0 U L
22 75 0 0 U L
22 76 0 0 U L
22 77 0 0 U L
22 78 0 0 U L
22 79 0 0 U L
22 80 0 0 U L
22 81 0 0 U L
22 82 0 0 U L
22 83 0 0 U L
22 84 0 0 U L
22 85 0 0 U L
22 86 0 0 U L
22 87 0 0 U L
22 88 0 0 U L
22 89 0 0 U L
22 90 0 0 U L
22 91 0 0 U L
22 92 0 0 U L
22 93 0 0 U L
22 94 0 0 U L
22 95 0 0 U L
22 96 0 0 U L
22 97 0 0 U L
22 98 0 0 U L
22 99 0 0 U L
22 100 0 0 U L
22 101 0 0 U L
22 102 0 0 U L
22 103 0 0 U L
22 104 0 0 U L
22 105 0 0 U L
22 106 0 0 U L
22 107 0 0 U L
22 108 0 0 U L
22 109 0 0 U L
22 110 0 0 U L
22 111 0 0 U L
22 112 0 0 U L
22 113 0 0 U L
22 114 0 0 U L
22 115 0 0 U L
22 116 0 0 U L
22 117 0 0 U L
22 118 0 0 U L
22 119 0 0 U L
22 120 0 0 U L
22 121 0 0 U L
22 122 0 0 U L
22 123 0 0 U L
22 124 0 0 U L
22 125 0 0 U L
22 126 0 0 U L
22 127 0 0 U L
22 128 0 0 U L
22 129 0 0 U L
22 130 0 0 U L
22 131 0 0 U L
22 132 0 0 U L
22 133 0 0 U L
22 134 0 0 U L
22 135 0 0 U L
22 136 0 0 U L
22 137 0 0 U L
22 138 0 0 U L
22 139 0 0 U L
22 140 0 0 U L
22 141 0 0 U L
22 142 0 0 U L
22 143 0 0 U L
22 144 0 0 U L
22 145 0 0 U L
22 146 0 0 U L
22 147 0 0 U L
22 148 0 0 U L
22 149 0 0 U L
22 150 0 0 U L
22 151 0 0 U L
22 152 0 0 U L
22 153 0 0 U L
22 154 0 0 U L
22 155 0 0 U L
22 156 0 0 U L
22 157 0 0 U L
22 158 0 0 U L
22 159 0 0 U L
22 160 0 0 U L
22 161 0 0 U L
22 162 0 0 U L
22 163 0 0 U L
22 164 0 0 U L
22 165 0 0 U L
22 166 0 0 U L
22 167 0 0 U L
22 168 0 0 U L
22 169 0 0 U L
22 170 0 0 U L
22 171 0 0 U L
22 172 0 0 U L
22 173 0 0 U L
22 174 0 0 U L
22 175 0 0 U L
22 176 0 0 U L
22 177 0 0 U L
22 178 0 0 U L
22 179 0 0 U L
22 180 0 0 U L
22 181 0 0 U L
22 182 0 0 U L
22 183 0 0 U L
22 184 0 0 U L
22 185 0 0 U L
22 186 0 0 U L
22 187 0 0 U L
22 188 0 0 U L
22 189 0 0 U L
22 190 0 0 U L
22 191 0 0 U L
22 192 0 0 U L
22 193 0 0 U L
22 194 0 0 U L
22 195 0 0 U L
22 196 0 0 U L
22 197 0 0 U L
22 198 0 0 U L
22 199 0 0 U L
23 0 0 0 L D
23 1 0 0 L D
23 2 0 0 L D
23 3 0 0 L D
23 4 0 0 L D
23 5 0 0 U R
23 6 0 0 U U
23 7 0 0 U U
23 8 0 0 U U
23 9 0 0 R U
23 10 0 0 U R
23 11 0 0 L U
23 12 0 0 L R
23 13 0 0 L L
23 14 0 0 L L
23 15 0 0 L L
23 16 1 0 L L
23 17 1 0 L U
23 18 1 0 U U
23 19 1 0 U U
23 20 1 0 U U
23 21 1 0 U U
23 22 1 0 U U
23 23 1 0 U U
23 24 1 0 U U
23 25 1 0 U R
23 26 1 0 L R
23 27 1 0 L R
23 28 1 0 L R
23 29 1 0 L R
23 30 1 0 D R
23 31 1 0 D R
23 32 1 0 D R
23 33 1 0 L D
23 34 1 0 D D
23 35 1 0 R D
23 36 1 0 R D
23 37 1 0 R D
23 38 1 0 R D
23 39 2 0 R D
23 40 2 0 D D
23 41 2 0 D D
23 42 2 0 D D
23 43 2 0 D D
23 44 2 0 D D
23 45 2 0 D R
23 46 2 0 D D
23 47 2 0 D L
23 48 2 1 D L
23 49 2 1 S S
23 50 2 1 S S
23 51 2 1 S S
23 52 2 1 S S
23 53 2 1 S S
23 54 2 1 S S
23 55 2 1 S S
23 56 2 1 S S
23 57 2 1 S S
23 58 2 1 S S
23 59 2 1 S S
23 60 2 1 S S
23 61 2 1 S S
23 62 2 1 S S
23 63 2 1 S S
23 64 2 1 S S
23 65 2 1 S S
23 66 2 1 S S
23 67 2 1 S S
23 68 2 1 S S
23 69 2 1 S S
23 70 2 1 S S
23 71 2 1 S S
23 72 2 1 S S
23 73 2 1 S S
23 74 2 1 S S
23 75 2 1 S S
23 76 2 1 S S
23 77 2 1 S S
23 78 2 1 S S
23 79 2 1 S S
23 80 2 1 S S
23 81 2 1 S S
23 82 2 1 S S
23 83 2 1 S S
23 84 2 1 S S
23 85 2 1 S S
23 86 2 1 S S
23 87 2 1 S S
23 88 2 1 S S
23 89 2 1 S S
23 90 2 1 S S
23 91 2 1 S S
23 92 2 1 S S
23 93 2 1 S S
23 94 2 1 S S
23 95 2 1 S S
23 96 2 1 S S
23 97 2 1 S S
23 98 2 1 S S
23 99 2 1 S S
23 100 2 1 S S
23 101 2 1 S S
23 102 2 1 S S
23 103 2 1 S S
23 104 2 1 S S
23 105 2 1 S S
23 106 2 1 S S
23 107 2 1 S S
23 108 2 1 S S
23 109 2 1 S S
23 110 2 1 S S
23 111 2 1 S S
23 112 2 1 S S
23 113 2 1 S S
23 114 2 1 S S
23 115 2 1 S S
23 116 2 1 S S
23 117 2 1 S S
23 118 2 1 S S
23 119 2 1 S S
23 120 2 1 S S
23 121 2 1 S S
23 122 2 1 S S
23 123 2 1 S S
23 124 2 1 S S
23 125 2 1 S S
23 126 2 1 S S
23 127 2 1 S S
23 128 2 1 S S
23 129 2 1 S S
23 130 2 1 S S
23 131 2 1 S S
23 132 2 1 S S
23 133 2 1 S S
23 134 2 1 S S
23 135 2 1 S S
23 136 2 1 S S
23 137 2 1 S S
23 138 2 1 S S
23 139 2 1 S S
23 140 2 1 S S
23 141 2 1 S S
23 142 2 1 S S
23 143 2 1 S S
23 144 2 1 S S
23 145 2 1 S S
23 146 2 1 S S
23 147 2 1 S S
23 148 2 1 S S
23 149 2 1 S S
23 150 2 1 S S
23 151 2 1 S S
23 152 2 1 S S
23 153 2 1 S S
23 154 2 1 S S
23 155 2 1 S S
23 156 2 1 S S
23 157 2 1 S S
23 158 2 1 S S
23 159 2 1 S S
23 160 2 1 S S
23 161 2 1 S S
23 162 2 1 S S
23 163 2 1 S S
23 164 2 1 S S
23 165 2 1 S S
23 166 2 1 S S
23 167 2 1 S S
23 168 2 1 S S
23 169 2 1 S S
23 170 2 1 S S
23 171 2 1 S S
23 172 2 1 S S
23 173 2 1 S S
23 174 2 1 S S
23 175 2 1 S S
23 176 2 1 S S
23 177 2 1 S S
23 178 2 1 S S
23 179 2 1 S S
23 180 2 1 S S
23 181 2 1 S S
23 182 2 1 S S
23 183 2 1 S S
23 184 2 1 S S
23 185 2 1 S S
23 186 2 1 S S
23 187 2 1 S S
23 188 2 1 S S
23 189 2 1 S S
23 190 2 1 S S
23 191 2 1 S S
23 192 2 1 S S
23 193 2 1 S S
23 194 2 1 S S
23 195 2 1 S S
23 196 2 1 S S
23 197 2 1 S S
23 198 2 1 S S
23 199 2 1 S S
24 0 0 0 R D
24 1 0 0 D D
24 2 0 0 L D
24 3 0 0 D D
24 4 0 0 D D
24 5 0 0 D D
24 6 0 0 D D
24 7 0 0 D D
24 8 0 0 D L
24 9 0 0 L L
24 10 0 0 D L
24 11 0 0 L L
24 12 0 0 U L
24 13 0 0 U D
24 14 0 0 U D
24 15 0 0 U D
24 16 1 0 U D
24 17 1 0 R L
24 18 1 0 R D
24 19 1 0 R R
24 20 1 0 R R
24 21 1 1 U R
24 22 1 1 L U
24 23 1 1 L U
24 24 2 1 L U
24 25 2 1 S S
24 26 2 1 S S
24 27 2 1 S S
24 28 2 1 S S
24 29 2 1 S S
24 30 2 1 S S
24 31 2 1 S S
24 32 2 1 S S
24 33 2 1 S S
24 34 2 1 S S
24 35 2 1 S S
24 36 2 1 S S
24 37 2 1 S S
24 38 2 1 S S
24 39 2 1 S S
24 40 2 1 S S
24 41 2 1 S S
24 42 2 1 S S
24 43 2 1 S S
24 44 2 1 S S
24 45 2 1 S S
24 46 2 1 S S
24 47 2 1 S S
24 48 2 1 S S
24 49 2 1 S S
24 50 2 1 S S
24 51 2 1 S S
24 52 2 1 S S
24 53 2 1 S S
24 54 2 1 S S
24 55 2 1 S S
24 56 2 1 S S
24 57 2 1 S S
24 58 2 1 S S
24 59 2 1 S S
24 60 2 1 S S
24 61 2 1 S S
24 62 2 1 S S
24 63 2 1 S S
24 64 2 1 S S
24 65 2 1 S S
24 66 2 1 S S
24 67 2 1 S S
24 68 2 1 S S
24 69 2 1 S S
24 70 2 1 S S
24 71 2 1 S S
24 72 2 1 S S
24 73 2 1 S S
24 74 2 1 S S
24 75 2 1 S S
24 76 2 1 S S
24 77 2 1 S S
24 78 2 1 S S
24 79 2 1 S S
24 80 2 1 S S
24 81 2 1 S S
24 82 2 1 S S
24 83 2 1 S S
24 84 2 1 S S
24 85 2 1 S S
24 86 2 1 S S
24 87 2 1 S S
24 88 2 1 S S
24 89 2 1 S S
24 90 2 1 S S
24 91 2 1 S S
24 92 2 1 S S
24 93 2 1 S S
24 94 2 1 S S
24 95 2 1 S S
24 96 2 1 S S
24 97 2 1 S S
24 98 2 1 S S
24 99 2 1 S S
24 100 2 1 S S
24 101 2 1 S S
24 102 2 1 S S
24 103 2 1 S S
24 104 2 1 S S
24 105 2 1 S S
24 106 2 1 S S
24 107 2 1 S S
24 108 2 1 S S
24 109 2 1 S S
24 110 2 1 S S
24 111 2 1 S S
24 112 2 1 S S
24 113 2 1 S S
24 114 2 1 S S
24 115 2 1 S S
24 116 2 1 S S
24 117 2 1 S S
24 118 2 1 S S
24 119 2 1 S S
24 120 2 1 S S
24 121 2 1 S S
24 122 2 1 S S
24 123 2 1 S S
24 124 2 1 S S
24 125 2 1 S S
24 126 2 1 S S
24 127 2 1 S S
24 128 2 1 S S
24 129 2 1 S S
24 130 2 1 S S
24 131 2 1 S S
24 132 2 1 S S
24 133 2 1 S S
24 134 2 1 S S
24 135 2 1 S S
24 136 2 1 S S
24 137 2 1 S S
24 138 2 1 S S
24 139 2 1 S S
24 140 2 1 S S
24 141 2 1 S S
24 142 2 1 S S
24 143 2 1 S S
24 144 2 1 S S
24 145 2 1 S S
24 146 2 1 S S
24 147 2 1 S S
24 148 2 1 S S
24 149 2 1 S S
24 150 2 1 S S
24 151 2 1 S S
24 152 2 1 S S
24 153 2 1 S S
24 154 2 1 S S
24 155 2 1 S S
24 156 2 1 S S
24 157 2 1 S S
24 158 2 1 S S
24 159 2 1 S S
24 160 2 1 S S
24 161 2 1 S S
24 162 2 1 S S
24 163 2 1 S S
24 164 2 1 S S
24 165 2 1 S S
24 166 2 1 S S
24 167 2 1 S S
24 168 2 1 S S
24 169 2 1 S S
24 170 2 1 S S
24 171 2 1 S S
24 172 2 1 S S
24 173 2 1 S S
24 174 2 1 S S
24 175 2 1 S S
24 176 2 1 S S
24 177 2 1 S S
24 178 2 1 S S
24 179 2 1 S S
24 180 2 1 S S
24 181 2 1 S S
24 182 2 1 S S
24 183 2 1 S S
24 184 2 1 S S
24 185 2 1 S S
24 186 2 1 S S
24 187 2 1 S S
24 188 2 1 S S
24 189 2 1 S S
24 190 2 1 S S
24 191 2 1 S S
24 192 2 1 S S
24 193 2 1 S S
24 194 2 1 S S
24 195 2 1 S S
24 196 2 1 S S
24 197 2 1 S S
24 198 2 1 S S
24 199 2 1 S S
0 0 0 0 D U
0 1 0 0 D U
0 2 0 0 D U
0 3 0 0 R U
0 4 0 0 D U
0 5 0 0 L L
0 6 0 0 L L
0 7 0 0 L S
0 8 0 0 L S
0 9 0 0 L S
0 10 0 0 L S
0 11 0 0 L S
0 12 0 0 L S
0 13 1 0 L S
0 14 1 0 D S
0 15 1 0 D S
0 16 1 0 R S
0 17 1 0 R S
0 18 1 0 R S
0 19 1 0 U S
0 20 1 0 R S
0 21 1 0 U S
0 22 1 0 L S
0 23 1 0 L S
0 24 1 0 L S
0 25 2 0 L S
0 26 2 0 U S
0 27 2 0 U S
0 28 2 0 U S
0 29 2 0 U S
0 30 2 0 U S
0 31 2 0 U S
0 32 2 0 U S
0 33 2 0 U S
0 34 2 0 L S
0 35 2 0 L S
0 36 2 0 L S
0 37 2 0 L S
0 38 2 0 L S
0 39 2 0 R S
0 40 2 0 L S
0 41 2 0 R S
0 42 2 0 L S
0 43 2 0 R S
0 44 2 0 L S
0 45 2 0 R S
0 46 2 0 L S
0 47 2 0 R S
0 48 2 0 L S
0 49 2 0 R S
0 50 2 0 L S
0 51 2 0 R S
0 52 2 0 L S
0 53 2 0 R S
0 54 2 0 L S
0 55 2 0 R S
0 56 2 0 L S
0 57 2 0 R S
0 58 2 0 L S
0 59 2 0 R S
0 60 2 0 L S
0 61 2 0 R S
0 62 2 0 L S
0 63 2 0 R S
0 64 2 0 L S
0 65 2 0 R S
0 66 2 0 L S
0 67 2 0 R S
0 68 2 0 L S
0 69 2 0 R S
0 70 2 0 L S
0 71 2 0 R S
0 72 2 0 L S
0 73 2 0 R S
0 74 2 0 L S
0 75 2 0 R S
0 76 2 0 L S
0 77 2 0 R S
0 78 2 0 L S
0 79 2 0 R S
0 80 2 0 L S
0 81 2 0 R S
0 82 2 0 L S
0 83 2 0 R S
0 84 2 0 L S
0 85 2 0 R S
0 86 2 0 L S
0 87 2 0 R S
0 88 2 0 L S
0 89 2 0 R S
0 90 2 0 L S
0 91 2 0 R S
0 92 2 0 L S
0 93 2 0 R S
0 94 2 0 L S
0 95 2 0 R S
0 96 2 0 L S
0 97 2 0 R S
0 98 2 0 L S
0 99 2 0 R S
0 100 2 0 L S
0 101 2 0 R S
0 102 2 0 L S
0 103 2 0 R S
0 104 2 0 L S
0 105 2 0 R S
0 106 2 0 L S
0 107 2 0 R S
0 108 2 0 L S
0 109 2 0 R S
0 110 2 0 L S
0 111 2 0 R S
0 112 2 0 L S
0 113 2 0 R S
0 114 2 0 L S
0 115 2 0 R S
0 116 2 0 L S
0 117 2 0 R S
0 118 2 0 L S
0 119 2 0 R S
0 120 2 0 L S
0 121 2 0 R S
0 122 2 0 L S
0 123 2 0 R S
0 124 2 0 L S
0 125 2 0 R S
0 126 2 0 L S
0 127 2 0 R S
0 128 2 0 L S
0 129 2 0 R S
0 130 2 0 L S
0 131 2 0 R S
0 132 2 0 L S
0 133 2 0 R S
0 134 2 0 L S
0 135 2 0 R S
0 136 2 0 L S
0 137 2 0 R S
0 138 2 0 L S
0 139 2 0 R S
0 140 2 0 L S
0 141 2 0 R S
0 142 2 0 L S
0 143 2 0 R S
0 144 2 0 L S
0 145 2 0 R S
0 146 2 0 L S
0 147 2 0 R S
0 148 2 0 L S
0 149 2 0 R S
0 150 2 0 L S
0 151 2 0 R S
0 152 2 0 L S
0 153 2 0 R S
0 154 2 0 L S
0 155 2 0 R S
0 156 2 0 L S
0 157 2 0 R S
0 158 2 0 L S
0 159 2 0 R S
0 160 2 0 L S
0 161 2 0 R S
0 162 2 0 L S
0 163 2 0 R S
0 164 2 0 L S
0 165 2 0 R S
0 166 2 0 L S
0 167 2 0 R S
0 168 2 0 L S
0 169 2 0 R S
0 170 2 0 L S
0 171 2 0 R S
0 172 2 0 L S
0 173 2 0 R S
0 174 2 0 L S
0 175 2 0 R S
0 176 2 0 L S
0 177 2 0 R S
0 178 2 0 L S
0 179 2 0 R S
0 180 2 0 L S
0 181 2 0 R S
0 182 2 0 L S
0 183 2 0 R S
0 184 2 0 L S
0 185 2 0 R S
0 186 2 0 L S
0 187 2 0 R S
0 188 2 0 L S
0 189 2 0 R S
0 190 2 0 L S
0 191 2 0 R S
0 192 2 0 L S
0 193 2 0 R S
0 194 2 0 L S
0 195 2 0 R S
0 196 2 0 L S
0 197 2 0 R S
0 198 2 0 L S
0 199 2 0 R S
1 0 0 0 D D
1 1 0 0 D D
1 2 0 0 D D
1 3 0 0 D D
1 4 0 0 D D
1 5 0 0 L D
1 6 0 0 L L
1 7 0 0 L L
1 8 0 0 L L
1 9 0 0 L L
1 10 0 0 L L
1 11 0 0 D L
1 12 0 0 L L
1 13 0 0 U L
1 14 1 0 U L
1 15 1 0 L L
1 16 1 0 L L
1 17 1 0 L L
1 18 1 0 U L
1 19 1 0 R L
1 20 2 0 R L
1 21 2 0 D D
1 22 2 0 D D
1 23 2 0 D D
1 24 2 0 D D
1 25 2 0 D D
1 26 2 0 U D
1 27 2 0 D R
1 28 2 0 R R
1 29 2 0 R R
1 30 2 0 R R
1 31 2 0 R R
1 32 2 0 R R
1 33 2 0 R R
1 34 2 0 R R
1 35 2 0 R S
1 36 2 0 R S
1 37 2 0 R S
1 38 2 0 R S
1 39 2 0 R S
1 40 2 0 L S
1 41 2 0 R S
1 42 2 0 L S
1 43 2 0 R S
1 44 2 0 L S
1 45 2 0 R S
1 46 2 0 L S
1 47 2 0 R S
1 48 2 0 L S
1 49 2 0 R S
1 50 2 0 L S
1 51 2 0 R S
1 52 2 0 L S
1 53 2 0 R S
1 54 2 0 L S
1 55 2 0 R S
1 56 2 0 L S
1 57 2 0 R S
1 58 2 0 L S
1 59 2 0 R S
1 60 2 0 L S
1 61 2 0 R S
1 62 2 0 L S
1 63 2 0 R S
1 64 2 0 L S
1 65 2 0 R S
1 66 2 0 L S
1 67 2 0 R S
1 68 2 0 L S
1 69 2 0 R S
1 70 2 0 L S
1 71 2 0 R S
1 72 2 0 L S
1 73 2 0 R S
1 74 2 0 L S
1 75 2 0 R S
1 76 2 0 L S
1 77 2 0 R S
1 78 2 0 L S
1 79 2 0 R S
1 80 2 0 L S
1 81 2 0 R S
1 82 2 0 L S
1 83 2 0 R S
1 84 2 0 L S
1 85 2 0 R S
1 86 2 0 L S
1 87 2 0 R S
1 88 2 0 L S
1 89 2 0 R S
1 90 2 0 L S
1 91 2 0 R S
1 92 2 0 L S
1 93 2 0 R S
1 94 2 0 L S
1 95 2 0 R S
1 96 2 0 L S
1 97 2 0 R S
1 98 2 0 L S
1 99 2 0 R S
1 100 2 0 L S
1 101 2 0 R S
1 102 2 0 L S
1 103 2 0 R S
1 104 2 0 L S
1 105 2 0 R S
1 106 2 0 L S
1 107 2 0 R S
1 108 2 0 L S
1 109 2 0 R S
1 110 2 0 L S
1 111 2 0 R S
1 112 2 0 L S
1 113 2 0 R S
1 114 2 0 L S
1 115 2 0 R S
1 116 2 0 L S
1 117 2 0 R S
1 118 2 0 L S
1 119 2 0 R S
1 120 2 0 L S
1 121 2 0 R S
1 122 2 0 L S
1 123 2 0 R S
1 124 2 0 L S
1 125 2 0 R S
1 126 2 0 L S
1 127 2 0 R S
1 128 2 0 L S
1 129 2 0 R S
1 130 2 0 L S
1 131 2 0 R S
1 132 2 0 L S
1 133 2 0 R S
1 134 2 0 L S
1 135 2 0 R S
1 136 2 0 L S
1 137 2 0 R S
1 138 2 0 L S
1 139 2 0 R S
1 140 2 0 L S
1 141 2 0 R S
1 142 2 0 L S
1 143 2 0 R S
1 144 2 0 L S
1 145 2 0 R S
1 146 2 0 L S
1 147 2 0 R S
1 148 2 0 L S
1 149 2 0 R S
1 150 2 0 L S
1 151 2 0 R S
1 152 2 0 L S
1 153 2 0 R S
1 154 2 0 L S
1 155 2 0 R S
1 156 2 0 L S
1 157 2 0 R S
1 158 2 0 L S
1 159 2 0 R S
1 160 2 0 L S
1 161 2 0 R S
1 162 2 0 L S
1 163 2 0 R S
1 164 2 0 L S
1 165 2 0 R S
1 166 2 0 L S
1 167 2 0 R S
1 168 2 0 L S
1 169 2 0 R S
1 170 2 0 L S
1 171 2 0 R S
1 172 2 0 L S
1 173 2 0 R S
1 174 2 0 L S
1 175 2 0 R S
1 176 2 0 L S
1 177 2 0 R S
1 178 2 0 L S
1 179 2 0 R S
1 180 2 0 L S
1 181 2 0 R S
1 182 2 0 L S
1 183 2 0 R S
1 184 2 0 L S
1 185 2 0 R S
1 186 2 0 L S
1 187 2 0 R S
1 188 2 0 L S
1 189 2 0 R S
1 190 2 0 L S
1 191 2 0 R S
1 192 2 0 L S
1 193 2 0 R S
1 194 2 0 L S
1 195 2 0 R S
1 196 2 0 L S
1 197 2 0 R S
1 198 2 0 L S
1 199 2 0 R S
2 0 0 0 D D
2 1 0 0 D L
2 2 0 0 D L
2 3 0 0 D L
2 4 0 0 D S
2 5 0 0 D S
2 6 0 0 D S
2 7 0 0 D S
2 8 0 0 D S
2 9 0 0 D S
2 10 0 0 D S
2 11 0 0 D S
2 12 0 0 D S
2 13 0 0 D S
2 14 0 0 D S
2 15 0 0 D S
2 16 0 0 D S
2 17 0 0 D S
2 18 0 0 D S
2 19 0 0 D S
2 20 0 0 D S
2 21 0 0 D S
2 22 0 0 D S
2 23 0 0 D S
2 24 0 0 D S
2 25 0 0 D S
2 26 0 0 D S
2 27 0 0 D S
2 28 0 0 D S
2 29 0 0 D S
2 30 0 0 D S
2 31 0 0 D S
2 32 0 0 D S
2 33 0 0 D S
2 34 0 0 D S
2 35 0 0 D S
2 36 0 0 D S
2 37 0 0 D S
2 38 0 0 D S
2 39 0 0 D S
2 40 0 0 D S
2 41 0 0 D S
2 42 0 0 D S
2 43 0 0 D S
2 44 0 0 D S
2 45 0 0 D S
2 46 0 0 D S
2 47 0 0 D S
2 48 0 0 D S
2 49 0 0 D S
2 50 0 0 D S
2 51 0 0 D S
2 52 0 0 D S
2 53 0 0 D S
2 54 0 0 D S
2 55 0 0 D S
2 56 0 0 D S
2 57 0 0 D S
2 58 0 0 D S
2 59 0 0 D S
2 60 0 0 D S
2 61 0 0 D S
2 62 0 0 D S
2 63 0 0 D S
2 64 0 0 D S
2 65 0 0 D S
2 66 0 0 D S
2 67 0 0 D S
2 68 0 0 D S
2 69 0 0 D S
2 70 0 0 D S
2 71 0 0 D S
2 72 0 0 D S
2 73 0 0 D S
2 74 0 0 D S
2 75 0 0 D S
2 76 0 0 D S
2 77 0 0 D S
2 78 0 0 D S
2 79 0 0 D S
2 80 0 0 D S
2 81 0 0 D S
2 82 0 0 D S
2 83 0 0 D S
2 84 0 0 D S
2 85 0 0 D S
2 86 0 0 D S
2 87 0 0 D S
2 88 0 0 D S
2 89 0 0 D S
2 90 0 0 D S
2 91 0 0 D S
2 92 0 0 D S
2 93 0 0 D S
2 94 0 0 D S
2 95 0 0 D S
2 96 0 0 D S
2 97 0 0 D S
2 98 0 0 D S
2 99 0 0 D S
2 100 0 0 D S
2 101 0 0 D S
2 102 0 0 D S
2 103 0 0 D S
2 104 0 0 D S
2 105 0 0 D S
2 106 0 0 D S
2 107 0 0 D S
2 108 0 0 D S
2 109 0 0 D S
2 110 0 0 D S
2 111 0 0 D S
2 112 0 0 D S
2 113 0 0 D S
2 114 0 0 D S
2 115 0 0 D S
2 116 0 0 D S
2 117 0 0 D S
2 118 0 0 D S
2 119 0 0 D S
2 120 0 0 D S
2 121 0 0 D S
2 122 0 0 D S
2 123 0 0 D S
2 124 0 0 D S
2 125 0 0 D S
2 126 0 0 D S
2 127 0 0 D S
2 128 0 0 D S
2 129 0 0 D S
2 130 0 0 D S
2 131 0 0 D S
2 132 0 0 D S
2 133 0 0 D S
2 134 0 0 D S
2 135 0 0 D S
2 136 0 0 D S
2 137 0 0 D S
2 138 0 0 D S
2 139 0 0 D S
2 140 0 0 D S
2 141 0 0 D S
2 142 0 0 D S
2 143 0 0 D S
2 144 0 0 D S
2 145 0 0 D S
2 146 0 0 D S
2 147 0 0 D S
2 148 0 0 D S
2 149 0 0 D S
2 150 0 0 D S
2 151 0 0 D S
2 152 0 0 D S
2 153 0 0 D S
2 154 0 0 D S
2 155 0 0 D S
2 156 0 0 D S
2 157 0 0 D S
2 158 0 0 D S
2 159 0 0 D S
2 160 0 0 D S
2 161 0 0 D S
2 162 0 0 D S
2 163 0 0 D S
2 164 0 0 D S
2 165 0 0 D S
2 166 0 0 D S
2 167 0 0 D S
2 168 0 0 D S
2 169 0 0 D S
2 170 0 0 D S
2 171 0 0 D S
2 172 0 0 D S
2 173 0 0 D S
2 174 0 0 D S
2 175 0 0 D S
2 176 0 0 D S
2 177 0 0 D S
2 178 0 0 D S
2 179 0 0 D S
2 180 0 0 D S
2 181 0 0 D S
2 182 0 0 D S
2 183 0 0 D S
2 184 0 0 D S
2 185 0 0 D S
2 186 0 0 D S
2 187 0 0 D S
2 188 0 0 D S
2 189 0 0 D S
2 190 0 0 D S
2 191 0 0 D S
2 192 0 0 D S
2 193 0 0 D S
2 194 0 0 D S
2 195 0 0 D S
2 196 0 0 D S
2 197 0 0 D S
2 198 0 0 D S
2 199 0 0 D S
3 0 0 0 D D
3 1 0 0 U R
3 2 0 0 R R
3 3 0 0 R R
3 4 0 0 R R
3 5 0 0 R R
3 6 0 0 R R
3 7 0 0 R S
3 8 0 0 R S
3 9 0 0 R S
3 10 0 0 R S
3 11 0 0 R S
3 12 0 0 R S
3 13 0 0 D S
3 14 0 0 R D
3 15 0 0 D S
3 16 0 0 D S
3 17 0 0 D S
3 18 0 0 L S
3 19 0 0 L S
3 20 0 0 D S
3 21 0 0 R S
3 22 0 0 D S
3 23 0 0 L S
3 24 0 0 L S
3 25 0 0 L S
3 26 0 0 L S
3 27 0 0 L S
3 28 1 0 L S
3 29 1 0 D S
3 30 1 0 D S
3 31 1 0 D S
3 32 1 0 D S
3 33 1 0 D S
3 34 1 0 R S
3 35 1 0 R S
3 36 1 0 R S
3 37 1 0 R S
3 38 1 0 R S
3 39 1 0 R S
3 40 1 0 R S
3 41 1 0 U S
3 42 1 0 U S
3 43 1 0 U S
3 44 1 0 U S
3 45 1 0 R S
3 46 1 0 U S
3 47 1 0 L S
3 48 1 0 L S
3 49 1 0 L S
3 50 1 0 L S
3 51 1 0 L S
3 52 1 0 L S
3 53 1 0 L S
3 54 2 0 L S
3 55 2 0 U S
3 56 2 0 U S
3 57 2 0 U S
3 58 2 0 R S
3 59 2 0 R S
3 60 2 0 R S
3 61 2 0 R S
3 62 2 0 R S
3 63 2 0 R S
3 64 2 0 R S
3 65 2 0 L S
3 66 2 0 R S
3 67 2 0 L S
3 68 2 0 R S
3 69 2 0 L S
3 70 2 0 R S
3 71 2 0 L S
3 72 2 0 R S
3 73 2 0 L S
3 74 2 0 R S
3 75 2 0 L S
3 76 2 0 R S
3 77 2 0 L S
3 78 2 0 R S
3 79 2 0 L S
3 80 2 0 R S
3 81 2 0 L S
3 82 2 0 R S
3 83 2 0 L S
3 84 2 0 R S
3 85 2 0 L S
3 86 2 0 R S
3 87 2 0 L S
3 88 2 0 R S
3 89 2 0 L S
3 90 2 0 R S
3 91 2 0 L S
3 92 2 0 R S
3 93 2 0 L S
3 94 2 0 R S
3 95 2 0 L S
3 96 2 0 R S
3 97 2 0 L S
3 98 2 0 R S
3 99 2 0 L S
3 100 2 0 R S
3 101 2 0 L S
3 102 2 0 R S
3 103 2 0 L S
3 104 2 0 R S
3 105 2 0 L S
3 106 2 0 R S
3 107 2 0 L S
3 108 2 0 R S
3 109 2 0 L S
3 110 2 0 R S
3 111 2 0 L S
3 112 2 0 R S
3 113 2 0 L S
3 114 2 0 R S
3 115 2 0 L S
3 116 2 0 R S
3 117 2 0 L S
3 118 2 0 R S
3 119 2 0 L S
3 120 2 0 R S
3 121 2 0 L S
3 122 2 0 R S
3 123 2 0 L S
3 124 2 0 R S
3 125 2 0 L S
3 126 2 0 R S
3 127 2 0 L S
3 128 2 0 R S
3 129 2 0 L S
3 130 2 0 R S
3 131 2 0 L S
3 132 2 0 R S
3 133 2 0 L S
3 134 2 0 R S
3 135 2 0 L S
3 136 2 0 R S
3 137 2 0 L S
3 138 2 0 R S
3 139 2 0 L S
3 140 2 0 R S
3 141 2 0 L S
3 142 2 0 R S
3 143 2 0 L S
3 144 2 0 R S
3 145 2 0 L S
3 146 2 0 R S
3 147 2 0 L S
3 148 2 0 R S
3 149 2 0 L S
3 150 2 0 R S
3 151 2 0 L S
3 152 2 0 R S
3 153 2 0 L S
3 154 2 0 R S
3 155 2 0 L S
3 156 2 0 R S
3 157 2 0 L S
3 158 2 0 R S
3 159 2 0 L S
3 160 2 0 R S
3 161 2 0 L S
3 162 2 0 R S
3 163 2 0 L S
3 164 2 0 R S
3 165 2 0 L S
3 166 2 0 R S
3 167 2 0 L S
3 168 2 0 R S
3 169 2 0 L S
3 170 2 0 R S
3 171 2 0 L S
3 172 2 0 R S
3 173 2 0 L S
3 174 2 0 R S
3 175 2 0 L S
3 176 2 0 R S
3 177 2 0 L S
3 178 2 0 R S
3 179 2 0 L S
3 180 2 0 R S
3 181 2 0 L S
3 182 2 0 R S
3 183 2 0 L S
3 184 2 0 R S
3 185 2 0 L S
3 186 2 0 R S
3 187 2 0 L S
3 188 2 0 R S
3 189 2 0 L S
3 190 2 0 R S
3 191 2 0 L S
3 192 2 0 R S
3 193 2 0 L S
3 194 2 0 R S
3 195 2 0 L S
3 196 2 0 R S
3 197 2 0 L S
3 198 2 0 R S
3 199 2 0 L S
4 0 0 0 R U
4 1 0 0 R U
4 2 0 0 R U
4 3 0 0 R L
4 4 0 0 U L
4 5 0 0 D U
4 6 0 0 D L
4 7 0 0 D S
4 8 0 0 D S
4 9 0 0 D S
4 10 0 0 R S
4 11 0 0 R S
4 12 0 0 U S
4 13 0 0 U S
4 14 0 0 U S
4 15 0 0 U S
4 16 0 0 U S
4 17 0 0 R S
4 18 0 0 U S
4 19 0 0 L S
4 20 0 0 D S
4 21 0 0 D S
4 22 0 0 D S
4 23 0 0 D S
4 24 0 0 D S
4 25 0 0 D S
4 26 0 0 R S
4 27 0 0 U S
4 28 0 0 U S
4 29 0 0 U S
4 30 0 0 U S
4 31 0 0 U S
4 32 0 0 L S
4 33 0 0 L S
4 34 0 0 L S
4 35 0 0 L S
4 36 0 0 L S
4 37 0 0 R S
4 38 0 0 L S
4 39 0 0 R S
4 40 0 0 L S
4 41 0 0 R S
4 42 0 0 L S
4 43 0 0 R S
4 44 0 0 L S
4 45 0 0 R S
4 46 0 0 L S
4 47 0 0 R S
4 48 0 0 L S
4 49 0 0 R S
4 50 0 0 L S
4 51 0 0 R S
4 52 0 0 L S
4 53 0 0 R S
4 54 0 0 L S
4 55 0 0 R S
4 56 0 0 L S
4 57 0 0 R S
4 58 0 0 L S
4 59 0 0 R S
4 60 0 0 L S
4 61 0 0 R S
4 62 0 0 L S
4 63 0 0 R S
4 64 0 0 L S
4 65 0 0 R S
4 66 0 0 L S
4 67 0 0 R S
4 68 0 0 L S
4 69 0 0 R S
4 70 0 0 L S
4 71 0 0 R S
4 72 0 0 L S
4 73 0 0 R S
4 74 0 0 L S
4 75 0 0 R S
4 76 0 0 L S
4 77 0 0 R S
4 78 0 0 L S
4 79 0 0 R S
4 80 0 0 L S
4 81 0 0 R S
4 82 0 0 L S
4 83 0 0 R S
4 84 0 0 L S
4 85 0 0 R S
4 86 0 0 L S
4 87 0 0 R S
4 88 0 0 L S
4 89 0 0 R S
4 90 0 0 L S
4 91 0 0 R S
4 92 0 0 L S
4 93 0 0 R S
4 94 0 0 L S
4 95 0 0 R S
4 96 0 0 L S
4 97 0 0 R S
4 98 0 0 L S
4 99 0 0 R S
4 100 0 0 L S
4 101 0 0 R S
4 102 0 0 L S
4 103 0 0 R S
4 104 0 0 L S
4 105 0 0 R S
4 106 0 0 L S
4 107 0 0 R S
4 108 0 0 L S
4 109 0 0 R S
4 110 0 0 L S
4 111 0 0 R S
4 112 0 0 L S
4 113 0 0 R S
4 114 0 0 L S
4 115 0 0 R S
4 116 0 0 L S
4 117 0 0 R S
4 118 0 0 L S
4 119 0 0 R S
4 120 0 0 L S
4 121 0 0 R S
4 122 0 0 L S
4 123 0 0 R S
4 124 0 0 L S
4 125 0 0 R S
4 126 0 0 L S
4 127 0 0 R S
4 128 0 0 L S
4 129 0 0 R S
4 130 0 0 L S
4 131 0 0 R S
4 132 0 0 L S
4 133 0 0 R S
4 134 0 0 L S
4 135 0 0 R S
4 136 0 0 L S
4 137 0 0 R S
4 138 0 0 L S
4 139 0 0 R S
4 140 0 0 L S
4 141 0 0 R S
4 142 0 0 L S
4 143 0 0 R S
4 144 0 0 L S
4 145 0 0 R S
4 146 0 0 L S
4 147 0 0 R S
4 148 0 0 L S
4 149 0 0 R S
4 150 0 0 L S
4 151 0 0 R S
4 152 0 0 L S
4 153 0 0 R S
4 154 0 0 L S
4 155 0 0 R S
4 156 0 0 L S
4 157 0 0 R S
4 158 0 0 L S
4 159 0 0 R S
4 160 0 0 L S
4 161 0 0 R S
4 162 0 0 L S
4 163 0 0 R S
4 164 0 0 L S
4 165 0 0 R S
4 166 0 0 L S
4 167 0 0 R S
4 168 0 0 L S
4 169 0 0 R S
4 170 0 0 L S
4 171 0 0 R S
4 172 0 0 L S
4 173 0 0 R S
4 174 0 0 L S
4 175 0 0 R S
4 176 0 0 L S
4 177 0 0 R S
4 178 0 0 L S
4 179 0 0 R S
4 180 0 0 L S
4 181 0 0 R S
4 182 0 0 L S
4 183 0 0 R S
4 184 0 0 L S
4 185 0 0 R S
4 186 0 0 L S
4 187 0 0 R S
4 188 0 0 L S
4 189 0 0 R S
4 190 0 0 L S
4 191 0 0 R S
4 192 0 0 L S
4 193 0 0 R S
4 194 0 0 L S
4 195 0 0 R S
4 196 0 0 L S
4 197 0 0 R S
4 198 0 0 L S
4 199 0 0 R S
5 0 0 0 U U
5 1 0 0 L U
5 2 0 0 L U
5 3 0 0 L U
5 4 0 0 L U
5 5 0 0 L U
5 6 0 0 L U
5 7 0 0 L U
5 8 0 0 L U
5 9 0 0 L U
5 10 0 0 L U
5 11 0 0 L U
5 12 0 0 L U
5 13 0 0 L U
5 14 0 0 L U
5 15 0 0 L U
5 16 0 0 L U
5 17 0 0 L U
5 18 0 0 L U
5 19 0 0 L U
5 20 0 0 L U
5 21 0 0 L U
5 22 0 0 L U
5 23 0 0 L U
5 24 0 0 L U
5 25 0 0 L U
5 26 0 0 L U
5 27 0 0 L U
5 28 0 0 L U
5 29 0 0 L U
5 30 0 0 L U
5 31 0 0 L U
5 32 0 0 L U
5 33 0 0 L U
5 34 0 0 L U
5 35 0 0 L U
5 36 0 0 L U
5 37 0 0 L U
5 38 0 0 L U
5 39 0 0 L U
5 40 0 0 L U
5 41 0 0 L U
5 42 0 0 L U
5 43 0 0 L U
5 44 0 0 L U
5 45 0 0 L U
5 46 0 0 L U
5 47 0 0 L U
5 48 0 0 L U
5 49 0 0 L U
5 50 0 0 L U
5 51 0 0 L U
5 52 0 0 L U
5 53 0 0 L U
5 54 0 0 L U
5 55 0 0 L U
5 56 0 0 L U
5 57 0 0 L U
5 58 0 0 L U
5 59 0 0 L U
5 60 0 0 L U
5 61 0 0 L U
5 62 0 0 L U
5 63 0 0 L U
5 64 0 0 L U
5 65 0 0 L U
5 66 0 0 L U
5 67 0 0 L U
5 68 0 0 L U
5 69 0 0 L U
5 70 0 0 L U
5 71 0 0 L U
5 72 0 0 L U
5 73 0 0 L U
5 74 0 0 L U
5 75 0 0 L U
5 76 0 0 L U
5 77 0 0 L U
5 78 0 0 L U
5 79 0 0 L U
5 80 0 0 L U
5 81 0 0 L U
5 82 0 0 L U
5 83 0 0 L U
5 84 0 0 L U
5 85 0 0 L U
5 86 0 0 L U
5 87 0 0 L U
5 88 0 0 L U
5 89 0 0 L U
5 90 0 0 L U
5 91 0 0 L U
5 92 0 0 L U
5 93 0 0 L U
5 94 0 0 L U
5 95 0 0 L U
5 96 0 0 L U
5 97 0 0 L U
5 98 0 0 L U
5 99 0 0 L U
5 100 0 0 L U
5 101 0 0 L U
5 102 0 0 L U
5 103 0 0 L U
5 104 0 0 L U
5 105 0 0 L U
5 106 0 0 L U
5 107 0 0 L U
5 108 0 0 L U
5 109 0 0 L U
5 110 0 0 L U
5 111 0 0 L U
5 112 0 0 L U
5 113 0 0 L U
5 114 0 0 L U
5 115 0 0 L U
5 116 0 0 L U
5 117 0 0 L U
5 118 0 0 L U
5 119 0 0 L U
5 120 0 0 L U
5 121 0 0 L U
5 122 0 0 L U
5 123 0 0 L U
5 124 0 0 L U
5 125 0 0 L U
5 126 0 0 L U
5 127 0 0 L U
5 128 0 0 L U
5 129 0 0 L U
5 130 0 0 L U
5 131 0 0 L U
5 132 0 0 L U
5 133 0 0 L U
5 134 0 0 L U
5 135 0 0 L U
5 136 0 0 L U
5 137 0 0 L U
5 138 0 0 L U
5 139 0 0 L U
5 140 0 0 L U
5 141 0 0 L U
5 142 0 0 L U
5 143 0 0 L U
5 144 0 0 L U
5 145 0 0 L U
5 146 0 0 L U
5 147 0 0 L U
5 148 0 0 L U
5 149 0 0 L U
5 150 0 0 L U
5 151 0 0 L U
5 152 0 0 L U
5 153 0 0 L U
5 154 0 0 L U
5 155 0 0 L U
5 156 0 0 L U
5 157 0 0 L U
5 158 0 0 L U
5 159 0 0 L U
5 160 0 0 L U
5 161 0 0 L U
5 162 0 0 L U
5 163 0 0 L U
5 164 0 0 L U
5 165 0 0 L U
5 166 0 0 L U
5 167 0 0 L U
5 168 0 0 L U
5 169 0 0 L U
5 170 0 0 L U
5 171 0 0 L U
5 172 0 0 L U
5 173 0 0 L U
5 174 0 0 L U
5 175 0 0 L U
5 176 0 0 L U
5 177 0 0 L U
5 178 0 0 L U
5 179 0 0 L U
5 180 0 0 L U
5 181 0 0 L U
5 182 0 0 L U
5 183 0 0 L U
5 184 0 0 L U
5 185 0 0 L U
5 186 0 0 L U
5 187 0 0 L U
5 188 0 0 L U
5 189 0 0 L U
5 190 0 0 L U
5 191 0 0 L U
5 192 0 0 L U
5 193 0 0 L U
5 194 0 0 L U
5 195 0 0 L U
5 196 0 0 L U
5 197 0 0 L U
5 198 0 0 L U
5 199 0 0 L U
6 0 0 0 U U
6 1 0 0 U U
6 2 0 0 U U
6 3 0 0 R U
6 4 0 0 R U
6 5 0 0 R U
6 6 0 0 R L
6 7 0 0 R L
6 8 0 0 R S
6 9 0 0 R S
6 10 0 0 U S
6 11 0 0 U S
6 12 0 0 R S
6 13 0 0 U S
6 14 0 0 L S
6 15 0 0 L S
6 16 0 0 L S
6 17 0 0 L S
6 18 0 0 L S
6 19 0 0 L S
6 20 0 0 L S
6 21 1 0 L S
6 22 1 0 U S
6 23 1 0 U S
6 24 1 0 R S
6 25 1 0 R S
6 26 1 0 R S
6 27 1 0 R S
6 28 1 0 R S
6 29 1 0 R S
6 30 1 0 R S
6 31 1 0 R S
6 32 1 0 U S
6 33 1 0 R S
6 34 1 0 U S
6 35 1 0 L S
6 36 1 0 L S
6 37 1 0 L S
6 38 1 0 L S
6 39 1 0 L S
6 40 1 0 L S
6 41 2 0 L S
6 42 2 0 U S
6 43 2 0 L S
6 44 2 0 L S
6 45 2 0 L S
6 46 2 0 L S
6 47 2 0 L S
6 48 2 0 L S
6 49 2 0 R S
6 50 2 0 L S
6 51 2 0 R S
6 52 2 0 L S
6 53 2 0 R S
6 54 2 0 L S
6 55 2 0 R S
6 56 2 0 L S
6 57 2 0 R S
6 58 2 0 L S
6 59 2 0 R S
6 60 2 0 L S
6 61 2 0 R S
6 62 2 0 L S
6 63 2 0 R S
6 64 2 0 L S
6 65 2 0 R S
6 66 2 0 L S
6 67 2 0 R S
6 68 2 0 L S
6 69 2 0 R S
6 70 2 0 L S
6 71 2 0 R S
6 72 2 0 L S
6 73 2 0 R S
6 74 2 0 L S
6 75 2 0 R S
6 76 2 0 L S
6 77 2 0 R S
6 78 2 0 L S
6 79 2 0 R S
6 80 2 0 L S
6 81 2 0 R S
6 82 2 0 L S
6 83 2 0 R S
6 84 2 0 L S
6 85 2 0 R S
6 86 2 0 L S
6 87 2 0 R S
6 88 2 0 L S
6 89 2 0 R S
6 90 2 0 L S
6 91 2 0 R S
6 92 2 0 L S
6 93 2 0 R S
6 94 2 0 L S
6 95 2 0 R S
6 96 2 0 L S
6 97 2 0 R S
6 98 2 0 L S
6 99 2 0 R S
6 100 2 0 L S
6 101 2 0 R S
6 102 2 0 L S
6 103 2 0 R S
6 104 2 0 L S
6 105 2 0 R S
6 106 2 0 L S
6 107 2 0 R S
6 108 2 0 L S
6 109 2 0 R S
6 110 2 0 L S
6 111 2 0 R S
6 112 2 0 L S
6 113 2 0 R S
6 114 2 0 L S
6 115 2 0 R S
6 116 2 0 L S
6 117 2 0 R S
6 118 2 0 L S
6 119 2 0 R S
6 120 2 0 L S
6 121 2 0 R S
6 122 2 0 L S
6 123 2 0 R S
6 124 2 0 L S
6 125 2 0 R S
6 126 2 0 L S
6 127 2 0 R S
6 128 2 0 L S
6 129 2 0 R S
6 130 2 0 L S
6 131 2 0 R S
6 132 2 0 L S
6 133 2 0 R S
6 134 2 0 L S
6 135 2 0 R S
6 136 2 0 L S
6 137 2 0 R S
6 138 2 0 L S
6 139 2 0 R S
6 140 2 0 L S
6 141 2 0 R S
6 142 2 0 L S
6 143 2 0 R S
6 144 2 0 L S
6 145 2 0 R S
6 146 2 0 L S
6 147 2 0 R S
6 148 2 0 L S
6 149 2 0 R S
6 150 2 0 L S
6 151 2 0 R S
6 152 2 0 L S
6 153 2 0 R S
6 154 2 0 L S
6 155 2 0 R S
6 156 2 0 L S
6 157 2 0 R S
6 158 2 0 L S
6 159 2 0 R S
6 160 2 0 L S
6 161 2 0 R S
6 162 2 0 L S
6 163 2 0 R S
6 164 2 0 L S
6 165 2 0 R S
6 166 2 0 L S
6 167 2 0 R S
6 168 2 0 L S
6 169 2 0 R S
6 170 2 0 L S
6 171 2 0 R S
6 172 2 0 L S
6 173 2 0 R S
6 174 2 0 L S
6 175 2 0 R S
6 176 2 0 L S
6 177 2 0 R S
6 178 2 0 L S
6 179 2 0 R S
6 180 2 0 L S
6 181 2 0 R S
6 182 2 0 L S
6 183 2 0 R S
6 184 2 0 L S
6 185 2 0 R S
6 186 2 0 L S
6 187 2 0 R S
6 188 2 0 L S
6 189 2 0 R S
6 190 2 0 L S
6 191 2 0 R S
6 192 2 0 L S
6 193 2 0 R S
6 194 2 0 L S
6 195 2 0 R S
6 196 2 0 L S
6 197 2 0 R S
6 198 2 0 L S
6 199 2 0 R S
7 0 0 0 U D
7 1 0 0 U R
7 2 0 0 U R
7 3 0 0 U R
7 4 0 0 U R
7 5 0 0 U R
7 6 0 0 U R
7 7 0 0 U R
7 8 0 0 U R
7 9 0 0 U R
7 10 0 0 U R
7 11 0 0 U R
7 12 0 0 U R
7 13 0 0 U R
7 14 0 0 U R
7 15 0 0 U R
7 16 0 0 U R
7 17 0 0 U R
7 18 0 0 U R
7 19 0 0 U R
7 20 0 0 U R
7 21 0 0 U R
7 22 0 0 U R
7 23 0 0 U R
7 24 0 0 U R
7 25 0 0 U R
7 26 0 0 U R
7 27 0 0 U R
7 28 0 0 U R
7 29 0 0 U R
7 30 0 0 U R
7 31 0 0 U R
7 32 0 0 U R
7 33 0 0 U R
7 34 0 0 U R
7 35 0 0 U R
7 36 0 0 U R
7 37 0 0 U R
7 38 0 0 U R
7 39 0 0 U R
7 40 0 0 U R
7 41 0 0 U R
7 42 0 0 U R
7 43 0 0 U R
7 44 0 0 U R
7 45 0 0 U R
7 46 0 0 U R
7 47 0 0 U R
7 48 0 0 U R
7 49 0 0 U R
7 50 0 0 U R
7 51 0 0 U R
7 52 0 0 U R
7 53 0 0 U R
7 54 0 0 U R
7 55 0 0 U R
7 56 0 0 U R
7 57 0 0 U R
7 58 0 0 U R
7 59 0 0 U R
7 60 0 0 U R
7 61 0 0 U R
7 62 0 0 U R
7 63 0 0 U R
7 64 0 0 U R
7 65 0 0 U R
7 66 0 0 U R
7 67 0 0 U R
7 68 0 0 U R
7 69 0 0 U R
7 70 0 0 U R
7 71 0 0 U R
7 72 0 0 U R
7 73 0 0 U R
7 74 0 0 U R
7 75 0 0 U R
7 76 0 0 U R
7 77 0 0 U R
7 78 0 0 U R
7 79 0 0 U R
7 80 0 0 U R
7 81 0 0 U R
7 82 0 0 U R
7 83 0 0 U R
7 84 0 0 U R
7 85 0 0 U R
7 86 0 0 U R
7 87 0 0 U R
7 88 0 0 U R
7 89 0 0 U R
7 90 0 0 U R
7 91 0 0 U R
7 92 0 0 U R
7 93 0 0 U R
7 94 0 0 U R
7 95 0 0 U R
7 96 0 0 U R
7 97 0 0 U R
7 98 0 0 U R
7 99 0 0 U R
7 100 0 0 U R
7 101 0 0 U R
7 102 0 0 U R
7 103 0 0 U R
7 104 0 0 U R
7 105 0 0 U R
7 106 0 0 U R
7 107 0 0 U R
7 108 0 0 U R
7 109 0 0 U R
7 110 0 0 U R
7 111 0 0 U R
7 112 0 0 U R
7 113 0 0 U R
7 114 0 0 U R
7 115 0 0 U R
7 116 0 0 U R
7 117 0 0 U R
7 118 0 0 U R
7 119 0 0 U R
7 120 0 0 U R
7 121 0 0 U R
7 122 0 0 U R
7 123 0 0 U R
7 124 0 0 U R
7 125 0 0 U R
7 126 0 0 U R
7 127 0 0 U R
7 128 0 0 U R
7 129 0 0 U R
7 130 0 0 U R
7 131 0 0 U R
7 132 0 0 U R
7 133 0 0 U R
7 134 0 0 U R
7 135 0 0 U R
7 136 0 0 U R
7 137 0 0 U R
7 138 0 0 U R
7 139 0 0 U R
7 140 0 0 U R
7 141 0 0 U R
7 142 0 0 U R
7 143 0 0 U R
7 144 0 0 U R
7 145 0 0 U R
7 146 0 0 U R
7 147 0 0 U R
7 148 0 0 U R
7 149 0 0 U R
7 150 0 0 U R
7 151 0 0 U R
7 152 0 0 U R
7 153 0 0 U R
7 154 0 0 U R
7 155 0 0 U R
7 156 0 0 U R
7 157 0 0 U R
7 158 0 0 U R
7 159 0 0 U R
7 160 0 0 U R
7 161 0 0 U R
7 162 0 0 U R
7 163 0 0 U R
7 164 0 0 U R
7 165 0 0 U R
7 166 0 0 U R
7 167 0 0 U R
7 168 0 0 U R
7 169 0 0 U R
7 170 0 0 U R
7 171 0 0 U R
7 172 0 0 U R
7 173 0 0 U R
7 174 0 0 U R
7 175 0 0 U R
7 176 0 0 U R
7 177 0 0 U R
7 178 0 0 U R
7 179 0 0 U R
7 180 0 0 U R
7 181 0 0 U R
7 182 0 0 U R
7 183 0 0 U R
7 184 0 0 U R
7 185 0 0 U R
7 186 0 0 U R
7 187 0 0 U R
7 188 0 0 U R
7 189 0 0 U R
7 190 0 0 U R
7 191 0 0 U R
7 192 0 0 U R
7 193 0 0 U R
7 194 0 0 U R
7 195 0 0 U R
7 196 0 0 U R
7 197 0 0 U R
7 198 0 0 U R
7 199 0 0 U R
8 0 0 0 U U
8 1 0 0 U U
8 2 0 0 U U
8 3 0 0 U U
8 4 0 0 U U
8 5 0 0 U S
8 6 0 0 R S
8 7 0 0 R S
8 8 0 0 R S
8 9 0 0 R S
8 10 0 0 R S
8 11 0 0 R S
8 12 0 0 R S
8 13 0 0 U S
8 14 0 0 U S
8 15 0 0 R S
8 16 0 0 U S
8 17 0 0 L S
8 18 0 0 L S
8 19 0 0 L S
8 20 0 0 L S
8 21 0 0 L S
8 22 0 0 L S
8 23 0 0 L S
8 24 1 0 L S
8 25 1 0 U S
8 26 1 0 U S
8 27 1 0 U S
8 28 1 0 U S
8 29 1 0 L S
8 30 1 0 D S
8 31 1 0 D S
8 32 2 0 D S
8 33 2 0 U S
8 34 2 0 L S
8 35 2 0 L S
8 36 2 0 L S
8 37 2 0 L S
8 38 2 0 L S
8 39 2 0 U S
8 40 2 0 U S
8 41 2 0 R S
8 42 2 0 R R
8 43 2 0 R R
8 44 2 0 R R
8 45 2 0 U R
8 46 2 0 R S
8 47 2 0 L S
8 48 2 0 R S
8 49 2 0 L S
8 50 2 0 R S
8 51 2 0 L S
8 52 2 0 R S
8 53 2 0 L S
8 54 2 0 R S
8 55 2 0 L S
8 56 2 0 R S
8 57 2 0 L S
8 58 2 0 R S
8 59 2 0 L S
8 60 2 0 R S
8 61 2 0 L S
8 62 2 0 R S
8 63 2 0 L S
8 64 2 0 R S
8 65 2 0 L S
8 66 2 0 R S
8 67 2 0 L S
8 68 2 0 R S
8 69 2 0 L S
8 70 2 0 R S
8 71 2 0 L S
8 72 2 0 R S
8 73 2 0 L S
8 74 2 0 R S
8 75 2 0 L S
8 76 2 0 R S
8 77 2 0 L S
8 78 2 0 R S
8 79 2 0 L S
8 80 2 0 R S
8 81 2 0 L S
8 82 2 0 R S
8 83 2 0 L S
8 84 2 0 R S
8 85 2 0 L S
8 86 2 0 R S
8 87 2 0 L S
8 88 2 0 R S
8 89 2 0 L S
8 90 2 0 R S
8 91 2 0 L S
8 92 2 0 R S
8 93 2 0 L S
8 94 2 0 R S
8 95 2 0 L S
8 96 2 0 R S
8 97 2 0 L S
8 98 2 0 R S
8 99 2 0 L S
8 100 2 0 R S
8 101 2 0 L S
8 102 2 0 R S
8 103 2 0 L S
8 104 2 0 R S
8 105 2 0 L S
8 106 2 0 R S
8 107 2 0 L S
8 108 2 0 R S
8 109 2 0 L S
8 110 2 0 R S
8 111 2 0 L S
8 112 2 0 R S
8 113 2 0 L S
8 114 2 0 R S
8 115 2 0 L S
8 116 2 0 R S
8 117 2 0 L S
8 118 2 0 R S
8 119 2 0 L S
8 120 2 0 R S
8 121 2 0 L S
8 122 2 0 R S
8 123 2 0 L S
8 124 2 0 R S
8 125 2 0 L S
8 126 2 0 R S
8 127 2 0 L S
8 128 2 0 R S
8 129 2 0 L S
8 130 2 0 R S
8 131 2 0 L S
8 132 2 0 R S
8 133 2 0 L S
8 134 2 0 R S
8 135 2 0 L S
8 136 2 0 R S
8 137 2 0 L S
8 138 2 0 R S
8 139 2 0 L S
8 140 2 0 R S
8 141 2 0 L S
8 142 2 0 R S
8 143 2 0 L S
8 144 2 0 R S
8 145 2 0 L S
8 146 2 0 R S
8 147 2 0 L S
8 148 2 0 R S
8 149 2 0 L S
8 150 2 0 R S
8 151 2 0 L S
8 152 2 0 R S
8 153 2 0 L S
8 154 2 0 R S
8 155 2 0 L S
8 156 2 0 R S
8 157 2 0 L S
8 158 2 0 R S
8 159 2 0 L S
8 160 2 0 R S
8 161 2 0 L S
8 162 2 0 R S
8 163 2 0 L S
8 164 2 0 R S
8 165 2 0 L S
8 166 2 0 R S
8 167 2 0 L S
8 168 2 0 R S
8 169 2 0 L S
8 170 2 0 R S
8 171 2 0 L S
8 172 2 0 R S
8 173 2 0 L S
8 174 2 0 R S
8 175 2 0 L S
8 176 2 0 R S
8 177 2 0 L S
8 178 2 0 R S
8 179 2 0 L S
8 180 2 0 R S
8 181 2 0 L S
8 182 2 0 R S
8 183 2 0 L S
8 184 2 0 R S
8 185 2 0 L S
8 186 2 0 R S
8 187 2 0 L S
8 188 2 0 R S
8 189 2 0 L S
8 190 2 0 R S
8 191 2 0 L S
8 192 2 0 R S
8 193 2 0 L S
8 194 2 0 R S
8 195 2 0 L S
8 196 2 0 R S
8 197 2 0 L S
8 198 2 0 R S
8 199 2 0 L S
9 0 0 0 U U
9 1 0 0 U U
9 2 0 0 U U
9 3 0 0 U U
9 4 0 0 U U
9 5 0 0 U U
9 6 0 0 U U
9 7 0 0 R U
9 8 0 0 D U
9 9 0 0 D U
9 10 0 0 D U
9 11 0 0 D R
9 12 0 0 R D
9 13 0 0 D R
9 14 0 0 D S
9 15 0 0 D R
9 16 0 0 D S
9 17 0 0 D S
9 18 0 0 D S
9 19 0 0 D S
9 20 0 0 D S
9 21 0 0 D S
9 22 0 0 D S
9 23 0 0 D S
9 24 0 0 D S
9 25 0 0 D S
9 26 0 0 D S
9 27 0 0 D S
9 28 0 0 D S
9 29 0 0 D S
9 30 0 0 D S
9 31 0 0 D S
9 32 0 0 D S
9 33 0 0 D S
9 34 0 0 D S
9 35 0 0 D S
9 36 0 0 D S
9 37 0 0 D S
9 38 0 0 D S
9 39 0 0 D S
9 40 0 0 D S
9 41 0 0 D S
9 42 0 0 D S
9 43 0 0 D S
9 44 0 0 D S
9 45 0 0 D S
9 46 0 0 D S
9 47 0 0 D S
9 48 0 0 D S
9 49 0 0 D S
9 50 0 0 D S
9 51 0 0 D S
9 52 0 0 D S
9 53 0 0 D S
9 54 0 0 D S
9 55 0 0 D S
9 56 0 0 D S
9 57 0 0 D S
9 58 0 0 D S
9 59 0 0 D S
9 60 0 0 D S
9 61 0 0 D S
9 62 0 0 D S
9 63 0 0 D S
9 64 0 0 D S
9 65 0 0 D S
9 66 0 0 D S
9 67 0 0 D S
9 68 0 0 D S
9 69 0 0 D S
9 70 0 0 D S
9 71 0 0 D S
9 72 0 0 D S
9 73 0 0 D S
9 74 0 0 D S
9 75 0 0 D S
9 76 0 0 D S
9 77 0 0 D S
9 78 0 0 D S
9 79 0 0 D S
9 80 0 0 D S
9 81 0 0 D S
9 82 0 0 D S
9 83 0 0 D S
9 84 0 0 D S
9 85 0 0 D S
9 86 0 0 D S
9 87 0 0 D S
9 88 0 0 D S
9 89 0 0 D S
9 90 0 0 D S
9 91 0 0 D S
9 92 0 0 D S
9 93 0 0 D S
9 94 0 0 D S
9 95 0 0 D S
9 96 0 0 D S
9 97 0 0 D S
9 98 0 0 D S
9 99 0 0 D S
9 100 0 0 D S
9 101 0 0 D S
9 102 0 0 D S
9 103 0 0 D S
9 104 0 0 D S
9 105 0 0 D S
9 106 0 0 D S
9 107 0 0 D S
9 108 0 0 D S
9 109 0 0 D S
9 110 0 0 D S
9 111 0 0 D S
9 112 0 0 D S
9 113 0 0 D S
9 114 0 0 D S
9 115 0 0 D S
9 116 0 0 D S
9 117 0 0 D S
9 118 0 0 D S
9 119 0 0 D S
9 120 0 0 D S
9 121 0 0 D S
9 122 0 0 D S
9 123 0 0 D S
9 124 0 0 D S
9 125 0 0 D S
9 126 0 0 D S
9 127 0 0 D S
9 128 0 0 D S
9 129 0 0 D S
9 130 0 0 D S
9 131 0 0 D S
9 132 0 0 D S
9 133 0 0 D S
9 134 0 0 D S
9 135 0 0 D S
9 136 0 0 D S
9 137 0 0 D S
9 138 0 0 D S
9 139 0 0 D S
9 140 0 0 D S
9 141 0 0 D S
9 142 0 0 D S
9 143 0 0 D S
9 144 0 0 D S
9 145 0 0 D S
9 146 0 0 D S
9 147 0 0 D S
9 148 0 0 D S
9 149 0 0 D S
9 150 0 0 D S
9 151 0 0 D S
9 152 0 0 D S
9 153 0 0 D S
9 154 0 0 D S
9 155 0 0 D S
9 156 0 0 D S
9 157 0 0 D S
9 158 0 0 D S
9 159 0 0 D S
9 160 0 0 D S
9 161 0 0 D S
9 162 0 0 D S
9 163 0 0 D S
9 164 0 0 D S
9 165 0 0 D S
9 166 0 0 D S
9 167 0 0 D S
9 168 0 0 D S
9 169 0 0 D S
9 170 0 0 D S
9 171 0 0 D S
9 172 0 0 D S
9 173 0 0 D S
9 174 0 0 D S
9 175 0 0 D S
9 176 0 0 D S
9 177 0 0 D S
9 178 0 0 D S
9 179 0 0 D S
9 180 0 0 D S
9 181 0 0 D S
9 182 0 0 D S
9 183 0 0 D S
9 184 0 0 D S
9 185 0 0 D S
9 186 0 0 D S
9 187 0 0 D S
9 188 0 0 D S
9 189 0 0 D S
9 190 0 0 D S
9 191 0 0 D S
9 192 0 0 D S
9 193 0 0 D S
9 194 0 0 D S
9 195 0 0 D S
9 196 0 0 D S
9 197 0 0 D S
9 198 0 0 D S
9 199 0 0 D S
10 0 0 0 D U
10 1 0 0 D U
10 2 0 0 L U
10 3 0 0 L U
10 4 0 0 L U
10 5 0 0 L U
10 6 0 0 L U
10 7 0 0 L U
10 8 0 0 L U
10 9 0 0 L U
10 10 0 0 L U
10 11 0 0 L U
10 12 0 0 L U
10 13 0 0 L U
10 14 0 0 L U
10 15 0 0 L U
10 16 0 0 L U
10 17 0 0 L U
10 18 0 0 L U
10 19 0 0 L U
10 20 0 0 L U
10 21 0 0 L U
10 22 0 0 L U
10 23 0 0 L U
10 24 0 0 L U
10 25 0 0 L U
10 26 0 0 L U
10 27 0 0 L U
10 28 0 0 L U
10 29 0 0 L U
10 30 0 0 L U
10 31 0 0 L U
10 32 0 0 L U
10 33 0 0 L U
10 34 0 0 L U
10 35 0 0 L U
10 36 0 0 L U
10 37 0 0 L U
10 38 0 0 L U
10 39 0 0 L U
10 40 0 0 L U
10 41 0 0 L U
10 42 0 0 L U
10 43 0 0 L U
10 44 0 0 L U
10 45 0 0 L U
10 46 0 0 L U
10 47 0 0 L U
10 48 0 0 L U
10 49 0 0 L U
10 50 0 0 L U
10 51 0 0 L U
10 52 0 0 L U
10 53 0 0 L U
10 54 0 0 L U
10 55 0 0 L U
10 56 0 0 L U
10 57 0 0 L U
10 58 0 0 L U
10 59 0 0 L U
10 60 0 0 L U
10 61 0 0 L U
10 62 0 0 L U
10 63 0 0 L U
10 64 0 0 L U
10 65 0 0 L U
10 66 0 0 L U
10 67 0 0 L U
10 68 0 0 L U
10 69 0 0 L U
10 70 0 0 L U
10 71 0 0 L U
10 72 0 0 L U
10 73 0 0 L U
10 74 0 0 L U
10 75 0 0 L U
10 76 0 0 L U
10 77 0 0 L U
10 78 0 0 L U
10 79 0 0 L U
10 80 0 0 L U
10 81 0 0 L U
10 82 0 0 L U
10 83 0 0 L U
10 84 0 0 L U
10 85 0 0 L U
10 86 0 0 L U
10 87 0 0 L U
10 88 0 0 L U
10 89 0 0 L U
10 90 0 0 L U
10 91 0 0 L U
10 92 0 0 L U
10 93 0 0 L U
10 94 0 0 L U
10 95 0 0 L U
10 96 0 0 L U
10 97 0 0 L U
10 98 0 0 L U
10 99 0 0 L U
10 100 0 0 L U
10 101 0 0 L U
10 102 0 0 L U
10 103 0 0 L U
10 104 0 0 L U
10 105 0 0 L U
10 106 0 0 L U
10 107 0 0 L U
10 108 0 0 L U
10 109 0 0 L U
10 110 0 0 L U
10 111 0 0 L U
10 112 0 0 L U
10 113 0 0 L U
10 114 0 0 L U
10 115 0 0 L U
10 116 0 0 L U
10 117 0 0 L U
10 118 0 0 L U
10 119 0 0 L U
10 120 0 0 L U
10 121 0 0 L U
10 122 0 0 L U
10 123 0 0 L U
10 124 0 0 L U
10 125 0 0 L U
10 126 0 0 L U
10 127 0 0 L U
10 128 0 0 L U
10 129 0 0 L U
10 130 0 0 L U
10 131 0 0 L U
10 132 0 0 L U
10 133 0 0 L U
10 134 0 0 L U
10 135 0 0 L U
10 136 0 0 L U
10 137 0 0 L U
10 138 0 0 L U
10 139 0 0 L U
10 140 0 0 L U
10 141 0 0 L U
10 142 0 0 L U
10 143 0 0 L U
10 144 0 0 L U
10 145 0 0 L U
10 146 0 0 L U
10 147 0 0 L U
10 148 0 0 L U
10 149 0 0 L U
10 150 0 0 L U
10 151 0 0 L U
10 152 0 0 L U
10 153 0 0 L U
10 154 0 0 L U
10 155 0 0 L U
10 156 0 0 L U
10 157 0 0 L U
10 158 0 0 L U
10 159 0 0 L U
10 160 0 0 L U
10 161 0 0 L U
10 162 0 0 L U
10 163 0 0 L U
10 164 0 0 L U
10 165 0 0 L U
10 166 0 0 L U
10 167 0 0 L U
10 168 0 0 L U
10 169 0 0 L U
10 170 0 0 L U
10 171 0 0 L U
10 172 0 0 L U
10 173 0 0 L U
10 174 0 0 L U
10 175 0 0 L U
10 176 0 0 L U
10 177 0 0 L U
10 178 0 0 L U
10 179 0 0 L U
10 180 0 0 L U
10 181 0 0 L U
10 182 0 0 L U
10 183 0 0 L U
10 184 0 0 L U
10 185 0 0 L U
10 186 0 0 L U
10 187 0 0 L U
10 188 0 0 L U
10 189 0 0 L U
10 190 0 0 L U
10 191 0 0 L U
10 192 0 0 L U
10 193 0 0 L U
10 194 0 0 L U
10 195 0 0 L U
10 196 0 0 L U
10 197 0 0 L U
10 198 0 0 L U
10 199 0 0 L U
11 0 0 0 U U
11 1 0 0 U U
11 2 0 0 U U
11 3 0 0 U U
11 4 0 0 U U
11 5 0 0 U U
11 6 0 0 U L
11 7 0 0 U L
11 8 0 0 U L
11 9 0 0 U L
11 10 0 0 U L
11 11 0 0 U L
11 12 0 0 U L
11 13 0 0 U L
11 14 0 0 U S
11 15 0 0 R S
11 16 0 0 D S
11 17 0 0 D D
11 18 0 0 D D
11 19 0 0 D R
11 20 0 0 L R
11 21 0 0 D R
11 22 0 0 R R
11 23 0 0 R R
11 24 1 0 R R
11 25 1 0 D S
11 26 1 0 D S
11 27 1 0 R S
11 28 1 0 R S
11 29 1 0 R S
11 30 1 0 R S
11 31 1 0 R S
11 32 1 0 R S
11 33 1 0 U S
11 34 1 0 R S
11 35 1 0 U S
11 36 1 0 L S
11 37 1 0 L S
11 38 1 0 L S
11 39 1 0 L S
11 40 2 0 L S
11 41 2 0 U S
11 42 2 0 U S
11 43 2 0 R S
11 44 2 0 R S
11 45 2 0 U S
11 46 2 0 R S
11 47 2 0 R S
11 48 2 0 D S
11 49 2 0 D D
11 50 2 0 R D
11 51 2 0 L S
11 52 2 0 R S
11 53 2 0 L S
11 54 2 0 R S
11 55 2 0 L S
11 56 2 0 R S
11 57 2 0 L S
11 58 2 0 R S
11 59 2 0 L S
11 60 2 0 R S
11 61 2 0 L S
11 62 2 0 R S
11 63 2 0 L S
11 64 2 0 R S
11 65 2 0 L S
11 66 2 0 R S
11 67 2 0 L S
11 68 2 0 R S
11 69 2 0 L S
11 70 2 0 R S
11 71 2 0 L S
11 72 2 0 R S
11 73 2 0 L S
11 74 2 0 R S
11 75 2 0 L S
11 76 2 0 R S
11 77 2 0 L S
11 78 2 0 R S
11 79 2 0 L S
11 80 2 0 R S
11 81 2 0 L S
11 82 2 0 R S
11 83 2 0 L S
11 84 2 0 R S
11 85 2 0 L S
11 86 2 0 R S
11 87 2 0 L S
11 88 2 0 R S
11 89 2 0 L S
11 90 2 0 R S
11 91 2 0 L S
11 92 2 0 R S
11 93 2 0 L S
11 94 2 0 R S
11 95 2 0 L S
11 96 2 0 R S
11 97 2 0 L S
11 98 2 0 R S
11 99 2 0 L S
11 100 2 0 R S
11 101 2 0 L S
11 102 2 0 R S
11 103 2 0 L S
11 104 2 0 R S
11 105 2 0 L S
11 106 2 0 R S
11 107 2 0 L S
11 108 2 0 R S
11 109 2 0 L S
11 110 2 0 R S
11 111 2 0 L S
11 112 2 0 R S
11 113 2 0 L S
11 114 2 0 R S
11 115 2 0 L S
11 116 2 0 R S
11 117 2 0 L S
11 118 2 0 R S
11 119 2 0 L S
11 120 2 0 R S
11 121 2 0 L S
11 122 2 0 R S
11 123 2 0 L S
11 124 2 0 R S
11 125 2 0 L S
11 126 2 0 R S
11 127 2 0 L S
11 128 2 0 R S
11 129 2 0 L S
11 130 2 0 R S
11 131 2 0 L S
11 132 2 0 R S
11 133 2 0 L S
11 134 2 0 R S
11 135 2 0 L S
11 136 2 0 R S
11 137 2 0 L S
11 138 2 0 R S
11 139 2 0 L S
11 140 2 0 R S
11 141 2 0 L S
11 142 2 0 R S
11 143 2 0 L S
11 144 2 0 R S
11 145 2 0 L S
11 146 2 0 R S
11 147 2 0 L S
11 148 2 0 R S
11 149 2 0 L S
11 150 2 0 R S
11 151 2 0 L S
11 152 2 0 R S
11 153 2 0 L S
11 154 2 0 R S
11 155 2 0 L S
11 156 2 0 R S
11 157 2 0 L S
11 158 2 0 R S
11 159 2 0 L S
11 160 2 0 R S
11 161 2 0 L S
11 162 2 0 R S
11 163 2 0 L S
11 164 2 0 R S
11 165 2 0 L S
11 166 2 0 R S
11 167 2 0 L S
11 168 2 0 R S
11 169 2 0 L S
11 170 2 0 R S
11 171 2 0 L S
11 172 2 0 R S
11 173 2 0 L S
11 174 2 0 R S
11 175 2 0 L S
11 176 2 0 R S
11 177 2 0 L S
11 178 2 0 R S
11 179 2 0 L S
11 180 2 0 R S
11 181 2 0 L S
11 182 2 0 R S
11 183 2 0 L S
11 184 2 0 R S
11 185 2 0 L S
11 186 2 0 R S
11 187 2 0 L S
11 188 2 0 R S
11 189 2 0 L S
11 190 2 0 R S
11 191 2 0 L S
11 192 2 0 R S
11 193 2 0 L S
11 194 2 0 R S
11 195 2 0 L S
11 196 2 0 R S
11 197 2 0 L S
11 198 2 0 R S
11 199 2 0 L S
12 0 0 0 D U
12 1 0 0 D S
12 2 0 0 D S
12 3 0 0 L S
12 4 0 0 L S
12 5 0 0 L S
12 6 0 0 L S
12 7 0 0 L S
12 8 0 0 U S
12 9 0 0 U U
12 10 0 0 U U
12 11 0 0 U U
12 12 0 0 L U
12 13 0 0 U U
12 14 1 0 R U
12 15 1 0 D D
12 16 1 0 D D
12 17 1 0 D D
12 18 1 0 D D
12 19 1 0 R D
12 20 1 0 D R
12 21 1 0 R R
12 22 1 0 R R
12 23 1 0 R R
12 24 1 0 R R
12 25 1 0 R R
12 26 1 0 R R
12 27 1 0 R R
12 28 1 0 R R
12 29 1 0 R S
12 30 1 0 R S
12 31 1 0 S S
12 32 1 0 S S
12 33 1 0 S S
12 34 1 0 S S
12 35 1 0 S S
12 36 1 0 S S
12 37 1 0 S S
12 38 1 0 S S
12 39 1 0 S S
12 40 1 0 S S
12 41 1 0 S S
12 42 1 0 S S
12 43 1 0 S S
12 44 1 0 S S
12 45 1 0 S S
12 46 1 0 S S
12 47 1 0 S S
12 48 1 0 S S
12 49 1 0 S S
12 50 1 0 S S
12 51 1 0 S S
12 52 1 0 S S
12 53 1 0 S S
12 54 1 0 S S
12 55 1 0 S S
12 56 1 0 S S
12 57 1 0 S S
12 58 1 0 S S
12 59 1 0 S S
12 60 1 0 S S
12 61 1 0 S S
12 62 1 0 S S
12 63 1 0 S S
12 64 1 0 S S
12 65 1 0 S S
12 66 1 0 S S
12 67 1 0 S S
12 68 1 0 S S
12 69 1 0 S S
12 70 1 0 S S
12 71 1 0 S S
12 72 1 0 S S
12 73 1 0 S S
12 74 1 0 S S
12 75 1 0 S S
12 76 1 0 S S
12 77 1 0 S S
12 78 1 0 S S
12 79 1 0 S S
12 80 1 0 S S
12 81 1 0 S S
12 82 1 0 S S
12 83 1 0 S S
12 84 1 0 S S
12 85 1 0 S S
12 86 1 0 S S
12 87 1 0 S S
12 88 1 0 S S
12 89 1 0 S S
12 90 1 0 S S
12 91 1 0 S S
12 92 1 0 S S
12 93 1 0 S S
12 94 1 0 S S
12 95 1 0 S S
12 96 1 0 S S
12 97 1 0 S S
12 98 1 0 S S
12 99 1 0 S S
12 100 1 0 S S
12 101 1 0 S S
12 102 1 0 S S
12 103 1 0 S S
12 104 1 0 S S
12 105 1 0 S S
12 106 1 0 S S
12 107 1 0 S S
12 108 1 0 S S
12 109 1 0 S S
12 110 1 0 S S
12 111 1 0 S S
12 112 1 0 S S
12 113 1 0 S S
12 114 1 0 S S
12 115 1 0 S S
12 116 1 0 S S
12 117 1 0 S S
12 118 1 0 S S
12 119 1 0 S S
12 120 1 0 S S
12 121 1 0 S S
12 122 1 0 S S
12 123 1 0 S S
12 124 1 0 S S
12 125 1 0 S S
12 126 1 0 S S
12 127 1 0 S S
12 128 1 0 S S
12 129 1 0 S S
12 130 1 0 S S
12 131 1 0 S S
12 132 1 0 S S
12 133 1 0 S S
12 134 1 0 S S
12 135 1 0 S S
12 136 1 0 S S
12 137 1 0 S S
12 138 1 0 S S
12 139 1 0 S S
12 140 1 0 S S
12 141 1 0 S S
12 142 1 0 S S
12 143 1 0 S S
12 144 1 0 S S
12 145 1 0 S S
12 146 1 0 S S
12 147 1 0 S S
12 148 1 0 S S
12 149 1 0 S S
12 150 1 0 S S
12 151 1 0 S S
12 152 1 0 S S
12 153 1 0 S S
12 154 1 0 S S
12 155 1 0 S S
12 156 1 0 S S
12 157 1 0 S S
12 158 1 0 S S
12 159 1 0 S S
12 160 1 0 S S
12 161 1 0 S S
12 162 1 0 S S
12 163 1 0 S S
12 164 1 0 S S
12 165 1 0 S S
12 166 1 0 S S
12 167 1 0 S S
12 168 1 0 S S
12 169 1 0 S S
12 170 1 0 S S
12 171 1 0 S S
12 172 1 0 S S
12 173 1 0 S S
12 174 1 0 S S
12 175 1 0 S S
12 176 1 0 S S
12 177 1 0 S S
12 178 1 0 S S
12 179 1 0 S S
12 180 1 0 S S
12 181 1 0 S S
12 182 1 0 S S
12 183 1 0 S S
12 184 1 0 S S
12 185 1 0 S S
12 186 1 0 S S
12 187 1 0 S S
12 188 1 0 S S
12 189 1 0 S S
12 190 1 0 S S
12 191 1 0 S S
12 192 1 0 S S
12 193 1 0 S S
12 194 1 0 S S
12 195 1 0 S S
12 196 1 0 S S
12 197 1 0 S S
12 198 1 0 S S
12 199 1 0 S S
13 0 0 0 D D
13 1 0 0 L D
13 2 0 0 L D
13 3 0 0 L D
13 4 0 0 L D
13 5 0 0 L D
13 6 0 0 L D
13 7 0 0 L D
13 8 0 0 L D
13 9 0 0 L D
13 10 0 0 L D
13 11 0 0 L D
13 12 0 0 L D
13 13 0 0 L D
13 14 0 0 L D
13 15 0 0 L D
13 16 0 0 L D
13 17 0 0 L D
13 18 0 0 L D
13 19 0 0 L D
13 20 0 0 L D
13 21 0 0 L D
13 22 0 0 L D
13 23 0 0 L D
13 24 0 0 L D
13 25 0 0 L D
13 26 0 0 L D
13 27 0 0 L D
13 28 0 0 L D
13 29 0 0 L D
13 30 0 0 L D
13 31 0 0 L D
13 32 0 0 L D
13 33 0 0 L D
13 34 0 0 L D
13 35 0 0 L D
13 36 0 0 L D
13 37 0 0 L D
13 38 0 0 L D
13 39 0 0 L D
13 40 0 0 L D
13 41 0 0 L D
13 42 0 0 L D
13 43 0 0 L D
13 44 0 0 L D
13 45 0 0 L D
13 46 0 0 L D
13 47 0 0 L D
13 48 0 0 L D
13 49 0 0 L D
13 50 0 0 L D
13 51 0 0 L D
13 52 0 0 L D
13 53 0 0 L D
13 54 0 0 L D
13 55 0 0 L D
13 56 0 0 L D
13 57 0 0 L D
13 58 0 0 L D
13 59 0 0 L D
13 60 0 0 L D
13 61 0 0 L D
13 62 0 0 L D
13 63 0 0 L D
13 64 0 0 L D
13 65 0 0 L D
13 66 0 0 L D
13 67 0 0 L D
13 68 0 0 L D
13 69 0 0 L D
13 70 0 0 L D
13 71 0 0 L D
13 72 0 0 L D
13 73 0 0 L D
13 74 0 0 L D
13 75 0 0 L D
13 76 0 0 L D
13 77 0 0 L D
13 78 0 0 L D
13 79 0 0 L D
13 80 0 0 L D
13 81 0 0 L D
13 82 0 0 L D
13 83 0 0 L D
13 84 0 0 L D
13 85 0 0 L D
13 86 0 0 L D
13 87 0 0 L D
13 88 0 0 L D
13 89 0 0 L D
13 90 0 0 L D
13 91 0 0 L D
13 92 0 0 L D
13 93 0 0 L D
13 94 0 0 L D
13 95 0 0 L D
13 96 0 0 L D
13 97 0 0 L D
13 98 0 0 L D
13 99 0 0 L D
13 100 0 0 L D
13 101 0 0 L D
13 102 0 0 L D
13 103 0 0 L D
13 104 0 0 L D
13 105 0 0 L D
13 106 0 0 L D
13 107 0 0 L D
13 108 0 0 L D
13 109 0 0 L D
13 110 0 0 L D
13 111 0 0 L D
13 112 0 0 L D
13 113 0 0 L D
13 114 0 0 L D
13 115 0 0 L D
13 116 0 0 L D
13 117 0 0 L D
13 118 0 0 L D
13 119 0 0 L D
13 120 0 0 L D
13 121 0 0 L D
13 122 0 0 L D
13 123 0 0 L D
13 124 0 0 L D
13 125 0 0 L D
13 126 0 0 L D
13 127 0 0 L D
13 128 0 0 L D
13 129 0 0 L D
13 130 0 0 L D
13 131 0 0 L D
13 132 0 0 L D
13 133 0 0 L D
13 134 0 0 L D
13 135 0 0 L D
13 136 0 0 L D
13 137 0 0 L D
13 138 0 0 L D
13 139 0 0 L D
13 140 0 0 L D
13 141 0 0 L D
13 142 0 0 L D
13 143 0 0 L D
13 144 0 0 L D
13 145 0 0 L D
13 146 0 0 L D
13 147 0 0 L D
13 148 0 0 L D
13 149 0 0 L D
13 150 0 0 L D
13 151 0 0 L D
13 152 0 0 L D
13 153 0 0 L D
13 154 0 0 L D
13 155 0 0 L D
13 156 0 0 L D
13 157 0 0 L D
13 158 0 0 L D
13 159 0 0 L D
13 160 0 0 L D
13 161 0 0 L D
13 162 0 0 L D
13 163 0 0 L D
13 164 0 0 L D
13 165 0 0 L D
13 166 0 0 L D
13 167 0 0 L D
13 168 0 0 L D
13 169 0 0 L D
13 170 0 0 L D
13 171 0 0 L D
13 172 0 0 L D
13 173 0 0 L D
13 174 0 0 L D
13 175 0 0 L D
13 176 0 0 L D
13 177 0 0 L D
13 178 0 0 L D
13 179 0 0 L D
13 180 0 0 L D
13 181 0 0 L D
13 182 0 0 L D
13 183 0 0 L D
13 184 0 0 L D
13 185 0 0 L D
13 186 0 0 L D
13 187 0 0 L D
13 188 0 0 L D
13 189 0 0 L D
13 190 0 0 L D
13 191 0 0 L D
13 192 0 0 L D
13 193 0 0 L D
13 194 0 0 L D
13 195 0 0 L D
13 196 0 0 L D
13 197 0 0 L D
13 198 0 0 L D
13 199 0 0 L D
14 0 0 0 D D
14 1 0 0 R D
14 2 0 0 R R
14 3 0 0 R S
14 4 0 0 R S
14 5 0 0 U S
14 6 0 0 U S
14 7 0 0 U S
14 8 0 0 R L
14 9 0 0 U L
14 10 0 0 L L
14 11 0 0 L L
14 12 1 0 L L
14 13 1 0 U R
14 14 1 0 R R
14 15 1 0 R R
14 16 1 0 R R
14 17 1 0 R R
14 18 1 0 D S
14 19 1 0 D S
14 20 1 0 D S
14 21 1 0 D S
14 22 1 0 D S
14 23 1 0 D S
14 24 1 0 R S
14 25 1 0 R S
14 26 1 0 R S
14 27 1 0 R S
14 28 1 0 R S
14 29 1 0 D S
14 30 1 0 L S
14 31 1 0 L S
14 32 1 0 L S
14 33 1 0 L S
14 34 1 0 L S
14 35 1 0 L S
14 36 1 0 L S
14 37 1 0 L S
14 38 1 0 L S
14 39 1 0 U S
14 40 1 0 L S
14 41 1 0 L S
14 42 1 0 R S
14 43 1 0 L S
14 44 1 0 R S
14 45 1 0 L S
14 46 1 0 R S
14 47 1 0 L S
14 48 1 0 R S
14 49 1 0 L S
14 50 1 0 R S
14 51 1 0 L S
14 52 1 0 R S
14 53 1 0 L S
14 54 1 0 R S
14 55 1 0 L S
14 56 1 0 R S
14 57 1 0 L S
14 58 1 0 R S
14 59 1 0 L S
14 60 1 0 R S
14 61 1 0 L S
14 62 1 0 R S
14 63 1 0 L S
14 64 1 0 R S
14 65 1 0 L S
14 66 1 0 R S
14 67 1 0 L S
14 68 1 0 R S
14 69 1 0 L S
14 70 1 0 R S
14 71 1 0 L S
14 72 1 0 R S
14 73 1 0 L S
14 74 1 0 R S
14 75 1 0 L S
14 76 1 0 R S
14 77 1 0 L S
14 78 1 0 R S
14 79 1 0 L S
14 80 1 0 R S
14 81 1 0 L S
14 82 1 0 R S
14 83 1 0 L S
14 84 1 0 R S
14 85 1 0 L S
14 86 1 0 R S
14 87 1 0 L S
14 88 1 0 R S
14 89 1 0 L S
14 90 1 0 R S
14 91 1 0 L S
14 92 1 0 R S
14 93 1 0 L S
14 94 1 0 R S
14 95 1 0 L S
14 96 1 0 R S
14 97 1 0 L S
14 98 1 0 R S
14 99 1 0 L S
14 100 1 0 R S
14 101 1 0 L S
14 102 1 0 R S
14 103 1 0 L S
14 104 1 0 R S
14 105 1 0 L S
14 106 1 0 R S
14 107 1 0 L S
14 108 1 0 R S
14 109 1 0 L S
14 110 1 0 R S
14 111 1 0 L S
14 112 1 0 R S
14 113 1 0 L S
14 114 1 0 R S
14 115 1 0 L S
14 116 1 0 R S
14 117 1 0 L S
14 118 1 0 R S
14 119 1 0 L S
14 120 1 0 R S
14 121 1 0 L S
14 122 1 0 R S
14 123 1 0 L S
14 124 1 0 R S
14 125 1 0 L S
14 126 1 0 R S
14 127 1 0 L S
14 128 1 0 R S
14 129 1 0 L S
14 130 1 0 R S
14 131 1 0 L S
14 132 1 0 R S
14 133 1 0 L S
14 134 1 0 R S
14 135 1 0 L S
14 136 1 0 R S
14 137 1 0 L S
14 138 1 0 R S
14 139 1 0 L S
14 140 1 0 R S
14 141 1 0 L S
14 142 1 0 R S
14 143 1 0 L S
14 144 1 0 R S
14 145 1 0 L S
14 146 1 0 R S
14 147 1 0 L S
14 148 1 0 R S
14 149 1 0 L S
14 150 1 0 R S
14 151 1 0 L S
14 152 1 0 R S
14 153 1 0 L S
14 154 1 0 R S
14 155 1 0 L S
14 156 1 0 R S
14 157 1 0 L S
14 158 1 0 R S
14 159 1 0 L S
14 160 1 0 R S
14 161 1 0 L S
14 162 1 0 R S
14 163 1 0 L S
14 164 1 0 R S
14 165 1 0 L S
14 166 1 0 R S
14 167 1 0 L S
14 168 1 0 R S
14 169 1 0 L S
14 170 1 0 R S
14 171 1 0 L S
14 172 1 0 R S
14 173 1 0 L S
14 174 1 0 R S
14 175 1 0 L S
14 176 1 0 R S
14 177 1 0 L S
14 178 1 0 R S
14 179 1 0 L S
14 180 1 0 R S
14 181 1 0 L S
14 182 1 0 R S
14 183 1 0 L S
14 184 1 0 R S
14 185 1 0 L S
14 186 1 0 R S
14 187 1 0 L S
14 188 1 0 R S
14 189 1 0 L S
14 190 1 0 R S
14 191 1 0 L S
14 192 1 0 R S
14 193 1 0 L S
14 194 1 0 R S
14 195 1 0 L S
14 196 1 0 R S
14 197 1 0 L S
14 198 1 0 R S
14 199 1 0 L S
15 0 0 0 L D
15 1 0 0 U D
15 2 0 0 U D
15 3 0 0 U D
15 4 0 0 R R
15 5 0 0 U R
15 6 0 0 L R
15 7 0 0 L R
15 8 0 0 L R
15 9 0 0 L R
15 10 1 0 L R
15 11 1 0 D D
15 12 1 0 D D
15 13 1 0 D D
15 14 1 0 D D
15 15 1 0 D D
15 16 1 0 D S
15 17 1 0 L S
15 18 1 0 L S
15 19 1 0 L S
15 20 2 0 U S
15 21 2 0 D D
15 22 2 0 D D
15 23 2 0 D S
15 24 2 0 L L
15 25 2 0 L L
15 26 2 0 U S
15 27 2 0 U U
15 28 2 0 U U
15 29 2 0 L U
15 30 2 0 R S
15 31 2 0 L S
15 32 2 0 R S
15 33 2 0 L S
15 34 2 0 R S
15 35 2 0 L S
15 36 2 0 R S
15 37 2 0 L S
15 38 2 0 R S
15 39 2 0 L S
15 40 2 0 R S
15 41 2 0 L S
15 42 2 0 R S
15 43 2 0 L S
15 44 2 0 R S
15 45 2 0 L S
15 46 2 0 R S
15 47 2 0 L S
15 48 2 0 R S
15 49 2 0 L S
15 50 2 0 R S
15 51 2 0 L S
15 52 2 0 R S
15 53 2 0 L S
15 54 2 0 R S
15 55 2 0 L S
15 56 2 0 R S
15 57 2 0 L S
15 58 2 0 R S
15 59 2 0 L S
15 60 2 0 R S
15 61 2 0 L S
15 62 2 0 R S
15 63 2 0 L S
15 64 2 0 R S
15 65 2 0 L S
15 66 2 0 R S
15 67 2 0 L S
15 68 2 0 R S
15 69 2 0 L S
15 70 2 0 R S
15 71 2 0 L S
15 72 2 0 R S
15 73 2 0 L S
15 74 2 0 R S
15 75 2 0 L S
15 76 2 0 R S
15 77 2 0 L S
15 78 2 0 R S
15 79 2 0 L S
15 80 2 0 R S
15 81 2 0 L S
15 82 2 0 R S
15 83 2 0 L S
15 84 2 0 R S
15 85 2 0 L S
15 86 2 0 R S
15 87 2 0 L S
15 88 2 0 R S
15 89 2 0 L S
15 90 2 0 R S
15 91 2 0 L S
15 92 2 0 R S
15 93 2 0 L S
15 94 2 0 R S
15 95 2 0 L S
15 96 2 0 R S
15 97 2 0 L S
15 98 2 0 R S
15 99 2 0 L S
15 100 2 0 R S
15 101 2 0 L S
15 102 2 0 R S
15 103 2 0 L S
15 104 2 0 R S
15 105 2 0 L S
15 106 2 0 R S
15 107 2 0 L S
15 108 2 0 R S
15 109 2 0 L S
15 110 2 0 R S
15 111 2 0 L S
15 112 2 0 R S
15 113 2 0 L S
15 114 2 0 R S
15 115 2 0 L S
15 116 2 0 R S
15 117 2 0 L S
15 118 2 0 R S
15 119 2 0 L S
15 120 2 0 R S
15 121 2 0 L S
15 122 2 0 R S
15 123 2 0 L S
15 124 2 0 R S
15 125 2 0 L S
15 126 2 0 R S
15 127 2 0 L S
15 128 2 0 R S
15 129 2 0 L S
15 130 2 0 R S
15 131 2 0 L S
15 132 2 0 R S
15 133 2 0 L S
15 134 2 0 R S
15 135 2 0 L S
15 136 2 0 R S
15 137 2 0 L S
15 138 2 0 R S
15 139 2 0 L S
15 140 2 0 R S
15 141 2 0 L S
15 142 2 0 R S
15 143 2 0 L S
15 144 2 0 R S
15 145 2 0 L S
15 146 2 0 R S
15 147 2 0 L S
15 148 2 0 R S
15 149 2 0 L S
15 150 2 0 R S
15 151 2 0 L S
15 152 2 0 R S
15 153 2 0 L S
15 154 2 0 R S
15 155 2 0 L S
15 156 2 0 R S
15 157 2 0 L S
15 158 2 0 R S
15 159 2 0 L S
15 160 2 0 R S
15 161 2 0 L S
15 162 2 0 R S
15 163 2 0 L S
15 164 2 0 R S
15 165 2 0 L S
15 166 2 0 R S
15 167 2 0 L S
15 168 2 0 R S
15 169 2 0 L S
15 170 2 0 R S
15 171 2 0 L S
15 172 2 0 R S
15 173 2 0 L S
15 174 2 0 R S
15 175 2 0 L S
15 176 2 0 R S
15 177 2 0 L S
15 178 2 0 R S
15 179 2 0 L S
15 180 2 0 R S
15 181 2 0 L S
15 182 2 0 R S
15 183 2 0 L S
15 184 2 0 R S
15 185 2 0 L S
15 186 2 0 R S
15 187 2 0 L S
15 188 2 0 R S
15 189 2 0 L S
15 190 2 0 R S
15 191 2 0 L S
15 192 2 0 R S
15 193 2 0 L S
15 194 2 0 R S
15 195 2 0 L S
15 196 2 0 R S
15 197 2 0 L S
15 198 2 0 R S
15 199 2 0 L S
16 0 0 0 D U
16 1 0 0 U U
16 2 0 0 U U
16 3 0 0 U U
16 4 0 0 U U
16 5 0 0 U U
16 6 0 0 U U
16 7 0 0 U U
16 8 0 0 U U
16 9 0 0 U U
16 10 0 0 L S
16 11 0 0 L S
16 12 0 0 L S
16 13 0 0 L S
16 14 0 0 L S
16 15 0 0 L S
16 16 0 0 L S
16 17 0 0 U S
16 18 0 0 L S
16 19 1 0 D S
16 20 1 0 D S
16 21 1 0 D S
16 22 1 0 D S
16 23 1 0 D S
16 24 1 0 D S
16 25 1 0 D S
16 26 1 0 D S
16 27 1 0 D S
16 28 1 0 D S
16 29 1 0 D S
16 30 1 0 D S
16 31 1 0 D S
16 32 1 0 D S
16 33 1 0 D S
16 34 1 0 D S
16 35 1 0 D S
16 36 1 0 D S
16 37 1 0 D S
16 38 1 0 D S
16 39 1 0 D S
16 40 1 0 D S
16 41 1 0 D S
16 42 1 0 D S
16 43 1 0 D S
16 44 1 0 D S
16 45 1 0 D S
16 46 1 0 D S
16 47 1 0 D S
16 48 1 0 D S
16 49 1 0 D S
16 50 1 0 D S
16 51 1 0 D S
16 52 1 0 D S
16 53 1 0 D S
16 54 1 0 D S
16 55 1 0 D S
16 56 1 0 D S
16 57 1 0 D S
16 58 1 0 D S
16 59 1 0 D S
16 60 1 0 D S
16 61 1 0 D S
16 62 1 0 D S
16 63 1 0 D S
16 64 1 0 D S
16 65 1 0 D S
16 66 1 0 D S
16 67 1 0 D S
16 68 1 0 D S
16 69 1 0 D S
16 70 1 0 D S
16 71 1 0 D S
16 72 1 0 D S
16 73 1 0 D S
16 74 1 0 D S
16 75 1 0 D S
16 76 1 0 D S
16 77 1 0 D S
16 78 1 0 D S
16 79 1 0 D S
16 80 1 0 D S
16 81 1 0 D S
16 82 1 0 D S
16 83 1 0 D S
16 84 1 0 D S
16 85 1 0 D S
16 86 1 0 D S
16 87 1 0 D S
16 88 1 0 D S
16 89 1 0 D S
16 90 1 0 D S
16 91 1 0 D S
16 92 1 0 D S
16 93 1 0 D S
16 94 1 0 D S
16 95 1 0 D S
16 96 1 0 D S
16 97 1 0 D S
16 98 1 0 D S
16 99 1 0 D S
16 100 1 0 D S
16 101 1 0 D S
16 102 1 0 D S
16 103 1 0 D S
16 104 1 0 D S
16 105 1 0 D S
16 106 1 0 D S
16 107 1 0 D S
16 108 1 0 D S
16 109 1 0 D S
16 110 1 0 D S
16 111 1 0 D S
16 112 1 0 D S
16 113 1 0 D S
16 114 1 0 D S
16 115 1 0 D S
16 116 1 0 D S
16 117 1 0 D S
16 118 1 0 D S
16 119 1 0 D S
16 120 1 0 D S
16 121 1 0 D S
16 122 1 0 D S
16 123 1 0 D S
16 124 1 0 D S
16 125 1 0 D S
16 126 1 0 D S
16 127 1 0 D S
16 128 1 0 D S
16 129 1 0 D S
16 130 1 0 D S
16 131 1 0 D S
16 132 1 0 D S
16 133 1 0 D S
16 134 1 0 D S
16 135 1 0 D S
16 136 1 0 D S
16 137 1 0 D S
16 138 1 0 D S
16 139 1 0 D S
16 140 1 0 D S
16 141 1 0 D S
16 142 1 0 D S
16 143 1 0 D S
16 144 1 0 D S
16 145 1 0 D S
16 146 1 0 D S
16 147 1 0 D S
16 148 1 0 D S
16 149 1 0 D S
16 150 1 0 D S
16 151 1 0 D S
16 152 1 0 D S
16 153 1 0 D S
16 154 1 0 D S
16 155 1 0 D S
16 156 1 0 D S
16 157 1 0 D S
16 158 1 0 D S
16 159 1 0 D S
16 160 1 0 D S
16 161 1 0 D S
16 162 1 0 D S
16 163 1 0 D S
16 164 1 0 D S
16 165 1 0 D S
16 166 1 0 D S
16 167 1 0 D S
16 168 1 0 D S
16 169 1 0 D S
16 170 1 0 D S
16 171 1 0 D S
16 172 1 0 D S
16 173 1 0 D S
16 174 1 0 D S
16 175 1 0 D S
16 176 1 0 D S
16 177 1 0 D S
16 178 1 0 D S
16 179 1 0 D S
16 180 1 0 D S
16 181 1 0 D S
16 182 1 0 D S
16 183 1 0 D S
16 184 1 0 D S
16 185 1 0 D S
16 186 1 0 D S
16 187 1 0 D S
16 188 1 0 D S
16 189 1 0 D S
16 190 1 0 D S
16 191 1 0 D S
16 192 1 0 D S
16 193 1 0 D S
16 194 1 0 D S
16 195 1 0 D S
16 196 1 0 D S
16 197 1 0 D S
16 198 1 0 D S
16 199 1 0 D S
17 0 0 0 U U
17 1 0 0 U U
17 2 0 0 L U
17 3 0 0 L U
17 4 0 0 L U
17 5 0 0 U S
17 6 0 0 R S
17 7 0 0 U S
17 8 0 0 L S
17 9 0 0 L S
17 10 0 0 L S
17 11 0 0 L S
17 12 0 0 L S
17 13 0 0 L S
17 14 1 0 L S
17 15 1 0 D S
17 16 1 0 D S
17 17 1 0 D S
17 18 1 0 L S
17 19 1 0 L S
17 20 1 0 L S
17 21 1 0 L S
17 22 1 0 L S
17 23 1 0 U S
17 24 1 0 U S
17 25 1 0 R S
17 26 1 0 U S
17 27 1 0 U S
17 28 1 0 U S
17 29 1 0 U S
17 30 1 0 U S
17 31 1 0 U S
17 32 1 0 U S
17 33 1 0 U S
17 34 1 0 R S
17 35 1 0 D S
17 36 1 0 D D
17 37 1 0 L D
17 38 1 0 R S
17 39 1 0 L S
17 40 1 0 R S
17 41 1 0 L S
17 42 1 0 R S
17 43 1 0 L S
17 44 1 0 R S
17 45 1 0 L S
17 46 1 0 R S
17 47 1 0 L S
17 48 1 0 R S
17 49 1 0 L S
17 50 1 0 R S
17 51 1 0 L S
17 52 1 0 R S
17 53 1 0 L S
17 54 1 0 R S
17 55 1 0 L S
17 56 1 0 R S
17 57 1 0 L S
17 58 1 0 R S
17 59 1 0 L S
17 60 1 0 R S
17 61 1 0 L S
17 62 1 0 R S
17 63 1 0 L S
17 64 1 0 R S
17 65 1 0 L S
17 66 1 0 R S
17 67 1 0 L S
17 68 1 0 R S
17 69 1 0 L S
17 70 1 0 R S
17 71 1 0 L S
17 72 1 0 R S
17 73 1 0 L S
17 74 1 0 R S
17 75 1 0 L S
17 76 1 0 R S
17 77 1 0 L S
17 78 1 0 R S
17 79 1 0 L S
17 80 1 0 R S
17 81 1 0 L S
17 82 1 0 R S
17 83 1 0 L S
17 84 1 0 R S
17 85 1 0 L S
17 86 1 0 R S
17 87 1 0 L S
17 88 1 0 R S
17 89 1 0 L S
17 90 1 0 R S
17 91 1 0 L S
17 92 1 0 R S
17 93 1 0 L S
17 94 1 0 R S
17 95 1 0 L S
17 96 1 0 R S
17 97 1 0 L S
17 98 1 0 R S
17 99 1 0 L S
17 100 1 0 R S
17 101 1 0 L S
17 102 1 0 R S
17 103 1 0 L S
17 104 1 0 R S
17 105 1 0 L S
17 106 1 0 R S
17 107 1 0 L S
17 108 1 0 R S
17 109 1 0 L S
17 110 1 0 R S
17 111 1 0 L S
17 112 1 0 R S
17 113 1 0 L S
17 114 1 0 R S
17 115 1 0 L S
17 116 1 0 R S
17 117 1 0 L S
17 118 1 0 R S
17 119 1 0 L S
17 120 1 0 R S
17 121 1 0 L S
17 122 1 0 R S
17 123 1 0 L S
17 124 1 0 R S
17 125 1 0 L S
17 126 1 0 R S
17 127 1 0 L S
17 128 1 0 R S
17 129 1 0 L S
17 130 1 0 R S
17 131 1 0 L S
17 132 1 0 R S
17 133 1 0 L S
17 134 1 0 R S
17 135 1 0 L S
17 136 1 0 R S
17 137 1 0 L S
17 138 1 0 R S
17 139 1 0 L S
17 140 1 0 R S
17 141 1 0 L S
17 142 1 0 R S
17 143 1 0 L S
17 144 1 0 R S
17 145 1 0 L S
17 146 1 0 R S
17 147 1 0 L S
17 148 1 0 R S
17 149 1 0 L S
17 150 1 0 R S
17 151 1 0 L S
17 152 1 0 R S
17 153 1 0 L S
17 154 1 0 R S
17 155 1 0 L S
17 156 1 0 R S
17 157 1 0 L S
17 158 1 0 R S
17 159 1 0 L S
17 160 1 0 R S
17 161 1 0 L S
17 162 1 0 R S
17 163 1 0 L S
17 164 1 0 R S
17 165 1 0 L S
17 166 1 0 R S
17 167 1 0 L S
17 168 1 0 R S
17 169 1 0 L S
17 170 1 0 R S
17 171 1 0 L S
17 172 1 0 R S
17 173 1 0 L S
17 174 1 0 R S
17 175 1 0 L S
17 176 1 0 R S
17 177 1 0 L S
17 178 1 0 R S
17 179 1 0 L S
17 180 1 0 R S
17 181 1 0 L S
17 182 1 0 R S
17 183 1 0 L S
17 184 1 0 R S
17 185 1 0 L S
17 186 1 0 R S
17 187 1 0 L S
17 188 1 0 R S
17 189 1 0 L S
17 190 1 0 R S
17 191 1 0 L S
17 192 1 0 R S
17 193 1 0 L S
17 194 1 0 R S
17 195 1 0 L S
17 196 1 0 R S
17 197 1 0 L S
17 198 1 0 R S
17 199 1 0 L S
18 0 0 0 U U
18 1 0 0 U L
18 2 0 0 L L
18 3 0 0 L L
18 4 0 0 L L
18 5 0 0 U L
18 6 0 0 U L
18 7 0 0 U L
18 8 0 0 R L
18 9 0 0 U L
18 10 0 0 L L
18 11 0 0 L S
18 12 0 0 L S
18 13 0 0 L S
18 14 1 0 L S
18 15 1 0 D S
18 16 1 0 D S
18 17 1 0 D S
18 18 1 0 D S
18 19 1 0 D S
18 20 1 0 D S
18 21 1 0 L S
18 22 1 0 L S
18 23 1 0 D S
18 24 1 0 L S
18 25 1 0 U S
18 26 2 0 U S
18 27 2 0 U S
18 28 2 0 U S
18 29 2 0 U S
18 30 2 0 U S
18 31 2 0 U S
18 32 2 0 U S
18 33 2 0 U S
18 34 2 0 U S
18 35 2 0 U S
18 36 2 0 U S
18 37 2 0 U S
18 38 2 0 U S
18 39 2 0 U S
18 40 2 0 U S
18 41 2 0 U S
18 42 2 0 U S
18 43 2 0 U S
18 44 2 0 U S
18 45 2 0 U S
18 46 2 0 U S
18 47 2 0 U S
18 48 2 0 U S
18 49 2 0 U S
18 50 2 0 U S
18 51 2 0 U S
18 52 2 0 U S
18 53 2 0 U S
18 54 2 0 U S
18 55 2 0 U S
18 56 2 0 U S
18 57 2 0 U S
18 58 2 0 U S
18 59 2 0 U S
18 60 2 0 U S
18 61 2 0 U S
18 62 2 0 U S
18 63 2 0 U S
18 64 2 0 U S
18 65 2 0 U S
18 66 2 0 U S
18 67 2 0 U S
18 68 2 0 U S
18 69 2 0 U S
18 70 2 0 U S
18 71 2 0 U S
18 72 2 0 U S
18 73 2 0 U S
18 74 2 0 U S
18 75 2 0 U S
18 76 2 0 U S
18 77 2 0 U S
18 78 2 0 U S
18 79 2 0 U S
18 80 2 0 U S
18 81 2 0 U S
18 82 2 0 U S
18 83 2 0 U S
18 84 2 0 U S
18 85 2 0 U S
18 86 2 0 U S
18 87 2 0 U S
18 88 2 0 U S
18 89 2 0 U S
18 90 2 0 U S
18 91 2 0 U S
18 92 2 0 U S
18 93 2 0 U S
18 94 2 0 U S
18 95 2 0 U S
18 96 2 0 U S
18 97 2 0 U S
18 98 2 0 U S
18 99 2 0 U S
18 100 2 0 U S
18 101 2 0 U S
18 102 2 0 U S
18 103 2 0 U S
18 104 2 0 U S
18 105 2 0 U S
18 106 2 0 U S
18 107 2 0 U S
18 108 2 0 U S
18 109 2 0 U S
18 110 2 0 U S
18 111 2 0 U S
18 112 2 0 U S
18 113 2 0 U S
18 114 2 0 U S
18 115 2 0 U S
18 116 2 0 U S
18 117 2 0 U S
18 118 2 0 U S
18 119 2 0 U S
18 120 2 0 U S
18 121 2 0 U S
18 122 2 0 U S
18 123 2 0 U S
18 124 2 0 U S
18 125 2 0 U S
18 126 2 0 U S
18 127 2 0 U S
18 128 2 0 U S
18 129 2 0 U S
18 130 2 0 U S
18 131 2 0 U S
18 132 2 0 U S
18 133 2 0 U S
18 134 2 0 U S
18 135 2 0 U S
18 136 2 0 U S
18 137 2 0 U S
18 138 2 0 U S
18 139 2 0 U S
18 140 2 0 U S
18 141 2 0 U S
18 142 2 0 U S
18 143 2 0 U S
18 144 2 0 U S
18 145 2 0 U S
18 146 2 0 U S
18 147 2 0 U S
18 148 2 0 U S
18 149 2 0 U S
18 150 2 0 U S
18 151 2 0 U S
18 152 2 0 U S
18 153 2 0 U S
18 154 2 0 U S
18 155 2 0 U S
18 156 2 0 U S
18 157 2 0 U S
18 158 2 0 U S
18 159 2 0 U S
18 160 2 0 U S
18 161 2 0 U S
18 162 2 0 U S
18 163 2 0 U S
18 164 2 0 U S
18 165 2 0 U S
18 166 2 0 U S
18 167 2 0 U S
18 168 2 0 U S
18 169 2 0 U S
18 170 2 0 U S
18 171 2 0 U S
18 172 2 0 U S
18 173 2 0 U S
18 174 2 0 U S
18 175 2 0 U S
18 176 2 0 U S
18 177 2 0 U S
18 178 2 0 U S
18 179 2 0 U S
18 180 2 0 U S
18 181 2 0 U S
18 182 2 0 U S
18 183 2 0 U S
18 184 2 0 U S
18 185 2 0 U S
18 186 2 0 U S
18 187 2 0 U S
18 188 2 0 U S
18 189 2 0 U S
18 190 2 0 U S
18 191 2 0 U S
18 192 2 0 U S
18 193 2 0 U S
18 194 2 0 U S
18 195 2 0 U S
18 196 2 0 U S
18 197 2 0 U S
18 198 2 0 U S
18 199 2 0 U S
19 0 0 0 U U
19 1 0 0 U U
19 2 0 0 U U
19 3 0 0 L U
19 4 0 0 L U
19 5 0 0 L U
19 6 0 0 L U
19 7 0 0 L U
19 8 0 0 L U
19 9 0 0 L U
19 10 0 0 L U
19 11 0 0 L U
19 12 0 0 L U
19 13 0 0 L U
19 14 0 0 L U
19 15 0 0 L U
19 16 0 0 L U
19 17 0 0 L U
19 18 0 0 L U
19 19 0 0 L U
19 20 0 0 L U
19 21 0 0 L U
19 22 0 0 L U
19 23 0 0 L U
19 24 0 0 L U
19 25 0 0 L U
19 26 0 0 L U
19 27 0 0 L U
19 28 0 0 L U
19 29 0 0 L U
19 30 0 0 L U
19 31 0 0 L U
19 32 0 0 L U
19 33 0 0 L U
19 34 0 0 L U
19 35 0 0 L U
19 36 0 0 L U
19 37 0 0 L U
19 38 0 0 L U
19 39 0 0 L U
19 40 0 0 L U
19 41 0 0 L U
19 42 0 0 L U
19 43 0 0 L U
19 44 0 0 L U
19 45 0 0 L U
19 46 0 0 L U
19 47 0 0 L U
19 48 0 0 L U
19 49 0 0 L U
19 50 0 0 L U
19 51 0 0 L U
19 52 0 0 L U
19 53 0 0 L U
19 54 0 0 L U
19 55 0 0 L U
19 56 0 0 L U
19 57 0 0 L U
19 58 0 0 L U
19 59 0 0 L U
19 60 0 0 L U
19 61 0 0 L U
19 62 0 0 L U
19 63 0 0 L U
19 64 0 0 L U
19 65 0 0 L U
19 66 0 0 L U
19 67 0 0 L U
19 68 0 0 L U
19 69 0 0 L U
19 70 0 0 L U
19 71 0 0 L U
19 72 0 0 L U
19 73 0 0 L U
19 74 0 0 L U
19 75 0 0 L U
19 76 0 0 L U
19 77 0 0 L U
19 78 0 0 L U
19 79 0 0 L U
19 80 0 0 L U
19 81 0 0 L U
19 82 0 0 L U
19 83 0 0 L U
19 84 0 0 L U
19 85 0 0 L U
19 86 0 0 L U
19 87 0 0 L U
19 88 0 0 L U
19 89 0 0 L U
19 90 0 0 L U
19 91 0 0 L U
19 92 0 0 L U
19 93 0 0 L U
19 94 0 0 L U
19 95 0 0 L U
19 96 0 0 L U
19 97 0 0 L U
19 98 0 0 L U
19 99 0 0 L U
19 100 0 0 L U
19 101 0 0 L U
19 102 0 0 L U
19 103 0 0 L U
19 104 0 0 L U
19 105 0 0 L U
19 106 0 0 L U
19 107 0 0 L U
19 108 0 0 L U
19 109 0 0 L U
19 110 0 0 L U
19 111 0 0 L U
19 112 0 0 L U
19 113 0 0 L U
19 114 0 0 L U
19 115 0 0 L U
19 116 0 0 L U
19 117 0 0 L U
19 118 0 0 L U
19 119 0 0 L U
19 120 0 0 L U
19 121 0 0 L U
19 122 0 0 L U
19 123 0 0 L U
19 124 0 0 L U
19 125 0 0 L U
19 126 0 0 L U
19 127 0 0 L U
19 128 0 0 L U
19 129 0 0 L U
19 130 0 0 L U
19 131 0 0 L U
19 132 0 0 L U
19 133 0 0 L U
19 134 0 0 L U
19 135 0 0 L U
19 136 0 0 L U
19 137 0 0 L U
19 138 0 0 L U
19 139 0 0 L U
19 140 0 0 L U
19 141 0 0 L U
19 142 0 0 L U
19 143 0 0 L U
19 144 0 0 L U
19 145 0 0 L U
19 146 0 0 L U
19 147 0 0 L U
19 148 0 0 L U
19 149 0 0 L U
19 150 0 0 L U
19 151 0 0 L U
19 152 0 0 L U
19 153 0 0 L U
19 154 0 0 L U
19 155 0 0 L U
19 156 0 0 L U
19 157 0 0 L U
19 158 0 0 L U
19 159 0 0 L U
19 160 0 0 L U
19 161 0 0 L U
19 162 0 0 L U
19 163 0 0 L U
19 164 0 0 L U
19 165 0 0 L U
19 166 0 0 L U
19 167 0 0 L U
19 168 0 0 L U
19 169 0 0 L U
19 170 0 0 L U
19 171 0 0 L U
19 172 0 0 L U
19 173 0 0 L U
19 174 0 0 L U
19 175 0 0 L U
19 176 0 0 L U
19 177 0 0 L U
19 178 0 0 L U
19 179 0 0 L U
19 180 0 0 L U
19 181 0 0 L U
19 182 0 0 L U
19 183 0 0 L U
19 184 0 0 L U
19 185 0 0 L U
19 186 0 0 L U
19 187 0 0 L U
19 188 0 0 L U
19 189 0 0 L U
19 190 0 0 L U
19 191 0 0 L U
19 192 0 0 L U
19 193 0 0 L U
19 194 0 0 L U
19 195 0 0 L U
19 196 0 0 L U
19 197 0 0 L U
19 198 0 0 L U
19 199 0 0 L U
20 0 0 0 U U
20 1 0 0 L U
20 2 0 0 L U
20 3 0 0 L U
20 4 0 0 L U
20 5 0 0 L S
20 6 0 0 L S
20 7 0 0 L S
20 8 0 0 U S
20 9 0 0 U S
20 10 0 0 U S
20 11 0 0 U S
20 12 0 0 D S
20 13 0 0 R S
20 14 0 0 U S
20 15 0 0 L S
20 16 0 0 R S
20 17 0 0 L S
20 18 0 0 R S
20 19 0 0 L S
20 20 0 0 R S
20 21 0 0 L S
20 22 0 0 R S
20 23 0 0 L S
20 24 0 0 R S
20 25 0 0 L S
20 26 0 0 R S
20 27 0 0 L S
20 28 0 0 R S
20 29 0 0 L S
20 30 0 0 R S
20 31 0 0 L S
20 32 0 0 R S
20 33 0 0 L S
20 34 0 0 R S
20 35 0 0 L S
20 36 0 0 R S
20 37 0 0 L S
20 38 0 0 R S
20 39 0 0 L S
20 40 0 0 R S
20 41 0 0 L S
20 42 0 0 R S
20 43 0 0 L S
20 44 0 0 R S
20 45 0 0 L S
20 46 0 0 R S
20 47 0 0 L S
20 48 0 0 R S
20 49 0 0 L S
20 50 0 0 R S
20 51 0 0 L S
20 52 0 0 R S
20 53 0 0 L S
20 54 0 0 R S
20 55 0 0 L S
20 56 0 0 R S
20 57 0 0 L S
20 58 0 0 R S
20 59 0 0 L S
20 60 0 0 R S
20 61 0 0 L S
20 62 0 0 R S
20 63 0 0 L S
20 64 0 0 R S
20 65 0 0 L S
20 66 0 0 R S
20 67 0 0 L S
20 68 0 0 R S
20 69 0 0 L S
20 70 0 0 R S
20 71 0 0 L S
20 72 0 0 R S
20 73 0 0 L S
20 74 0 0 R S
20 75 0 0 L S
20 76 0 0 R S
20 77 0 0 L S
20 78 0 0 R S
20 79 0 0 L S
20 80 0 0 R S
20 81 0 0 L S
20 82 0 0 R S
20 83 0 0 L S
20 84 0 0 R S
20 85 0 0 L S
20 86 0 0 R S
20 87 0 0 L S
20 88 0 0 R S
20 89 0 0 L S
20 90 0 0 R S
20 91 0 0 L S
20 92 0 0 R S
20 93 0 0 L S
20 94 0 0 R S
20 95 0 0 L S
20 96 0 0 R S
20 97 0 0 L S
20 98 0 0 R S
20 99 0 0 L S
20 100 0 0 R S
20 101 0 0 L S
20 102 0 0 R S
20 103 0 0 L S
20 104 0 0 R S
20 105 0 0 L S
20 106 0 0 R S
20 107 0 0 L S
20 108 0 0 R S
20 109 0 0 L S
20 110 0 0 R S
20 111 0 0 L S
20 112 0 0 R S
20 113 0 0 L S
20 114 0 0 R S
20 115 0 0 L S
20 116 0 0 R S
20 117 0 0 L S
20 118 0 0 R S
20 119 0 0 L S
20 120 0 0 R S
20 121 0 0 L S
20 122 0 0 R S
20 123 0 0 L S
20 124 0 0 R S
20 125 0 0 L S
20 126 0 0 R S
20 127 0 0 L S
20 128 0 0 R S
20 129 0 0 L S
20 130 0 0 R S
20 131 0 0 L S
20 132 0 0 R S
20 133 0 0 L S
20 134 0 0 R S
20 135 0 0 L S
20 136 0 0 R S
20 137 0 0 L S
20 138 0 0 R S
20 139 0 0 L S
20 140 0 0 R S
20 141 0 0 L S
20 142 0 0 R S
20 143 0 0 L S
20 144 0 0 R S
20 145 0 0 L S
20 146 0 0 R S
20 147 0 0 L S
20 148 0 0 R S
20 149 0 0 L S
20 150 0 0 R S
20 151 0 0 L S
20 152 0 0 R S
20 153 0 0 L S
20 154 0 0 R S
20 155 0 0 L S
20 156 0 0 R S
20 157 0 0 L S
20 158 0 0 R S
20 159 0 0 L S
20 160 0 0 R S
20 161 0 0 L S
20 162 0 0 R S
20 163 0 0 L S
20 164 0 0 R S
20 165 0 0 L S
20 166 0 0 R S
20 167 0 0 L S
20 168 0 0 R S
20 169 0 0 L S
20 170 0 0 R S
20 171 0 0 L S
20 172 0 0 R S
20 173 0 0 L S
20 174 0 0 R S
20 175 0 0 L S
20 176 0 0 R S
20 177 0 0 L S
20 178 0 0 R S
20 179 0 0 L S
20 180 0 0 R S
20 181 0 0 L S
20 182 0 0 R S
20 183 0 0 L S
20 184 0 0 R S
20 185 0 0 L S
20 186 0 0 R S
20 187 0 0 L S
20 188 0 0 R S
20 189 0 0 L S
20 190 0 0 R S
20 191 0 0 L S
20 192 0 0 R S
20 193 0 0 L S
20 194 0 0 R S
20 195 0 0 L S
20 196 0 0 R S
20 197 0 0 L S
20 198 0 0 R S
20 199 0 0 L S
21 0 0 0 D U
21 1 0 0 D U
21 2 0 0 D U
21 3 0 0 D U
21 4 0 0 D U
21 5 0 0 D U
21 6 0 0 D U
21 7 0 0 D U
21 8 0 0 D U
21 9 0 0 D U
21 10 0 0 D U
21 11 0 0 D U
21 12 0 0 D U
21 13 0 0 D R
21 14 0 0 D R
21 15 0 0 D R
21 16 0 0 D R
21 17 0 0 D R
21 18 0 0 D R
21 19 0 0 D R
21 20 0 0 D R
21 21 0 0 D R
21 22 0 0 D S
21 23 0 0 D S
21 24 0 0 D S
21 25 0 0 D S
21 26 0 0 D S
21 27 0 0 D S
21 28 0 0 D S
21 29 0 0 D S
21 30 0 0 D S
21 31 0 0 D S
21 32 0 0 D S
21 33 0 0 D S
21 34 0 0 D S
21 35 0 0 D S
21 36 0 0 D S
21 37 0 0 D S
21 38 0 0 D S
21 39 0 0 D S
21 40 0 0 D S
21 41 0 0 D S
21 42 0 0 D S
21 43 0 0 D S
21 44 0 0 D S
21 45 0 0 D S
21 46 0 0 D S
21 47 0 0 D S
21 48 0 0 D S
21 49 0 0 D S
21 50 0 0 D S
21 51 0 0 D S
21 52 0 0 D S
21 53 0 0 D S
21 54 0 0 D S
21 55 0 0 D S
21 56 0 0 D S
21 57 0 0 D S
21 58 0 0 D S
21 59 0 0 D S
21 60 0 0 D S
21 61 0 0 D S
21 62 0 0 D S
21 63 0 0 D S
21 64 0 0 D S
21 65 0 0 D S
21 66 0 0 D S
21 67 0 0 D S
21 68 0 0 D S
21 69 0 0 D S
21 70 0 0 D S
21 71 0 0 D S
21 72 0 0 D S
21 73 0 0 D S
21 74 0 0 D S
21 75 0 0 D S
21 76 0 0 D S
21 77 0 0 D S
21 78 0 0 D S
21 79 0 0 D S
21 80 0 0 D S
21 81 0 0 D S
21 82 0 0 D S
21 83 0 0 D S
21 84 0 0 D S
21 85 0 0 D S
21 86 0 0 D S
21 87 0 0 D S
21 88 0 0 D S
21 89 0 0 D S
21 90 0 0 D S
21 91 0 0 D S
21 92 0 0 D S
21 93 0 0 D S
21 94 0 0 D S
21 95 0 0 D S
21 96 0 0 D S
21 97 0 0 D S
21 98 0 0 D S
21 99 0 0 D S
21 100 0 0 D S
21 101 0 0 D S
21 102 0 0 D S
21 103 0 0 D S
21 104 0 0 D S
21 105 0 0 D S
21 106 0 0 D S
21 107 0 0 D S
21 108 0 0 D S
21 109 0 0 D S
21 110 0 0 D S
21 111 0 0 D S
21 112 0 0 D S
21 113 0 0 D S
21 114 0 0 D S
21 115 0 0 D S
21 116 0 0 D S
21 117 0 0 D S
21 118 0 0 D S
21 119 0 0 D S
21 120 0 0 D S
21 121 0 0 D S
21 122 0 0 D S
21 123 0 0 D S
21 124 0 0 D S
21 125 0 0 D S
21 126 0 0 D S
21 127 0 0 D S
21 128 0 0 D S
21 129 0 0 D S
21 130 0 0 D S
21 131 0 0 D S
21 132 0 0 D S
21 133 0 0 D S
21 134 0 0 D S
21 135 0 0 D S
21 136 0 0 D S
21 137 0 0 D S
21 138 0 0 D S
21 139 0 0 D S
21 140 0 0 D S
21 141 0 0 D S
21 142 0 0 D S
21 143 0 0 D S
21 144 0 0 D S
21 145 0 0 D S
21 146 0 0 D S
21 147 0 0 D S
21 148 0 0 D S
21 149 0 0 D S
21 150 0 0 D S
21 151 0 0 D S
21 152 0 0 D S
21 153 0 0 D S
21 154 0 0 D S
21 155 0 0 D S
21 156 0 0 D S
21 157 0 0 D S
21 158 0 0 D S
21 159 0 0 D S
21 160 0 0 D S
21 161 0 0 D S
21 162 0 0 D S
21 163 0 0 D S
21 164 0 0 D S
21 165 0 0 D S
21 166 0 0 D S
21 167 0 0 D S
21 168 0 0 D S
21 169 0 0 D S
21 170 0 0 D S
21 171 0 0 D S
21 172 0 0 D S
21 173 0 0 D S
21 174 0 0 D S
21 175 0 0 D S
21 176 0 0 D S
21 177 0 0 D S
21 178 0 0 D S
21 179 0 0 D S
21 180 0 0 D S
21 181 0 0 D S
21 182 0 0 D S
21 183 0 0 D S
21 184 0 0 D S
21 185 0 0 D S
21 186 0 0 D S
21 187 0 0 D S
21 188 0 0 D S
21 189 0 0 D S
21 190 0 0 D S
21 191 0 0 D S
21 192 0 0 D S
21 193 0 0 D S
21 194 0 0 D S
21 195 0 0 D S
21 196 0 0 D S
21 197 0 0 D S
21 198 0 0 D S
21 199 0 0 D S
22 0 0 0 D U
22 1 0 0 D U
22 2 0 0 D U
22 3 0 0 D U
22 4 0 0 D U
22 5 0 0 D U
22 6 0 0 D U
22 7 0 0 D R
22 8 0 0 D R
22 9 0 0 D R
22 10 0 0 D R
22 11 0 0 D R
22 12 0 0 D R
22 13 0 0 D R
22 14 0 0 D R
22 15 0 0 D R
22 16 0 0 D R
22 17 0 0 D R
22 18 0 0 D R
22 19 0 0 D R
22 20 0 0 D R
22 21 0 0 D S
22 22 0 0 D S
22 23 0 0 D S
22 24 0 0 D S
22 25 0 0 D S
22 26 0 0 D S
22 27 0 0 D S
22 28 0 0 D S
22 29 0 0 D S
22 30 0 0 D S
22 31 0 0 D S
22 32 0 0 D S
22 33 0 0 D S
22 34 0 0 D S
22 35 0 0 D S
22 36 0 0 D S
22 37 0 0 D S
22 38 0 0 D S
22 39 0 0 D S
22 40 0 0 D S
22 41 0 0 D S
22 42 0 0 D S
22 43 0 0 D S
22 44 0 0 D S
22 45 0 0 D S
22 46 0 0 D S
22 47 0 0 D S
22 48 0 0 D S
22 49 0 0 D S
22 50 0 0 D S
22 51 0 0 D S
22 52 0 0 D S
22 53 0 0 D S
22 54 0 0 D S
22 55 0 0 D S
22 56 0 0 D S
22 57 0 0 D S
22 58 0 0 D S
22 59 0 0 D S
22 60 0 0 D S
22 61 0 0 D S
22 62 0 0 D S
22 63 0 0 D S
22 64 0 0 D S
22 65 0 0 D S
22 66 0 0 D S
22 67 0 0 D S
22 68 0 0 D S
22 69 0 0 D S
22 70 0 0 D S
22 71 0 0 D S
22 72 0 0 D S
22 73 0 0 D S
22 74 0 0 D S
22 75 0 0 D S
22 76 0 0 D S
22 77 0 0 D S
22 78 0 0 D S
22 79 0 0 D S
22 80 0 0 D S
22 81 0 0 D S
22 82 0 0 D S
22 83 0 0 D S
22 84 0 0 D S
22 85 0 0 D S
22 86 0 0 D S
22 87 0 0 D S
22 88 0 0 D S
22 89 0 0 D S
22 90 0 0 D S
22 91 0 0 D S
22 92 0 0 D S
22 93 0 0 D S
22 94 0 0 D S
22 95 0 0 D S
22 96 0 0 D S
22 97 0 0 D S
22 98 0 0 D S
22 99 0 0 D S
22 100 0 0 D S
22 101 0 0 D S
22 102 0 0 D S
22 103 0 0 D S
22 104 0 0 D S
22 105 0 0 D S
22 106 0 0 D S
22 107 0 0 D S
22 108 0 0 D S
22 109 0 0 D S
22 110 0 0 D S
22 111 0 0 D S
22 112 0 0 D S
22 113 0 0 D S
22 114 0 0 D S
22 115 0 0 D S
22 116 0 0 D S
22 117 0 0 D S
22 118 0 0 D S
22 119 0 0 D S
22 120 0 0 D S
22 121 0 0 D S
22 122 0 0 D S
22 123 0 0 D S
22 124 0 0 D S
22 125 0 0 D S
22 126 0 0 D S
22 127 0 0 D S
22 128 0 0 D S
22 129 0 0 D S
22 130 0 0 D S
22 131 0 0 D S
22 132 0 0 D S
22 133 0 0 D S
22 134 0 0 D S
22 135 0 0 D S
22 136 0 0 D S
22 137 0 0 D S
22 138 0 0 D S
22 139 0 0 D S
22 140 0 0 D S
22 141 0 0 D S
22 142 0 0 D S
22 143 0 0 D S
22 144 0 0 D S
22 145 0 0 D S
22 146 0 0 D S
22 147 0 0 D S
22 148 0 0 D S
22 149 0 0 D S
22 150 0 0 D S
22 151 0 0 D S
22 152 0 0 D S
22 153 0 0 D S
22 154 0 0 D S
22 155 0 0 D S
22 156 0 0 D S
22 157 0 0 D S
22 158 0 0 D S
22 159 0 0 D S
22 160 0 0 D S
22 161 0 0 D S
22 162 0 0 D S
22 163 0 0 D S
22 164 0 0 D S
22 165 0 0 D S
22 166 0 0 D S
22 167 0 0 D S
22 168 0 0 D S
22 169 0 0 D S
22 170 0 0 D S
22 171 0 0 D S
22 172 0 0 D S
22 173 0 0 D S
22 174 0 0 D S
22 175 0 0 D S
22 176 0 0 D S
22 177 0 0 D S
22 178 0 0 D S
22 179 0 0 D S
22 180 0 0 D S
22 181 0 0 D S
22 182 0 0 D S
22 183 0 0 D S
22 184 0 0 D S
22 185 0 0 D S
22 186 0 0 D S
22 187 0 0 D S
22 188 0 0 D S
22 189 0 0 D S
22 190 0 0 D S
22 191 0 0 D S
22 192 0 0 D S
22 193 0 0 D S
22 194 0 0 D S
22 195 0 0 D S
22 196 0 0 D S
22 197 0 0 D S
22 198 0 0 D S
22 199 0 0 D S
23 0 0 0 L L
23 1 0 0 L L
23 2 0 0 L S
23 3 0 0 L S
23 4 0 0 D S
23 5 0 0 U D
23 6 0 0 D S
23 7 0 0 R S
23 8 0 0 R S
23 9 0 0 D S
23 10 0 0 D S
23 11 0 0 D S
23 12 0 0 D S
23 13 0 0 D S
23 14 0 0 D S
23 15 0 0 D S
23 16 0 0 L S
23 17 0 0 L S
23 18 0 0 L S
23 19 0 0 L S
23 20 0 0 L S
23 21 0 0 L S
23 22 0 0 L S
23 23 0 0 U S
23 24 0 0 U S
23 25 0 0 U S
23 26 0 0 U S
23 27 0 0 U S
23 28 0 0 R L
23 29 0 0 U L
23 30 0 0 L L
23 31 1 0 L L
23 32 1 0 D S
23 33 1 0 D S
23 34 1 0 D S
23 35 1 0 D S
23 36 1 0 D S
23 37 1 0 R S
23 38 1 0 D S
23 39 1 0 L S
23 40 1 0 U S
23 41 1 0 L S
23 42 1 0 L S
23 43 1 0 R S
23 44 1 0 L S
23 45 1 0 R S
23 46 1 0 L S
23 47 1 0 R S
23 48 1 0 L S
23 49 1 0 R S
23 50 1 0 L S
23 51 1 0 R S
23 52 1 0 L S
23 53 1 0 R S
23 54 1 0 L S
23 55 1 0 R S
23 56 1 0 L S
23 57 1 0 R S
23 58 1 0 L S
23 59 1 0 R S
23 60 1 0 L S
23 61 1 0 R S
23 62 1 0 L S
23 63 1 0 R S
23 64 1 0 L S
23 65 1 0 R S
23 66 1 0 L S
23 67 1 0 R S
23 68 1 0 L S
23 69 1 0 R S
23 70 1 0 L S
23 71 1 0 R S
23 72 1 0 L S
23 73 1 0 R S
23 74 1 0 L S
23 75 1 0 R S
23 76 1 0 L S
23 77 1 0 R S
23 78 1 0 L S
23 79 1 0 R S
23 80 1 0 L S
23 81 1 0 R S
23 82 1 0 L S
23 83 1 0 R S
23 84 1 0 L S
23 85 1 0 R S
23 86 1 0 L S
23 87 1 0 R S
23 88 1 0 L S
23 89 1 0 R S
23 90 1 0 L S
23 91 1 0 R S
23 92 1 0 L S
23 93 1 0 R S
23 94 1 0 L S
23 95 1 0 R S
23 96 1 0 L S
23 97 1 0 R S
23 98 1 0 L S
23 99 1 0 R S
23 100 1 0 L S
23 101 1 0 R S
23 102 1 0 L S
23 103 1 0 R S
23 104 1 0 L S
23 105 1 0 R S
23 106 1 0 L S
23 107 1 0 R S
23 108 1 0 L S
23 109 1 0 R S
23 110 1 0 L S
23 111 1 0 R S
23 112 1 0 L S
23 113 1 0 R S
23 114 1 0 L S
23 115 1 0 R S
23 116 1 0 L S
23 117 1 0 R S
23 118 1 0 L S
23 119 1 0 R S
23 120 1 0 L S
23 121 1 0 R S
23 122 1 0 L S
23 123 1 0 R S
23 124 1 0 L S
23 125 1 0 R S
23 126 1 0 L S
23 127 1 0 R S
23 128 1 0 L S
23 129 1 0 R S
23 130 1 0 L S
23 131 1 0 R S
23 132 1 0 L S
23 133 1 0 R S
23 134 1 0 L S
23 135 1 0 R S
23 136 1 0 L S
23 137 1 0 R S
23 138 1 0 L S
23 139 1 0 R S
23 140 1 0 L S
23 141 1 0 R S
23 142 1 0 L S
23 143 1 0 R S
23 144 1 0 L S
23 145 1 0 R S
23 146 1 0 L S
23 147 1 0 R S
23 148 1 0 L S
23 149 1 0 R S
23 150 1 0 L S
23 151 1 0 R S
23 152 1 0 L S
23 153 1 0 R S
23 154 1 0 L S
23 155 1 0 R S
23 156 1 0 L S
23 157 1 0 R S
23 158 1 0 L S
23 159 1 0 R S
23 160 1 0 L S
23 161 1 0 R S
23 162 1 0 L S
23 163 1 0 R S
23 164 1 0 L S
23 165 1 0 R S
23 166 1 0 L S
23 167 1 0 R S
23 168 1 0 L S
23 169 1 0 R S
23 170 1 0 L S
23 171 1 0 R S
23 172 1 0 L S
23 173 1 0 R S
23 174 1 0 L S
23 175 1 0 R S
23 176 1 0 L S
23 177 1 0 R S
23 178 1 0 L S
23 179 1 0 R S
23 180 1 0 L S
23 181 1 0 R S
23 182 1 0 L S
23 183 1 0 R S
23 184 1 0 L S
23 185 1 0 R S
23 186 1 0 L S
23 187 1 0 R S
23 188 1 0 L S
23 189 1 0 R S
23 190 1 0 L S
23 191 1 0 R S
23 192 1 0 L S
23 193 1 0 R S
23 194 1 0 L S
23 195 1 0 R S
23 196 1 0 L S
23 197 1 0 R S
23 198 1 0 L S
23 199 1 0 R S
24 0 0 0 D U
24 1 0 0 D U
24 2 0 0 D U
24 3 0 0 D U
24 4 0 0 D U
24 5 0 0 D U
24 6 0 0 D U
24 7 0 0 D U
24 8 0 0 D U
24 9 0 0 D U
24 10 0 0 D U
24 11 0 0 D U
24 12 0 0 D U
24 13 0 0 L U
24 14 0 0 L U
24 15 0 0 L U
24 16 0 0 L U
24 17 0 0 L U
24 18 0 0 L U
24 19 0 0 L U
24 20 0 0 L U
24 21 0 0 L U
24 22 0 0 D U
24 23 0 0 L U
24 24 0 0 U U
24 25 0 0 U U
24 26 0 0 U U
24 27 0 0 L U
24 28 0 0 U U
24 29 0 0 U U
24 30 0 0 U U
24 31 0 0 U U
24 32 0 0 U U
24 33 0 0 L U
24 34 0 0 L U
24 35 0 0 L U
24 36 0 0 D U
24 37 0 0 R U
24 38 0 0 L U
24 39 0 0 R U
24 40 0 0 L U
24 41 0 0 R U
24 42 0 0 L U
24 43 0 0 R U
24 44 0 0 L U
24 45 0 0 R U
24 46 0 0 L U
24 47 0 0 R U
24 48 0 0 L U
24 49 0 0 R U
24 50 0 0 L U
24 51 0 0 R U
24 52 0 0 L U
24 53 0 0 R U
24 54 0 0 L U
24 55 0 0 R U
24 56 0 0 L U
24 57 0 0 R U
24 58 0 0 L U
24 59 0 0 R U
24 60 0 0 L U
24 61 0 0 R U
24 62 0 0 L U
24 63 0 0 R U
24 64 0 0 L U
24 65 0 0 R U
24 66 0 0 L U
24 67 0 0 R U
24 68 0 0 L U
24 69 0 0 R U
24 70 0 0 L U
24 71 0 0 R U
24 72 0 0 L U
24 73 0 0 R U
24 74 0 0 L U
24 75 0 0 R U
24 76 0 0 L U
24 77 0 0 R U
24 78 0 0 L U
24 79 0 0 R U
24 80 0 0 L U
24 81 0 0 R U
24 82 0 0 L U
24 83 0 0 R U
24 84 0 0 L U
24 85 0 0 R U
24 86 0 0 L U
24 87 0 0 R U
24 88 0 0 L U
24 89 0 0 R U
24 90 0 0 L U
24 91 0 0 R U
24 92 0 0 L U
24 93 0 0 R U
24 94 0 0 L U
24 95 0 0 R U
24 96 0 0 L U
24 97 0 0 R U
24 98 0 0 L U
24 99 0 0 R U
24 100 0 0 L U
24 101 0 0 R U
24 102 0 0 L U
24 103 0 0 R U
24 104 0 0 L U
24 105 0 0 R U
24 106 0 0 L U
24 107 0 0 R U
24 108 0 0 L U
24 109 0 0 R U
24 110 0 0 L U
24 111 0 0 R U
24 112 0 0 L U
24 113 0 0 R U
24 114 0 0 L U
24 115 0 0 R U
24 116 0 0 L U
24 117 0 0 R U
24 118 0 0 L U
24 119 0 0 R U
24 120 0 0 L U
24 121 0 0 R U
24 122 0 0 L U
24 123 0 0 R U
24 124 0 0 L U
24 125 0 0 R U
24 126 0 0 L U
24 127 0 0 R U
24 128 0 0 L U
24 129 0 0 R U
24 130 0 0 L U
24 131 0 0 R U
24 132 0 0 L U
24 133 0 0 R U
24 134 0 0 L U
24 135 0 0 R U
24 136 0 0 L U
24 137 0 0 R U
24 138 0 0 L U
24 139 0 0 R U
24 140 0 0 L U
24 141 0 0 R U
24 142 0 0 L U
24 143 0 0 R U
24 144 0 0 L U
24 145 0 0 R U
24 146 0 0 L U
24 147 0 0 R U
24 148 0 0 L U
24 149 0 0 R U
24 150 0 0 L U
24 151 0 0 R U
24 152 0 0 L U
24 153 0 0 R U
24 154 0 0 L U
24 155 0 0 R U
24 156 0 0 L U
24 157 0 0 R U
24 158 0 0 L U
24 159 0 0 R U
24 160 0 0 L U
24 161 0 0 R U
24 162 0 0 L U
24 163 0 0 R U
24 164 0 0 L U
24 165 0 0 R U
24 166 0 0 L U
24 167 0 0 R U
24 168 0 0 L U
24 169 0 0 R U
24 170 0 0 L U
24 171 0 0 R U
24 172 0 0 L U
24 173 0 0 R U
24 174 0 0 L U
24 175 0 0 R U
24 176 0 0 L U
24 177 0 0 R U
24 178 0 0 L U
24 179 0 0 R U
24 180 0 0 L U
24 181 0 0 R U
24 182 0 0 L U
24 183 0 0 R U
24 184 0 0 L U
24 185 0 0 R U
24 186 0 0 L U
24 187 0 0 R U
24 188 0 0 L U
24 189 0 0 R U
24 190 0 0 L U
24 191 0 0 R U
24 192 0 0 L U
24 193 0 0 R U
24 194 0 0 L U
24 195 0 0 R U
24 196 0 0 L U
24 197 0 0 R U
24 198 0 0 L U
24 199 0 0 R U
