6892517429848209136 1 0 0 0 0
6886694463367358245 1 0 0 0 0
6889865561225686724 1 0 0 0 0
6886334506921112336 1 0 0 0 0
6886778368189166236 1 0 0 0 0
6886778814434970389 2 0 0 0 0
6886336108259923142 1 0 0 0 0
6892600807035097961 1 0 -286.8 0 0
6892600807035097966 1 0 -2.85 0 0
6890574769834831847 1 0 0 0 0
6886846677115240579 1 -2.85 0 0 0
6886682529255092063 1 0 0 0 0
6890567483298762961 1 0 0 0 0
6892597815134155691 1 0 0 0 0
6890567483298749473 1 0 -1.5 0 0
6890571866577774012 1 0 0 0 0
6886841765147822202 1 0 0 -2.85 0
6886790199946382342 1 0 0 -2.85 0
6886289490047065022 1 0 0 0 0
6886289584396268691 1 0 0 0 0
6886802111142039817 1 0 0 0 0
6892598454195270604 16 -283.95 0 0 0
6890567582946930545 1 0 0 0 0
6890567128342605273 1 0 0 0 0
6890567613637742198 1 0 0 0 0
6892595051675161849 1 0 0 0 0
6890564590490329148 2 0 0 0 0
6890564590490329278 2 1.275 0 0 0
6890564590490330939 2 0.6375 0 0 0
6890564590490343369 1 0 0 -0.75 0
6890564590490341582 2 0 0 0 0
6890564590490341452 2 0 0 0 0
6890564590490341827 2 0 0 0 0
6890564590490337555 2 0 0 0 0
6890564590490337681 2 0 0 0 0
6890564590490349614 2 0 0 0 0
6890564590490217083 2 0 0 0 0
6890564590490218480 2 0 0 0 0
6890564590490216691 11 -2.4375 4.18326169973 0.2581875 -2.25
6890564590490349859 4 0 1.904990625 0 0
6890571866577769773 1 -1.5 0 0 0
6890564590490341697 3 0 0 0 0
6890547120264579825 1 0 0 2.85 0
6890547120264579824 1 0 0 0 0
6886813076450103732 1 0 0 0 0
6886789828219281982 1 0 0 -1.5 0
6886289139094403073 1 0 0 -0.75 0
6893175118888711351 1 0 0 1.5 0
6886834515456073117 1 0 0 0 0
6886794674140460635 1 -1.35 0 0 0
6886831100452694600 1 0 0 0 0
6886793980340133801 1 0 0 0 0
6892598454195293384 3 0 0 0 18.975
6892598454195293385 1 0 0 0 0
6892598454195293386 1 0 0 0 0
6892599165322164848 1 0 0 0 0
6890564131350158342 2 0 0 0 0
6890564131350208057 1 0 0 0 0
6890564131350208187 1 0 0 0 0
6890564131350207280 1 0 0 0 0
6890564131350210857 1 0 0 0 0
6890564131350206715 1 0 0 0 0
6890564131350207488 1 0 0 0 0
6890564131350207681 1 0 0 0 0
6890564131350203505 2 0 0 0 0
6890564131350204338 1 0 0 0 0
6890564131350186442 1 0 0 0 0
6890564131350187658 1 0 0 0 0
6890564131350187595 1 0 0 0 0
6890564131350216345 1 0 0 0 0
6890564131349341802 1 0 0 0 0
6890564131349342673 1 0 0 0 0
6890564131349342482 1 0 0 0 0
6890564131349342418 1 0 0 0 0
6890564131349342225 2 0 0 0 0
6890564590490329393 2 -1.5 0 0 0
6890564131349338275 1 0 0 0 0
6890564131349338145 1 0 0 0 0
6890564131349338528 1 0 0 0 0
6890564131349382795 1 0 0 0 0
6890564131349382991 3 0 0 0 0
6886289353168773593 1 -283.95 0 0 0
6886803045709191929 1 0 0 0 -2.85
6886793118070499394 1 -2.85 0 0 0
6886805703877349412 1 0 0 0 0
6886288126129307520 1 0 0 0 0
6886288657993873271 1 0 0 0 0
6886793118070495313 1 0 0 0 0
6890547108060763934 1 0 0 0 0
6892595034588878988 1 0 0 0 0
6892599245591534510 1 0 0 0 0
6892593788730357830 1 0 0 0 0
6892505178818871292 1 0 0 0 0
6889869013419882689 1 0 0 0 0
6889867509186959710 1 0 0 0 0
6886811896977808268 5 0 0 0 1.237036875
6886811938412528517 1 -1.5 0 0 0
6886778394732933771 2 0 0 0 0
6889866102640304066 1 0 0 0 0
6889864035168476597 1 0 -281.1 0 0
6889863218146339346 1 0 0 0 0
6886806612515279954 1 0 1.5 0 0
6886808200842537892 1 0 0 0 0
6886806603858122397 1 0 -279.6 0 0
6886808180922827883 1 0 1.5 0 0
6886806603859711813 1 0.6 0 0 0
6886806603859264622 1 -3 0 0 0
6886806606565166311 1 0 0 0 -283.95
6886778127994880563 1 0 0 0 0
6886336009535678319 1 -4.35 0 0 0
6889867493157758270 1 0 0 0 0
6889863282919479809 1 0 0 0 0
6889863361307401317 1 0 0 0 0
6889858800301149234 1 0 0 0 0
6890564594937750153 0 0 0 0 0
6890564594937750534 1 0 0 0 0
6890564594937750659 1 0 0 0 0
6890564594937730259 1 0 0 0 0
6890564594937730897 1 0 0 0 0
6890564594937730516 1 0 0 0 0
6890564594937729753 1 0 0 0 0
6890564594937750916 1 0 0 0 0
6890564594937725481 1 0 0 0 0
6890564594937739249 1 0 0 0 0
6890564594937738355 1 0 0 0 0
6890564594937738486 1 0 0 0 0
6890564594937737786 1 0 0 0 0
6892599305992352976 1 0 -2.85 0 0
6892595167092461740 1 0 0 0 0
6890570269665455969 1 -2.85 0 0 0
6890570269665455968 4 0 0 0 -2.85
6892595031046727634 1 0 0 0 1.35
6892520165574320009 1 0 0 0 0.75
6886652916671916929 1 0 0 0 0
6892593695743924543 1 0 0 0 0
6892594692372479246 1 0 0 0 0
6892595167092461602 1 0 0 0 0
6892596660483631839 2 -0.75 0 0 0
6892595031046727571 1 0 0 0 0
6890571690555566378 1 0 0 -0.75 0
6890574544048909608 1 0 0 0 0
6890571555752727367 1 -1.5 0 0 0
6890547038515869816 1 0 0 0 0
6890547038515869799 1 0 0 2.85 0
6892519565415178073 1 -2.85 0 0 0
6890547038515861639 1 0 0 4.35 0
6890567851943122058 1 -1.5 0 0 0
6890564527008990362 1 0 0 0 0
6892593993378650752 1 0 0 0 0
6892519602902584846 1 0 0 0 0
6892517458710181502 1 0 0 0 0
6892517458710181628 1 0 0 0 0
6892517458710181753 1 0 0 0 0
6886814477121042226 1 -286.95 0 0 0
6890570705984619843 1 0 0 0 -2.85
6890571055895985054 1 0 12.9 0 0
6892595034285168827 1 0 0 0 0
6890571055898933334 1 0 0 0 0
6890567416545009627 1 0 0 0 0
6890574769852713291 1 0 0 0 0
6890567859605249152 1 0 0 0 0
6890547120209571820 1 0 0 0 0
6890564594937729560 2 -0.75 0 0 0
6886338005055111831 1 0 0 0 0
6886337948759335120 1 0 0 0 0
6886337948759347393 1 0 -0.6 0 0
6886653351349002623 1 0.75 0 0 0
6886653351349014894 1 -1.5 0 0 0
6892519915956302368 1 0 0 -1.5 0
6892519915079120435 2 -280.5 0 0 0
6892595938309316940 8 0 -0.0562998138047 0 0
6890564587959759095 1 0 0 0 0
6890564587959759344 6 0.154419219963 0 0 0
6890564587959759733 6 1.57338867046e-05 0 0 0
6890564587959866328 3 0 0 0 0
6893174913703021095 1 0 0 -287.7 0
6886841065003021975 1 -3.3 0 0 0
6893176521862979620 1 -2.55 0 0 0
6893175118888743913 1 -0.6 0 0 0
6886834515456212946 1 0 0 0 0
6886794674140485611 1 -2.25 0 0 0
6886794674140485416 1 0 0 0 0
6893175118888743780 1 0 2.1 0 0
6886834759405648060 1 0 0.6 0 0
6893176859246235331 1 0 0 0 0
6893174913703197566 1 0 0 0 0
6890564587959759417 15 -6.375 0 0 0
6890564587959759668 3 1.4744625 0 0 0
6886841765147822201 1 0 -2.85 0 0
6890564587959759030 3 0 0 0 0
6890564587959751451 3 0 0 0 -0.75
6889863249727444702 1 0 0 0 0
6892595235694786759 1 0 0 -2.25 0
6892599165320596589 11 0 0 0 0
6892598275486261243 1 -2.1 0 0 0
6892595051675166153 1 -2.1 0 0 0
6892598302849327742 1 0 0 0 0
6892517409316771285 1 0 -5.1 0 0
6886694464362045794 1 -1.5 0 0 0
6886694464362049683 2 0 0 0 0
6892519602902543193 1 0 0 -1.95 0
6892517458710177312 1 -1.95 0 0 0
6892517458710177327 1 0 0 0 0
6892594995001908665 2 1.5 0 0 0
6886794140080987825 1 0 0 0 0
6886831152835765883 1 0 0 0 0
6886834630835773467 1 0 0 0 0
6886831152835765951 1 0 0 0 0
6886794140081044497 2 0 0 1.35 0
6886793974394588930 1 0 0 0 0
6892596659225532462 1 0 0 0 0
6892595034285264835 1 1.35 0 0 0
6886793980339962104 1 1.35 0 0 0
6892595172231944322 1 0 0.6 0 0
6892594835568331264 1 0 2.1 0 0
6892599345264055218 1 0 0 0 0
6892600807035096457 1 0.6 0 0 0
6892598931183650352 1 0 0 0 0
6886337937559022091 2 0 0 0 0
6890567859624597911 1 -0.3 0 0 0
6892600866015996911 1 0 0 0 0
6892598454186432591 3 -0.3 0 0 0
6890564106779742118 1 0 0 0 0
6890571866578305460 2 0 0 0 0
6892595034286050440 1 0 0 0 0
6890564131350186312 1 0 0 0 0
6892598480633628371 1 0 0 0 0
6890564587959865882 2 0 0 0 0
6892596659225566479 1 0 0 0 0
6886793974394139650 1 0 0 0 0
6889858954067715214 1 0 0 0 0
6886695207328876256 1 0 0 0 0
6886841065005170448 1 0 0 0 -0.3
6890564594937755122 22 0 0 0 0.0239261587689
6890564135802135876 2 0 0 0.465634645864 0
6886789132963407350 1 0 0 0 0
6886672593153319980 1 0 0 0 0
6890564594941452345 137 0 0 0 0
6886813076449625164 1 0 0 0 0
6886806603859239247 1 0 0 0 0
6886808670413274529 1 0 0 0 0
6890564587960113879 1 0 0 0 0
6886789639141257356 2 0 0 0 0
6890564135804922393 1 0 0 0 0
6892595034285429634 1 0 0 0 0
6886808180922859670 1 0 0 0 0
6890564590490234853 24 0.31843125 -0.690659723771 1.5 0
6886808671164861169 9 0.0465027813923 0 0 0
6892600807105071740 2 0 0 0 0
6889859263662154255 1 0 0 0 0
6890567859624315815 1 0 0 0 0
6890564587959771457 33 0 2.0379776042 0 0
6890564594937725672 4 0 0 0 0
6890564136145616275 2 0 0 0 0
6886653341519698409 1 0 0 0 0
6893176522039987754 1 0 -0.3 0 0
6886778747784398025 1 0 0 0 0
6892599599618074833 1 0 0 0 0
6886808670413281550 3 0 0 0 0
6892517469316727037 1 0 0 0 0
6889859028384339302 1 0 0 0 0
6886407863296861765 1 0 0 0 0
6886834515456475893 1 0 0 0 0
6892598454186432906 2 0 0 0 0.15
6886808139910956689 1 0 0 0 0
6886652903783581484 1 0 0 0 -0.15
6886778414171970610 1 0 0 0 0
6892597815134582814 1 0 0 0 0
6892600807104989998 1 0 0 0 0
6886778395934858603 1 0 0 0 0
6886808139910948535 2 0 0 0 0
6886778813136796176 1 -0.15 0 0 0
6890564342070006147 2 0 0.15 0 0
6890564587959755403 1 0 0 0 0
6892599165320301743 3 0 0 0 0
6890564587959861542 2 0.130519732286 0 0 0
6892595939404294294 3 0 0 0 0
6890564136145678326 1 0 0 0 0
6890571861772499999 4 0 0 0 0
6890548014273312919 1 0 0 0 0
6890564587959755979 1 0 0 0 0
6886808670413282893 4 0 0 0 0
6890564135802111982 4 0 0 0 0
6892595051674357431 1 0 0 0 0
6892519674256749157 1 0 0 0 -0.15
6892596660483630432 1 0 0 0 0
6892519585308442490 1 0 0 0 0
6892596659286635965 1 0 0 0 0
6886672582286833661 2 0 0 0 0
6890571875210014800 4 0 0.4255875 0 0
6889859028386606234 1 0 0 0 0
6893176995809431845 2 -0.15 -0.3 0 0
6890574582910236438 1 0 0 0 0
6892504592663832555 1 0 0 0 0
6886694488451555859 1 0 0 0 0
6892600807105605771 1 0 0 0 0
6886334511065122278 1 0 0 0 0
6890564587959862249 1 0 0 0 0
6890571055885804847 1 0 0.15 0 0
6886834515456416383 1 0 -0.3 0 0
6892600866150959166 1 0 0 0 0
6892519915956298726 1 0 0 0 0
6892595034286004076 1 0 0 0 0
6890564135804917837 11 0 0 0 0
6890564342072995710 1 0 0 0 1.5
6886778414171933934 1 0 0 0 0
6886834759404826795 25 0 0 0 0
6886778127309880889 1 0 0 0 0
6886778748876230173 1 0 0 0 0
6892595939402355065 1 0 -0.15 0 0
6892519915958160113 1 0 0 0 0
6886778813134392720 1 0 0 0 0
6890564588260806268 5 0 0 0 0
6886811938412532326 4 1.5 0 0 0
6886336352743656460 1 0 0 0 0
6892519915079081052 2 0 0 0 0
6886778414171939914 1 0 0 0 0
6892595939402708505 1 0 0 0 0
6886808671164946657 1 0 0 0 0
6892595938309321031 1 0 0 0 0
6889859098643130503 1 -0.3 0 0 0
6890571055886614125 1 0 0.3 0 0
6886793124710024423 1 0 0 0 0
6886778394732839778 1 0 0 0 0
6890571055886606426 1 0 0 0 0
6886808177166782423 1 -1.35 0 0 0
6886288150823215951 1 0 0 0 0
6892598483923588746 1 -0.15 0 0 0
6892519676324999581 24 0 0 0 0
6892599345263954389 2 0 0 0 0
6886798202574073845 1 0 0 0 0
6890571055885374951 1 0 297.15 0 0
6892599165320257800 1 0 0 0 0
6892598454186424361 1 0 0 0 0
6886794140081032225 1 0 -1.35 0 0
6890570271728025446 1 0 0.15 0 0
6893175118888707142 1 0 0 -1.5 0
6890571055886614374 3 0 0.3 0.0405 0
6892519677447827746 1 0 0 0 0
6890548017067204679 1 0 0 0 0
6886793124710033085 1 0 0 0 0
6890567582958815749 1 0 0 0 0
6892598454194481880 1 0 0 0 0
6886811938404341630 1 0 0 0 0
6892595034587387197 1 0 0 0 0
6890548017067310034 7 0 0 0 0
6892596660483667125 1 0 0 0 0
6890567872452336817 1 -298.65 0 0 0
6892595094821933154 1 0 0 0 0
6892598275459286856 1 0 0 0 -0.15
6890571055886614315 1 0 0.15 0 0
6890571055886563445 1 0 0.15 0 0
6890548017070122213 1 0 0 0 0
6886817400225059515 1 0 0 0 0
6893176995809431844 3 -0.4965 0 0 0
6886289139094168886 1 0 0 0 0
6890571573195358879 1 0 0 0 0
6886811897001853232 1 0 0 0 0
6890564342070005835 1 0 0 0 0
6886288701438018177 1 -0.3 0 0 0
6892595034285955503 1 0 0 0 0
6886808180922827818 1 0 0 0 -0.75
6892599599616778088 1 0 0 0 0
6892599640294600616 9 0 0 0 0
6892595034286035641 1 0 0 0 0
6890564587959865360 13 0 0 0 0
6890547120263836340 1 0 0 0 0
6893176598915784854 1 0 0 0 0
6890567582944537530 1 0 0 0 0
6886778064696814579 1 0 0 0 0
6886806606564758525 1 0 0 0 0
6886672593152611014 1 0 0 0 0
6890547038515869817 1 0 0 2.85 0
6886808670413270261 10 0 0 0 0
6890564594941452661 2 0 0 0 0
6892598483923249002 4 0 0 0 0
6892599165320621260 1 0 0 0 0
6889859243342307890 1 -0.3 0 0 0
6890564136146225243 4 0 0 0 0
6886808180922811863 1 0 0 0 0
6890564587959874489 1 0 0 0 0
6892593694150089951 1 0 0 0 0
6892595939404372320 1 0 0 0 0
6890571055885354452 1 0 0.15 0 0
6892519915079129316 1 0 0 0 0
6886794875776038091 2 0 0 0 0
6890567859624889185 11 0 0 0 0
6889865562259628731 2 0 -0.15 -0.15 0
6890564587959873779 3 0.0947394677012 0 0 0
6893175118883758712 1 0 0 0 0
6892598454186432972 1 0 0 0 0.15
6886806603859239798 1 0 0 0 0
6886334511064289228 1 0 0 0 0
6886817428942832317 1 0 0 -0.15 0
6890570269665179368 1 -0.9 0 0 0
6890564342070006156 1 0 0 0 0
6886834515500992441 1 0 0 0 0
6886694442321216284 1 0 0 0 0
6886778127996754232 1 0 0 0 0
6886694481958169327 1 0 0 0 0
6886794875776039500 1 0 0 0 0
6890564587960133706 6 0 0 0 0
6886806606564746669 1 0 0 0 0
6886694464362844932 1 0 0 0 0
6886778813134392659 1 0 0 0 0
6892598454195297505 1 0 0 0 0
6890564594941439927 1 0 0 0 0
6892595172228984604 1 0 0 0 0
6886808670413281286 9 0 0 0 0
6892597815134341839 1 0 0 0 0
6892519915079113453 1 0 0 0 0
6892598483923249001 1 0 0 0 0.15
6886672593152307029 1 0 0 0 0
6890564590490343243 2 0 -1.275 0 0
6890574769821977073 1 -298.65 0 0 0
6886789214144394140 1 0 0 0 0
6890564594937754743 17 0 -0.710494326907 0 1.85971560406
6886803008151030548 1 0 0 0 0
6886778127310121481 2 0 0 0 0
6886834549686422683 1 0 0 -0.15 0
6889866102640409828 1 0 0 0 0
6892599640286566462 1 0 0 0 0
6892598454186424552 1 0 0 0 0
6886334511064341598 1 0.15 0 0 0
6886694331990180880 2 0 0 0 0
6886408016399654184 1 0 0 0 0
6886793974398187780 7 0 0 0 0
6892598454837740208 1 0 0 0 0.15
6886806603859292901 1 0 0 0 0
6886334711501055267 1 0 0 0 0
6892520342395059027 0 0 0 0 0
6886408016393121391 1 0 0 0 0
6886778059038390101 2 0 0 0 0
6890571055896161495 1 0 0 0 0
6890567128342690601 1 0.15 0 0 0
6892504592663775883 1 0 0 0 0
6892595034285225051 13 0 0 0 0
6892600807105071870 2 0 0 0 0
6890564594941447890 9 0 0 0 0
6886794140078289296 2 0 0 0 0
6890567859624288228 1 -0.15 0 0 0
6890564131350166040 1 0 0 0 0
6886672418937062301 1 0 0 0 0
6890564594941452257 3 0 0 0 0
6890564594937738747 1 0 0 0 0
6890567483203440916 115 0 0 0 0
6890571055885375485 1 0 298.35 0 0
6886811562832222861 4 0 0 0 0
6890564587959755593 4 0 0 0 0
6886803814095247295 1 0 0 0 0
6886804143408286521 1 0 0 0 0
6890571573136945005 1 0 0 0 0
6890564136145656868 7 0 0 0 0
6890548017067314371 1 0 0 0 -298.35
6890574769821977085 1 -0.15 0 0 0
6886652018492269987 1 0 0 -0.15 0
6892596659225578144 1 0 0 0 0
6892596773640675766 1 0 -0.15 0 0
6892599165320308039 1 0 0 0 0
6886695207326561079 1 0 0 0 0
6892595034285253629 1 0 0 0 0
6886793974394140378 2 0 0 0 0
6890548017067204868 2 0 0 0.02025 0
6892599599616778090 1 0 0 0 0
6890564131350203850 2 0 0 0 0
6889867506658452999 2 0 0 0 0
6892595034286035580 1 0 0 0 0
6892520342394991151 4 0 0 0 0
6886841793020517308 1 -0.3 0 0 0
6890571861260136427 1 -0.15 0 0 0
6892600695091783001 1 0 0 0 0
6886672593153418160 1 0 0 0 0
6890571573136939450 1 0 0 0 0
6890564590490216958 1 0 0 0 0
6886847048165850420 1 0 0 0 0
6893176522040168391 1 0 0 0 0
6892504592656006468 26 0 0 0 0.366079680387
6892599599657597442 1 0 0 0 0
6890564342072973974 1 -5.7 0 0 0
6892519915079108829 1 0 0 0 0
6890548017068468850 1 0 40.2165 0 0
6892595235696037624 4 0 0 0 0
6892520109636901760 1 0 -2.85 0 0
6892595034286003816 1 -0.3 0 0 0
6890567582944507761 1 0 0 0 0
6890571055885796619 1 0 0 0 0
6892598931200980679 1 0 0 0 0
6886834759404838974 1 0 0 0 0
6886789709444137115 1 0 0 0 0
6890564590490190400 1 0 0 0 0
6892595094821972549 1 0 0 0 0
6886778395406663277 1 0 0 0 0
6892596659286626124 1 0 0 0 0
6890564588260818273 1 0 0 0 0
6886336363258601524 5 0 0 0 0
6890564587959774700 2 -1.038 0 0 0
6890564136146225684 20 0 0 0 0
6892595034285156990 1 0 0 0 0
6890564588260818400 1 0 0 0 0
6886653351349040929 1 0 0 0 0
6886806606564486214 1 0 0 0 0
6892599165320261894 8 0 0 0 0
6890571055898893838 1 0 0 0 0
6892595034285433461 1 0 0 0 0
6886789551096923884 1 0 -0.15 0 0
6886789550099043466 11 0 0 0 0
6892598931201028103 2 0 0 0 0
6886694442320497462 1 0 0 0 0
6886805814334954190 2 0 0 0 0
6886789132962524634 1 0 0 0 0
6890571367085166799 1 0 0 0 0
6886778182882886833 3 0 0 0 0
6886817428944128213 1 0 0 0 0
6886289478643352841 1 0 0 0 0
6892600866150979693 1 -0.15 0 0 0
6890564590490202359 43 0 0 0 0
6886702565861723968 2 0 0 0 0
6886336352440544088 1 0 0 0 0
6892595235696048524 1 0 0 0 0
6886817400225044074 1 0 0 0 0
6886793054968908852 1 0 0 -298.35 0
6886789550106689111 1 0 0 0 0
6892595235696052268 1 0 0 0 0
6890548017067205389 1 0 0 0 0
6892517469316453898 1 0 0 0 0
6890564594941456713 3 0 0 0 0
6886407763400283053 1 0 0 0 0
6886793980339395621 6 0 0 0 0
6886793980339364072 1 0 0 0 0
6892519677446286090 1 0 0 0 0
6886289604453036198 1 0 0 0 0
6892598454186523578 1 0 0 0 0
6889866102640410595 1 0 0 0 0
6893174913702771295 4 -0.15 0 0 0
6890571056326100429 1 0 0 0 0
6890564342072887787 9 0 0 0 0
6886808671164950009 1 0 0 0 0
6890564594937726881 1 0 0 0 0
6890571055885373749 1 0 0.17025 0 0
6890548017069908088 1 0 0 -0.15 0
6890564131350351847 24 0 0 0 0
6892598454186432585 6 -0.3 0 0 0
6890564594941453114 2 0 0 0 0
6892598275459332016 2 0 0 0 0
6886806603859727310 1 0 0 0 0
6890564594941448618 1 0 0 0 0
6886794140080987699 1 0 0 0 0
6890564135804910190 2 0 0 0 0
6886695207328876262 1 0 0 0 0
6892504985255811886 1 0 0 0 0
6886811896977311682 6 0 0 0 0
6886289343688671071 1 -0.15 0 0 0
6892520091564973764 2 0 0 0 0
6886672593152306712 1 0 0 0 0
6886789906920148049 1 0 0 0 0
6892599599618276173 1 0 0 0 0
6890564594941452596 2 0 0 0 0
6886337801335253766 1 0 0 0 0
6886808670413289765 1 0 0 0 0
6886834549686422692 1 0 0 0 0
6892599599616782797 1 0 0 0 0
6886289491146833382 1 0 0 0 0
6890564135804899544 1 0 0 0 0
6890567128340483770 1 0 0 0 0
6892517420011705740 1 0 0 0 0
6890564588260703708 1 0 0 0 0
6892519915956290073 1 0 0 0 0
6889859028386606556 1 0 0 0 0
6892520165578172799 1 0 0 0 0
6892598454186469014 54 0 0 0 0
6892599345263954259 1 0 0 0 0
6890547120264582609 10 0 0 298.35 0
6890564135804898233 1 0 0 0 0
6890564590490217144 8 0 0 0 0
6892595938309540448 1 0 0 0 0
6886695207328883245 1 0 0 0 0
6890571055885878090 1 0 0 0 0
6890564588260699280 1 0 0 0 0
6890564590490234727 14 0 0 0 0
6890570269665444866 1 0 0 0 0
6889859129949052299 1 0 0 0 0
6892599165322934071 20 0 0 0 0
6890564590490238983 1 0 -0.75 0 0
6889863143216346379 1 0 0 0 0
6886652193337643311 1 0 -0.3 0 0
6890570269665445313 1 0 0.15 0 0
6892504592663775600 1 0 0 0 0
6886817400226328117 1 -0.15 0 0 0
6886834514365686910 1 0 0 0 0
6890564587959770315 5 0 0 0 1.0047
6890564594941456119 1 0 0 0 0
6890564136146225433 4 0 0 0 0
6892598932204371417 1 0 0.75 0 0
6886805814334748663 1 0 0 0 0
6886808177224717245 1 0 0 0 0
6890564136146418021 9 0 0 0 0
6886334516581278848 1 0 0 0 0
6892599305992403271 1 0 0 0 0
6886790196347392919 4 0 0 0 0
6892598454195301743 1 0 0 0 0
6886805814335213920 1 -298.5 0 0 0
6886288701437241815 1 0 0 0 0
6890570271728502391 1 0 0.15 0 0
6890564136145665482 23 0 0 0 0
6886778156424494413 6 0 0 0 0
6892600866151215664 1 0 0 0 0
6892593512422610733 1 0 0 0 0
6886778059038328489 1 0 0 0 0
6890564131349342355 1 0 0 0 0
6892598454186473553 33 0.394191695552 -2.55 0 0
6890564136146413877 2 0 0 0 0
6892599599658932267 1 0 0 0 0
6890571367092933613 1 0 0 0 0
6890564594941439601 1 0 0 0 0
6892599345263954128 1 0 0 0 0
6892600807105625478 1 0 -0.15 0 0
6890564588260691441 5 0 0 0 0
6889868959298938803 1 0 0 0 0
6886672593153320360 1 0 0 0 0
6890564106779552537 1 0 0 0 0
6892520091801722701 1 0 0 0 0
6892595034285249266 1 0 -2.85 0 0
6892519915956298493 1 0 0 0 0
6886808177166819966 1 0 0 0 0
6890564342070006146 3 0 0 0 0
6886789709444108179 1 0 0 0 0
6886289491149601984 1 0 0 0 0
6890574769821977150 1 0 0 0 0
6890564590490251442 13 0 0 0 0
6892599599618083018 1 0 0 0 0
6890564136146418089 1 0 0 0 0
6886790196314751607 1 0 0 0 0
6892594835568380809 1 0 0 0 0
6892595037388543579 2 0 0 0 0
6892519915958127158 1 0 0 0 0
6886808671164893872 1 0 0 0 0
6886808671164892070 10 0 0 0 0
6890564131349338402 1 0 0 0 0
6886652903783577034 1 0 0 0 0
6892595034285433522 3 0 0 0 0
6886778817202389666 1 0 0 0 0
6886336352743699373 1 0 0 0 0
6892595172229242364 1 0 0 0 0
6892517469316763931 1 0 0 0 0
6890571055886614248 1 0 0 0 0
6890564135804902345 7 0 0 0 0
6886805814334748292 1 0 0 0 0
6890571367092760953 2 0 0 0 0
6889859028386610355 1 0 0 0 0
6892519908323312604 1 -0.3 0 0 0
6890571055898943350 1 0 0 0 0
6892595034285253368 5 -0.3 0 0 0
6890564594941473099 5 0 0 0 0
6890564588260690992 1 0 0 0 0
6890564594941453179 2 0 0 0 0
6886803038419183778 1 0 0 0 0
6890571573195789031 2 0 0 0 0
6886792915350316775 1 0 0 0 0
6886289604453812008 1 -0.3 0 0 0
6886288701437189331 1 0 0 0 0
6892599165320263141 2 0 0 0 0
6890564131349382728 1 0 0 0 0
6889868951981940777 1 0 0 0 0
6892519674143749131 1 0 0 0 0
6886813076450251941 1 0 0 0 0
6893176995795047041 1 -0.45 0 0 0
6890547120264579828 1 0 0 286.820260504 0
6886846688874604386 1 0 0 0 0
6890571055885375035 1 0 0.15 0 0
6886789550099097642 1 0 0 -0.15 0
6892519931160913816 1 -0.15 0 0 0
6886778816768735949 1 -0.3 0 0 0
6886794189641783750 1 0 -1.35 0 0
6886793119256955066 1 0 0 0 0
6886793052892482114 1 0 0 0 0
6886808180922860066 1 0 0 0 0
6886847059061635785 1 0 -0.3 0 0
6892598302849578290 1 0 0 0 0
6890564588260809795 1 0 0 0 0
6886841065003000975 2 0 -0.75 0 0
6890548017069837265 1 0 0 0 0
6892594601100984380 1 0 0 0 0
6890567859624552322 1 0 0 0 0
6886778750390145455 1 0 0 0 0
6890564594937754298 7 -1.56996182723 0 0 0
6886808671164888085 6 0 0 0 0
6886789828295566992 1 0 0 0 0
6890564588260805581 1 0 0 0 0
6892593512424202315 1 0 0 0 0
6890570271728025444 1 0 0.15 0 0
6886811938407728565 7 0 0 0 0
6892599640294603960 8 0 0 0 0
6890571055886614312 1 0 0.15 0 0
6886672637385520150 1 0 0 0 0
6890571055886563442 1 0 0.15 0 0
6886680157983123071 1 0 -0.3 0 0
6886672553673657855 1 0 0 0 0
6892595034285227707 1 0 0 -0.15 0
6892599345264481586 1 0 0 0 0
6890571712301871950 1 0 0 0 0
6886288701438017932 1 0 -0.15 0 0
6892517469316736604 1 0 0 0 0
6890571055886613872 2 0 0.255 0 0
6890564136146414073 2 0 0 0 0
6890567859624293920 1 0 0 0 0
6892596659286613450 1 0 0 0 0
6892599640294307224 1 0 0 0 0
6892520091801720969 1 0 0 0 0
6892600865964546398 1 0 0 0 0
6890564594937725987 1 0 0 0 0
6892598454195117738 1 0 0 0 0
6886831100453030273 5 0 0 0 0
6890571573136954202 12 0 0 0 0
6889863249727441493 1 0 0 0 0
6886672346534558855 2 0 0 0 0
6890564587959866202 2 0 0 0 0
6886808139910948598 5 0 0 0 0
6890567582944515360 1 0 0 0 0
6892599599618103065 1 0 0 0 0
6890574582910203275 1 0 0 0 0
6886652903783320610 1 0 0 0 0
6892599623964149323 1 0 0 0 0
6890564587959865427 9 0 0 0 0
6892598302783127314 9 0 0 0 0
6890571055885800891 1 0 0 0 0
6890564590490194408 3 -0.15 0 0 0
6890571861772508074 5 0 0 0 0
6890564590490247204 2 0 0 0 0
6892594843537511141 1 -0.3 0 0 0
6892598302849361182 1 0 0 0 0
6886789132962501046 2 0 0 0 0
6890564594941460032 1 0 0 0 0
6886288068471424101 1 0 0 0 0
6886778127996754806 1 0 0 0 0
6889867493157745431 1 0 0 0 0
6890547122391934657 1 0 0 0 0
6889866136288742807 1 0 -1.65 0 0
6890564590490349985 3 0 1.8838125 0 0
6886792915350067022 8 0 0 0 0
6892517420011701374 1 0 -0.3 0 0
6890564594941448016 44 -0.75 1.60712572485 0.6375 0
6892504615489181834 24 0 0 0 0
6890564135804901896 2 0 0 0 0
6886778127994915105 1 0 0 0 0
6886778127309880902 1 0 0 0 0
6893176521862949433 24 0 0 0 0
6890571866578305078 3 0 0 0 0
6886778414172012488 1 0 -1.2 0 0
6886778750390182623 1 0 0 0 0
6886778817202425865 1 0 0 0 0
6890571055886507635 1 0 0 0 0
6886808671164891172 11 0 0 0 0
6886337838885795053 1 0 0 0 0
6886813098835897139 1 0 0 0 0
6892519677446217936 1 0 0 0 0
6886817403440033910 1 0 0 0 0
6890564342072995584 1 1.65 0 0 0
6892600866015996909 1 0 0 0 0
6890564590490203120 1 0 0 0 0
6890564590490243816 52 -0.335915855891 0.0901770579256 -0.0767005119859 0
6893175118883728710 1 0 0 0 0
6892600807104984023 2 0 0 0 0
6890564590490190786 1 0 0 0 0
6886680157987134773 1 0 0 0 0
6890564590490251382 1 0 0 0 0
6892599599657593687 2 0 0 0 0
6892597815134375419 1 0 -1.5 0 0
6890564342072994243 2 0 0 0 0
6892519915079124636 1 0 0 0 0
6886794140078135732 2 0.255 0 0 0
6889863657386129429 1 0 0 0 0
6886680157987131446 1 0 0 0 0
6890571055896162071 1 0 0 0 0
6892593695743916295 1 0 0 0 0
6886806603859711500 7 0 0 0 0
6886694464362049687 1 0 0 0 0
6892600867853217341 4 0 0 0 0
6892595034285163420 1 0 0 0 0
6890564131350162731 7 0 0 0 0
6890571359502389694 1 0 0 0 0
6886789263134089106 52 0 0 0 0
6892595034285957995 1 0 0 0 0
6892598931201002934 1 0 0 0 0
6892600866150945522 1 0 0 0 0
6886335951726077119 3 0 0 0 0
6890564342070010099 1 0 0 0 0
6886834759404326980 1 0 0 0 0
6889859243342085043 1 0 0 0 0
6886334506921112342 1 0 -1.8 0 0
6892596773640671584 1 -0.15 0 0 0
6890564135802115221 2 0 -0.75 0 0
6889859028386606554 1 0 0 0 0
6886841065605614726 1 0 0 -297.3 0
6890570271728040698 2 0 0 0 0
6890571055885878531 1 0 0 0 0
6890567859624663423 15 0 0 0 0
6890564342070005832 1 0 0 0 0
6886778748876250826 1 0 0 0 0
6892599623973161903 1 0 0 -0.15 0
6886811889166633929 1 0 0 0 0
6890564342070010366 2 0 0 0 0
6892599623973161900 1 0 0 0 0
6889859243342336587 1 -3 0 0 0
6890564588260805936 1 0 0 0 0
6886778750389885559 1 0 0 0 0
6886808670413274982 16 0 0 0 0
6890564136145612039 1 0 0 0 0
6886652018476684448 1 0 0 0 0
6892599599616757985 2 0 0 0 0
6890571860859577314 1 0 0 0 0
6886847048165850485 1 0 0 0 0
6886778127994893315 1 0 0 0 0
6892599599616802500 1 0 0 0 0
6890564594941449066 4 0 0 0 0
6890567128817028198 1 0 0 0 0
6886778394732941750 1 0 0 0 0
6890564587959778471 2 2.22 0 0 0
6886793054971461094 1 0 0 0 0
6892504985257570473 4 0 0 0 0
6892520342394706470 1 0 0 0 0
6892599165320332844 2 0 0 0 0
6890564594937750218 2 0 0 0 0
6892598454195285104 1 0 0 0 0
6890564136145616085 2 0 0 0 0
6886337832459627441 1 0 0.3 0 0
6886793124709238794 1 0 0 0 0
6890564136145677367 1 0 0 0 0
6886407536490345264 1 0 0 0 0
6886803008149503895 1 -0.3 0 0 0
6890564135802114596 5 0.18225 -1.2750868125 0 0
6892598931200765399 1 0 0.6 0 0
6890571573195098209 19 0 0 0 0
6890547120264328351 11 0 0 0 0
6890571055885878593 2 0 0.15 0 0
6890564590490190337 3 0 0 0 0
6890564594941473034 1 0 0 0 0
6890564588260694971 1 0 0 0 0
6892600807035016288 1 0 0 0 0
6892595051675199943 1 0 0 0 0
6892519915079081433 1 0 0 0 0
6890564594941452006 4 0 0 0 0
6892598931200984391 1 0 0 0 0
6892599218926376522 1 0 0 0 0
6890567416545450718 12 0 0 0 0
6892519674256996757 1 0 0 0 0
6886694464362049750 1 0 0 0 0
6886778127977529968 1 0 0 0 0
6890564590490236171 16 -0.468875015246 0.752569182612 0.00659503010414 0.906355579259
6890564590490342998 2 0 0 0 0
6886778059038343184 1 0 0 0 0
6890548017067299154 2 0 0 0 0
6886778134453953128 1 0 0 0 0
6890571055886613874 1 0 0 0 0
6892599669517941380 1 0 0 0 0
6890564131349337884 2 0 0 0 0
6892598932204416801 1 0 0 0 0
6892596660483656067 1 0 0 0 0
6890571055885383110 1 0 0 0 0
6890548017070286529 1 0 0 0 0
6892596773640723685 7 0 0 0 0
6886778750391576650 1 0 0 0 0
6890571573195064792 1 0 -0.15 0 0
6886337801335176207 4 0 0 0 0
6890564594937754363 4 0 0 0 0
6890564594937738677 1 0 0 0 0
6886778750390246835 1 0 0 0 0
6892519677446695684 1 0 0 -0.3 0
6886808671164894002 1 0 0 0 0
6892595235694717591 1 0 0 0 0
6890564587959747428 109 0 0 0 0
6892599801752158493 1 0 0 0 0
6890574544048935307 2 0 0 0 0
6890564590490337310 1 0 0 0 0
6886778817202390997 1 0 0 0 0
6886407696498613237 1 0 0 -0.15 0
6890564131350185995 1 0 0 0 0
6890564342070014569 1 0 0 0 0
6890564594941476359 9 0 0 0 0
6892599165320260556 1 0 0 0 0
6890564136145658569 5 0 0 0 0
6892599345263274112 2 0 0 0 0
6890564136145632538 0 0 0 0 0
6890564136145656935 1 0 0 0 0
6886789215242171850 1 0 0 0 0
6886808180922818560 1 0 0 0 0
6886289415962421425 1 0 0 0 0
6886778059038351538 2 0 0 0 0.15
6889859129948300622 1 0 0 0 0
6890571055896165572 2 0 0 0 0
6892596659223175549 1 0 0 0 0
6890564588260805516 1 0 0 0 0
6890564594941444379 5 0 0 0 0
6886778748876342740 1 0 0 0 0
6886794189641840935 1 0 0 0 0
6890564135804897789 2 0 0 0 0
6890564594941435616 2 0 0 0 0
6886778127977755392 1 0 0 0 0
6890574769821978424 10 0 2.85 0 0
6886841791876834226 1 0 -0.15 0 0
6892597815134159591 1 0 0 0 0
6890564594937750853 5 0 0 0 0
6889859033759954369 1 -0.3 0 0 0
6890567483203437030 1 0 0 0 0
6890564588260691315 1 0 0 0 0
6886778127310121672 1 0 0 0 0
6890564594937730325 2 0 0 0 0
6890570271728025442 1 0 0 0 0
6890564135802111079 1 0 0 0 0
6892595031046648953 1 0 0 0 0
6892595938309316931 1 1.5 0 0 0
6892517469317737340 1 0 0 0 0
6892595167092532923 1 0 0 0 0
6886792915350080546 1 0 0 0 0
6886778813134401010 1 0 0 0 0
6886778322269738404 1 0 0 0 0
6886778059038335929 1 0 0 0 0
6890547120264542937 1 0 0 0 0
6886682529255098425 1 0 0 0 0
6890567416552557958 4 0 0 0 0
6886680157987131511 1 0 0 0 0
6890571055898892428 1 0 0 0 0
6892596660483683889 1 0 0 0 0
6892519677447969934 1 0 0 0 0
6892600867853359657 2 0 0 0 0
6893174913702771945 1 0 0 0 0
6892520163414788337 1 0 0 0 0
6886789638616822958 1 0 0 0 0
6890548017067299797 1 0 0 0 0
6890571573136942570 1 0 0 0 0
6890564135804911912 1 0 0 0 0
6892504592663803002 1 0 0 0 0
6886834515456335371 1 0 0 0 0
6886808671164892068 6 0 0 0 0
6886790196314751605 1 0 0 -0.15 0
6892593787659636586 1 0 0 0 0
6890564131350161638 5 0 0 0 0
6886680862724557320 3 0 0 0 0
6886789214150818422 1 0 0 0 0
6889863657386094180 1 0 0 0 0
6886808139904182050 1 -0.3 0 0 0
6890564587959861735 3 -0.506980267714 0 0.75 0
6892598454837752444 1 0 0 0 0
6889859099303654784 1 0 0 0 0
6890564135802115998 2 -1.275 0 0 0
6892593695743916294 1 0 0 0 0
6892599801752162134 1 0 0 0 0
6890564594937726379 1 0 0 0 0
6886408107118107398 1 0 -0.3 0 0
6890564135802140467 30 0 -0.75 0 0
6890564588260806001 1 0 0 0 0
6890564594937750088 1 0.75 0 0 0
6886652916671912659 1 -0.3 0 0 0
6886808670413274208 2 0 0 0 0
6889863268835768066 1 -292.5 0 0 0
6890564136145657696 1 0 0 0 0
6890564590490202994 2 0 0 0 0
6890564594941456776 1 0 0 0 0
6892598302849315561 1 0 0 0 0
6890564136145658506 8 0 0 0 0
6892595037388593333 24 0 0 0 0
6890571860859576868 1 0 0 0 0
6889868989044921057 1 0 0 0 0
6892595172225855951 1 0 0 0 0
6890564588260818210 1 0 0 0 0
6886794879205087033 2 0 0 0 0
6892596659225553675 1 0 0 0 0
6892598454195269181 1 0 0 0 0
6886789550106697018 2 0 0 0 0
6890564588260810447 5 0 0 0 0
6886778750389909452 1 0 0 0 0
6892595235694766167 6 0 0 0 0
6890547120264330307 1 0 0 0 0
6890564135802118837 5 0.75 -1.1475 0 0
6890564588260817953 1 0 0 0 0
6890571055885878876 1 0 0.3 0 0
6892595034285957807 2 0 0.0405 0 0
6892599801750795354 1 0 0 -0.3 0
6890564135802124277 36 0 1.5 0 0
6886817400224952586 1 0 0 0 0
6890564342069279089 1 0 0 0 0
6890571555752746582 1 0 0 0 0
6890571055886057321 6 0 0.15 0 0
6886695207326450080 1 0 0 0 0
6889866112172324306 1 -0.15 0 0 0
6890564342070100943 1 0 0 0 0
6890567859624659369 1 0 0 0 0
6886695207328917563 1 0 0 0 0
6890571573136933258 3 0 0 0 0
6886289329341616496 3 0 0 0 0
6890564131349338592 1 0 0 0 0
6892595034285417725 1 0 0 0 0
6890564135802111780 1 0 0 0 -1.5
6890564135804918539 3 0 0 0 0
6892504272229321108 1 0 0 0 0
6892599623973161902 1 0 0 -0.15 0
6886334711504721881 1 0 0 0 0
6886408016394594655 1 0 0 0 0
6890564588260702751 1 0 0 0 0
6892594601090047801 1 0 0 0 0
6890564590490239044 7 0 0 0 0
6890571573195772260 1 0 0 0 0
6890567483203510273 1 0 0 0 0
6886652903783320740 1 0 0 0 0
6890564136146418154 2 0 0 0 0
6890571055898938887 1 0 0 0 0
6886653341520845847 1 0 0 0 0
6886334511245442788 2 0 0 0 0
6886817400225538231 3 0 0 0 0
6890564136145665288 3 0 0 0 0
6892598456019371448 1 0 0 0 0
6886834515456212892 10 0 0 0 0
6890564131350203016 6 0 0 0 0
6886808180922840167 1 0 0 0 0
6892599165320353271 1 0 0 0 0
6890564136146418346 2 0 0 0 0
6892599798720017269 2 0 0 0 0
6892597815134521551 1 0 0 0 0
6886792915349454618 1 0 0 0 0
6886841791876834227 1 0 -0.15 0 0
6892519677446716310 1 0 0 0 0
6890571055898893055 1 0 0 0 0
6886811889166633939 2 0 0 0 0
6892594984000027188 2 0 0 0 0
6892595939402626735 1 0 -0.15 0 0
6890567128342610367 1 0 0.3 0 0
6890567886203773714 1 0 0 0 0
6890564588260818659 1 0 0 0 0
6890564588260810178 1 0 0 0 0
6889865562259599905 1 0 -0.3 0 0
6890547120264322083 1 0 0 0 0
6893176521862983147 1 0 -1.5 0 0
6889868989044922934 1 0 0 0 0
6890564594941428184 1 0 0 0 0
6890547120264310519 1 0 0 0 0
6886334500522438054 1 0.15 0 0 0
6886808670413274979 9 0 0 0 0
6892519677446431058 1 0 0 0 0
6890571367092933612 1 0 0 0 0
6892520165574387259 1 0 0 0 0
6890571573136930235 2 0 0 0 0
6886337936322489076 1 0 0 0 0
6892595034285959174 1 0 0 0 0
6886811897001964789 1 0 0 0 -0.3
6886778817207436905 1 0 0 0 0
6892595939402437108 1 0 0 0 0
6886652917002619656 1 0 0 0 0
6886336009536367288 1 0 1.35 0 0
6890571055886565365 1 0 0 0 0
6890564136145608568 2 0 0 0 0
6892595172225859724 1 0 0 -298.35 0
6886794189641524065 1 0 0 0 0
6892518308526615923 1 0 0 0 0
6886702556907596236 1 0 0 0 0
6890564588260818018 1 0 0 0 0
6892596659225541558 1 0 0 0 0
6886778394732983892 1 -1.5 0 0 0
6890564588260810115 1 0 0 0 0
6886834630835773658 1 0 0 0 0
6886793980339395618 1 0 0 0 0
6892598454837750994 1 0 0 0 0
6886778134453953148 3 0 0 0 0
6892598454194485625 1 0 0 0 0
6892596659438832859 1 0 0 0 0
6890548017069874644 3 0 0 0 0
6892598454186411297 1 0 0 0 0.15
6889863227307315452 1 0 0 0 0
6890564588260805455 1 0 0 0 0
6890564594937754233 19 0 0 0 0
6890564590490341514 2 0 0 0 0
6890575354976868886 1 0 0 0 0
6890564588260805809 1 0 0 0 0
6886790196314754407 2 0 0 0 0
6893176608264058324 1 0 0 0 0
6892599165323247251 1 0 0 0 0
6886808139910949174 1 0 0 0 0
6889858924430825239 1 0 0 0 0
6892504592663775796 1 0 0 0 0
6886652916673759999 1 -0.15 0 0 0
6892595174592173629 1 0 0 0 0
6890548014273312786 1 0 0 0 0
6886808670413373408 7 0 0 0 0
6889866102640410209 1 0 0 0 0
6892598456016951925 1 0 0 0 0.15
6886840352758130882 1 0 0 0 0
6890564131350158267 4 0 0 0 0
6890571055896165839 1 0 0 0 0
6892598454186432599 1 0 0 0 0
6886803038419136123 1 0 -0.15 0 0
6893176608264266454 1 0 0 0 0
6893175118883839946 1 0 0 0 0
6890571055886503523 1 0 0 0 0
6889859028381673032 1 0 0 0 0
6890564587959865945 5 0 0 0 0
6890564590490251529 4 0 0 0 0
6890564587960134593 9 0 0 0 0
6886778059038380228 1 -3 0 0 0
6892598931183654464 1 0 0 0 0
6890571555752744894 1 0 0 0 0
6890574582910039797 1 0 -298.65 0 0
6892593512424099489 1 0 0 0 0
6886789639136859657 1 0 0 0 0
6890571055898892985 1 0 0 0 0
6892517409341036221 1 0 0 0 0
6892598454186469345 2 0 0 0 0.15
6889859028381705486 1 0 0 0 0
6890564588260806131 1 0 0 0 0
6892599345264585075 1 0 0 0 0
6890564131350203332 7 0 0 0 0
6886846677180377222 1 0 0 0 0
6886802110097032949 1 0 0 0 0
6889859028386607507 1 0 0 0 0
6890571055898893900 1 0 0.3 0 0
6890571055886613882 1 0 -0.15 0 0
6890564587960134212 8 0 0 0 0
6890574769822038990 1 0 0 0 0
6886808671164891173 19 0 -0.45 0 0
6892595171098921802 1 0 0 0 0
6886792915350079005 1 0 0 0 0
6890564594937737849 2 0 0 0 0
6892595235694786633 2 0 0 0 0
6892517458710129641 1 0 0 0 0
6890564590490239672 9 -0.148414811891 0 0 0
6886778817202410360 1 0 0 0 0
6886794674140485491 1 0 0 0 0
6890570269665170944 4 0 0 0 -0.15
6886789709443608038 1 0 0 0 0
6889863425330243368 1 0 0 0 0
6890567128342601028 1 0 0 0 0
6886793223236962261 1 0 0 0 0
6893174913702771292 2 -0.15 0 -0.15 0
6886777930062959317 2 0 0 0 0
6890571056326100426 1 0 0 0 0
6890564587959750803 4 0.336062759444 0 0 0
6892599165320263134 2 0.0405 0 0 0
6892600807105503544 1 0 0 0 0
6892597815134122967 1 0 0 0 0
6886778368189166941 1 0 0 0 0
6886778817202419237 1 0 0 0 0
6892598454194490181 1 0 0 0 0
6886288701437185280 1 0 0 0 0
6886803024365383302 1 0 0 0 0
6886672593152306714 1 0 0 0 0
6886790196332975768 1 0 0 0 0
6892598483906143391 1 0 0 0 0
6886777968808691546 12 0 0 0 0
6890564135804895595 3 0 0 0 0
6886805814334748613 1 0 0 0 0
6892596659286613461 1 0 0.060415875 0 0
6892598931201027503 2 0 0 0 0
6892598454186411361 1 0 0 0 0
6889865911822728815 1 0 0 0 0
6892595034285943047 1 0 0 0 0
6886653341520863146 1 0 0 0 0
6890564587960113369 2 0 0 0 0
6886777978382450687 1 0 0 0 -7.5
6890564590490329215 4 0 0 0 0
6889868989045186036 1 0 0 0 0
6892595034285262602 2 0 0 0 0
6892598302783295125 1 0 0 0 0
6886806606565165352 10 0 0 0 0
6892599305992344820 1 0 0 0 0
6893176866293325849 1 0 0 0 0
6890564594941448297 4 0 0 0 0
6889863249727448166 1 0 0 0 0
6890564135804909869 4 0 0 0 0
6890564594937726178 3 0 0 0 0
6890564136145677493 13 0 0 0 0
6890548017067318071 2 0 0 0 0
6890567483298868723 1 0 0 0 0
6886831100451320753 1 0 0 0 0
6886337832459631350 2 0 0 0 0
6890564594941435746 1 0 0 0 0
6890571712301929128 1 0 0 0 0
6886336008535206209 1 0 0 0 0
6892519915079081242 1 0 0 0 0
6886672593150742938 1 0 0 0 0
6892595235696036001 1 0 0 0 0
6890571055886563573 1 0 0.3 0 0
6886793052891174527 1 0 0 0 0
6890570269665444867 1 0 0.3 0 0
6886778394732937668 1 0 0 0 0
6886834515456335600 1 0 0 0 0
6890564131350376594 21 0 0 0 0
6886778748876158709 1 0 0 0 0
6886672593152611016 1 0 0 0 0
6890571055895985716 1 0 0 0 0
6890547120264533244 1 0 0 0.45 0
6890564588260699565 2 0 0 0 0
6890571055886501986 1 0 0.15 0 0
6890548017069864272 1 0 0 0 0
6890548017067295337 11 0 0 0 0
6890571055886565236 1 0 0 0 0
6886789828295598441 1 0 0 0 0
6892595034285958126 1 0 0 0 0
6890571860859577251 1 0 0 0 0
6892599345264481520 1 0 0 0 0
6886841791876834225 1 0 -0.15 0 0
6890564136145616020 6 0 0 0 0
6892599599657437491 1 0 0 0 0
6890567488765431254 1 -0.3 0 0 0
6892596659224013474 1 0 0 0 0
6886789263133758046 1 0 0 0 0
6892598931201236317 1 0 -0.15 0 0
6890571055885800758 1 0 0.15 0 0
6889863657389861826 1 0 0 0 0
6892595051675129771 1 0 0 0 0
6886652903782030731 1 0 -0.3 0 0
6893176859201942960 2 0 0 0 0
6892595172229226103 1 0 0 0 0
6886653351349014092 2 -297 0 -1.5 0
6890571055898933335 1 0 0 0 0
6890564594941427861 3 0 0 0 0
6886335956988233581 1 0 0 0 0
6890567613637482652 1 0 0 0 0
6886778817235331002 1 0 0 0 0
6893176866292958730 1 0 0 0 0
6889863428527261180 1 0 0 0 0
6890564590490218354 7 0 0 0 0
6886778750391565272 1 0 0 0 0
6886336009536104995 1 0 0 0 0
6890564587960113939 1 0 0 0 0
6890564342070014568 1 1.05 0 0 0
6886778127994915303 1 0 0 0 0
6890564135804902094 1 0 0 0 0
6886790196314751604 1 0 0 0 0
6890567483298822373 1 0 0 0 0
6890570705984739126 1 0 0 0 0
6890574769833308288 12 0 0 0 0
6889868959298937905 1 0 0 0 0
6892599242324524815 1 0 0 0 0
6886840352758164422 1 0 0 0 0
6886778817202392170 3 0 0 0 0
6886337937429701217 1 0 0 0 0
6890564590490251568 13 0 0 0 0
6890564136145616664 2 0 0 0 0
6892599599616786245 1 0 0 0 0
6892595051675129515 1 0 0 0 0
6892598454194493993 39 -1.8 0 0 0
6892520174402828023 1 0 0 0 0
6892595034285955311 1 0 0 0 0
6890564588260691763 1 0 0 0 0
6886794674138709762 1 0 0 0 0
6890564342070010029 1 0 0 0 0
6886811902289082312 4 0 0 0 0
6886289478642832435 1 0 0 0 0
6893174913702772138 1 0 0 0 0
6886695207362883833 1 0 0 0 0
6886789550099102114 1 0 0 0 0
6892595034285253369 1 0 0 0 0
6892600807105072435 1 0 0 0 0
6892600866011804994 4 0 0 0 0
6886289415962178529 1 0 0 0 0
6886672443212053373 2 0 0 0 0
6886334516581300214 1 0 0 0 0
6886778395406662692 9 0 0 0 0
6892519677447970965 1 0 0 0 0
6892595034285163165 1 0 0 0 0
6886789550099133998 1 0 0 0 0
6892599640294642257 1 0 0 0 0
6890564594941435555 1 0 0 0 0
6889868989045388135 5 0 0 0 0
6886805237324802673 1 -0.15 0 0 0
6892598483923249003 1 0 0 0 0.15
6890564590490351464 1 0 0 0 0
6890571690555560967 1 0 0 0 0
6890564136145657826 1 0 0 0 0
6890564135804922012 1 0 0 0 0
6892517409341036256 1 0 0 0 0
6892598931183663412 1 0 0 0 0
6890570271728502711 1 0 0.15 0 0
6890548017067295319 1 0 0 0 0
6892597815134375758 1 1.5 0 0 0
6886778414171970801 1 0 0 0 0
6892595051671768544 1 0 0 0 0
6890564587959778344 3 1.11 0 0 0
6886334696880490949 5 0 0 0 0
6890564135804901773 1 0 0 0 0
6886289264392551436 1 0 0 0 0
6886806606565166831 1 0 0 0 0
6892520091803283811 1 0 0 0 0
6890567416552601281 1 0 0 0 0
6889863430878890079 2 0 0 0 0
6890564590490329458 1 0 0 0 0
6890564594937750720 3 0 0 0 0
6889866112184855164 1 0 0 0 0
6886336011124095798 1 0 -0.3 0 0
6886805237326106830 1 0 0 0 0
6890547120264537722 0 0 0 0 0
6886287557230025615 1 0 0 0 0
6892598454186472792 1 0 0 0 0
6893176608264266256 1 0 0 0 0
6890574582910310625 6 0 0 0 0
6886289343688621292 3 -0.15 0 0 0
6886793980339397543 1 0 0 0 0
6892595034285258971 1 0 -2.85 0 0
6892597683652403115 1 0 -0.15 0 0
6890564587960134279 2 0 0 0 0
6886805814335361340 1 0 0 0 0
6886831152831664790 2 0 0 0 0
6890571866578305727 3 0 0 0 0
6886778064696781673 1 0 0 0 0
6886289491148380880 1 0 -0.3 0 0
6892504620076097558 1 0 0 0 0
6890574769821997101 10 0 0 0 0
6886788896745206024 1 0 0 0 0
6892598454186432910 1 0 0 0 0.3
6890564135804926831 7 0.6 0 0 0
6890564590490329338 1 0 0 0 0
6892597683652439527 1 0 -0.15 0 0
6890574582907897404 1 0 0 0 0
6892520051813232474 1 0 0 0 0
6892598454186424687 1 0 0 0 0.15
6890548017070085523 2 0 0 0 0
6886808670413283023 1 0 0 0 0
6890564588260809856 1 0 0 0 0
6892504592663775103 1 0 0 0 0
6892596659286618745 1 0 0 0 0
6886808670413311441 2 0 0 0 0
6890564590490251633 10 0 0 0 0
6890564135802115095 1 0 0 0 0
6893174913702772076 2 0 0 0 0
6886336009535554459 1 0 0 0 0
6890570272176013730 1 0 3 0 0
6889859098642310405 1 -0.15 0 0 0
6892600807035024448 1 0 0 0 0
6892595938783252172 1 0 0 0 0
6892597815134139124 1 0 0 0 0
6892598454186469150 1 0 0 0 0
6892519915958160309 1 0 0 0 0
6890571055885354453 2 0 0 0 0
6886694488451117392 1 0 0 0 0
6886808671164888464 19 0 0 0.0134489628703 0
6886793980339958097 3 0 0 0 0
6890564587959755338 1 0 0 0 0
6890571055886609731 6 0 0 0 0
6886336108259950188 1 0 0 0 0
6892598454186428600 1 0 0 0 0
6890571055885383040 1 0 0 0 0
6886808200842537620 1 0 0 0 0
6886335951726931369 1 0 -1.35 0 0
6892598483923588748 1 -0.15 0 0 0
6890571055896153468 1 0 0 0 0
6890548014876806101 1 0 -0.3 0 0
6890564594941448485 6 0 0 0 0
6886653341520859555 1 0 0 0 0
6886334511064313513 1 0 0 0 0
6892595034285465645 1 0 0 0 0
6889863657385920599 1 0 0 0 -1.35
6889863425333642326 1 0 0 0 0
6886337801335249645 1 0 0 0 0
6886813076450109346 1 0 0 0 0
6886695207346011526 11 0 0 0 0
6892519677445137816 1 0 0 0 0
6890547120264334742 1 0 -298.8 0 0
6886808139910941077 1 0 0 0 0
6892594601101236143 1 0 0 -0.45 0
6890564527012693986 1 0.15 0 0 0
6890564135802140222 35 0.0469719759375 -0.53625 0 0
6890564135804897912 7 0 0 0 0
6886794674140485426 29 0 0 0 0
6890571860859736108 1 0 0 0 0
6886790201025873255 1 -0.3 0 0 0
6886811896977311054 2 0 0 0 0
6886337801335176268 6 0 0 0 0
6890571555752468968 1 0 -0.15 0 0
6886778575200173959 4 0 0 0 0
6892595031046620658 1 0 0 0 0
6890548017067205129 1 0 0 0 0
6892598483923588749 2 -0.15 0 0 0
6886682529256913223 1 0 0 0 0
6890548014877639204 1 0 0 0 0
6890564594937751517 7 0 -0.15 0 0
6890571863344051286 1 -0.3 0 0 0
6886817428941560568 1 0 0 0 0
6892595034285955502 5 0 0 0 0
6886808671164893936 7 0 0 0 0
6886808180922811735 1 0 0 0 0
6890570271728039035 1 0 0.15 0 0
6886672593153319976 1 0 0 0 -0.15
6890571055885883117 1 0 0.3 0 0
6886694442321241079 1 0 0 0 0
6890571055886611430 1 0 0 0 0
6890567895853992922 1 0 0 0 0
6890564594937730066 3 0 0 0 0
6890571055885383105 1 0 0 0 0
6889865560070536100 1 0 -0.3 0 0
6890564590490247841 3 0 0 0 0
6886778748876342420 1 0 0 0 0
6890571055886613877 1 0 0 0 0
6890564136145677428 1 0 0 0 0
6890571055885805416 1 0 0.15 0 0
6890571861772528479 1 0 0 0 -0.15
6886808671164889603 1 0 0 0 0
6892517420011705677 2 0 0 0 0
6886694442320295767 1 0 0 0 0
6892599165320625246 1 0 0 0 0
6886806619963698895 4 0 0 0 0
6889866102640409637 1 0 0 0 0
6886695207328900728 1 0 0 0 0
6886336108259929679 1 0 0 0 0
6886806606564425775 2 0 0 0 0
6886789720353322330 1 -2.85 0 0 0
6890571055886613875 2 0 0 0 0.0405
6890564594941435686 3 0 0 0 0
6890567128815025801 1 0 0 0 0
6890571055898893116 1 -298.65 0 0 0
6886288150826112244 1 0 0 0 0
6886778740419742080 8 0 0 0 0
6886778813134385745 1 0 1.35 0 0
6890564587959755720 5 0 0 0 0
6886817400224949774 1 0 0 0 0
6886778750389908992 1 0 0 0 0
6886802110100499720 1 0 0 0 0
6890571866578305406 1 0 0 0 0
6890548017068472994 30 0 0 0 0
6886834759405437082 25 0 0 0 0
6890564594941431698 3 0 0 0 0
6886817400225059513 1 0 0 0 0
6892599165376806537 4 0 0 0 0
6892598302783304084 1 0 0 0 0
6889863282919688864 1 0 0 0 0
6890564131350166105 1 0 0 0 0
6892600807035097192 1 0 0 0 0
6890548017067316483 11 0 0 0 0
6890574582907905882 2 0 0 0 0
6892519915079081368 1 0 0 0 0
6890564135804922654 7 0 0 0 0
6889868989044937049 1 0 0 0 0
6886808139910968832 1 0 0 0 0
6890564594941456368 2 0 0 0 0
6890547038515869818 1 0 0 2.85 0
6890564590490337629 1 0 0 0 0
6886834759406136864 1 0 0 0 0
6890574582910047902 1 0 0 0 0
6892595034285957800 1 0 0 0 0
6892595034286035581 1 0 0 0 0
6886841793020517309 1 -0.3 0 0 0
6892595939404285613 1 -2.85 0 0 0
6892595235694745966 1 0 0 0 0
6889866102640394660 1 0 0 0 0
6886802601316663560 1 0 -1.95 0 0
6890564135802139957 14 1.27711052264 3.13356208456 0 -0.3999028125
6892517458710177313 1 0 0 0 0
6892595034285227836 1 0 0 0 -0.15
6892599599616786126 2 0 4.35 0 0
6889863282919492359 1 0 0 0 0
6890571055886019076 1 0 0 0 0
6889859030927335258 1 0 0 0 0
6892595939404294674 3 0 0 0 0
6890571055885800767 1 0 0 0 0
6890547120264334744 1 -0.15 0 0 0
6889863657389836772 11 0 0 0 0
6890564588260818605 5 0 0 0 0
6890564131349338210 2 0 0 0 0
6892595172228975729 1 0 0 0 0
6890547120264590715 1 -2.85 0 0 0
6892598454186472731 1 0 0 0 297.3
6886407765833669592 1 0 0 0 0
6892600867853213707 1 0 0 0 0
6886798202574073780 1 0 0 0 0
6886335951726089325 1 0 0 0 0
6892595235695474087 1 0 0 0 0
6886846989125205869 1 0 0 0 0
6892598454186469215 1 0 0 0 0.3
6890564135802111205 34 0 -1.5 0 0
6890571055896161759 1 0 0 0 0
6892599599616782134 1 -0.3 0 0 0
6890564587959755202 3 0 0 0 0
6890571055885370455 1 0 -0.15 0 0
6892595031046726402 1 0 0 0 0
6892598275459302919 16 0 0 0 0
6890564131350203211 6 0 0 0 0
6890564131349382665 1 0 0 0 0
6892504592661592290 1 0 0 0 0
6890564342072973527 1 0.15 0 0 0
6886793980339395949 1 0 0 -0.3 0
6890564590490239299 6 0 0 0 0
6892596659225534378 1 0 0 0 0
6890564342072887462 1 0 0 0 0
6892504592661168391 1 0 0 0 0
6890571055885373750 2 0 0.2775 0 0
6892599801756719908 1 0 0 -0.3 0
6890571861772471281 2 0 0 0 0
6890564594941476673 35 0 0 0 -0.4774893884
6892600867853214008 3 0 0 0 0
6886813076450367135 1 0 0 0 0
6890564135804901647 1 0 0 0 0
6890564590490202814 1 0 0 0 0
6892505206993559981 1 0 0 0 0
6892600807105579711 1 0 0 0 0
6890564135802111142 136 0 0 -14.55 0
6886407654091170328 1 0 0 0 0
6892599242324524813 3 0 0 0 0
6886789132963392050 1 0 0 0 0
6890547120264300498 1 0 0 0 0
6892598454186432597 1 -0.15 0 0 0
6890567582945005958 1 0 0 0 0
6892598312607558557 25 0 0 0 0
6892595034284655160 4 -0.3 0 0 0
6886834759404835017 2 0 0 0 0
6892599242324473334 25 0 0 0 0
6890564590490337872 1 0 0 0 0
6886808671164893937 3 0 0 0 0
6886811938412528457 1 0 0 0 0
6886789709443357587 1 0 0 0 0
6886794140078184879 2 0 -0.6 0.3 0
6886289329339766886 1 0 0 0 0
6890564594937726118 1 0 0 0 0
6890548017067221389 1 0 0 0 0
6886652194434251157 2 0 0 0 0
6886287514078247634 1 -0.15 0 0 0
6893176608262477037 1 0 0 0 0
6892595172225855955 1 0 0 0 0
6886289584419433490 1 0 -298.65 0 0
6886777930090793443 1 0 0 0 0
6886653341521034365 1 0 -1.05 0 0
6892595034285515958 1 0 0 0 0
6890564590490193941 4 0 0 0 0
6892595235696054004 1 0 0 0 0
6886289415962178528 1 0 0 -0.15 0
6890571055886610529 3 0 0 0 0
6889858880542054884 1 0 0 0 0
6886652916671911769 1 0 0 0 -281.1
6889858954067727981 1 0 0 0 0
6892504592661593890 1 0 0 0 0
6886794879203041626 1 0 0 0 0
6886789133014463062 1 0 0 0 0
6890564106778162535 1 -0.3 0 0 0
6886808139910964915 1 0 0 0 0
6886793223237007804 1 0 0 0 0
6886672441137773356 1 0 0 0 0
6890564587959862056 1 0 0 0 0
6892520342394991277 1 0 0 0 0
6886805789488619464 1 0 0 0 0
6892595034285217082 1 0 0 0 0
6886334511245442662 1 0 0 0 0
6890571055885805025 1 0 0.15 0 0
6890564136145657061 3 0 0 0 0
6892599599616782532 1 0 0.02025 0 0
6890564136145601104 1 0 0 0 0
6890571055886507634 1 0 0.3 0 0
6886789709444034384 1 0 0 0 0
6890564587960114002 1 0 0 0 0
6892598454195118524 1 0 0 0 0
6893176522040012672 1 0 0 0 0
6892504615489207201 1 0 0 0 0
6886794674138627095 1 0 0 0 0
6886694331992073959 1 0 0 0 0
6889859030927339302 1 0 0 0 0
6886793124710892415 1 0 -0.6 0 0
6886794879205077275 1 0 0 0 0
6890564587959873842 7 0 0 0 0
6892519915079293862 1 0 0 0 0
6886777930063008742 3 0 0 0 0
6886789144727574061 1 0 -0.15 0 0
6886841065005170455 1 0 0 0 0
6892595034285146782 1 0 0 0 0
6892598319343825814 1 0 0 0 0
6889859237562232899 1 0 0 0 0.3
6890564135804926189 1 0 0 0 0
6892595034285425937 19 0 0 0 0
6892520342399751295 1 0 0 0 0
6890564590490217018 3 0 0 0 0
6892598454195293261 1 0 0 0 0
6892517409341034815 1 0 0 0 0
6886793124709191913 1 0 0 0 0
6886798202574073586 1 0 0 0 0
6893175118883761662 1 0 0 0 0
6892596659286609287 1 0 0 0 0
6890547038515777506 1 0 0 298.05 0
6886793211495957451 1 0 0 0 0
6892596659286614212 2 0 0.3 0 0
6892598931201003128 2 0 0 0 0
6889863267286460937 2 0 0 0 0
6886334511064394951 6 0 0 0 0
6892599242321977991 1 0 0 0 0
6892599305992399158 4 0 0 0 0
6890564594937754490 24 2.8739129384 0.362277384096 -1.41206859668 0.387978246684
6892599640294603961 7 0 0 0 0
6890564136146413812 2 0 0 0 0
6890571573136918551 12 0 0 0 0
6892595938783093938 1 0 0 0 -0.15
6893176521861667126 1 0 0 0 0
6890564594941447702 5 0 0 0 0
6886789214150924786 1 0 0 0 0
6890564590490190329 6 0 2.02736593111 0 0
6892519677447969838 29 0 0.32765595982 0 0
6892599599616782590 1 0 0 0 0
6886778750390244152 1 -1.35 0 0 0
6889869013856865906 1 0 0 0 0
6892595939404286576 1 0 0 0 0
6892595939404294547 5 0 0 0 0
6886841793020248883 8 -0.3 0 0 0
6893176598916036678 1 0 0 0 0
6890548017069161084 1 0 0 0 0
6886778414171937982 1 0 0 0 0
6886808200091884275 1 0 -0.15 0 0
6886407654210805366 1 0 0 0 0
6886789828219320226 1 0 0 0 0
6886808139910948403 1 0 0 0 0
6890571860859739553 11 0 0 0 0
6892598454186473559 1 0 0 0 0.3
6892600866011805634 3 0 0 0 0
6886653309254633670 1 0 0.15 0 0
6892595938309569041 1 0 0 0 0
6890564590490339013 2 0 0 0 0
6892595938309567938 1 0 0 0 0
6886808180922828755 7 0 0 0 0
6892594601100968224 1 0 0 0 0
6892598454186452738 8 0 0 0 0
6892600866011792671 1 0 0 0 0
6890564135802109989 2 0 0 0 0
6890547120264335489 1 0 0 0 0
6892504592663783982 1 0 0 0 40.31775
6886672593152306399 1 0 0 0 0
6886790199946491735 1 0 0 0 0
6886289604452983604 1 0 0 0 0
6886778817202389678 1 0 0 0 0
6890570271728040699 1 0 0 0 0
6892600820654565483 1 0 0 0 0
6886790389639269871 51 0 0 0 0
6892598931183650486 1 0 0 0 0
6890571860859736301 2 0 0 0 0
6890564136145611972 1 0 0 0 0
6886789828219307148 1 -0.15 0 0 0
6886808671164868289 11 0 0.00222909638441 0 0
6892595167100622632 1 0 0 0 0
6890571706082667441 1 0 0 0 0
6890564342072993987 1 0.45 0 0 0
6886808671164888338 22 0.0360057594248 0.0664285514557 0 0
6886793211318555246 1 -0.15 0 0 0
6886808671164891174 13 0 0 0 0
6886407696488083859 1 0 0 0 0
6892600807034981529 1 0 0 0 0
6886808671164893816 6 0 0 0 0
6886778414171970597 1 -0.45 0 0 0
6886847048978156129 1 0 -1.95 0 0
6890564590490235594 37 0.157938069088 0.714540104643 0 0.0795865664985
6890564587959778662 6 0 -1.5 1.275 0
6890567859624290127 1 -0.3 0 0 0
6886335951726847218 1 0 0 0 0
6886407696498613111 1 0 0 0 0
6886288846803334374 1 0 0 0 0
6886680157987134647 3 0 0 0 0
6890571055898893902 1 0 0 0 0
6890564590490248167 2 0 0 0 0
6892504592661168324 1 0 0 0 0
6892595235694745833 1 0 0 0 0
6892505231710267011 1 0 0 0 0
6889867493120762580 5 0 0 0 0
6886841065005170518 3 0 0 0 0
6890564524182397494 1 1.8 0 0 0
6892598454837752387 1 0 0 0 0.15
6889866102640304059 1 0 0 0 0
6890571055885800885 1 0 0 0 0
6890571713013080504 1 0 0 0 0
6890564342069279088 1 298.35 0 0 0
6890567582946921691 2 0.45 0 0 0
6886808654375883628 2 0 0 0 0
6890571866578305271 2 0 0 0 0
6890571055886609733 1 0 0 0 0
6890564136146417702 1 0 0 0 0
6886334696880490502 7 0 0 0 0
6892594601101238307 1 0 0 0 0
6890564587959866137 5 0 0 0 0
6886789215234426500 1 0 0 0 0
6892599599616760939 3 0 0 0 0
6886794140078139813 2 0 0 0 0
6890564136145665417 4 0 0 0 0
6893176995809431846 1 -0.3 0 0 0
6889863657386133530 1 0 0 0 0
6886811938410610163 1 0 0 0 0
6892519915079545871 1 0 0 0 0
6890567859624893204 1 0 0 0 0
6890547120209640977 1 0 0 0 0
6890567483298867023 1 0 0 0 0
6886841793020559686 1 0 0 0 0
6889867493157745807 1 0 0 0 0
6886792915350065396 1 0 0 0 0
6890567886203772599 1 -0.3 0 0 0
6889865561240484136 1 -1.8 0 0 0
6890564587959771084 1 0 0 0 0
6889867503626800579 1 0 0 0 0
6892598454194490055 1 0 0 0 0
6886778818853497032 4 0 0 0 0
6886653341519579836 1 0 0 0 0
6886336009535674143 1 0 0 0 0
6890564590490243345 0 0 0 0 0
6893174913702771293 6 -0.15 -0.15 0 0
6890564135804914490 7 0 0 0 0
6893176608264071519 1 0 0 0 0
6892598454195110668 1 0 0 0 0
6886680965511600764 1 0 0 0 0
6890564131350206778 1 0 0 0 0
6886808177166823950 2 0 0 0 0
6886777930062910102 1 0 0 0 0
6886798202574073523 1 0 0 0 0
6892599165320261895 17 0 0 0 0
6889863457752040220 1 0 0 0 0
6886336015915231135 1 0 0 0 0
6889865916861332802 2 0 0 0 0
6890564135802111535 1 0 0 0 0
6892595051675244763 1 0 0 0 0
6892600807105579707 1 0 0 0 0
6886778748876105061 1 0 0 0 0
6886789828219293804 1 0 0 0 0
6886789828295586315 1 0 0 0 0
6890564135804909999 3 0 0 0 0
6892600866011805436 1 0 0 0 0
6892599801757525819 1 0 0 0 0
6890564594937738288 2 0 0 0 0
6892599165320349238 1 0 0 0 0
6889859129949056601 57 0 0 0 0
6890564587959751192 2 0.081 0 0 0
6890571866578307058 2 0 0 0 0
6892504592656006277 1 0 0 0 0
6892594692358977204 1 0 -3.3 0 0
6892599801756645476 1 0 -0.15 0 0
6886337801335254431 1 0 0 0 0
6886289343688670747 1 -0.15 0 0 0
6892519677447983232 1 0 0 0 0
6890564135802122421 3 0 0 0 0
6886652903783320608 1 0 0 0 0
6886778368189166210 1 0 0 0 0
6890564590490341391 1 0 0 0 0
6892598454194476616 2 0 0 0 0.039528
6890570272176013603 1 0 0 0 0
6886334696880490810 3 0 0 0 0
6890564135804918670 2 0 0 0 0
6889859028386598396 1 0 0 0 0
6892598302783127260 1 0 0 0 0
6892599165320301864 1 0 0 0 0
6886790199946479398 1 0 0 0 0
6886672443212053485 1 -0.3 0 0 0
6890564587959747177 2 0 0 0 0
6886653309254634246 1 0 0 0 0
6892595034285433710 1 0 0 0 0
6890564587959747365 11 0.00680160359783 0 0 0
6892504592661168454 2 0 0 0 0
6886806606564720668 1 0 0 0 0
6890574582910237844 2 0 0 0 0
6892595034285955127 28 0 0 0 0
6892598483923253911 24 0 0 0 0
6892600807105506482 2 0 0 0 0
6892595034285467572 1 0 0 0 0
6892600807105516324 1 0 -0.15 0 0
6892598454194305448 1 0 0 0 0
6890570272176014229 1 0 0 0 0
6886682529255112527 1 0 0 0 0
6890571055886614181 1 0 0 0 0
6890564594941444120 1 0 0 0 0
6886817403440010152 0 0 0 0 0
6886337937430016885 1 0 0 0 0
6886806627607931552 1 0 0 0 0
6893176995809431850 1 -0.45 0 0 0
6892595172229229705 1 0 0 0 0
6886831152831668934 1 0 0 0 0
6892598302849325828 1 0 0 0 0
6886672553673670597 1 0 0 0 0
6890571055885800884 1 0 0 0 0
6890564590490194026 6 0 0 0 0
6892599798712218988 1 0 0 0 0
6892594835568122298 1 0 0 0 0
6890564587959763711 26 0.202988860493 2.13528734589 0 -0.6506893425
6889867493156913773 1 0 0 0 0
6886335951726937998 1 0 0 0 0
6886652916671920633 1 0 0 0 0
6892519676325001047 4 0 0 0 0
6890564135802118468 1 0 0 0 0
6892598454186432584 1 -0.3 0 0 0
6892519915079543098 1 0 0 0 0
6890564135804914555 15 0 0 0 0
6886334511245442464 1 0 0 0 0
6890564594937726975 5 0.15 0 0 0
6893176859201943555 1 0 0 0 0
6890564587959750866 2 0 0 0 0
6892520342399750447 1 0 0 0 0
6890564587959751637 1 0 0 0 0
6893176522040180656 1 0 0 0 0
6890564342072973525 1 0 0 0 -0.15
6892504592661996437 100 0 0 0 0
6892595938309559803 1 0 0 0 0
6890564131350211048 1 0 0 0 0
6886778127994977843 2 0 0 0 0
6886777988345372397 3 0 0 0 0
6886789828295775082 1 0 0 0 0
6892594843537511138 1 0 -0.3 0 0
6886778394733019207 1 0 0 0 0
6886793974394139870 1 0 -0.3 0 0
6886808670413311191 12 0 0 0 0
6892598454186432586 3 -0.255 0 0 0.15
6890571712301786477 5 0 0 0 0
6892517409341036130 1 0 0 0 0
6886808670413274594 3 0 0 0 0
6890571359502395053 1 0 0 0 0
6892595034285253631 1 0 0 0 0
6892599599616782338 1 0 0 0 0
6886778750391556346 1 0 0 0 0
6889859098643124517 1 0 0 0 0
6892519915079109599 1 0 0 0 0
6892595034285957805 3 0 0 0 0
6886694531926084296 2 0 0 0 0
6886289478642847378 1 0 0 0 0
6890547120264335251 1 0 0 0 0
6890571055886057453 1 0 298.65 0 0
6886834759310394380 1 0 0 0 0
6892598454186473694 1 0 0 0 0.15
6886289491146811763 1 0 0 0 0
6892517409316771116 1 0 0 0 0
6890571055885797339 1 0 0.15 0 0
6886777902339203214 1 0 0 0 0
6886288751168931421 1 0 0 0 0
6886289472301505848 1 0 -0.3 0 0
6892598454186469212 1 0 0 0 0.15
6892519915079081307 1 0 0 0 0
6890564136145607930 2 0 0 0 0
6886841793020490562 1 0 0 0 0
6890567582944515695 1 0 0 0 0
6892599640294600617 1 0 0 0 0
6890571055886610534 3 0 0.2700418125 0 0
6886777968808692003 2 0 0 0 0
6886289478642832567 1 0 0 0 0
6890564135802140671 15 -0.225550181557 3.42423125099 -2.16706895471 0
6886811897001858356 1 0 0 0 0
6892520342394701217 1 0 0 0 0
6886799626476159234 2 0 -0.3 0 0.3
6890564594941448548 10 0 0 0 0
6892519677446716309 2 0 0 0 0
6889859129949088726 1 -0.3 0 0 0
6892598931184018279 1 0 0 0 0
6886808671164863606 4 0 0.0003136978125 0 0
6890564594937726311 4 0 0 0 0
6890567859624929117 1 0 0 0 0
6886841793020248882 1 -0.3 0 0 0
6886789709444150199 1 0 0 0 0
6890564587959874554 2 0 0 0 0
6886841791876887393 1 -0.15 0 0 0
6890574582907857929 1 0 0 0 0
6890567859624551808 1 0 0 0 0
6890564136146417963 1 0 0 0 0
6886672418940957865 1 0 0 0 0
6890564590490217209 8 0 0 0 0
6890564342070100380 1 0 0 0 0
6886337936322491248 1 0 0 -2.55 0
6886653341521034242 1 0 -1.8 0 0
6886808177224712951 1 0 0 0 0
6892595939404294164 1 0 0 0 0
6890571690555384124 1 0 -298.5 0 0
6892595235696048459 1 0 0 0 0
6886789214150863431 2 0 0 0 0
6886794674140460700 1 0 0 0 0
6892599165320348838 1 0 0 0 0
6892596659286614233 4 0 0 0 0
6889868989045156941 1 0 0 0 0
6890571055886606427 1 0 0 0.00273375 0
6892598454195109980 1 0 0 0 0
6889863282905485005 1 0 0 0 0
6886811938410709513 1 0 0 0 0
6886777968808691496 2 0 0 0 0
6886289139094435307 1 0 0 0 0
6886840371409550149 1 0 0 0 0
6886834759405725779 1 0 0 0 0
6886672336164312189 1 0 0 0 0
6890548017069156868 1 0 0 0 0
6892598275486270254 1 0 0 0 -0.15
6886694442316951062 1 0 0 0 0
6892595474532296403 1 0 0 0 0
6890564135802140348 31 0 -1.9125 0 0
6890564590490248102 1 0 0 0 0
6892517420009976738 1 0 0 0 0
6892520091070033969 1 0 -0.3 0 0
6890564135804926505 2 1.35 0 0 0
6890564587959774359 2 1.2 0 0 0
6886793211318402117 1 0 0 0 0
6892517409341036413 3 0 0 0 0
6890564342070100381 1 0 0 0 0
6886289139094168747 1 0 0 0 0
6886289415962132664 1 0 0 0 0
6886847048165565495 1 0 0 0 0
6889866104535899291 1 0 0 0 -0.3
6886813076450104956 1 0 0 0 0
6886335951726966028 1 0 0 0 0
6892598454194506568 1 0 0 0 0
6892599165322891406 1 0 0 0 0
6892519908323324847 1 0 -0.3 0 0
6893176866293321801 1 0 0 0 0
6892599165320348085 2 0.02025 0 0 0
6886789132962510022 1 0 0 0 0
6886652018503368979 1 0 0 0 0
6893176995809431841 1 0 0 0 0
6889863657386129451 1 0 0 0 0
6892595034285150536 1 0 0 0 0
6892518302514249273 1 0 0 0 0
6892595034285957803 1 0 0 0 0
6886778127994893314 10 0 0 0 0
6890574582907897466 1 0 0 0 0
6886806606564738511 2 0 0 0 0
6886336352441736874 3 0 0 0 0
6892595094822477983 1 0 0 0 0
6890564131349338851 1 0 0 0 0
6892596659225553286 2 0 0 0 0
6892598931201261368 1 0 0 0 0
6889859243342308019 1 0 0 0 0
6892598275459314757 1 0 0 0 0
6886806606565166242 1 0 0 0 0
6890574582910237667 1 0 0 1.2 0
6889866102640409767 1 0 0 0 0
6892599345263220892 1 0 0 0 0
6886806606564740168 1 0 0 0 0
6890571367098293383 1 0 0 -1.35 0
6886808177166782039 1 0 0 0 0
6890564135804921949 1 0 0 0 0
6890564590490337746 2 0 0 0 0
6890564587959865553 12 0.166811482018 0.00171207430226 0.00752342831745 0
6890574582910215824 5 0 0 0 0
6890574582910332825 1 0 0 0 0
6889859028386643380 1 -298.5 0 0 0
6886672593152610884 1 0 0 0 0
6890564590490239106 12 0 0 0 0
6892520163414573055 2 0 0 0 0
6890564131349342608 1 0 0 0 0
6886672343667795546 1 0 0 0 0
6890571366998654943 1 0 0 0 0
6886694488451533682 1 0 0 0 0
6886778817202419685 1 0 0 0 0
6890571056326100428 1 0 0 0 0
6893174913702771294 3 0 0 -0.15 -0.15
6890548017067204611 1 0 0 0 0
6890564135804919881 1 0 0 0 0
6890547120264315411 1 0 0 0 0
6890547120264586466 11 0 0 0 0
6886652916671912657 1 0 0 -0.3 0
6890564131350166485 4 0 0 0 0
6886808670413311627 1 0 0 0 0
6886808671164894707 1 0 0 0 0
6892520109637055963 1 0 0 0 0
6890564342072653105 1 0 0 0 0
6890564594941456054 4 0 0 0 0
6886334500522438707 1 0 -0.15 0 0
6890571866578314899 1 0 0 0 0
6892599599616786121 1 0 0 0 0
6890547120264578827 1 0 0 1.65 0
6890564342070100495 1 1.2 0 0 0
6890564106778370607 1 0 0 0 0
6890547120264579831 2 0 0 1.35 0
6890567886203772285 6 0 0 0 0
6889858954069624743 1 -0.15 0 0 0
6892520165575751086 1 0 0 0 0
6886806606564748330 1 0 0 0 0
6886694488451544316 1 0 0 0 0
6890571055886057257 1 0 0.15 0 0
6892519677446712133 1 0 0 0 0
6886777930062975286 1 0 0 0 0
6889866102640409630 1 0 0 0 0
6886798202574073654 1 0 0 0 0
6886289343688671194 1 -0.15 0 0 0
6890564587959861602 2 0 0 0 0
6886811886137770844 10 0 0 0 0
6886834515456065679 1 0 0 0 0
6886789132962621174 1 0 0 0 0
6886778750390244281 3 0 0 0 0
6889859099296859431 3 0 0 0 0
6892600807105072627 1 0 0 0 0
6892595034286039724 1 0 0 0 0
6890564590490329523 2 0 0 0 0
6892599640294642280 32 0 0 0 0
6886802593631932919 1 0 0 0 0
6886790184505314001 1 0 0 0 0
6892599599616778218 103 0 -2.4 0 0
6889863657387251852 2 0 0 0 0
6886792915350081322 3 0 0 0 0
6890570269665445381 1 0 0 0 0
6886288756749227877 1 0 0 0 0
6886778064696784593 1 0 0 0 0
6886778394732945956 1 0 0 0 0
6890564590490239609 64 -0.795340625011 0.0117421341388 -0.129043499749 0.150077806076
6892595172229242100 1 -0.45 0 0 0
6890548014877692292 1 0 0 0 0
6892598483923588747 12 0 0 0 0
6890564594941431636 12 -1.5 0 1.5 0
6890567859624625342 1 0 0 0 0
6890564587960134342 1 0 0 0 0
6890564588260694650 1 0 0 0 0
6890564587959774232 2 0.6 0 0 0
6890570269665455967 1 0 -2.85 0 0
6890564590490202292 3 0 0 0 0
6889859129949030831 1 0 0 0 0
6892598302783365794 1 0 0 0 0
6886817400225538871 1 0 0 0 0
6892599599616786312 1 0 0 0.0405 0
6886808670413265924 6 0 0 0 0
6886778321208237748 1 0 0 0 0
6886793974398184118 2 0 0 0 0
6886407863298653282 1 0 0 0 0
6892599599618090795 3 0 0 0 0
6892599640294388844 1 0 -297 0 0
6892595034285957674 1 0 0 0 0
6886407696509994798 1 0 0 0 0
6890548017069152279 1 0 0 0 0
6892599242324524812 1 0 0 0 0
6892595034284673619 1 0 0 0 0
6886813076450251876 2 0 0 0 0
6886778059032862150 2 0 0 0 0
6892599165320257801 1 0 0 0 0
6886289491149601168 1 -0.15 0 0 0
6892600866150965154 1 0 0 0 0
6886778058639161563 4 0 0 0 0
6890570271728502452 1 0 0.15 0 0
6890564590490190723 2 0 0 0 0
6890564135804914686 2 0 0 0 0
6892598454194593698 1 0 0 0 0
6890564131349382858 1 0 0 0 0
6890564524182397246 1 1.8 0 0 0
6889868951981940907 1 0 0 0 0
6892595167092294808 1 0 0 0 0
6892600700451206461 2 0 0 0 0
6890564135802119174 6 0 0 0 0
6892599801752190041 1 0 0 0 0
6889859129963541960 1 0 0 0 0
6890564587959874619 1 0 0 0 0
6889858814127396485 1 0 0 0 0
6886702556907860534 1 0 0 0 0
6892595172228976501 1 0 0 0 0
6892596659286617765 16 0 0 0 0
6892517409341036195 1 0 0 0 0
6886702559198414143 1 0 0 0 0
6886652903782868550 1 0 0 0 0
6889863143217200768 1 0 0 0 0
6892504592661269619 1 0 0 0 0
6892595938309316948 1 0 0 0 0
6892596659223179882 1 0 0 0 0
6890571055885878089 1 0 0 0 0
6892594601101344901 2 0 0 0 0
6886337801335173638 1 0 0 0 0
6886702556907970006 1 0 0 0 0
6892519674256724934 1 0 0 0 0
6892593789430252411 2 0 0 0 0
6886808139910949173 5 0 0 0 0
6886652916671912658 1 -0.3 0 0 0
6889859263662136823 1 0 0 0 0
6890564106778362123 1 -1.5 0 0 0
6890571055885878088 1 0 0.15 0 0
6890564587959746727 11 0 0 0 0
6886778748876342677 1 0 0 0 0
6890564135804918735 1 0 0 0 0
6892594601101348991 1 0 0 0 0
6890567859630356248 1 0 0 0 0
6892517409341034785 1 0 0 0 0
6892599242322237711 1 0 0 0 0
6892595939402355064 1 0 -0.15 0 0
6886653341519706830 1 0 0 0 0
6890567483298822503 1 0 0 0 0
6886813076450321997 1 0 0 0 0
6892600866015996897 2 0 0 0 0
6886802110097109317 1 0 0 0 0
6893174913702771752 1 0 0 0 0
6886652018477123181 1 0 0 0 0
6890574769852736765 1 0 0 0 0
6886337948759339441 1 0 0 0 0
6890571055886614311 1 0 0 0 0
6892595034285957673 1 0 0.081930538125 0 0
6890564131350212201 1 0 0 0 0
6886777930062815413 1 0 0 0 0
6886814477121087864 1 0 0 0 0
6893175118883814638 23 0 0 0 0
6886808139910944293 2 0 0 0 0
6890567851940280716 1 0 0 0 0
6892595172225855761 8 0 0 0 0
6886808670413285759 5 0 0 0 0
6889863428527289555 1 0 0 0 0
6886653341519579320 1 0 0 0 0
6886672418939752947 1 0 0 0 0
6890564588260691378 1 0 0 0 0
6886337801335176267 1 0 0 0 0
6886808177166779841 1 0 0 0 0
6886334711207474508 1 0 0 0 0.00848302405119
6886672418940273369 1 0 0 0 0
6886793974394140381 4 0 0 0 0
6886841065005167000 1 0 0 0 0
6890564594941460097 3 0 0 0 0
6892595939404376336 1 0 0 0 0
6890564587959873712 1 0 0 0 0
6886778813134358937 6 0 0 0 0
6892595235696012256 1 0 0 0 0
6890567886203718830 6 0 0 0 0
6890564135804936457 6 -1.35 0.13499713125 0 0.0209131875
6890564590490247387 5 0 0 0 -0.15
6892600867853217788 8 0 0 0 0
6886777930062905389 1 1.5 0 0 0
6890567859624598424 1 0 0 0 0
6892519915958160246 2 0 0 0 0
6886778321256333609 5 0 0 0 0
6890564136145613312 1 0 0 0 0
6890564342069230067 4 0 0 0 0
6886652018492254588 1 0 0 0 0
6886804211970095217 1 0 0 0 0
6886672418939607817 1 0 0 0 0
6890571055885804712 1 0 0.15 0 0
6886334511064301439 1 0 0 0 0
6886806603859230890 1 0 0 0 0
6890575354939690711 27 0 0 0 0
6890564594941472840 9 0.086082094017 0 -0.15 0
6890564590490231200 23 0.533882112457 3.74598991875 0 1.42843801415
6892595939402708827 3 0 0 0 0
6892517409316771284 1 0 0 0 -2.1
6886841764238450552 1 -0.3 0 0 0
6890564135802114452 2 0 0 0 0
6890564587959755012 5 0.791784474533 0.00752342831745 0 0
6892599165320596591 1 0 0 0 0
6886777978382436398 1 0 0 0 0
6890547120264334737 1 0 0 0 0
6889866112184755391 1 0 0 0 0
6889864036145203753 1 0 0 0 0
6886407765830894813 1 -0.15 0 0 0
6890571055885804582 1 0 0 0 0
6886337937429946752 1 0 0 0 0
6886817400225039378 1 0 0 0 0
6886778368180598930 1 0 0 0 0
6890564135802135943 2 0 0 0 0
6886778321256715498 1 0 0 0 0
6892593695742606333 1 0 0 0 0
6886846677116233078 1 0 0 0 0
6886289473289549621 1 0 0 0 0
6890564587959754816 4 0.2025 0 0 0
6886680157385764494 9 1.5 0 0 0
6890564587959755461 15 -3.271134375 0 1.63651057857 0
6890564524182402046 1 0 0 0 0
6886789214149803493 1 0 0 0 0
6892595034285173739 1 0 0 0 0
6886337801335253533 1 0 0 0 0
6892595235695390272 1 0 0 -1.5 0
6892599599657597504 1 0 0 0 0
6890571055898875499 1 0 -1.65 0 0
6892598480633628437 81 -1.35 0 0 0
6892597686931285481 1 -292.65 0 0 0
6889863361307414481 1 0 0 0 0
6886808670413287100 1 0 0 0 0
6886777978382450494 1 0 0 0 0
6886695207328903898 1 0 0 0 0
6890564131350208122 1 0 0 0 0
6886702556907956450 1 0 0 0 0
6886793124710033395 1 -0.15 0 0 0
6890567859624556795 1 0 0 0 0
6890571055885797338 1 0 0.15 0 0
6892599599657597633 7 -0.15 0 0 0
6890564131350212331 2 0 0 0 0
6890564136145665537 9 0 0 0 0
6890571055895980883 1 0 0.15 0 0
6892599599616785999 1 0 0 0 0
6890571568203741394 1 0 0 0 0
6892598931200988456 1 0 0 0 0
6892598312626733577 1 0 0 0 0
6886789638615684048 1 0 0 0 0
6886289275719971778 1 0 0 0 0
6892598454186473557 8 0 0 0 0.74996122125
6886778394733019268 1 -0.6 0 0 0
6892595939402708632 1 0 0 0 0
6886789906920173551 1 0 0 0 0
6886778127309892178 1 0 0 0 0
6892595031046619943 1 0 0 0 0
6886789550106656346 2 0 0 0 0
6886334516581314678 1 0 0 0 0
6890564131350166169 4 0 0 0 0
6890571860861424628 1 0 0 0 0
6890564131350157559 5 0 0 0 0
6892598302849327740 1 0 0 -1.05 0
6890548014275328676 56 0 0 0 0
6890547120264588048 1 0 0 1.8 0
6890564131350162276 28 0 0 0 0
6886653341519698403 1 0 0 0 0
6890564135802140087 17 -1.21804660804 2.9794837899 0 0
6889863282919688878 1 0 0 0 0
6892505185204894041 1 0 0 0 0
6890564131350378256 21 0 0 0 0
6890564131350158197 22 0 0 0 0
6886808671164894071 1 0 0 0 0
6890548017067204673 1 0 0 0 0
6886789639141237222 1 0 0 0 0
6886694442319791635 1 0 0 0 0
6892595034285477207 1 0 0 0 0
6886694488451117395 1 0 0 0 0
6886778134453953215 1 0 0 0 0
6886337838885754003 1 0 0 0 0
6886778817202392361 1 -1.8 0 0 0
6889859129949056968 1 0 0 0 0
6890564587959771720 2 0 0 0 0
6886793124709192046 1 0 0 0 0
6886811938412532197 1 -1.35 0 0 0
6890571055886053412 1 0 0.15 0 0
6886778813134428489 1 0 0 0 0
6886789550106734082 1 0 0 0 0
6892599165320348074 1 0 0 0 0
6890564131350204403 1 0 0 0 0
6886672418940960732 1 0 0 0 0
6890564493554990293 1 298.5 0 0 0
6886813098793999728 1 0 0 0 0
6892598302849327867 1 0 0 0 0
6886337801335173599 3 0 0 0 0
6892519740588137998 1 0 0 0 0
6892598454194337852 1 0 0 0 0
6886694442321236899 1 0 0 0 0
6892599599616777761 1 0 0 0 0
6890564590490194004 12 -6.63170216027 0 0 0
6890567859624551041 1 0 0 0 0
6886778059038343248 1 -1.35 0 0 0
6886805814334843755 1 0 0 0 0
6886337801335186162 1 -293.4 0 0 0
6892599640294181825 1 0 0 0 -3.3
6892600820652650664 1 0 -0.15 0 0
6890564587960134149 2 0 0 0 0
6890564587959746976 14 0.948499077679 0.0428977431203 0 0
6892598454194489867 1 0 0 0 0
6890547120263783061 1 0 0 0.3 0
6886841793020248944 3 0 0 0 0
6886831152831824679 1 0 0 0 0
6890564587959746659 26 -1.07043814888 0 1.73195796371 0
6890564135804922714 1 0 0 0 0
6890564587959771331 8 0 0 0 0
6886407653035933791 1 0 0 0 0
6890564587959771914 4 0 0 0 0
6892595938309539240 1 0 0 0 0
6890564135804897596 1 0 0 0 0
6890548017067295655 1 0 0 0 0
6886672593152303054 1 0 0 0 0
6892599623964033600 1 0 0 0 0
6886778821917986801 3 -0.15 0.13023375 0 0
6893175118888484308 1 0 0 0 0
6893176510380562996 2 0 0 0 0
6890564587959771979 4 -0.75 -2.22 0 0
6889863425333417485 1 0 1.5 0 0
6886777930062955169 1 0 0 0 0
6892594692372459486 1 0 0 0 -2.85
6886652903783312769 1 0 0 0 0
6886672593152516167 25 0 0 0 0
6890564587959771784 2 0 0 0 0
6889868989044925573 1 0 0.45 0 0
6890564587959751384 2 1.11 0 0 0
6890564587959778597 2 0 0 0 0
6892594843538791637 1 0 0 0 1.5
6890564587959774548 6 0.02187 -1.2 0 0
6893176608262417751 1 0 -2.25 0 0
6892504592663775603 1 0 0 0 0
6890564590490243625 9 0.0003136978125 0 0 0
6889859129949087015 1 0 0 0 0
6892595938309567961 2 0 0 0 0
6886334500522442037 5 0.494843007187 0 0 0
6886778064696789641 1 0 -289.2 0 0
6890564594941476482 7 0 0 0 0
6890571055895985713 1 0 0.3 0 0
6889859028386640656 1 0 0 0 0
6890564135802141958 1 0 0 0 0
6890564590490202673 2 0 0 0 0
6893176522039986541 1 0 0 0 0
6890571055886610925 1 0 0.3 0 0
6886789906913814944 1 0 0 0 0
6892599165320625379 1 0 0 0 0
6890564587959770890 1 0 0 0 0
6890571055885877892 1 0 0.15 0 0
6889859564963402149 1 0 0 0 0
6886289343688677181 1 0 0 0 0
6886798202574073719 1 0 0 0 0
6890564587959763518 2 -1.2 0 0 0
6886808671164891236 1 0 0 0 0
6890564135802115924 2 0 0 0 0
6890564587959763581 7 0.22981725 0.0534411287719 0 0
6890564594937725546 1 0 0 0 0
6886407765830879779 1 0 0 0 0
6890564587959874360 1 0 0 0 0
6890564587959788253 7 0 0 0 0
6890564131350378323 21 0 0 0 0
6886808671164867835 2 0 0 0 0
6890564594941456458 2 0 0 0 0
6893176521862945290 26 0 0 0 0
6890564342070010354 2 0 0 0 0
6890564136146413947 2 0 0 0 0
6890547120264542234 1 0 0 291.921171847 0
6886789550098753930 15 0 0 0 0
6890564135804936520 5 0.591 0 2.31739125 0
6890564587959788190 4 -1.02 0.10287 0 0
6892598931201044486 1 0 -0.15 0 0
6890564135802119823 2 0.02460375 0 0 0
6890564135804916057 5 0 0 0.02460375 0
6892595938309461729 1 0 0 0 0
6892598454195298815 1 0 0 0 -2.85
6890564587959865684 37 0.584519240833 1.28830411628 0 0
6890564590490231267 23 -0.200717498906 2.80375800588 0 0
6892598454186452739 17 -3.45 0 0 0
6890564135802120068 1 0 0 0 0
6892504996014177472 1 0 0 0 0
6890564135802134532 2 0 0 0 0
6886336009535631596 1 0 0 0 0
6890564135802136449 2 0 0 0 0
6886334506921112343 1 0 -1.8 0 0
6892593740739514479 2 0 0 0 0
6892595034285146840 1 0 -0.15 0 0
6886841065005170513 1 0 0 0 0
6890564587959770119 4 1.12287 1.30287 0 0
6890571055896166215 1 -0.15 0 0 0
6886834759405900777 4 0 0.75 0 0
6889859129949060585 1 0 0 0 0
6890564131350162025 4 0 0 0 0
6892598931200988765 1 0 0 0 0
6890564587959774485 2 0 0 0 0
6890564594941444185 4 0.0172125 0 0 0
6890564588260695032 2 0 0 0 0
6890564135802124212 3 0 0 0 0
6890564135802124093 1 0 0 0 0
6889863425333412164 1 0 0 0 0
6892598454195282722 1 0 0 0 11.85
6892595051675129706 1 0 0 0 0
6890571875210014865 1 0 0 0 0
6892599345270792966 1 0 0 0 0
6886834549686422682 1 0 0 -0.15 0
6890571055886614113 1 0 0.15 0 0
6892593695743896288 1 0 0 0 0
6886778127994893056 1 0 0 0 0
6889867503626799238 1 0 0 0 0
6886777914671765979 1 0 0 0 0
6886808671164859872 2 0 0 0 0
6890564590490218291 2 0.564740329463 0 0 0
6892519677446693615 1 0 0 0 0
6886778813134358677 1 0 0 0 0
6892595034286031562 1 0 0 0 0
6889863140485470376 1 -291.75 0 0 0
6890564587959770436 4 0.762 -1.060823775 0 0
6892517420009976352 1 0 0 0 0
6889868989044913745 1 0 0 0 0
6886778127994893766 2 0 0 0 0
6886847048978245052 1 0 0 0 0
6892519677446703584 1 0 0 0 0
6890564135802119237 1 0 0 0 0
6893176521862908059 2 0 0 0 0
6886778058342324845 1 0 0 0 0
6886778817202389741 1 0 1.5 0 0
6886680965511601902 1 0 0 0 0
6890564135802140528 35 0 -0.75 0 2.91170208312
6890564587959751572 4 0 -1.2975 2.775 0
6886846990748678224 1 0 0 0.3 0
6886805237324777751 2 0 0 0 0
6886789550106733632 1 0 0 0 0
6890548017067205127 1 0 0 -0.15 0
6890564131350166885 1 0 0 0 0
6886289329339768114 1 0 0 0 0
6890564131350202438 22 0 0 0 0
6892595034587030344 1 0 0 0 0
6890570271728025445 1 0 0.15 0 0
6893174913702772205 5 0 0 0 0
6889863428527289380 1 -0.45 0 0 0
6890564594941456581 19 0 0 0 0
6890564131350162346 5 0 0 0 0
6886695207328979312 1 -0.45 0 0 0
6892598931183926185 1 0 0 0 0
6890564590490190543 1 0 0 0 0
6886808671164946167 1 0 0 0 0
6892520109636901775 1 0 0 0 -2.85
6892595939404295123 3 0 0 0 0
6886813076450320602 1 0 0 0 0
6890564131350202952 4 0 0 0 0
6890564131350157494 5 0 0 0 0
6892595938308017102 6 0 -299.21791125 0 0
6890564131350158008 2 0 0 0 0
6886793980339397606 4 0 0 0 0
6886652903783355495 1 0 0 0 0
6890564594937730134 1 0 0 0 0
6890564135802136323 1 0 0 0 0
6890564131350158073 3 0 0 0 0
6890571055886614118 1 0 0 0 0
6890564131350166420 3 0 0 0 0
6886811896977794468 1 0 0 0 0
6886846677115246205 1 0 -2.55 0 0
6886680157385764559 3 0 0 0 0
6890564590490216765 4 0 0 0 0
6886789706615235222 1 0 0 0 0
6892518308523717522 1 0 0 0 0
6889867493156942397 1 0 0 0 0
6886334511064347516 1 0 0 0 0
6886834630833896711 4 0 0 0 0
6890564587959770396 4 -0.6 -1.2 0 0
6886289329341613298 1 0 0 0 0
6886336015914480753 2 0 0 0 0
6890570271728502579 2 0 0.15 0 0
6889867509187146378 1 0 0 0 0
6890564590490202934 3 0 -1.275 0 0
6890564587959751257 2 0 0 0 0
6890564136146225626 4 0 0 0 0
6889859098643130526 1 -280.95 0 0 0
6886653351349264101 1 0 0 0 0
6890571055886053652 1 0 0.15 0 0
6892593694137731104 1 0 0 0 0
6886794189641572178 2 0 0 0 0
6889867493157714943 1 0 0 0 0
6886778394732842208 1 -1.8 0 0 0
6889865560070490516 2 0 0 0 0
6886778394732839776 1 -1.8 0 0 0
6889863425333630091 1 0 0 0 0
6886808177166811480 3 0 0 0 0
6890571555752130557 1 0 0.3 0 0
6886337948759347392 1 0 -3.45 0 0
6886653341521034243 1 0 0 0 -289.554186763
6892519585308442244 1 -0.15 0 0 0
6892598454195093270 1 0 0 0 0
6890564493579730132 2 0 0 0 0
6886335951726937984 1 0 0 0 0
6892598454195297322 1 0 0 0 0
6890571055886610535 4 0 0.40272586875 0 0
6893175171543192381 2 0 0 0 0
6886694488451117080 1 0 0 0 0
6886806606564902908 1 0 0 0 0
6892593694150090322 1 0 0 0 0
6890564131350162794 7 0 0 0 0
6886806603859275098 1 0 -1.8 0 0
6886778156424494408 4 0 0 0 0
6892517458710129490 1 0 0 0 0
6890571875210015186 1 0 0 0 0
6890564131350203146 7 0 0 0 0
6890547120264579830 1 0 0 2.85 0
6890564594941431505 3 0 0 0 0
6892520342399750444 1 0 0 0 0
6890547108063815608 1 0 0 0 0
6886778814434970403 1 0 0 0 0
6886778134453953387 1 0 0 0 0
6890567483298846148 1 0 0 -291.6 0
6886778747784398222 1 0 0 0 0
6890567859624671709 1 0 0 0 0
6886802147717062331 1 0 0 0 0
6886789828295582552 1 0 0 0 0
6886802601315377078 1 0 0 0 0
6890564131350376471 28 0 0 0 0
6886805703877349415 1 0 0 0 0
6886334506921112424 2 0 -1.8 0 0
6886407654209401561 1 0 0 0 0
6889863361304610763 1 0 0 0 0
6890570705984721123 1 0 -1.8 0 0
6890564135802140022 15 -2.14077876562 1.69535300353 -0.640847867812 0
6890564131350203787 2 0 0 0 0
6886702556908050529 1 0 0 0 0
6886813098835864686 1 0 0 0 0
6892595938309539305 1 0 0 0 0
6886680967961165711 1 0 0 0 0
6892595034285957804 2 0 0.054675 0 0
6886288701438025963 1 0 0 0 0
6890564131350378449 22 0 0 0 0
6886811938410712321 1 0 0 0 0
6886778414171993053 0 0 0 0 0
6890564136146414010 2 0 0 0 0
6890564106778272785 1 0 0 0 0
6890564590490231012 18 -2.0314734375 -0.75 -0.47691348373 1.49858184827
6886811896977790868 1 0 0 0 0
6890564524182397241 1 1.8 0 0 0
6890564342072995712 1 0.15 0 0 0
6892520051819254003 1 0 0 -1.5 0
6892594601124634654 5 0 0 0 0
6890548017069837524 1 0 0 0 0
6892599599618087007 1 0 0 0 0
6892519915958170997 2 0 0 0 0
6892598275459302990 1 0 0 0 0
6892597743649755356 1 0 0 0 0
6886337832460134770 1 0 0 0 0
6890564587959774297 1 0 0 0 0
6886777930062975351 1 0 0 0 -1.8
6889868989045089044 1 0 0 0 0
6892520865008774760 2 0 0 0 0
6890564587959865746 7 0 0 0 0
6892599218926294267 179 0 0 0 0
6890547120264542852 1 0 0 0 0
6890564524182340139 1 0 0 0 0
6886334506921112340 1 0 0 0 -1.8
6892595034286008820 1 0 0 0 0
6890564594937750983 1 0 0 0 0
6886804138025512448 1 -298.65 0 0 0
6890571055885373751 1 0 298.65 0 0
6890574748033514706 1 0 0 0 0
6890564342072994759 1 1.65 0 0 0
6890564524182397621 1 1.8 0 0 0
6890548017070086790 1 0 0 0 0
6890548017067314375 10 0 0 0 0
6889859028386611617 1 0.6 0 0 0
6886808671164865505 2 0 0 0 0.00404244054844
6886811897002183485 1 0 0 0 0
6890564524182397244 2 1.773 0 0 0
6890564587959750678 3 0 0.2025 0 0
6892594995001990150 1 0 0 0 0
6886778321256602105 1 0 0 0 0
6890575357174473640 1 0 0 0 0
6886808671164891239 21 0 0 0 0
6886808654375883693 8 -0.255 0.255 0 0
6892596660483887898 1 0 0 0 0
6886288068474347276 1 0 0 0 0
6890564588260818083 1 0 0 0 0
6892599165320621057 1 0 0 0 0
6892598454195298593 1 0 0 0 10.35
6889863657386135490 1 0 0 0 0
6892598483923588751 40 -0.15 0 0 0
6890564594937754869 28 0.0127006191521 -1.49441935312 0.0288093193515 0
6892594843538789267 1 0 -1.8 0 0
6886652903782035160 1 0 0 0 0
6890564135802136512 1 0 0 0 0
6890564135802118407 3 0 0 0 0
6889859243342307888 1 -4.05 0 0 0
6892519677446694915 1 0 0 0 0
6886778059379882392 2 0 0 0 0
6886694442306019264 1 0 0 0 0
6886695207328917562 1 0 0 0 0
6890564594937738612 1 0 0 0 0
6886288269193646664 1 0 0 0 0
6892505185204153719 1 0 0 0 0
6886808671164891237 12 0 0 0 0
6892517469317415112 1 0 0 0 0
6892594985054481421 1 0 0 0 0
6892600866150963950 7 0 0 0 0
6890564131350154676 2 0 0 0 0
6892519931160913753 1 0 0 0 0
6892598483905883710 1 0 0 0 0
6890564587959750743 2 0 0 0 0
6890571055886614126 1 0 0.15 0 0
6886778747784398090 1 0 0 0 0
6890564594937750594 5 0 0 0 0
6889858954067727915 1 0 0 -288 0
6890564342072994246 1 0.15 0 0 0
6886811897001866262 1 0 0 0 0
6892597832343661327 1 0 -0.3 0 0
6890564587959866005 3 0 0 0.0533084954915 0
6892519677446666773 1 -1.05 0 0 0
6886808139910949175 1 0 0 0 0
6886789008011038285 1 0 0 0 0
6892600865964535565 1 0 0 0 0
6892596659223179822 2 0 0 0 0
6886289490047575714 1 0 0 0 0
6892595939404294417 4 0 0 0 0
6890564590490230818 27 1.83771754543 5.35411305591 0 3.66380217978
6890564131350165591 11 0 0 0 0
6886811938410606567 1 0 0 0 0
6886337937429876756 1 0 0 0 0
6886778750390243516 1 0 0 0 0
6892595034285962143 1 0 0 0 0
6889858857660508671 1 0 0 0 0
6893174913702771288 1 0 0 -0.15 0
6890564594937726048 2 0 0 0 0
6890564131350351398 22 0 0 0 0
6890564342072359736 1 0 0 0 0
6886680965511601260 1 0 0 0 0
6892599599618112486 1 0 0 0 0
6892519677446715538 1 0 0 0 0
6890571573195105207 1 0 0 0 0
6890567613637470171 1 0 0 0 0
6886336351282639626 2 0 0 0 0
6890567582946939439 5 -2.7 0 0 0
6890571569723949014 1 0 0 0 0
6890564106779552731 1 0 0 0 0
6890574593604191276 1 0 0 0 0
6890564590490329840 2 0 0 0.0850336228125 0
6890567416545430255 12 0 0 0 0
6890564587960113178 3 0 0 0 0
6890571055896153471 5 0 0 0 0
6886289415962170050 1 0 0 0 0
6886695170181184583 1 -0.45 0 0 0
6892599801756731224 1 -3.3 0 0 0
6890564590490251319 2 0 0 0 0
6892596659225383070 1 0 0 0 0
6892520109637838271 1 0 0 0 0
6890571055885796617 1 0 0.15 0 0
6892595939402708762 1 0 0 0 0
6890564136146225879 4 0 0 0 0
6890567613638756482 1 0 0 0 0
6890567584196828783 1 0 0 0 0
6892595939402708568 1 0 0 0 0
6889863425330016415 1 0 0 0 0
6892598454186449297 1 0 0 0 0
6886793223231452976 1 0 0 0 0
6890571055898892553 2 0 0 0 0
6892598275486272615 1 0 0 0 0
6886794140080975427 1 0 0 0 0
6892600807034986940 1 -2.85 0 0 0
6886841793020563767 1 0 0 0 0
6886672418924867555 1 0 0 0 0
6890564590490194902 1 0 0 0 0
6890571573195789245 1 0 0 0 0
6890564342072994245 1 0 0 0 0.15
6890564342072994379 1 1.65 0 0 0
6890571573195780230 1 0 0 0 0
6892599599618083594 1 0 0 0 0
6890564587959774422 3 0 -0.6 0 0
6886808671164859803 1 0 0 0 2.7
6889869013419891628 1 0 0 0 0
6890564590490341634 2 0 0 0 0
6886777902339202719 2 0.0405 0 0 0
6886817400225043645 1 0 0 0 0
6890564136145612490 2 0 0 0 0
6886694442320439761 1 0 0 0 0
6892599305992607560 1 0 0 0 0
6886811938412532263 1 0 0 0 0
6886806606564902772 1 0 -0.3 0 0
6886808671164863722 1 0 0 0 0
6892518302514247748 3 0 0 0 0
6886847048165824736 2 0 0 0 0
6890571860859716036 3 -0.6375 0 0 0
6892519676324942204 1 0 0 0 0
6892595938309321074 1 0 0 0 0
6890547120209632306 1 0 0 0 0
6886793980339974957 1 0 0 0 0
6890567858202670226 54 0 0 0 0
6886694430476998818 1 0 0 0 0
6892600820655528168 1 0 0 0 0
6890547038515633709 1 0 0 0 0
6892595034285957672 1 0 0 0 0
6886778750390244225 1 0 0 0 0
6892517409341036387 2 0 0 0 0
6886789008011203985 1 0 0 0 0
6890564590490232155 25 -0.123976978706 0.365707970967 0.0146510142816 0.162589711222
6886407654091170064 1 0 0 0 0
6886778127994880816 2 0 0 0 0
6889869013856865383 1 0 0 0 0
6890547120264542235 1 0 0 0.9 0
6886694488451291656 1 0 0 0 0
6890564342072883505 194 14.55 0 0 0
6892520091564990087 1 0 -0.45 0 0
6890547038515869820 1 0 0 0 0
6886288252562799291 1 0 0 0 0
6893174913703193358 1 0 0 0 0
6886778750390244229 1 0 0 0 0
6886808671164893753 1 0 0 0 0
6892598302783294348 7 0 0 0 0
6886334511064293213 1 0 0 0 0
6889858924432766440 3 0 0 0 0
6892593787635488748 1 0 0 0 0
6892593993377687489 1 0 0 0 0
6890571055886614376 1 0 0.15 0 0
6890570271728025448 1 0 0.15 0 0
6889867506658489466 1 0 0 0 0
6890564131350376662 100 0 0 0 0
6890564131350351461 22 0 0 0 0
6886653351349001829 2 1.5 0 0 0
6886813075375852175 1 0 0 0 0
6892504615489459357 2 0 0 0 0
6889858954069624733 1 0 0 0 0
6886334506921112425 1 0 -1.8 0 0
6890564594937738551 4 0 0 0 0
6886808670413289828 4 0 0 0 0
6892595034286046617 3 0 0 0 0
6886808670413285495 4 0 0 0 0
6890548017067208753 3 0 0 0 0
6886846688911038056 1 -0.15 0 0 0
6886653382457970308 1 -1.95 0 0 0
6886694442320438304 1 0 0 0 -1.35
6892504985244533297 1 0 -1.5 0 0
6886798202574073456 1 0 0 0 0
6890564135804916184 3 1.1684131875 0 0 0
6890564587959771657 2 0 0 0 0
6890564131350351524 21 0 0 0 0
6886834759310283002 1 0 0 0 0
6886407863299871712 1 0 0 0 0
6890564135802114519 1 0 0 0 0
6892519677447969903 1 0 0 0 0
6886337937429981546 1 0 -1.35 0 0
6886802593632215264 1 0 0 0 0
6892594835570026247 1 0 0 0 0
6886834759405879601 1 0 0 0 0
6889865866666291126 1 0 0 0 0
6890564135802114326 1 0 0 0 0
6890571055885797018 1 0 0 0 0
6892595034285414628 1 0 0 0 0
6892600807035069421 1 0 0 0 0
6890567483298870909 1 0 0 0 0
6890564135804910122 2 0 0 0 0
6890564131350154613 2 0 0 0 0
6886337801335176589 5 0 -1.35 0 0
6890547120264328353 1 0 0 0 0
6890571055886614051 1 0 0 0 0
6886778059038345173 1 0 0 0 0
6890564135802120014 1 0 0 0 0
6886808177166779727 10 0 0 0 0
6886799626476101671 1 0 0 0 0
6890567859624624952 1 -1.35 0 0 0
6886847048978265421 1 0 0 0 0
6890570271728502771 1 0 0.15 0 0
6892599623964144950 1 0 0 0 0
6892598454186473554 8 0 0 0 0.808785220312
6892599623960650408 1 0 0 -0.15 0
6886289343688670873 1 -0.15 0 0 0
6892595034285253618 1 0 0 0 0
6890564587959861281 1 0 0 0 0
6890564135802124156 1 0 0 0 0
6890564131350376532 23 0 0 0 0
6890564594941460228 3 0 0 0 0
6892519676321047870 2 0 0 0 0
6886808671164869457 2 0 0 0 0
6886841793020517299 1 -0.3 0 0 0
6890564590490231589 15 0.6375 0 0 0
6890548017069158277 1 0 0 0 0
6890547120264584102 1 0 0 0 0
6890564131350162152 5 0 0 0 0
6886288847862711008 1 0 0 0 0
6889859028386606553 56 0 0 0 0
6886778748876341790 6 0 0 0 0
6886841065605614725 1 -0.45 0 0 0
6889863282905611429 4 0 0 0 0
6886778817202420764 1 0 0 0 0
6886808200092490277 1 0 0 0 0
6889865560070490537 3 0 0 0 0
6890564594937729690 1 0 0 0 0
6886672343667795281 1 0 0 0 0
6886808139910941143 1 0 0 0 0
6890564342070064938 1 0 0 0 0
6892598454195109976 1 0 0 0 0.3
6892598454186469214 1 0 0 0 0.15
6890564588260691121 1 0 0 0 0
6892595037389183242 2 0 0 0 0
6890564594937755059 19 0 0.00201525944202 0 0
6890564131350206968 1 0 0 0 0
6890571055885808788 1 0 0 0 0
6889859243342308021 1 0 0 0 0
6890567488765511273 2 0 0 0 0
6886672593150742807 1 0 0 0 0
6892594835531245383 1 -0.15 0 0 0
6892598302783127312 1 0 0 0 0
6886817400225538596 1 0 0 0 0
6889863249728667048 1 0 -0.15 0 0
6890548017069148718 11 0 0 0 0
6892597809730227093 1 0 0 0 0
6889866102640389361 1 0 0 0 0
6889865576184017468 1 0 0 0 0
6892598932197149820 1 0 0 0 -289.95
6886793223236902037 1 0 0 0 0
6886702556907952337 1 0 0 0 0
6886811938412532262 1 0 0 0 0
6892596659286613335 11 0 0 0 0
6886672336164347580 1 0 0 0 0
6886777914585378230 3 0 0 0 0
6886841065005155544 1 0 0 -298.65 0
6892599305992352983 1 0 -2.85 0 0
6890574769821997099 1 0 0 0 0
6886407765834474631 1 0 0 0 0
6886777914585377355 5 0 0 0 0
6892595034286035515 1 0 0 0 0
6890564588260702814 1 0 0 0 0
6886694477532821755 1 -0.3 0 0 0
6886794140078293249 2 0 0 0 0
6890547120264538804 1 0 0 1.65 0
6890574769833328817 12 0 0 0 0
6892595235696012193 2 0 0 0 0
6892596659286617764 3 0 0 0 0
6890564594941435879 4 0 0 0 0
6886334511064395012 2 0 0 0 0
6889859028381603569 1 0 -0.3 0 0
6892595939402705370 1 0 0 0 0
6890564131350351279 27 0 0 0 0
6892598932197122955 1 0 -0.3 0 0
6890571713011096770 1 0 0 0 0
6886778059038376028 2 0 0 0 0
6890564587959772037 5 2.49891141778e-06 0 0 0
6893174913702772015 2 0 0 0 0
6886778748876113431 1 0 0 0 0
6886289329341605342 1 -0.3 0 0 0
6890564135802115868 2 0 0 0 0
6886834759406153251 1 0 0 0 0
6892600867853217466 2 0 0 0 0
6892595051675195413 1 0 0 0 0
6889859028384319438 1 0 0 0 0
6890564594941452408 9 0 0 0 0
6886803024365384671 1 0 0 0 0
6892600807036608966 1 0 0 0 0
6890574769821977084 1 -0.15 0 0 0
6886790196347354672 1 0 0 0 0
6886840352750843913 1 0 0 0 0
6892595034285166745 1 0 0 0 0
6890571055886611426 1 0 0.15 0 0
6890564590490194839 2 0 0 0 0
6889863657386139533 1 0 0 -294.15 0
6892517409341034532 1 0 0 0 0
6890571573195014172 2 0 0 0 0
6892598454195298814 1 -2.85 0 0 0
6890564136146418280 1 0 0 0 0
6886794875776039637 5 0 0 0 0
6890564136146414136 2 0 0 0 0
6886806627608520862 1 0 0 0 0
6889859033759911525 3 0 0 0 0
6889865866665880062 1 0 0 0 0
6890564131350167003 1 0 0 0 0
6892595235695291161 1 0 0 0 0
6892597815134159142 1 0 0 0 0
6892520342394700896 1 0 0 0 0
6886789709443252968 1 0 0 0 0
6890567858203413586 1 0 0 0 0
6890564131349342547 1 0 0 0 0
6890564587959861472 1 0 0 0 0
6890567886203736654 1 0 -1.8 0 0
6892598454186428666 1 0 0 0 0
6886811938410716529 1 0 0 0 0
6892600866011804741 2 0 0 0 0
6886808671164892133 9 0 0 0 0
6890564587959771143 5 0.0175825795011 0 0 0
6886777988345372400 5 0 0 0 0
6886808139910948402 1 0 0 0 0
6886793124709192702 1 0 0 0 0
6886794189641841061 1 0 0 0 0
6890564131350166232 3 0 0 0 0
6886652903782868615 2 0 0 0 0
6890564524182397247 2 -8.37 0 0 0
6886847059061619662 1 0 0 0 0
6886789214150977855 1 0 0 0 0
6890570269665445445 1 0 0 0 0
6892598302849540431 2 0 0 0 0
6890564594941452731 2 0 0 0 0
6890548017069874645 1 0 0 0 0
6886808139910948597 1 0 0 0 0
6886777902339202775 10 0 0 0 0
6886672593154114820 1 0 0 0 0
6890571866578289072 1 0 0 0 0
6892594692372029260 1 0 0 0 0
6886778817234418474 14 0 0 0 0
6886289139094395365 1 0 0 0 0
6886831100452947815 1 0 0 0 0
6890547120264314565 5 0 0 -0.15 0
6890564594941476547 4 0 0 0 0
6892598454195301621 1 0 0 0 0
6892519602902587443 1 0 0 0 0
6886808139910956884 1 0 0 0 0
6886778817202418331 1 0 0 0 0
6890564587959861929 1 0 0 0 0
6892593694137731172 1 0 -0.45 0 0
6889866136288750758 1 0 0 0 0
6892519677446286216 2 0 0 0 0
6890564590490243287 6 0 0 0 0
6886831139011916681 1 -298.65 0 0 0
6893176522040016817 6 0 0 0 0
6892594692358297101 1 0 -0.3 0 0
6892599165320607917 15 0 0 0 0
6886805237324781787 1 0 0 0 0
6890570269665445249 1 0 0.15 0 0
6890571712301830630 1 0 0 0 0
6886407765830898707 1 0 0 0 0
6890564590490251592 1 0 0 0 0
6890571866578272947 1 0 0 0 0
6886813076449625351 1 0 0 0 0
6892598454837750995 50 -0.15 0 0 0
6890564587959772100 20 0 1.18974729927 0 0
6889858800303900844 2 0 0 0 0
6886811886137770786 3 0.02025 0 0 0
6886694464355636440 1 0 0 0 0
6892596660483627733 1 -290.55 0 0 0
6892595034285955509 2 0 0 0 0
6892519740593016520 1 0 -298.65 0 0
6892520051813146028 1 0 0 0 0
6890564342072993986 1 0.9 0 0 0
6892595939404294482 1 0 0 0 0
6892598302783294349 16 0 0 0 0
6886808670413267370 1 0 0 0 0
6890564131350158650 3 0 0 0 0
6886789709443361816 1 0 0 0 0
6892599599657597568 2 0 0 0 0
6890571055898875563 1 0 -1.65 0 0
6886808670413373273 4 0 1.4735625 0 0.75
6892596660483684144 1 0 0 0 0
6890564493579726052 1 0 0 0 0
6890564587960113243 1 0 0 0 0
6889868951982737372 1 0 0 0 0
6892519674256993253 1 0 0 0 -2.1
6886778321208200301 3 0 0 0 0
6892597815134578989 1 0 0 0 0
6892520091564990022 1 -1.05 0 0 0
6890564131350211233 2 0 0 0 0
6892595034285957731 11 0 0 0 0
6890571055886609732 1 0 0 0 0
6886806606564738381 2 0 0 0 0
6890564135802122614 2 0 0 0 0
6892599599618277328 1 0 0 0 0
6892599165322892570 1 0 0 0 0
6886288976492454517 1 0 0 0 0
6890564131350161575 7 0 0 0 0
6892593787659636523 1 0 0 0 0
6892595031044827665 1 0 0 0 0
6886794140078338710 2 0.3 0 0 0
6892519677446715418 1 0 0 -1.05 0
6892517409316766878 1 0 0 0 0
6892598454195269966 3 0 0 0 0
6886808180922827876 2 -1.5 0 0 0
6890564590490203059 3 0 -0.6375 0 0
6890571861772471283 1 0 0 0 0
6890564588260810048 1 0 0 0 0
6886694442320289890 1 0 0 0 0
6892518306616789609 1 0 -0.3 0 0
6889866102640303299 1 0 0 0 0
6892598454186445174 2 0 0 0 40.72275
6890564135804922779 1 0 0 0 0
6892600866150945076 1 0 0 0 0
6892599165320606236 1 0 0 0 0
6886653351348494054 1 0 -296.4 0 0
6890564136145665352 2 0 0 0 0
6892519677446667154 1 0 0 0 0
6886680157987134836 1 0 0 0 0
6890564590490243094 2 0 0 0 0
6890564342021949064 2 0 0 0 0
6886846677180356727 1 0 0 0 0
6889863425330763584 1 0 -0.3 0 0
6892596660483887960 1 0 0 -0.15 0
6890564135802110615 1 0 0 0 0
6886802147717114276 1 0 0 0 0
6890567859605307238 1 0 0 0 0
6890564135802120140 1 0 0.75 0 0
6886407793804627100 1 0 -0.3 0 0
6890567859624552396 1 0 0 0 0
6890564594941472969 1 0 0 0 0
6890571861772500956 2 0 0 0 0
6886408016394595225 1 0 0 0 0
6886695207329239633 1 0 0 0 0
6889866102641033024 1 0 -0.15 0 0
6886778394733023412 1 0 0 0 0
6886334696880490617 5 0 0 0 0
6886778750390243517 2 0 0 0 0
6886808671164892071 36 0 0 0 0
6893176608262427171 1 -2.55 0 0 0
6890564594941427801 1 0 0 0 0
6886336009535674141 1 0 0 0 0
6890564131350166299 4 0 0 0 0
6890564135804897982 1 0 0 0 0
6886834514365662620 2 0 0 0 0
6886778127994892868 2 0 0 0 0
6892599599657592978 1 0 0 0 0
6886808670413274872 1 0 0 0 0
6890564106779727953 1 0 0 0 0
6892595235695267257 2 0 0 0 0
6890564594941444500 10 0 0 0 0
6886789828295550551 1 0 0 0 0
6892593787635565914 4 0 0 0 0
6892599801756719906 2 0 0 -0.15 0
6889865560070490713 1 0 0 0 0
6890564131350211424 3 0 0 0 0
6890564590490341773 3 0 0 0 0
6886846825988121730 1 0 0 0 0
6886806606565165539 1 0 0 0 0
6890571055885378797 1 0 0 0 0
6890564587959873910 6 -0.53625 0 1.44367084406 0
6886789551221169843 1 0 0 0 0
6886808180922838658 1 0 0 0 0
6890564342072999726 1 -1.2 0 0 0
6886793124709251551 1 0 0 0 0
6889866102641027093 1 0 -0.15 0 0
6886808671164946787 2 0 0 0 0
6892593694137720545 1 0 0 0 0
6886407863299233924 1 0 0 0 0
6890548017067313742 1 0 0 0 0
6886778128937032673 4 0 0 0 0.1275
6886778750389878973 1 0 0 0 0
6892598454186453215 1 0 0 0 0.15
6886805814334747658 1 -0.15 0 0 0
6890564594941435425 1 0 0 0 0
6889859237562083243 1 0 0 0 0
6890564131350166938 1 0 0 0 0
6886808671164893744 1 0 0 0 0
6892505231710375016 1 0 0 0 0
6890547038515869798 1 0 0 2.85 0
6886793980339397476 2 0 0 0 0
6886803848125452918 1 0 0 0 0
6889859129948269711 1 0 0 0 0
6890571568203992006 28 0 0 0 0
6886289415962140314 1 -0.15 0 0 0
6886817400225060837 1 0 0 0 0
6890564342072973524 1 0 0 0 0
6886793980339395946 1 0 -0.3 0 0
6890547120263754788 1 0.15 0 0 0
6890570269665444868 1 0 0.15 0 0
6890564587959866523 2 0 0 0 0
6890564136146225814 4 0 0 0 0
6889865560070536101 1 0 0 0 0
6886652903780512166 1 0 0 0 0
6886834515456212562 1 0 0 0 0
6890570271728025447 1 0 0.15 0 0
6890564594937754929 31 0 0.0510731412274 0 0
6886778128934464308 1 0 0 0 0
6890564590490351594 1 0 0 0 0
6890571055885877956 1 0 0.15 0 0
6886338005055111959 1 0 0 0 0
6886778813134359309 1 0 0 0 0
6886334511245428593 2 0 0 0 0
6890571055886057322 1 0 0 0 0
6892598302849540180 1 0 0 0 0
6892595037388543573 6 0 0 0 0
6892599639335854772 1 0 0 0 0
6892595034286035519 1 0 0 0 0
6886778134454003999 1 0 0 0 0
6886778134453953129 1 0 0 0 0
6890564587960114128 1 0 0 0 0
6890571712301777721 2 0 0 0 0
6893176598915780646 2 0 0 0 0
6886841065004873029 1 0 0 0 0
6886335951726942859 1 0 0 0 0
6886808671164867770 1 0 0 0 0
6890564594937726244 1 0 0 0 0
6886794140080987444 1 0 -1.35 0 0
6890564590490243536 7 0 0 0 0
6890564524182397234 1 0.243 0 0 0
6890564594941451875 18 0 0 0 0
6890564135804901708 1 0 0 0 0
6890564587960134467 3 0 0 0 0
6886778740419741784 3 0 0.32025 0 0
6892599601465906169 1 0 0 0 0
6886287514078233811 1 0 0 0 0
6890567859624889187 1 0 0 0 0
6886808670413373217 9 0 0 0 0
6890564131349338465 1 0 0 0 0
6889859028386602446 1 0 0 0 0
6890564587960114065 3 0 0 0 0
6893176522040176820 1 0 0 0 0
6886652018476681642 1 0 0 0 0
6892519915958126029 1 0 0 0 -2.85
6889858954070681332 1 0 0 0 0
6892598302783127253 33 0 -0.45 0 0
6886805237325216085 1 0 0 0 0
6886680965511608985 1 0 0 0 0
6892594601101348919 1 0 0 0 0
6886817400226328061 1 0 0 0 0
6890564587960113749 5 0 0 0 0
6886694442320294126 1 0 0 0 -0.45
6892595235694746083 1 0 0 0 0
6892504592663779929 1 0 0 0 0
6886793223236881939 1 0 0 0 0
6886841793020484790 1 0 0 0 0
6892520091564998309 1 0 0 0 0
6886694442320439760 1 0 0 0 0
6889863221728046432 1 0 0 0 0
6890564594937730455 3 0 0 0 0
6890571055895980819 8 0 0 0 0
6890564587960133832 7 0 0 1.9125 0
6890564594937730636 6 0.15 -0.15 0 0
6886817400225060194 1 0 0 0 0
6892598454186437285 1 0 0 0 0
6890564131350186377 1 0 0 0 0
6892593694137714912 2 0 0 0 0
6886814477121842554 1 0 0 -1.8 0
6886778752600029408 4 0 0 0 0
6890567483298846174 3 0 0 0 0
6890570272176014049 1 0 0 0 0
6886694442320496975 1 0 0 0 0
6892596659286614788 3 0 0 0 0
6890564135802119367 1 0 0 0 0
6892593787635650237 1 0 0 0 0
6886808139910949176 1 0 0 0 0
6892519677446666774 1 0 0 0 0
6892596659225548653 1 0 0 0 0
6886337937430016047 1 0 0 0 0
6892599165320349301 3 0 0 0 0
6890564594941439794 1 0 0 0 0
6886817428944133069 1 0 0 0 0
6890564131350157944 4 0 0 0 0
6892599798720035249 1 0 0 0 0
6892593787635307026 1 0 0 0 0
6890564131350376853 24 0 0 0 0
6886806627608520934 2 0 0 0 0
6890564135804926568 1 0 0 0 0
6892596659223189249 1 0 0 0 0
6886694531925382596 1 0 0 0 0
6892519915079125218 3 0 0 0 0
6886805814334747765 1 -0.15 0 0 0
6892593694137720536 1 0 0 0 0
6889859263662134015 1 0 0 0 0
6890547120264334416 1 0 0 0 0
6892599165320336716 1 0 0 0 0
6890564342070055553 1 0 0 0 0
6889863361307418408 1 0.15 0 0 0
6890564594937754992 30 0.00706139374238 0 0 0
6886778059038328427 10 0 0 0 0
6886789215234446933 1 0 0 0 0
6892598454186452736 2 0 0 0 0.2775
6890564135804897663 1 0 0 0 0
6892600866011792669 1 0 0 0 0
6886289415962421296 1 0 0 -0.15 0
6892598275485996559 1 0 0 0 0
6890571367098242312 1 -1.5 0 0 0
6890567582944523916 1 0 0 0 0
6892598302849540310 2 0 0 0 0
6886808671164893873 10 0 0 0 0
6892595167092021226 1 0 0 0 0
6892600867853201438 1 0 0 0 0
6890564135804914623 1 0 0 0 0
6890564594941444442 2 0 0 0 0
6890564342069986079 1 0 0 0 0
6890564587959770566 4 0 0.79928745 0 0
6886834514365666476 1 0 0 0 0
6890564342072891990 1 0 0 0 0.15
6892595172228985208 1 0 0 0 0
6892597683652403095 1 0 0 0 0
6892598454195089793 28 0 0 0 0
6886834759405879992 5 0 0 0 0
6886794879203123906 2 0 0 0 0
6886802598817037296 1 0 0 0 0
6890571055885374588 1 0 0.15 0 0
6886808671164893809 1 0 0 0 0
6886813076538438296 1 0 -298.65 0 0
6890574769821977086 1 -0.15 0 0 0
6892520342399764151 1 0 0 0 0
6886817400225538982 1 0 0 0 0
6890574582907909929 12 0 0 0 0
6886334500522438768 1 0 -0.3 0 0
6886694442306019073 1 0 0 0 0
6892600866151000848 3 0 0.75 0 0
6886680157987132340 1 0 0 0 0
6890564587959751321 2 0 0 -1.029 0
6890564587959778537 4 0.1377 0 0.02187 0
6893176608264033462 1 0 0 0 0
6886680157987132405 1 0 0 0 0
6886811938410713752 1 0 0 0 0
6886778321208209951 1 -0.45 0 0 0
6890564590490252276 4 0 0 0 0
6892599165320301676 2 0 0 0 0
6890564594941455986 26 0 0 0 0
6890564594941439731 1 0 0 0 0
6890564131350157881 5 0 0 0 0
6892593787635313768 1 0 0 0 0
6892598275459303363 4 0 0 0 0
6886808139910919299 1 0 0 0 0
6892519677446711819 1 0 0 0 -0.15
6890564136145601041 2 0 0 0 0
6892596659225566322 1 0 0 0 0
6886806606564750623 3 0 0 0 0
6890567477317095614 1 0 0 0 0.3
6890564342072995711 1 0 0 0 0
6886408107118107399 1 0 -0.3 0 0
6892595034285258840 1 0 0 0 0
6892594843537511140 1 -0.3 0 0 0
6890564135802115679 1 0 0 0 0
6890564136145616215 10 0 0 0 0
6892598931201003197 2 0 0 0 0
6892504985244728110 1 0 0 0 0
6890564342070010367 1 0 0 0 0
6890564594941447827 4 0.10125 0 0 0
6886652017540704444 1 0 0 0 0
6886811886137798933 1 0 0 0 0
6886841765147717626 3 0 0 0 0
6890571055886611362 1 0 0.17025 0 0
6886789706557996326 1 0 0 0 0
6890574582907897130 1 0 0 0 0
6890564587959750992 9 -1.467 0 0 2.41436339139
6892599801756719907 1 -0.3 0 0 0
6886841793020517298 1 0 -0.3 0 0
6890564590490231137 12 0.101513795765 2.13060737065 -0.52412161508 0.121479165615
6890564587959873975 1 0 0 0 0
6890564590490216895 1 0 0 0 0
6886778817202397768 2 0 0 -285.45 0
6889867493157745449 1 0 0 0 0
6892595235694718929 1 0 0 0 0
6892595034285176225 1 0 0 0 0
6886808671164894704 1 0 0 0 0
6892504615489181962 2 0 0 0 0
6890564590490239174 1 0 0 0 0
6886834630833954401 1 0 0 0 0
6886337801335253636 1 0 1.35 0 0
6890574769821977087 1 -0.15 0 0 0
6892600867851002685 1 3 0 0 0
6890547120263833184 2 0 0 40.2165 0
6890564135802119949 2 0 0 0 0
6892504592656006469 2 0 0 0 0
6890574544049052168 1 0 0 0 -0.15
6890548017067314114 1 0 0 0 0
6886778394732945829 1 0 0 0 0
6886289264391754484 1 -0.15 0 0 0
6893176522040160699 1 0 0 0 0
6892595172231940463 1 0 0 0 0
6892520091801721290 1 0 0 0 0
6890567548454878930 1 0 0 0 0
6886289264393089280 1 0 0 0 0
6890564342070005894 1 0 0 0 0
6890564587959866075 3 0 0 0 0
6892504592661996430 1 0 0 0 0
6886672441137810070 1 -0.45 0 0 0
6892597832343656592 1 0 0 0 0
6890570707072866598 1 0 0 0 0
6892597815134341644 1 0 0 0 0
6890564527012693989 1 0.15 0 0 0
6886808671164859746 33 0.0349866811908 2.46286211144 0 0
6892504510854373706 1 0 0 0 0
6892504985244715594 2 0 0 0 0
6890564590490239232 15 0 -4.6059375 0 0
6886407536491655317 1 0 -298.65 0 0
6886808177166812125 1 0 0 0 0
6890564590490216828 2 0 0 0 0
6890571055898892490 1 0 0.15 0 0
6890564342070010613 1 0 0 0 0
6890564587959775130 1 0 0 0 0
6886778324272918911 1 0 0 0 0
6886672418940957866 1 0 0 0 0
6892595034285166617 1 0 0 0 0
6893175118883810399 1 0 0 0 0
6890571055885797328 1 0 0 0 0
6890548017067309915 1 0 0 0 0
6886834515456388442 1 0 0 0 0
6886808671164863732 8 0 0 0 0.00184141712241
6890564131349337627 1 0 0 0 0
6886808670413373292 2 0 0 0 0
6890567859624929958 1 0 0 0 0
6890571055896165951 1 0 0 0 0
6890564135802110310 1 0 0 0 0
6890571055885371337 1 0 0.15 0 0
6892597815134341774 1 0 0 0 0
6892597815134607228 1 0 0 0 0
6886808671164891488 2 0 0 0 0
6886794140080987574 4 0 -1.5 2.775 0
6890571866578302530 1 0 0 0 0
6886778127994872289 1 0 0 0 0
6890574582907603078 1 0 0 0 0
6892594843536995537 1 0 0 0 0
6886778064696821783 1 0 0 0 0
6890571055896165380 1 0 0.15 0 0
6892595034285957991 1 0 0 0 0
6886336009535585093 1 0 0 0 0
6886336008532749228 1 0 0 -0.3 0
6890564590490351156 2 0 0 0 0
6886778395406662782 2 -0.3 0.3 0 0
6886840352758070770 1 0 0 0 0
6890564590490247448 1 0 0 0 0
6892520067053002190 1 0 0 0 0
6890564588260691056 1 0 0 0 0
6892595235696064573 1 0 0 0 0
6892504592663589447 1 0 0 0 0
6892520109631957453 1 0 0 0 0
6886793223231143058 1 0 0 0 0
6892595034286004011 1 0 0 0 0
6890564590490239425 6 0 0 0 0
6890567582944527552 1 0 0 0 0
6886336352440426494 2 0 0 0 0
6890564136145657635 3 0 0 0 0
6890564588260809921 2 0 0 0 0
6886817400225742048 1 0 0 -0.45 0
6886790389639187307 1 0 0 0 0
6892598454186452742 1 0 0 0 0.15
6890564587960133769 3 0 0 0 0
6892594601101345348 2 0 0 0 0
6892600807105579644 1 0 0 0 0
6890547120264328349 1 0 0 0 0
6892599165320311499 1 0 0 0 0
6886811896977310787 1 0 0 0 0
6892519915958159922 1 0 0 0 0
6886407654211078082 1 0 0 0 0
6890564131350166362 4 0 0 0 0
6886334511064397171 1 0 0 0 0
6890564594941447767 147 0 0 0 0
6889859129949030821 1 0 0 0 0
6889858814127489858 3 0 0 0 0
6890564135802140593 25 0 0 0 0
6892504592661592291 1 0 0 0 0
6892520059866053627 1 0 0 0 0
6892520342394706729 1 0 0 0 0
6886778064696789964 7 0 0 0 0
6886694442320496979 1 0 0.00273375 0 0
6889858954069623847 1 0 -287.37813 0 0
6890548017068468851 1 0 0 0 0
6890564590490189956 2 0 0 0 0
6890574544048810345 1 0 0 0 0
6889869016496288053 1 0 -0.3 0 0
6890564524182397245 2 1.773 0 0 0
6886694442321236908 2 0 0 0 0
6890567886203502266 1 0 0 0 0
6892519915958126028 1 0 -286.05 0 0
6892596659225548654 3 0 0 0 0
6890571866578298323 1 0 0 0 0
6890564131350158407 3 0 0 0 0
6886336009535554335 1 0 0 0 0
6890571055885809608 1 0 0.15 0 0
6892520091803283743 1 0 0 0 0
6890567407774688564 1 0 0 0 0
6886806606565165474 1 0 0 0 0
6890564587959874297 1 0 0 0 0
6890564135804936584 2 0.18225 0 0 0
6890564587959747041 6 0 0 0 0
6890564594937726437 1 0 0 0 0
6892600866011805134 1 0 0 0 0
6892504592656006470 1 0 0 0 0
6886672334987656346 1 0 0 0 0
6890548017068468660 1 0 0 0 0
6886778813134346241 1 0 0 0 0
6890564135804913322 1 0 0 0 0
6890564135804918409 5 0 0 -0.2025 0
6886778321256602151 1 0 0 0 0
6886806606565165163 1 0 0 0 0
6886804144422412872 1 0 -1.8 0 0
6893176859201943681 1 0 0 0 0
6892595034285955185 1 0 0 0 0
6886793223236995360 1 0 0 0 0
6886811938410709518 1 0 0 0 0
6892595172231896824 1 0 0 -0.3 0
6890571055885800890 1 0 0 0 -0.3
6892599165320512147 1 0 0 0 0
6892505178818868590 1 -283.95 0 0 0
6886789008011864069 1 0 0 0 0
6892599599616774437 1 0 -298.65 0 0
6886289478642575053 1 0 0 0 0
6892599640286566655 1 0 0 0 0
6892504272229327802 1 0 0 0 0
6890571055886614377 1 0 0 0 0
6886808671164889729 10 0.0227671811087 0 0 0
6892600867853217403 6 0 0 0 0
6886289604453810475 1 0 0 0 0
6889868955101915409 1 0 0 0 0
6889859129949032311 1 0 0 0 0
6890564106778275623 1 0 0 0 0.6
6892599165320348084 1 0.0405 0 0 0
6886778128937032363 8 0 0 0 0
6886680965511612595 1 0 1.05 0 0
6892595939402436989 1 0 0 0 0
6886653341520862954 1 0 0 0 0
6886672637346193656 3 0 0 0 0
6886778127309896574 7 0 0 0 0
6892600807035024517 1 0 0 0 -0.15
6890564135804910060 3 0 0 0 0
6890567859624282349 12 -3 0 0 0
6892598454194553096 1 0 0 0 0
6890571055898941512 1 0 0 0 0
6886289473342478744 1 0 0 0 0
6892600867853214024 5 0 0 0 0
6886672441137764939 1 0 0 0 0
6892600807105577171 1 0 0 0 0
6892598454186469337 1 0 0 0 0
6890547120263834925 1 -0.15 0 0 0
6890571055886614062 2 0 0.29775 0 0
6892600867829626571 1 -3.6 0 0 0
6890547038515869819 1 0 0 2.85 0
6890567416552412322 1 0 0 0 0
6890564135802138866 30 0 -11.85 0 0
6886334516581287010 1 0 0 0 0
6890564136145611909 1 0 0 0 0
6892520091800708945 1 0 0 -0.3 0
6890564588260698862 2 0 0 0 0
6892504985255811497 1 0 0 0 0
6892600866011805245 1 0 0 0 0
6890564136145678195 1 0 0 0 0
6886778394732842215 3 0 0 0 0
6886778127996770439 1 0 0 0 0
6886808671164894003 4 0 0 0 0
6886808671164893810 3 0 0 0 -1.35
6892595172225958795 5 0 0 0 0
6889859129949060461 1 0 0 0 0
6890547120264298646 11 0 0 0 0
6889859129949056600 1 0 0 0 0
6890570696046811427 1 0 0 0 0
6890567859624659362 1 0 0 0 0
6892595172228976378 1 0 0 0 0
6890564136145657505 1 0 0 0 0
6892596659225577581 1 -0.3 0 0 0
6889859243342084926 2 0 0 0 0
6886808200092490339 4 0 0 0 0
6890564590490251466 17 -0.107964839506 0 -0.127186302187 0
6889859192211141397 2 0 0 0 0
6886778059032865943 1 0 0 0 0
6886336363258601521 3 0 0 0 0
6886808177166782104 1 1.5 0 0 0
6890564594941452192 5 0 0 0 0
6890548014877643805 1 0 0 0 0
6886652017540816613 1 -0.45 0 0 0
6890564342072937326 1 0 0 0 0
6890571573195014173 1 0 0 0 0
6890564131350210922 1 0 0 0 0
6892596659286614741 1 0 0 0 0
6892598454194593699 3 0 0 0 0
6886803008149454033 1 0 0 0 0
6886289329338199748 1 0 0 0 0
6886794875775996453 1 0 0 0 0
6890564587959771849 2 0 -1.11 0 0
6892598454186432587 1 -0.3 0 0 0
6890564131350208386 2 0 0 0 0
6892599640294642384 1 0 0 0 0
6890564106778162924 1 0 0 0 0
6892594835569942446 1 0 0 0 0
6890564590490250668 1 0 0 0 0
6890571055885933141 1 0 298.05 0 0
6890564135804926954 1 0 0 0 0
6892599165206609979 159 0 0 0 0
6886794674138619125 6 0 0 0 0
6892598454195282687 1 0 0 0 0
6886653341521145230 1 0 0 0 0
6886336351282642239 8 0 0 0 0
6886653351349002620 1 0 0 0 0
6892599599616782140 1 0 0 0 0
6892595172231940460 2 0 0 0 0
6886778813134358995 1 0 0 0 -0.45
6886672593153364358 1 0 0 0 0
6886336009535572661 1 0 0 0 0
6889863425333630089 1 0 0 0 0
6892595235696048394 1 0 0 0 0
6892595034285957806 3 0 0.0975104008594 0 0
6890564131349342288 1 0 0 0 0
6890564594941448232 2 0 0 0 0
6892594841306629162 1 0 0 0 0
6886793980339397413 2 0 0 0 0
6890564587959862379 1 0 0 0 0
6892504592663828676 1 0 0 0 0
6892598454186456785 1 0 0 0 0
6890564587959861411 2 0 0 0 0
6892594985054453019 1 -0.3 0 0 0
6886840352758143317 1 0 0 0 0
6890567483298858026 1 0 0 0 0
6886672593153398358 2 0 0 0 0
6886334500522430145 1 0 0 0 0
6890564135804914425 1 0 0 0 0
6893176866293309853 1 0 0 0 0
6890570271728025443 1 0 0.15 0 0
6886653351349001766 1 1.5 0 0 0
6886652916671927783 1 0.3 0 0 0
6886805237324800130 1 0 -0.15 0 0
6892598302783127315 2 0 0 0 0
6892595037388664222 1 0 0 0 0
6886808139910949177 1 0 0 0 0
6886793223237002488 1 0 0 0 0
6890571055886610863 1 0 0.3 0 0
6886802593632195403 2 0 0 0 0
6886778750390186509 1 0 0 0 0
6886289390381230580 1 0 0 0 0
6892600807035098089 1 0 0 0 0
6889866112184830938 5 0 -1.62623117813 0 0
6892504592661996428 1 0 0 0 0
6892598319344211683 1 -1.05 0 0 0
6890571055886613881 1 0 0 0 0.3
6892598454186449288 3 0 0 0 0.4455
6892599640286724654 1 0 0 0 0
6890564135804926124 3 0 0 0 0
6886408016554150538 1 -0.15 0 0 0
6886793223239137005 1 0 0 0 0
6892519915079124638 1 0 0 0 0
6893176859201911582 1 0 0 0 0
6886808671164867652 15 0 0 0 0.0462767795113
6886803854221376938 1 0 0 0 0
6890564587960133643 1 0 0 0 0
6890547120264533245 1 0 0 0.45 0
6886335957012060862 1 0 0 0 0
6890564588260809730 1 0 0 0 0
6890547120263836593 1 0 0 0 0
6892598932204415400 2 0 0 0 0
6893176510381231430 3 0 0 0 0
6892599599618090729 1 0 0 0 0
6893174913702772397 1 0 0 0 0
6892519674256911336 1 0 0 0 0.3
6886702559198245867 1 -1.95 0 0 0
6890564587959862186 1 0 0 0 0
6890564587959754755 4 0 0 0 0
6890564594937738418 4 0 0 0 0
6892519915079137413 1 0 0 0 0
6886695207328900784 1 0 0 0 0
6886778817207458865 1 0 0 0 0
6890564590490194576 6 0 0 0 0
6890564135804910315 6 0 0 0 0
6892519915958171127 1 0 0 0 0
6886694464362049620 1 0 0 0 0
6886811938106401092 1 0 0 0 0
6890571713012971476 1 -0.75 0 0 0
6886789550106660775 1 0 0 0 0
6886778127996754103 2 0 0 0 0
6890570269665431711 80 0 0 0 -2.85
6886672418924870466 1 0 0 0 0
6886814477102599842 1 0 0 0 0
6892600807105579962 1 0 0 0 0
6886817428942852962 1 0 -0.15 0 0
6890564527012693536 1 0.15 0 0 0
6890564131350203269 6 0 0 0 0
6890564136145613377 3 0 0 0 0
6892598454195270172 1 0 0 0 0
6890547120263833191 3 0 0 551.565 0
6890567416552601088 5 0 0 0 0
6892596660483671289 1 0 0 0 0
6886334511245442725 2 0 0 0 0
6892598454186457940 1 0 0 0 0.15
6890564136145650218 1 0 0 0 0
6892599599618090600 1 0 0 0 0
6893175118888707971 2 0 0 0 0
6886778394732929319 1 0 0 0 0
6889863428527289015 1 0 0 0 -284.7
6886808177166893278 3 0 0 0 0
6889868989045123924 1 0 0 0 0
6890564342070055743 1 0.9 0 0 0
6892594601100968610 1 0 0 0 0
6890571055885375222 1 0 298.35 0 0
6890571573136942703 1 0 0 0 0
6892504592661018400 1 -0.3 0 0 0
6892505231710375585 24 0 0 0 0
6889859098643130502 1 0 0 0 0
6886672553673644460 1 0 0 0 0
6886834759310385691 1 0 0 0 0
6892600807105577178 1 0 0 0 0
6890567859624625456 1 0 0 0 0
6890564587959755530 1 0 0 0 0
6889863221728075135 2 0 0 0 0
6890571055886057388 1 0 298.65 0 0
6890564590490255093 1 0 0 0 0
6892598302849563476 1 0 0 0 0
6890571573195788350 1 0 0 -2.85 0
6890564587959874424 1 0 0 0 0
6892598454194473287 1 0 0 0 0
6892520091564994952 1 0 0 0 0
6890574593056015992 1 0 0 0 0
6886336352743695164 2 0 0 0 0
6886778127994880817 1 0 0 0 0
6892595034286035458 1 0 0 0 0
6890571055886609728 1 0 0.3 0 0
6892519915956278166 1 0 0 0 0
6890564594941439862 10 0 0 0 0
6889863221728045921 1 0 0 0 0
6886288701437990766 1 0 0 0 0
6892600807104983704 2 0 0 0 0
6890571712301786343 1 0 0 0 0
6886334511245442531 7 0 0 0 0
6892595034285171168 1 0 0 0 0
6892600866011804687 1 0 0 0 0
6893176608264058368 1 0 0 0 0
6889866136288742411 1 0 0 0 -4.05
6886694442320294127 1 0 0 0 0
6890574769821977072 1 -0.15 0 0 0
6886777914671765969 1 0 0 0 0
6892598483923249000 1 0 0 0 0.15
6886792915336009703 1 0 0 0 0
6892600820652650667 1 0 0 -0.15 0
6890571860861424181 1 0 0 0 0
6890567582958344224 1 0 0 0 0
6890564135804914360 1 0 0 0 0
6892520342394706596 1 0 0 0 0
6890564135804913788 10 0 0 0 0
6890547123575915496 55 0 0 0 0
6890564590490230951 25 3.69929955409 0.479936374271 0 0.1617848694
6886334511064309997 6 0 0 0 0
6890567582944499281 1 0 0 0 0
6890564588260694841 2 0 0 0 0
6886789828219364770 2 0 0 0 0
6886789551228984525 1 0 0 0 0
6889859129948262129 4 0 0 0 0
6892598302783278750 1 0 0 0 0
6886789550106688724 1 0 0 0 0
6892597686931288621 1 0 0 0 0
6886802943452513760 1 0 0 0 0
6886793980339397306 2 0 0 0 0
6890571055886610536 1 0 0 0 0
6892519545379502517 1 0 0 0 0
6886334511064335183 2 0 0 0 0
6886831100452947873 1 0 0 0 0
6890564587960134528 5 0 0 0 0
6892598454195298812 1 0 0 0 -5.7
6889866112184853808 1 0 0 0 0
6886288099657208297 1 0 0 0 0
6886793223236890419 2 0 0 0 0
6890548017067205132 1 0 0 0 0
6890571573136974511 1 0 0 0 0
6892593695882131218 1 -0.3 0 0 0
6886813076450320606 1 0 0 0 0
6890564587960113684 1 0 0 0 0
6892519677446291195 1 0 0 0 0
6886805800998623937 1 0 0 0 0
6889863425330016274 3 0 0 0 0
6886798202578420917 1 0 0 0 0
6889858954069636170 1 0 0 0 0
6893174913702758377 1 0 0 0 0
6886680862724466556 1 0 0 0 0
6890564136145658443 10 0 0 0 0
6886834515456417943 17 0 0 0 0
6890564131350212374 4 0 0 0 0
6886813076450252188 2 0 0 0 0
6886793974396393208 1 1.5 0 0 0
6886289415962421297 1 -0.15 0 0 0
6886408107118120427 2 0 0 0 0
6892598454186452737 1 0 0 0 0.17025
6890571573136974505 1 0 0 0 0
6890564342070010216 1 0 0 0 0
6886288058683606565 1 0 -0.3 0 0
6890564135804918602 19 0 0 0 1.5
6886841793020492885 1 0 0 0 0
6892599599616786375 3 0 0 0 0
6886337937429722843 1 0 0 0 0
6892599165320348075 2 0.02268 0 0 0
6886778321254789878 1 0 0 0 0
6892593740739516817 1 -0.3 0 0 0
6889858954067799041 2 0 0 0 0
6892599640294616495 1 0 0 0 0
6890564587959770501 4 0.520935 0 0 0.081
6886790196314751606 1 0 0 0 0
6886653309254743331 1 0 0 0 0
6892598454195294480 1 0 0 0 -0.6
6892598454186473622 1 0 0 0 0
6890564594941451943 3 0 0 0 0
6886789550106640384 2 0 0 0 0
6889866102640410528 2 0 0 0 0
6890564136145657766 1 0 0 0 0
6892597815134603209 1 0 0 0 0
6886694442320289888 1 0 0 0 0
6892598454186448886 2 0 0 0 0.15
6890571367084894910 1 0 0 0 0
6886808670413310992 6 0 0 0 0
6886793974394177230 1 0 0 0 0
6886287514078247633 1 0 0 0 0
6890548017068470133 1 0 0 0 0
6890564590490189882 1 0 0 0 0
6886789550106656472 1 0 0 0 0
6886338005055131956 1 0 0 0 0
6886811938412528124 1 0 0 0 0
6886808671164859493 1 0 0 0 0
6890564587959770185 1 0 0 0 0
6886653309254401460 1 0 0 0 0
6892599165320626076 1 -0.15 0 0 0
6890547120264310518 1 0 0 2.1 0
6892520342399852697 1 0 0 0 0
6890564590490218417 4 0 0 0 -0.75
6886695207327356539 1 0 0 0 0
6892598454186539750 1 0 0 0 0
6892598454186473619 1 0 0 0 0.15
6892596659286614239 1 0 0 0 0
6886778059033151539 1 0 0 0 0
6892595939404294231 1 0 0 0 0
6892598454186473556 4 0 0 0 0.21159898125
6892599165320348086 4 0 0 0.00273375 0
6892595031047409461 1 0 0 0 0
6890564590490189947 3 0 0 0 0
6890548017068470198 1 0 0 -0.15 0
6890564131350203081 6 0 0 0 0
6892599599657646279 2 0 0 0 0
6886289478642832823 1 0 0 0 0
6890571866578294498 1 0 0 0 0
6886808670413369320 1 0 0 0 0.6
6886337948759339315 1 0 0 0 0
6886789638616815565 1 0 0 0 0
6890571055885805178 1 0 0.3 0 0
6890571055898892751 1 0 0.3 0 0
6886808139910948785 1 0 0 0 0
6890564131350202889 4 0 0 0 0
6886817400224949770 1 0 0 0 0
6892596659223180008 1 0 0 0 0
6892520091801722764 2 0 0 0 0
6892504996014173233 1 -2.85 0 0 0
6890571055886613883 1 0 0.3 0 0
6886702556914226139 1 0 0 0 0
6889859028386614704 1 0 0 0 0
6892504620075717715 1 0 0 0 0
6892520091803283616 2 0 0 0 0
6886841065005155551 1 -0.15 0 0 0
6886806612515280038 1 0 0 0 0
6886808670413373282 14 0 0 0 0
6892520342399810017 1 0 0 0 0
6892517409341036286 1 -0.3 0 0 0
6892599345263841922 1 0 1.5 0 0
6886817400224786978 16 0 0 0 0
6892599165320348087 11 0 0 0 0
6892519915079111916 5 0 0 0 0
6890571055886614240 1 0 0 0 0
6892595034286053542 1 0 0.0405 0 0
6886778321254790333 1 -1.5 0 0 0
6886652903783312642 1 0 0 0 0
6890564106780525996 1 0 0 0 0
6886778817202392552 1 0 0 0 0
6890564587960113304 2 -2.25 0 0 0
6890547120264607538 1 0 0 0 0
6886289139120442586 1 0 0 0 0
6892594601100967973 1 0 0 0 0
6886778817207465242 1 0 0 0 0
6892598454194476680 1 0 0 0 0
6892594601101235758 1 0 0 0 0
6886834759310341016 45 0 0 0 0
6892595938309614914 1 0 0 0 0
6892595938309569131 7 0 0 0 0
6890571055886610532 3 0 0.1846505625 0 0
6892599640294388845 1 0 -0.45 0 0
6890571573136930842 1 0 0 0 0
6886672593152602550 1 0 0 -0.15 0
6886808671164894714 1 0 0 0 0
6886808177166782300 1 0 0 0 0
6892595939404315072 1 0 0 0 0
6892595034285418427 1 0 0 0 0
6886834515456212568 1 0 0 0 0
6890564131350162089 5 0 0 0 0
6886288150826066801 1 0 0 0 0
6892599165320353078 1 0 0 0 0
6890567477317548482 1 0 0 -1.95 0
6892594601124639252 2 0 0 0 0
6890571055886057387 1 0 0.15 0 0
6892595235694766550 1 -1.2 0 0 0
6892517469316453896 1 0 0 0 0
6889859129949056346 1 0 0 0 0
6890571866578276963 1 0 0 0 0
6886789263139424624 1 0 -298.65 0 0
6886672418924869763 2 0 0 0 0
6890564594941473157 46 0 -7.5 0 0
6892595034285150533 1 0 0 0 -0.15
6890571055886611367 2 0 0 0 0
6890571573195788324 1 0 0 0 0
6886811897001860934 1 0 0 0 0
6890564587959778788 6 0 0.2025 0 0
6886289329341605279 1 -297.45 0 0 0
6886793223239258254 13 0 0 0 0
6892599599658579992 1 0 0 0 0
6886841793053515555 1 0 0 0 0
6890570272176014549 1 0 0.15 0 0
6886778322269738410 1 0 0 0 0
6886672593150743189 1 0 0 0 0
6890564587960113496 3 -0.75 0 0.75 0
6890564588260806066 1 0 0 0 0
6886778817202419236 1 0 0 0 0
6890564136145677816 2 0 0 0 0
6886337948759339169 1 0 0 0 0
6892519545379211486 1 0 0 0 0
6892598480614683871 1 0 0 0 0
6892598454837750992 9 -0.15 0 0 0
6886808139910948466 1 0 0 0 0
6892597815134159268 1 0 0 0 0
6886793974394181311 1 0 0 0 0
6886672343667826412 1 0 0 0 0
6890571713012377049 1 0 0 0 0
6892519908323324846 1 0 -0.3 0 0
6886694430477106677 1 0 0 0 -1.95
6886778394734299202 1 0 0 0 0
6890564590490247269 2 0 0 0 0
6892520067052994322 1 0 0 0 0
6886289343688621229 6 -0.2775 0 0 0
6890571055886057192 1 0 298.65 0 0
6890571367092916970 2 0 0 0 0
6890564135802123318 38 0.2025 0 -0.51 0
6890564594941476422 5 0 0 0 0
6886813076450050865 17 0 0 0 0
6890564590490339288 2 0 0 0 0
6890564590490190478 1 0 0 0 0
6893176510381246917 1 0 0 0 0
6892593787679658183 1 0 0 0 0
6890564135802122551 2 0 0 0 0
6893175171543130347 1 0 0 0 0
6890571055886563762 1 0 0.15 0 0
6892520342399927062 1 -0.3 0 0 0
6892595034285957794 23 0 0 0.351968452689 0
6886834759310279609 1 0 0 0 0
6889865560070490600 1 0 0 0 0
6892594692373243222 1 0 0 0 0
6890564594937737912 2 0 0 0 0
6886789132962612569 1 0 0 0 0
6892595938783252046 1 0 0 0 0
6890571573195073856 1 0 0 0 0
6886672441137820987 1 0 0 0 0
6886802593632203933 1 0 0 0 0
6892595051675244759 1 0 0 0 0
6892598454194485828 1 0 0 0 0
6892595235694717401 1 0 0 0 0
6892594843536703851 1 0 0 0 0
6892599599657441710 1 0 0 0 0
6892593787635307346 2 0 0 0 0
6892520342399927048 1 0 0 -297.3 0
6886334500522436357 1 0 0 0 0
6886652917002550790 2 0 0 0 0
6886289353176663933 1 0 -0.3 0 0
6892600695094672549 1 0 0 0 0
6892599801756719909 1 0 0 -0.3 0
6892598454837740077 1 0 0 0 298.65
6893176608264041803 1 0 0 0 0
6886778182882886836 5 0 0 0 0
6889858954067715272 1 0 0 0 0
6890564594937730395 2 0 0 0 0
6886831100452961078 1 0 0 0 0
6889868989044939637 1 0 0 0 0
6886794674138623748 1 0 0 0 0
6886808654375883605 2 -0.3 0.3 0 0
6892599345264034392 1 0 -286.2 0 0
6890564588260691186 1 0 0 0 0
6886672343667795280 1 0 0.3 0 0
6886335951724595237 1 0 0 0 0
6890564594937754168 5 -0.1275 0 0 0
6892517458710177326 1 -1.35 0 0 0
6890564594937754804 28 0 0.0701985065052 0 0
6892599623964062883 1 0 0 0 0
6890571055886057327 1 0 298.65 0 0
6892595034285253371 3 0 0 0 0
6892520109637854457 1 0 0 0 -0.15
6892594601101250233 1 0 0 0 0
6890564594937730192 2 0 0 0 0
6886778750390268582 1 0 0 0 0
6892597815134589675 2 0 0 0 0
6890571055885370454 1 0 0.15 0 0
6890571573136954260 10 0 0 0 0
6886652916671912656 1 -0.3 0 0 0
6892504592661948801 1 0 0 0 0
6886778059379882017 1 0 0 0 0
6889867493157733851 1 0 0 0 0
6886694442320010279 1 0 0 0 0
6890564590490247513 1 0 0 0 0
6886334511065122087 102 0 0 0 0
6890564342072993798 1 0 0 0 0
6892599623960650414 1 -0.15 0 0 0
6886778750390263824 1 0 0 0 0
6886808671164892135 10 -0.45 0 0 0
6892504592661971688 1 0 0 0 0
6886334511064349819 1 0 0 0 0
6892596659225384854 1 0 0 0 0
6890571055898875436 1 0 0 0 0
6890548017070086922 1 0 0 0 0
6889866102640394147 1 0 0 0 0
6892599165320349605 44 -1.35 0 0 0
6892504592661971309 4 0 0 0 0
6889868955102187007 1 0 0 1.35 0
6890564587959873649 3 0 0 0 0
6892598454195265783 1 0 0 0 0
6886789906920325455 1 0 0 0 0
6890571055886614184 1 0 0 0 0
6890564342070010547 1 0.3 0 0 0
6892595172225958214 11 0 0 0 0
6889859030927334445 1 0 0 0 0
6886806606564741615 1 0 0 0 0
6892598454186473552 8 0 0 0 0.15
6892598275486272998 1 0 0 -0.15 0
6890564135804926891 2 0 0 0 0
6890564587960113814 1 0 0 0 0
6886808180922827813 1 0 0 -0.6 0
6892595031046479503 1 0 0 0 0
6890564588260809985 1 0 0 0 0
6890571860859202790 1 0 0 0 -0.15
6890564590490234790 14 0.75 -1.5 0 0
6890564590490239877 3 0 0 0 0
6886778064696814389 1 0 0 0 0
6892595034285250593 1 0 0 0 0
6890564136146225496 4 0 0 0 0
6886288701437554452 1 0 0 0 0
6890564131350161960 5 0 0 0 0
6892600866150983699 1 0 0 0 0
6892600807105071871 1 0 0 0 0
6890564587959775919 6 0.556397834062 1.2 0 0
6886289584419055125 1 0 0 0 0
6886672336164396665 1 0 0 0 0
6892599165320576286 1 0 0 0 0
6886672593152023999 1 0 0 0 0
6890564587959775789 6 0.2976345 0 0 0
6886803814092789697 1 0 0 0 0
6892520109637068167 1 0 0.3 0 0
6889866102640299952 1 0 0 -298.5 0
6892517409341036391 1 0 0 0 0
6886847048165862948 1 0 0 0 0
6889868989044925696 1 0 0 0 0
6892596660482923749 1 0 0 0 0
6890571055886614251 2 0 0.2775 0 0
6892595034285255157 1 0 0 0 0
6890564590490202751 1 0 0 0 0
6890564135802136386 2 0 -0.75 0 0
6890548017067205120 1 -0.3 0 0 0
6890571055886614120 1 0 0.15 0 0
6890571711533020134 1 0 0 0 0
6890567613637787188 1 0 0 0 0
6886407695837999900 1 0 0 0 0
6892520165574239971 1 0 -0.6 0 0
6890567394008164218 1 0 0 0 0
6886814549793298994 1 0 0 0 0
6886335956988664402 1 0 0 0 0
6890564587959775854 17 -2.03900114436 0.51 0 1.80964041922
6886793054972085947 1 0 0 0 0
6890571055885804641 3 0 0.15 0 0
6886793980339397371 1 0 0 0 0
6890564136145604392 1 0 0 0 0
6886805275355023943 1 0 0 0 0
6893176859201955992 1 0 -298.65 0 0
6886808139910919235 3 0 0 0 0
6890564136145678258 1 0 0 0 0
6890570705984624639 1 0 0 0 0
6886802111149047607 1 0 0 0 0
6890564136145616338 1 0 0 0 0
6892595034285957743 1 0 0.02268 0 0
6886804144422452801 1 0 0 0 0
6890564342072994443 1 1.65 0 0 0
6889866136288742409 1 -0.15 0 0 0
6892596659223260671 2 0 0 0 0
6890564136146225563 4 0 0 0 0
6890564590490194641 1 0 0 0 0
6890564587959747883 1 0 0 0 0
6892595172232468073 1 0 0 0 0
6892599623964062377 1 0 0 0 0
6892599165320312611 1 0 0 0 0
6886831152835606159 1 0 0 0 0
6886672343668362146 1 0 0 0 0
6890567582946893350 1 0 0 0 0
6886794140078188606 2 0 0 0 0
6886336001080234729 1 0 0 -0.3 0
6892598302849540887 1 0 0 0 0
6892600867851002876 5 1.237036875 0 0 0
6890574582910195109 3 -253.8525 0 0 0
6890571055885804963 1 0 0.15 0 0
6886794875770077679 1 2.25 0 0 0
6886813076450109152 1 -0.45 0 0 0
6886799626476097974 1 0 0 0 0
6886802110100498560 1 -0.3 0 0 0
6886794875776038212 1 0 -0.3 0 0
6890574582910043426 1 0 -0.3 0 0
6886778414171933871 2 0 0 0 0
6890564342072995775 1 0.45 0 0 0
6890564587959758962 33 -0.937681651339 0.22981725 -2.34239993658 1.96739234479
6890564587959788127 5 0 -0.51 -0.6 0
6892519674256749162 1 0 0 0 0
6892593694137731111 1 -0.3 0 0 0
6886288068468353366 1 0 0 0 0
6892519915079138608 1 0 0 0 0
6892595034285958058 2 0 0 0 0
6886778821917986747 10 0 0 0 0
6892599599616782842 1 -0.3 0 0 0
6886789551229193147 1 0 0 0 0
6890571573136937438 1 0 0 0 0
6892519915079120457 1 0 0 0 0
6886672553673658236 1 -0.45 0 0 0
6890564131350212138 2 0 0 0 0
6892599599616785930 1 0 0 0 0
6890567859624624820 1 -0.15 0 0 0
6886789828219309509 1 0 0 0 0
6886834587234131030 1 0 0 0 0
6889865866666191920 1 0 0 0 0
6890564587959778748 2 0 0 0 0
6886808671164894651 1 0 0 0 0
6886777978382401222 1 0 0 0 0
6886334511245442599 2 0 0 0 0
6890570271728502008 2 0 0.15 0 0
6886794140078277255 2 0 -0.255 0 0
6890574769833316821 1 -0.15 0 0 0
6892595235696036014 1 0 0 0 0
6892598454186432596 1 -0.3 0 0 0
6890547120264537295 1 0 0 0.15 0
6892596659225566723 1 0 0 0 0
6892595034286054775 8 0 0 0 0
6890564106778371804 1 0 0 0 0
6886334500522429696 6 0.361888952597 0 0 0
6886337948759339188 1 0 0 0 0
6886777930064266586 4 0 0 0 0
6886288150820497156 1 0 0 0 0
6890571367092912999 1 0 0 0 0
6886289478642853788 1 0 0 0 0
6886808654375883540 1 0 0 0 0
6890564342072879813 1 0 0 0 0
6893176859201953322 1 0 0 0 0
6890571055885796948 1 0 0 0 0
6886289343688617551 1 -0.15 0 0 0
6892598454186425319 4 0 0 0 552.5025
6890564136145657256 2 0 0 0 0
6886808139910965366 1 0 0 0 0
6890564135802140285 34 0 0.6375 0 0
6892598454186469338 1 0 0 0 0.3
6892600866150996965 1 0 0 0 0
6890564342072887598 1 0 0 0.6 0
6890571055886611429 1 0 0.15 0 0
6889865576184017917 9 0 0 0 0
6892599798721316190 1 0 0 0 0
6892600807034983010 1 0 0 0 0
6890547120264590704 1 0 0 0 0
6886806606564454877 2 0 0 0 0
6886834514365659722 1 0 0 0 0
6886695207328888461 1 0 0 0 0
6890564587959771266 5 0.562750384385 0 0 0
6886789638896326119 1 0 0 0 0
6890567870522155547 1 0 0 0 0
6892595172229226121 1 0 0 0 0
6892519931160912915 2 0 0 0 0
6892599599618276429 1 0 0 0 0
6890564587959771206 4 0 -1.11193818741 0 0
6886794674138619124 2 0 0 0 0
6886831152831672887 1 0 0 0 0
6890564136145678128 3 0 0 0 0
6886778394733106132 7 0 0 0 0
6892595167100607484 1 0 0 0 -1.8
6886778813134375320 1 0 0 0 0
6890567859624586154 10 0 0 0 0
6889867506658491927 1 0 0 0 0
6890567483203514804 1 0 0 0 0
6886808671164893938 10 0 0 0 0
6886337801335176398 2 0 0 0 0
6890564135802139125 81 0 -6.80574375 0 3.5751074532
6890571357738279639 1 0 0 0 0
6892599165320307359 1 0 0 0 0
6892505231716313318 2 0 0 0 0
6886789132962624719 1 0 -0.3 0 0
6886702556907970150 1 0 0 0 0
6886806603859746873 1 0 0 0 0
6890564587959862120 1 0 0 0 0
6886778127996774890 1 0 0 0 0
6892599599618079738 1 -0.15 0 0 0
6886334500522438833 1 0 0 0 0
6889859098643083113 1 0 0 0 0
6890571055886613880 1 0 -0.3 0 0
6886336352440539731 1 1.5 0 0 0
6890567872460959875 1 0 0 0 0
6892595034285487946 1 0 0 0 0
6890567416545373322 1 0 0 0 0
6889864025151504834 2 0 0 0 0
6886288658416923645 1 0 0 0 0
6892520059866054136 1 0 0 0 0
6892600867853217529 4 0 0 0 0
6892595939404294864 3 0 0 0 0
6886793223239249688 1 0 0 0 0
6892598302849540494 2 0 0 0 0
6890564588260698671 2 0 0 0 0
6892504985257392624 1 0 0 0 0
6890564594937754678 21 0 0 0.062837215194 0
6892594601100984760 1 0 0 0 0
6892599801752170104 1 0 0 0 0
6890564594937751297 1 0 0 0 0
6890564590490243154 7 0 0 0 0
6892598931183650803 1 0 0 0 0
6886840352751088734 1 0 0 0 0
6890564590490251507 9 -0.3 0 0 0
6892595034285151303 1 0 0 0 0
6890564135802140404 42 1.25099984399 6.29563967683 1.47520019158 0.787712630987
6892519915079559287 1 0 -297.3 0 0
6890564131350216410 1 0 0 0 0
6890567859624598035 1 0 0 0 0
6890564590490202229 1 0 0 0 0
6886289491148303301 1 0 0 0 0
6890564590490349922 2 0 0 0 0
6893176995809431847 4 0 0.1275 0 0
6892600881764374090 1 -0.15 0 0 0
6886778058639161361 1 0 0 0 0
6886778752600029413 6 0 0 0 0
6892599165320605454 1 0 0 0 0
6889868951981916226 1 0 0 0 0
6886794875775988929 1 0 0 0 0
6892598302849563228 1 0 0 0 0
6890564590490230886 22 -0.910889789063 -0.504649922112 1.38081911457 0
6886289486989411774 1 -2.85 0 0 0
6886778064696834446 1 0 0 0 0
6893175118888735625 1 0 0 0 0
6892593512423418619 1 0 0 0 0
6892520342399927061 1 0 0 0 0
6886817400226538253 2 0 0 0 0
6892595034286040902 1 0 40.31775 0 0
6886334500522439154 1 0 0 0 0
6886289343688673133 1 -0.15 0 0 0
6890564587959770248 1 0 0 0 0
6892599623964041509 1 0 1.35 0 0
6886672346534556955 1 0 0 0 0.3
6892599305992352982 1 0 -286.95 0 0
6890564135804922840 1 0 0 0 0
6890571573195104150 11 0 0 0 0
6890570271728040508 1 0 0 0 0
6890564587959754881 2 0 0 0 0
6892595051675129641 1 -0.3 0 0 0
6886289604453036454 1 0 0 0 0
6886793974394617724 1 0 0 0 0
6886334516581291027 1 0 0 0 0
6886778817202415541 1 0 0 0 0
6890567416545441921 1 0 0 0 0
6892517409341034981 1 0 0 0 0
6892594835564461614 1 0 0 0 0
6886778324272894429 1 0 0 0 0
6890564594937739118 9 0 0 0 0.0378155608617
6890564594941448683 1 0 0 0 0
6886336009536446452 8 0 0 0 0
6886808671164892134 56 0 0 0 0
6892520051813224992 2 0 0 0 0
6890564594941444249 1 0 0 0 0
6892594835564448858 1 0 0 0 0
6890567477317107951 1 0 -0.3 0 0
6890564131350162411 6 0 0 0 0
6886682529255112465 1 0 0 0 0
6890564594941456840 3 0 0 0 0
6890564493579730133 1 0 0 0 0
6886407862120603907 1 0 0 0 0
6892595938309555306 1 0 0 0 0
6892598454195121722 1 0 0 0 0
6886778321256601978 2 0 0 0 0
6886778818853497037 5 0 0 0 0
6890564131350186248 1 0 0 0 0
6886792915335094181 4 0 0 0 0
6890564136145626028 2 0 0 0 0
6890564342070005833 1 0 0 0 0
6886778750390243583 1 0 0 0 0
6886334516580186211 1 0 0 0 0
6886702556907956448 1 0 0 0 0
6890571055896141749 4 0 11.1 0 0
6890567851943097769 1 0 0 0 0
6886794189641528176 2 0 0 0 0
6892599196323339714 1 0 0 0 0
6889859237562079006 2 0 0 0 0
6893174913582693526 1 -0.15 0 0 0
6886813076450366266 1 0 0 0 0
6886336008535678210 2 0 0 0 0
6886337948759339361 1 0 0 0 0
6886811902289082317 5 0 0 0 0
6890567582946921695 1 -0.15 0 0 0
6886694464362049557 1 0 0.3 0 0
6890571573136943328 1 0 0 0 0
6886808670413274403 1 0 0 0 0
6889858800300379532 1 0 0 -2.55 0
6886672418924867362 1 0 0 0 0
6886778127994893784 1 0 0 0 0
6892519915079137409 1 0 0.3 0 0
6886778127996779815 1 0 0 0 0
6886806603859243225 1 0 0 0 0
6886289264391798486 1 0 0 0 0
6892598454194477066 1 0 0 0 0
6890564527012693987 1 298.65 0 0 0
6886778059038372076 1 0 0 0 0
6890564590490247126 1 0 0.75 0 0
6890564590490252213 12 0 0 0 0
6892599165320301613 1 0 0 0 0
6892594985054453020 2 0 0 -0.3 0
6890567483298823162 1 0 0 0 0
6890547120264533247 1 0 0 0.6 0
6890570272176013932 1 0 0 0 0
6890564136145612102 3 0 0 0 0
6890564587960133961 3 0 0.75 0 0
6886840352758045481 1 0 0 0 0
6886336108262523934 1 -0.45 0 0 0
6886808139911735754 1 0 0 0 0
6890571866578285251 1 0 0 0 0
6890564587959759281 7 0.1994625 1.4775 0 0.0899593318887
6892520091564990023 1 0 0 0 0
6892598454186432245 1 -0.15 0 0 0
6889865562259587601 1 0 -0.15 0 0
6886702556907970086 1 0 0 0 0
6886778059038343185 1 0 0 0 0
6886808139910944359 1 0 0 0 0
6892593787679701878 24 0 0 0 0
6890564131350158715 3 0 0 0 0
6892594601100770856 1 0 0 0 0
6886778414171970668 12 0 0 0 0
6892596659225595496 1 0 0 0 0
6892598454186457942 2 0 0 0 0.15
6886287514079042010 1 0 0 0 0
6886794674138347671 1 0 0 0 0
6890564136146414265 2 0 0 0 0
6892519915958159987 1 0 0 0 0
6890570705971931970 1 0 0 0 0
6886337801335265067 1 0 0 0 0
6892595172231940845 4 0 0 0 0
6886811938412531950 1 0 0 0 0
6892595051675149495 1 0 0 0 0
6892593512423418490 1 0 0 0 0
6892520091565007186 1 0 0 0 0
6886794875776038023 1 0 0 0 0
6892599599618090601 2 0 0 0 0
6889866102640410470 2 0 0 0 0
6890564590490255028 1 0 0 0 0
6886793974396367092 1 0 0 0 0
6886808671164894642 1 0 0 0 0
6886694488456280678 1 0 0 0 0
6893175118888743916 1 0 0 0 0
6890564131350158330 4 0 0 0 0
6892505206993470212 1 0 0 0 0
6892599640294306905 1 0 0 0 0.15
6892598454186473555 7 0 0 0 0.5562946875
6886335951726089455 1 0 0 0 0
6886680965510792550 2 0 0 0 0
6892598454186469209 1 0 0 0 0.3
6892596659223181155 1 0 0 0 0
6892593697054901259 1 0 0 0 0
6886652903783316503 1 0 0.3 0 0
6892597815134341960 1 0 0 0 0
6890564587959755656 3 0 0 0 0
6890564342070010093 1 1.5 0 0 0
6890564136146413686 14 0 0 0 0
6890570269665456093 1 0 0 -1.35 0
6892519677446291130 1 0 0 0 0
6890564587960134402 7 0 0 0 0
6892593694150075166 1 0 0 0 0
6893176522040151374 1 0 0 0 0
6890564588260818336 1 0 0 0 0
6892595034286054774 16 0 0 0 0
6886336009535585223 1 0 0 0 0
6886289139094137708 1 0 0 0 0
6886793980339395948 1 -298.5 0 0 0
6886334511064313387 1 0 0 0 0
6892593787659636649 1 0 0 0 0
6886834515456438980 1 0 0 0 0
6886789639141242452 1 -0.3 0 0 0
6892593694137821342 1 0 0 0 0
6892596659225535614 1 0 0 0 0
6889863282905185343 1 0 0 0 0
6886808671164893875 13 0 0 0 0
6886336001085366716 1 -0.3 0 0 0
6890547120264533246 1 0 0 0.45 0
6890564135802123383 2 0 0 0 0
6890571055895985718 4 0 0 0 0
6890571860859747650 4 0 0 0 0
6893176522039986984 17 0 0 0 0
6892595034285253628 2 0 0 0 0
6886805814334747659 1 0 -298.65 0 0
6890567582946479559 1 0 0 0 0
6890567859630373141 1 0 0 0 0
6890570271728503158 1 0 298.65 0 0
6890564131350210984 2 0 0 0 0
6892595167092298984 1 -0.3 0 0 0
6890574544049052169 1 -0.15 0 0 0
6889869013857070481 3 0 0 0 0
6893175171543168415 2 0 0 0 0
6892600807034991502 1 0 0 0 0
6892595034285146964 1 0 0 0 0
6886289390380677250 1 0 0 0 0
6892595167054966913 1 0 0 0 0
6886778750390145069 1 0 0 0 0
6892595938309610867 1 0 0 0 0
6892598454186440595 1 0 0 0 0
6890547120264319490 1 0 0 -0.9 0
6890548017070127214 1 0 0 0 0
6892595172228959932 1 0 0 0 0
6886337801335173570 2 0 0 0 0
6892599599616762556 5 0 0 0 0
6886808139910915569 1 0 0 0 0
6892519676321589172 1 -0.15 0 0 0
6892598454186437284 1 0 0 0 0.15
6893176510381272743 1 0 0 0 0
6886808671164848939 1 0 0 0 0
6892595167092044813 1 0 0 0 0
6890564136146417895 1 0 0 0 0
